0.6292850375175476,0.5814636945724487,4.3933530946560495e-07,0.542262613773346,0.6094487309455872,-0.03746133670210838,0.4506850242614746,0.5610190033912659,-0.04910014569759369,0.386591374874115,0.49345266819000244,-0.05731828138232231,0.32544466853141785,0.4538074731826782,-0.06386695802211761,0.42648929357528687,0.41886937618255615,-0.005665909498929977,0.3505387604236603,0.35229772329330444,-0.02347145788371563,0.30461984872817993,0.30915629863739014,-0.04345047473907471,0.2655949592590332,0.2694212794303894,-0.059449538588523865,0.46238017082214355,0.3645138740539551,-0.005642786622047424,0.393653005361557,0.2732253670692444,-0.019238043576478958,0.34880131483078003,0.21355850994586945,-0.039469651877880096,0.31110879778862,0.16505743563175201,-0.05497629567980766,0.5076268315315247,0.33903563022613525,-0.012417128309607506,0.45258113741874695,0.24329888820648193,-0.030092798173427582,0.41488492488861084,0.18090678751468658,-0.04664906859397888,0.3821660578250885,0.12893109023571014,-0.05874003469944,0.5619751214981079,0.3284660279750824,-0.023319441825151443,0.5250230431556702,0.2440907210111618,-0.0404241569340229,0.49885112047195435,0.19173863530158997,-0.048175375908613205,0.47331956028938293,0.14520123600959778,-0.053611379116773605
0.6337498426437378,0.6075138449668884,4.4153085809739423e-07,0.5421850681304932,0.6299492120742798,-0.037197958678007126,0.4494803249835968,0.5815448760986328,-0.049349118024110794,0.38164424896240234,0.5147579312324524,-0.05882202833890915,0.3160971403121948,0.47125598788261414,-0.06636490672826767,0.421517550945282,0.43266424536705017,-0.003969166427850723,0.343849778175354,0.37006431818008423,-0.024540770798921585,0.2959217429161072,0.3339979350566864,-0.04584868997335434,0.25351470708847046,0.2969342768192291,-0.06263089179992676,0.4558616280555725,0.37526652216911316,-0.0050658779218792915,0.3849867284297943,0.2840942442417145,-0.020314954221248627,0.3391032814979553,0.2268650233745575,-0.040491800755262375,0.2991254925727844,0.17717339098453522,-0.055766068398952484,0.5021565556526184,0.34657323360443115,-0.013569141738116741,0.4425455927848816,0.2547087073326111,-0.03284125402569771,0.4032433032989502,0.19455768167972565,-0.048867277801036835,0.3657994568347931,0.14014554023742676,-0.06054672226309776,0.5575636625289917,0.3346517086029053,-0.026413947343826294,0.5212342739105225,0.2545507550239563,-0.04472433030605316,0.4945318102836609,0.20365726947784424,-0.05292264744639397,0.467020183801651,0.15660451352596283,-0.058533549308776855
0.6388319134712219,0.613690972328186,4.197680709694396e-07,0.5460098385810852,0.6285929083824158,-0.03664547950029373,0.4540986120700836,0.5796715021133423,-0.048622600734233856,0.3842173218727112,0.5150600671768188,-0.05851304903626442,0.31622421741485596,0.4766850769519806,-0.06655295193195343,0.4215988218784332,0.43409982323646545,0.00022703518334310502,0.3433893918991089,0.3730136752128601,-0.020561235025525093,0.29517221450805664,0.33810317516326904,-0.042548906058073044,0.2530948519706726,0.30013322830200195,-0.059866663068532944,0.4558049142360687,0.37695595622062683,-0.001156138489022851,0.38429662585258484,0.2863727807998657,-0.01701183058321476,0.33892983198165894,0.22891436517238617,-0.037698861211538315,0.2998274564743042,0.17629604041576385,-0.05353681743144989,0.5022234320640564,0.349263995885849,-0.010343880392611027,0.4440005421638489,0.25534090399742126,-0.03036922961473465,0.40612298250198364,0.1959320455789566,-0.04636956378817558,0.36977845430374146,0.14187154173851013,-0.05805158242583275,0.5582241415977478,0.3379858136177063,-0.023925278335809708,0.5225703120231628,0.25633031129837036,-0.0420047901570797,0.4966796934604645,0.2043672651052475,-0.04980672523379326,0.46929123997688293,0.15510627627372742,-0.055381689220666885
0.6387673020362854,0.6168843507766724,4.3617512801574776e-07,0.5439527034759521,0.6289776563644409,-0.03736099228262901,0.45117926597595215,0.5771315097808838,-0.04870901629328728,0.38014423847198486,0.5113259553909302,-0.058031897991895676,0.3115538954734802,0.4746140241622925,-0.06560102105140686,0.42062750458717346,0.4329110383987427,0.003824991639703512,0.3417183756828308,0.37254050374031067,-0.01651148684322834,0.29314684867858887,0.338778555393219,-0.03901059180498123,0.24991102516651154,0.30099818110466003,-0.05683636665344238,0.45482200384140015,0.3742310702800751,0.003109748475253582,0.3831411600112915,0.28248023986816406,-0.011508569121360779,0.33822721242904663,0.22513100504875183,-0.032232966274023056,0.2996661067008972,0.17239010334014893,-0.0484599806368351,0.5012422204017639,0.34650522470474243,-0.005834185518324375,0.442920058965683,0.2511957287788391,-0.02442704513669014,0.40458905696868896,0.19234585762023926,-0.03988379240036011,0.36848321557044983,0.13895481824874878,-0.05159502476453781,0.5571455359458923,0.3358199894428253,-0.019473019987344742,0.5201668739318848,0.25516200065612793,-0.03585965558886528,0.49329882860183716,0.20397372543811798,-0.0428447388112545,0.46522560715675354,0.15509605407714844,-0.04825771227478981
0.6385108232498169,0.6169465780258179,4.203031664928858e-07,0.5423886179924011,0.6291846632957458,-0.03873302415013313,0.45013856887817383,0.5775547027587891,-0.05058995261788368,0.37956464290618896,0.5114799737930298,-0.06035605072975159,0.310711145401001,0.4732781648635864,-0.06824587285518646,0.42024970054626465,0.43172961473464966,0.003929357510060072,0.34092003107070923,0.37164580821990967,-0.017018401995301247,0.29155147075653076,0.3380480706691742,-0.04023049399256706,0.24792727828025818,0.2998823821544647,-0.05855449289083481,0.4545101523399353,0.37415412068367004,0.003581553464755416,0.3824978768825531,0.28249508142471313,-0.011473355814814568,0.33724889159202576,0.22548078000545502,-0.032694000750780106,0.2983296811580658,0.17232787609100342,-0.049326151609420776,0.5008178949356079,0.34723472595214844,-0.005313219502568245,0.442404180765152,0.2520853281021118,-0.02424687147140503,0.40354081988334656,0.1934378296136856,-0.040169551968574524,0.3669198453426361,0.13964885473251343,-0.0522315688431263,0.5571925640106201,0.3367606997489929,-0.019135775044560432,0.5205345749855042,0.2556688189506531,-0.03583105653524399,0.49297648668289185,0.20468005537986755,-0.043350912630558014,0.4640754759311676,0.15603157877922058,-0.049228485673666
0.6381213665008545,0.6144618988037109,4.25183230845505e-07,0.5429556965827942,0.6266107559204102,-0.03592681884765625,0.45062628388404846,0.5746318697929382,-0.04615752398967743,0.3803307116031647,0.5093314051628113,-0.05472477525472641,0.31299731135368347,0.47178080677986145,-0.0614425428211689,0.4200070798397064,0.43012192845344543,0.0048792497254908085,0.33997833728790283,0.3705131709575653,-0.014690776355564594,0.2912992835044861,0.3354887366294861,-0.036015983670949936,0.2494249790906906,0.2965431213378906,-0.05293986573815346,0.4537521004676819,0.3734944462776184,0.0032967429142445326,0.3809793293476105,0.2810043692588806,-0.011734011583030224,0.3357951045036316,0.2224295437335968,-0.03223881125450134,0.2972225546836853,0.16863161325454712,-0.04796295240521431,0.5002524852752686,0.34690985083580017,-0.0064680143259465694,0.44253262877464294,0.25086504220962524,-0.026377877220511436,0.40464842319488525,0.1903669536113739,-0.04315534606575966,0.36862456798553467,0.1352863609790802,-0.05538799241185188,0.5563377141952515,0.33648204803466797,-0.02067129872739315,0.5208677649497986,0.25469541549682617,-0.03837224841117859,0.4951818585395813,0.20262789726257324,-0.046446043998003006,0.4678458273410797,0.15279492735862732,-0.05250691995024681
0.6388719081878662,0.6140973567962646,4.307722178964468e-07,0.5430399179458618,0.6257833242416382,-0.03718472644686699,0.45151710510253906,0.575107216835022,-0.04835916683077812,0.381804883480072,0.5094131827354431,-0.057603590190410614,0.3144685924053192,0.4685112535953522,-0.06489182263612747,0.4206589460372925,0.4298951327800751,0.00385643751360476,0.34079253673553467,0.3693297505378723,-0.01615431159734726,0.2922816872596741,0.33407062292099,-0.03800632804632187,0.250365674495697,0.29446911811828613,-0.05530783534049988,0.45479774475097656,0.37329357862472534,0.0027653342112898827,0.38160717487335205,0.28112828731536865,-0.012450807727873325,0.3359449505805969,0.22240258753299713,-0.033583711832761765,0.29651206731796265,0.16777542233467102,-0.049929358065128326,0.501240611076355,0.346686452627182,-0.006600581109523773,0.44281187653541565,0.2512388229370117,-0.026438822969794273,0.4043291211128235,0.19069817662239075,-0.04361307993531227,0.36751559376716614,0.13552042841911316,-0.05625305324792862,0.5573878288269043,0.33590519428253174,-0.020516306161880493,0.5212506651878357,0.2541242241859436,-0.03805500641465187,0.49463701248168945,0.20253580808639526,-0.046372417360544205,0.4662575423717499,0.15365013480186462,-0.05271422117948532
0.6361368894577026,0.6097274422645569,4.222943914555799e-07,0.5408530235290527,0.6211655735969543,-0.03653979301452637,0.44988274574279785,0.5727516412734985,-0.048560790717601776,0.38046616315841675,0.5076172947883606,-0.05890333652496338,0.3123348355293274,0.46664267778396606,-0.06745216995477676,0.41824066638946533,0.4275834858417511,0.003360131522640586,0.34008780121803284,0.36605337262153625,-0.017558541148900986,0.29220065474510193,0.33230435848236084,-0.040220003575086594,0.24976710975170135,0.2950088381767273,-0.05799046903848648,0.4524226486682892,0.370697021484375,0.0018408999312669039,0.38029229640960693,0.2786518931388855,-0.013600146397948265,0.33487609028816223,0.22156374156475067,-0.0346745103597641,0.2960089147090912,0.169236421585083,-0.05107918754220009,0.49847084283828735,0.34321916103363037,-0.007889334112405777,0.4404958188533783,0.2474215030670166,-0.027193943038582802,0.4018198847770691,0.187945157289505,-0.04387925565242767,0.3649481236934662,0.13433822989463806,-0.0564139187335968,0.5546324253082275,0.3319135308265686,-0.022177867591381073,0.5193920135498047,0.24996773898601532,-0.039477381855249405,0.49198365211486816,0.19827716052532196,-0.047857847064733505,0.4628711938858032,0.1498175859451294,-0.05430762469768524
0.6354138851165771,0.608361542224884,4.2241717324031924e-07,0.5405604243278503,0.619803786277771,-0.03673141822218895,0.449971467256546,0.572762131690979,-0.0492585115134716,0.38087528944015503,0.5076799392700195,-0.059959776699543,0.31299853324890137,0.4639825224876404,-0.06886718422174454,0.4177005887031555,0.4271640479564667,0.0013627705629915,0.33936288952827454,0.3658125102519989,-0.01979328878223896,0.2914315462112427,0.33098259568214417,-0.04225265234708786,0.2495597004890442,0.29209813475608826,-0.059981998056173325,0.45233410596847534,0.3703163266181946,-0.0003091185644734651,0.38062113523483276,0.27922219038009644,-0.016498757526278496,0.3353967070579529,0.22244545817375183,-0.038039956241846085,0.2964705526828766,0.16959747672080994,-0.054774414747953415,0.4986407458782196,0.34276220202445984,-0.010006232187151909,0.4409480392932892,0.24857398867607117,-0.030168745666742325,0.4020475149154663,0.18917632102966309,-0.04723581299185753,0.3647114038467407,0.13500529527664185,-0.059988074004650116,0.5548681020736694,0.33161914348602295,-0.024151217192411423,0.5195869207382202,0.2500445246696472,-0.04227679967880249,0.49244874715805054,0.19833962619304657,-0.05099549889564514,0.4634402096271515,0.15004003047943115,-0.05760597065091133
0.6333534717559814,0.6030767560005188,4.558759201245266e-07,0.5383552312850952,0.6164113879203796,-0.03825812414288521,0.44677770137786865,0.5696960687637329,-0.05109507590532303,0.37609177827835083,0.5039210319519043,-0.06175423786044121,0.30810508131980896,0.4624024033546448,-0.07042263448238373,0.41363587975502014,0.4246365427970886,0.0036121695302426815,0.335631787776947,0.3621988296508789,-0.016841016709804535,0.28886812925338745,0.32837918400764465,-0.03979417681694031,0.24643474817276,0.29048365354537964,-0.057943493127822876,0.44854289293289185,0.36663341522216797,0.0031976336613297462,0.3777048587799072,0.27507245540618896,-0.011729579418897629,0.3331483006477356,0.21874485909938812,-0.03349427878856659,0.293971985578537,0.166092187166214,-0.050617560744285583,0.49426695704460144,0.338966429233551,-0.005478793755173683,0.4365730583667755,0.2445150464773178,-0.02422330342233181,0.3989291191101074,0.18664726614952087,-0.04036232829093933,0.3622775971889496,0.13386499881744385,-0.052628323435783386,0.5501483678817749,0.32741206884384155,-0.018839595839381218,0.5139938592910767,0.2471817582845688,-0.03540906682610512,0.4869803786277771,0.19660606980323792,-0.042764704674482346,0.45816677808761597,0.14858785271644592,-0.04848432540893555
0.6340924501419067,0.6040672063827515,4.1388909721717937e-07,0.5387165546417236,0.6160333752632141,-0.03484413027763367,0.44745928049087524,0.5691370964050293,-0.046002089977264404,0.376847505569458,0.5040966272354126,-0.05557110905647278,0.30933523178100586,0.4628939628601074,-0.06325406581163406,0.4152640998363495,0.423820436000824,0.005988290533423424,0.3374115228652954,0.3620316982269287,-0.013433767482638359,0.290382981300354,0.3278043270111084,-0.035248469561338425,0.24899952113628387,0.28986769914627075,-0.05259794741868973,0.44927483797073364,0.3667236566543579,0.004019675310701132,0.3775303065776825,0.2763065695762634,-0.010536886751651764,0.33247631788253784,0.22058607637882233,-0.03155248984694481,0.2928920388221741,0.16904106736183167,-0.04794253036379814,0.49484801292419434,0.33868351578712463,-0.005902185570448637,0.43699923157691956,0.24486574530601501,-0.02465995028614998,0.39857256412506104,0.18645600974559784,-0.04059193655848503,0.3609451353549957,0.13335075974464417,-0.052604321390390396,0.5502840280532837,0.32680341601371765,-0.02016310766339302,0.5144688487052917,0.24602928757667542,-0.03683755174279213,0.4880245327949524,0.19510871171951294,-0.04401111975312233,0.45957452058792114,0.1470911204814911,-0.049486562609672546
0.6296414136886597,0.6000312566757202,4.646177274025831e-07,0.5337346196174622,0.6133687496185303,-0.03780672326683998,0.44179001450538635,0.5656434297561646,-0.05047709122300148,0.3704303801059723,0.49977949261665344,-0.06107329949736595,0.30257514119148254,0.4599170982837677,-0.06991692632436752,0.4092751741409302,0.42330631613731384,0.0026369295082986355,0.3319392204284668,0.35992708802223206,-0.01798992045223713,0.2855561375617981,0.32420140504837036,-0.040602345019578934,0.2443515658378601,0.28450870513916016,-0.058452751487493515,0.44375237822532654,0.3644207715988159,0.001989188138395548,0.37227103114128113,0.2721620202064514,-0.013573965057730675,0.32769086956977844,0.21525926887989044,-0.03541741892695427,0.2889033854007721,0.1623413860797882,-0.052476346492767334,0.48947256803512573,0.3351943790912628,-0.006718601565808058,0.4307328164577484,0.2399522364139557,-0.02612522430717945,0.3926256597042084,0.18298983573913574,-0.04250478371977806,0.35596758127212524,0.13151821494102478,-0.05476931110024452,0.5454564094543457,0.3224843740463257,-0.019968869164586067,0.5088765025138855,0.2411862462759018,-0.037105485796928406,0.4814424216747284,0.1898445188999176,-0.04485979303717613,0.45273444056510925,0.1415160596370697,-0.05075611174106598
0.6292921900749207,0.6004001498222351,4.3365750457269314e-07,0.5343620181083679,0.612721860408783,-0.036670900881290436,0.4418897032737732,0.5657876133918762,-0.0487511120736599,0.3705762028694153,0.5009542107582092,-0.0589129738509655,0.3031913638114929,0.45785006880760193,-0.06720685213804245,0.409477561712265,0.4228018820285797,0.002284406451508403,0.33138957619667053,0.3592952489852905,-0.018491137772798538,0.28387197852134705,0.32345929741859436,-0.040493350476026535,0.2424597144126892,0.28473806381225586,-0.05761024355888367,0.4436914324760437,0.3646368682384491,0.001128360047005117,0.37194570899009705,0.2726580500602722,-0.014396553859114647,0.32688602805137634,0.21654212474822998,-0.03523476794362068,0.2878096103668213,0.16564686596393585,-0.05123963952064514,0.4896145164966583,0.3350445330142975,-0.00801458116620779,0.4315852224826813,0.239682137966156,-0.027312766760587692,0.3932739794254303,0.18159396946430206,-0.04312426224350929,0.35595569014549255,0.1296044886112213,-0.05478978902101517,0.5451906323432922,0.3220532536506653,-0.021598581224679947,0.5095295906066895,0.2399226278066635,-0.03848925605416298,0.4829275608062744,0.18818090856075287,-0.04580830782651901,0.4546589255332947,0.14032700657844543,-0.05119869112968445
0.6242308020591736,0.5956448316574097,4.631487797723821e-07,0.5274305939674377,0.6099938750267029,-0.03695441037416458,0.43595272302627563,0.562468409538269,-0.048274215310811996,0.3649013638496399,0.4978044033050537,-0.057771164923906326,0.2977827191352844,0.4562038779258728,-0.06534072756767273,0.403979629278183,0.41871944069862366,0.006746896542608738,0.32564297318458557,0.35637807846069336,-0.011769781820476055,0.2800704538822174,0.32035312056541443,-0.03298037499189377,0.24009156227111816,0.27966874837875366,-0.05006663128733635,0.4381180703639984,0.360481321811676,0.005932455416768789,0.3656485080718994,0.26969730854034424,-0.007901519536972046,0.3216991126537323,0.2131192535161972,-0.02897726744413376,0.2836901545524597,0.1608133167028427,-0.04566463083028793,0.48359784483909607,0.33192574977874756,-0.003212367882952094,0.42552003264427185,0.2374756634235382,-0.0219122227281332,0.3873324394226074,0.1804329752922058,-0.03910563886165619,0.3505377769470215,0.12897369265556335,-0.05212216079235077,0.5392078161239624,0.3189988136291504,-0.016887512058019638,0.5029501914978027,0.23834605515003204,-0.033982038497924805,0.47587302327156067,0.18777577579021454,-0.04272155091166496,0.44689056277275085,0.1401960253715515,-0.049578405916690826
0.6238380670547485,0.5967128276824951,4.368533836895949e-07,0.5273299217224121,0.608657717704773,-0.03514492139220238,0.4363345503807068,0.560706615447998,-0.046392254531383514,0.36599159240722656,0.4975768029689789,-0.0563431940972805,0.29923534393310547,0.45603469014167786,-0.0644698515534401,0.4047239422798157,0.4159134030342102,0.006695665419101715,0.32807981967926025,0.35342133045196533,-0.013010396622121334,0.2815307378768921,0.31809282302856445,-0.03496453911066055,0.2410186231136322,0.27927547693252563,-0.05222748965024948,0.43833455443382263,0.35980525612831116,0.004616734571754932,0.36679381132125854,0.2694399356842041,-0.010284538380801678,0.3218812942504883,0.21319043636322021,-0.03130193054676056,0.28322404623031616,0.16241201758384705,-0.04748350381851196,0.4840198755264282,0.3317532241344452,-0.005643533077090979,0.4262116849422455,0.2373994141817093,-0.024854445829987526,0.38807013630867004,0.17927424609661102,-0.041316721588373184,0.3512400686740875,0.12742573022842407,-0.05345626920461655,0.539260745048523,0.3197344243526459,-0.020343847572803497,0.5035536289215088,0.2378850132226944,-0.037349600344896317,0.4770285189151764,0.18623530864715576,-0.045217085629701614,0.44898831844329834,0.1381397247314453,-0.051145002245903015
0.6177213788032532,0.594612717628479,4.389256105241657e-07,0.5226445198059082,0.6059287786483765,-0.0358598455786705,0.4321972131729126,0.55799400806427,-0.0481053926050663,0.36255645751953125,0.4968443512916565,-0.05880165845155716,0.29706037044525146,0.45581477880477905,-0.06764820963144302,0.3992771506309509,0.4145411550998688,0.003812032751739025,0.32380008697509766,0.3519095480442047,-0.01586458832025528,0.27856433391571045,0.3174929618835449,-0.03738483786582947,0.23896755278110504,0.2798396944999695,-0.0543680302798748,0.43272507190704346,0.3589246869087219,0.0020431154407560825,0.36102789640426636,0.2690254747867584,-0.013383307494223118,0.3166765570640564,0.21300403773784637,-0.03438182920217514,0.27850663661956787,0.16177117824554443,-0.05059971660375595,0.47859132289886475,0.33107662200927734,-0.007778375409543514,0.42130544781684875,0.23733095824718475,-0.02789117954671383,0.38449397683143616,0.1790633350610733,-0.04525207355618477,0.34902364015579224,0.1274133026599884,-0.05786316469311714,0.5344142913818359,0.3189660310745239,-0.021899981424212456,0.4983101189136505,0.23646019399166107,-0.03986942768096924,0.4715268611907959,0.1843990534543991,-0.04876524209976196,0.4430181682109833,0.13617020845413208,-0.05546699836850166
0.6173156499862671,0.5938852429389954,4.041538375076925e-07,0.5240364074707031,0.6054185032844543,-0.03383538872003555,0.43286025524139404,0.5575464963912964,-0.045325521379709244,0.3636510968208313,0.49544474482536316,-0.05566716194152832,0.2980309724807739,0.4575413167476654,-0.0643039345741272,0.39996883273124695,0.41344669461250305,0.004012472927570343,0.32397258281707764,0.35268083214759827,-0.016370723024010658,0.27763330936431885,0.31908106803894043,-0.03826908767223358,0.2372751235961914,0.2827656865119934,-0.055333998054265976,0.43295466899871826,0.35797688364982605,0.0009907388594001532,0.36191800236701965,0.26825472712516785,-0.01507378276437521,0.3174384534358978,0.2120657116174698,-0.03626827150583267,0.27900373935699463,0.16109494864940643,-0.05242414027452469,0.47837886214256287,0.3296339809894562,-0.00979685503989458,0.4212794601917267,0.2358139008283615,-0.029709111899137497,0.3844108283519745,0.17719128727912903,-0.04621244966983795,0.3486594259738922,0.1251293122768402,-0.058223314583301544,0.5335363149642944,0.31730058789253235,-0.024784022942185402,0.4972478151321411,0.2346075028181076,-0.041851699352264404,0.4709804654121399,0.18184778094291687,-0.04949874430894852,0.4432523846626282,0.1330467164516449,-0.05526358634233475
0.6132965683937073,0.5892452001571655,4.272518197012687e-07,0.5186881422996521,0.6020649075508118,-0.035381920635700226,0.4279059171676636,0.5556823015213013,-0.046697597950696945,0.35793235898017883,0.4943220317363739,-0.056634124368429184,0.29156211018562317,0.4556386470794678,-0.06481438130140305,0.3971170485019684,0.4131522476673126,0.005461203865706921,0.32099127769470215,0.3547871708869934,-0.014147023670375347,0.27571994066238403,0.3209281265735626,-0.03573395311832428,0.23639774322509766,0.2824389934539795,-0.052815407514572144,0.4299095869064331,0.35648608207702637,0.0035215241368860006,0.3586843013763428,0.26697444915771484,-0.01196974702179432,0.3148553967475891,0.21144485473632812,-0.03300431743264198,0.2769250273704529,0.1599482148885727,-0.04921289533376694,0.4750765860080719,0.3280199468135834,-0.006556124892085791,0.4173429608345032,0.2338801622390747,-0.026907959952950478,0.37950533628463745,0.1758498251438141,-0.0442865788936615,0.3431408703327179,0.1237122118473053,-0.05686672404408455,0.530371367931366,0.31518563628196716,-0.020933018997311592,0.4948521852493286,0.2324952930212021,-0.038897812366485596,0.46827372908592224,0.18041448295116425,-0.047699496150016785,0.43991538882255554,0.13205242156982422,-0.05434942990541458
0.6135104894638062,0.5884142518043518,4.3589531628640543e-07,0.5182286500930786,0.6012771129608154,-0.03510301187634468,0.42768868803977966,0.5546444058418274,-0.04619807004928589,0.35722556710243225,0.49287915229797363,-0.056199464946985245,0.28951048851013184,0.45466241240501404,-0.06442961096763611,0.39778661727905273,0.4118512272834778,0.00864426326006651,0.322253555059433,0.3535752296447754,-0.010157293640077114,0.27706432342529297,0.3191435933113098,-0.03161507472395897,0.23798324167728424,0.2802674472332001,-0.048743247985839844,0.430355966091156,0.35519683361053467,0.006548895034939051,0.3591744899749756,0.2672046422958374,-0.008166655898094177,0.3147246837615967,0.21140238642692566,-0.02931894175708294,0.2768400013446808,0.16023872792720795,-0.04567258432507515,0.47538188099861145,0.32663655281066895,-0.003867074614390731,0.41743654012680054,0.2339608073234558,-0.02346934750676155,0.3795647621154785,0.17651139199733734,-0.040522415190935135,0.34329017996788025,0.12469002604484558,-0.05294065549969673,0.5303798913955688,0.3136078417301178,-0.018668491393327713,0.4941776990890503,0.2316703349351883,-0.03601158782839775,0.4677217900753021,0.1798582524061203,-0.04438035190105438,0.43966159224510193,0.13170656561851501,-0.05071449279785156
0.6132075786590576,0.5890238285064697,4.6434385581051174e-07,0.518508791923523,0.6008787155151367,-0.03647449612617493,0.4273777902126312,0.5533774495124817,-0.04886101558804512,0.3564818501472473,0.4908978044986725,-0.059851739555597305,0.2882940173149109,0.45352959632873535,-0.06890983134508133,0.39594030380249023,0.41055533289909363,0.007942643947899342,0.3206567168235779,0.34984344244003296,-0.010813983157277107,0.2757628560066223,0.31546854972839355,-0.032402001321315765,0.23589180409908295,0.2769722044467926,-0.04964420944452286,0.42925313115119934,0.35492727160453796,0.0066672456450760365,0.3591610789299011,0.266046404838562,-0.00765119818970561,0.3154495358467102,0.21087412536144257,-0.028550487011671066,0.27710455656051636,0.16000652313232422,-0.044726692140102386,0.4743981659412384,0.32695651054382324,-0.0029676007106900215,0.4171636402606964,0.23415341973304749,-0.021607790142297745,0.37980011105537415,0.1773880422115326,-0.037458162754774094,0.34359967708587646,0.126480370759964,-0.0491156242787838,0.5293949842453003,0.3139912784099579,-0.017180219292640686,0.49287134408950806,0.23129670321941376,-0.03299503028392792,0.4668351113796234,0.17926260828971863,-0.03991786763072014,0.4392077624797821,0.1310032606124878,-0.045313511043787
0.6134325265884399,0.5890936851501465,4.542182239219983e-07,0.5187954306602478,0.6010571718215942,-0.0364743135869503,0.4274970591068268,0.5532456636428833,-0.04872433841228485,0.35650211572647095,0.4904865622520447,-0.059556711465120316,0.2882676124572754,0.4528656303882599,-0.06843972951173782,0.39619359374046326,0.41030436754226685,0.007730322889983654,0.32079964876174927,0.34980514645576477,-0.011277605779469013,0.2755963206291199,0.31578099727630615,-0.03294174745678902,0.23560146987438202,0.27767592668533325,-0.05015331134200096,0.42939791083335876,0.35472506284713745,0.006441851146519184,0.35886815190315247,0.2659584879875183,-0.008109946735203266,0.31494078040122986,0.21093116700649261,-0.028977705165743828,0.2765159606933594,0.16017679870128632,-0.04506853595376015,0.47451961040496826,0.32679271697998047,-0.0032243281602859497,0.4170915484428406,0.2337251603603363,-0.022159788757562637,0.3794814646244049,0.17673616111278534,-0.03810344263911247,0.343197762966156,0.12567958235740662,-0.04976145550608635,0.529469907283783,0.3138223886489868,-0.017458340153098106,0.4927920699119568,0.23104603588581085,-0.033548325300216675,0.46656137704849243,0.17880874872207642,-0.04060961678624153,0.43879371881484985,0.13031786680221558,-0.046058330684900284
0.615473747253418,0.5892345905303955,4.35221863881452e-07,0.5211836695671082,0.6006560325622559,-0.03649396449327469,0.43028154969215393,0.554527223110199,-0.048039745539426804,0.3593447506427765,0.4921759068965912,-0.05794356018304825,0.29270869493484497,0.45120182633399963,-0.06578332930803299,0.39774584770202637,0.41288962960243225,0.005919147748500109,0.3210703730583191,0.3518184423446655,-0.013991910964250565,0.275368332862854,0.31646743416786194,-0.03589361533522606,0.23581954836845398,0.2773471176624298,-0.05297433212399483,0.4307558834552765,0.3560091257095337,0.004942011553794146,0.36009013652801514,0.2661304473876953,-0.010834161192178726,0.31594839692115784,0.21000264585018158,-0.032412562519311905,0.2775043547153473,0.15839126706123352,-0.04876268655061722,0.47563135623931885,0.3268836438655853,-0.00429863715544343,0.41912972927093506,0.23300115764141083,-0.024531297385692596,0.3821253776550293,0.17566299438476562,-0.04153675585985184,0.34672462940216064,0.1246262788772583,-0.05351110175251961,0.5304125547409058,0.31289374828338623,-0.017956167459487915,0.49360984563827515,0.22915783524513245,-0.03522070124745369,0.4673120677471161,0.17683835327625275,-0.04323535040020943,0.43963611125946045,0.12847304344177246,-0.04903542250394821
0.615870475769043,0.5905010104179382,4.3668683247233275e-07,0.5212686061859131,0.6011468172073364,-0.03652999550104141,0.4295893907546997,0.5542337894439697,-0.04827979579567909,0.3582867383956909,0.49246376752853394,-0.05828186497092247,0.29184526205062866,0.4517762064933777,-0.06621890515089035,0.3972134292125702,0.41257980465888977,0.004826770629733801,0.3199944496154785,0.3512680232524872,-0.015017817728221416,0.2739992141723633,0.31647396087646484,-0.03675440326333046,0.23374821245670319,0.2778107523918152,-0.05379435420036316,0.4306606650352478,0.35575976967811584,0.0038835168816149235,0.3601071238517761,0.2661159634590149,-0.011623892933130264,0.3161563277244568,0.21040035784244537,-0.03280137851834297,0.27776792645454407,0.15909186005592346,-0.04894993081688881,0.4760333299636841,0.32668477296829224,-0.005232425406575203,0.41921138763427734,0.2328626811504364,-0.025082571431994438,0.3823070228099823,0.17562639713287354,-0.04156558960676193,0.3468184471130371,0.12466996908187866,-0.05330092832446098,0.5311586856842041,0.31299734115600586,-0.018775729462504387,0.4943666160106659,0.2292349636554718,-0.03584284707903862,0.46800488233566284,0.1768103986978531,-0.043640490621328354,0.4401293396949768,0.12832504510879517,-0.049325600266456604
0.6156550049781799,0.5899948477745056,3.999675755039789e-07,0.5201705694198608,0.6017492413520813,-0.03405764326453209,0.4298141598701477,0.5547412037849426,-0.04453271999955177,0.36081662774086,0.4931282699108124,-0.05389472469687462,0.2950798273086548,0.4547882080078125,-0.061453595757484436,0.39986491203308105,0.41179367899894714,0.0069700079038739204,0.3239499628543854,0.3515089750289917,-0.012789186090230942,0.27797573804855347,0.3167998492717743,-0.03479808196425438,0.23772917687892914,0.2785308063030243,-0.05218878388404846,0.4329374432563782,0.356548547744751,0.004438979085534811,0.3623233437538147,0.2675325274467468,-0.011369611136615276,0.3178393244743347,0.21199877560138702,-0.033146556466817856,0.2789424657821655,0.16035149991512299,-0.04994940385222435,0.47760337591171265,0.3288699984550476,-0.00612841360270977,0.42037442326545715,0.23583143949508667,-0.02643686532974243,0.38210394978523254,0.1782011240720749,-0.043528538197278976,0.34544533491134644,0.12657049298286438,-0.05593356117606163,0.5324397087097168,0.3159559667110443,-0.020985199138522148,0.49638983607292175,0.23268362879753113,-0.03870882838964462,0.46928733587265015,0.18046331405639648,-0.047137193381786346,0.4401399791240692,0.13162800669670105,-0.05353125184774399
0.6147934198379517,0.5898855328559875,4.084864428932633e-07,0.520751953125,0.60224848985672,-0.03410680592060089,0.43039998412132263,0.5556329488754272,-0.04482243210077286,0.36157673597335815,0.4944465160369873,-0.05432749167084694,0.2962651252746582,0.4557010233402252,-0.061986058950424194,0.39961010217666626,0.41183555126190186,0.005942062940448523,0.3234102129936218,0.3526745140552521,-0.01350997295230627,0.2779541015625,0.31845107674598694,-0.03500800579786301,0.23833516240119934,0.28031206130981445,-0.051972419023513794,0.4324738085269928,0.35641857981681824,0.003578090574592352,0.36193302273750305,0.26781517267227173,-0.011915228329598904,0.31806236505508423,0.21202078461647034,-0.033032529056072235,0.28023070096969604,0.1603453904390335,-0.049236960709095,0.47722798585891724,0.32823529839515686,-0.006716566625982523,0.42004719376564026,0.23590201139450073,-0.02660399116575718,0.3824162483215332,0.17856357991695404,-0.043217733502388,0.34648823738098145,0.12707147002220154,-0.055221039801836014,0.5320496559143066,0.31505078077316284,-0.021274227648973465,0.4956013262271881,0.23246340453624725,-0.03851865977048874,0.4688146710395813,0.180527463555336,-0.046503905206918716,0.4402860403060913,0.13206890225410461,-0.052494511008262634
0.617883563041687,0.5909526944160461,4.2793024590537243e-07,0.5236617922782898,0.6039996147155762,-0.03633274883031845,0.4318397641181946,0.5558755397796631,-0.04767671599984169,0.3612552881240845,0.49313461780548096,-0.05745799094438553,0.29395943880081177,0.4531523883342743,-0.06533265113830566,0.4008188545703888,0.4144647717475891,0.006286177784204483,0.3251658082008362,0.35396936535835266,-0.012998443096876144,0.27990055084228516,0.31950435042381287,-0.034634780138731,0.2401537299156189,0.2815816104412079,-0.0517520010471344,0.433999627828598,0.3576892018318176,0.00490413885563612,0.3631856143474579,0.26875337958335876,-0.010098849423229694,0.318825900554657,0.2125566154718399,-0.031414031982421875,0.2804047763347626,0.16118107736110687,-0.0478365421295166,0.47913575172424316,0.32901689410209656,-0.0047421944327652454,0.42183372378349304,0.2360425740480423,-0.02423906698822975,0.3842307925224304,0.1781894415616989,-0.041132714599370956,0.34785425662994385,0.12592294812202454,-0.05344177782535553,0.5338895916938782,0.31564056873321533,-0.018840927630662918,0.49720239639282227,0.23330236971378326,-0.03596080467104912,0.47076383233070374,0.18106389045715332,-0.04407854378223419,0.44276902079582214,0.1320306360721588,-0.050200335681438446
0.6173365116119385,0.5914714932441711,4.462899028112588e-07,0.5221465826034546,0.6040523648262024,-0.03687374293804169,0.43088406324386597,0.5564213991165161,-0.04890591278672218,0.36056286096572876,0.49378329515457153,-0.05919305235147476,0.2935715913772583,0.4531734585762024,-0.06753035634756088,0.39937514066696167,0.4145350456237793,0.0050045279785990715,0.32298094034194946,0.35204562544822693,-0.014809275977313519,0.2772340178489685,0.3169896602630615,-0.03679512441158295,0.23674306273460388,0.2786264419555664,-0.05409027263522148,0.43323713541030884,0.3580574691295624,0.0039559947326779366,0.3623321056365967,0.2681185007095337,-0.01132417842745781,0.31820252537727356,0.21212352812290192,-0.03263658285140991,0.2800716161727905,0.16102653741836548,-0.0490468293428421,0.47870439291000366,0.3295042812824249,-0.005325356498360634,0.4212445020675659,0.2358335554599762,-0.02479805052280426,0.3837605118751526,0.1783313751220703,-0.04116924852132797,0.3477874994277954,0.12669101357460022,-0.05311321094632149,0.5338404178619385,0.3161779046058655,-0.019127344712615013,0.49701833724975586,0.23343254625797272,-0.036141544580459595,0.4703971743583679,0.18111906945705414,-0.04393783584237099,0.44223955273628235,0.13199228048324585,-0.04978077486157417
0.6178764700889587,0.5926434397697449,4.348312074853311e-07,0.5231973528862,0.6048116087913513,-0.036475274711847305,0.4324102997779846,0.557826042175293,-0.048038631677627563,0.3626357913017273,0.49489161372184753,-0.05781833082437515,0.2972612679004669,0.45174741744995117,-0.06552198529243469,0.4002054035663605,0.41548025608062744,0.004159522242844105,0.32220005989074707,0.35479679703712463,-0.015810765326023102,0.27617472410202026,0.3188712000846863,-0.03738739714026451,0.23692189157009125,0.27860718965530396,-0.05420084297657013,0.4341239035129547,0.3588831424713135,0.003092576051130891,0.3629779517650604,0.26953428983688354,-0.011873506009578705,0.31876957416534424,0.21354466676712036,-0.03252996876835823,0.2813073396682739,0.1624435931444168,-0.04842112585902214,0.4798121452331543,0.33045628666877747,-0.0061503383331000805,0.42320871353149414,0.23720255494117737,-0.025354985147714615,0.3859066069126129,0.17939165234565735,-0.04154743626713753,0.3503381311893463,0.12763240933418274,-0.053374286741018295,0.5350802540779114,0.31770414113998413,-0.019884828478097916,0.4992094039916992,0.23612818121910095,-0.03691348060965538,0.47294679284095764,0.1849386990070343,-0.04472562298178673,0.44517597556114197,0.13721460103988647,-0.050492413341999054
0.6181454658508301,0.5933563709259033,4.404217008868727e-07,0.5232881307601929,0.6055132150650024,-0.0360700823366642,0.43205150961875916,0.5576068162918091,-0.047172680497169495,0.36241602897644043,0.4938519597053528,-0.05659421160817146,0.2974780797958374,0.45029565691947937,-0.06390532851219177,0.4007353186607361,0.4153817892074585,0.005071176681667566,0.3229348361492157,0.3545757234096527,-0.014348970726132393,0.2771604061126709,0.3186318278312683,-0.035484738647937775,0.23800881206989288,0.27845078706741333,-0.05199804529547691,0.4345096945762634,0.358959823846817,0.003909805323928595,0.3633084297180176,0.26894837617874146,-0.01066533848643303,0.31916725635528564,0.2125994861125946,-0.031022116541862488,0.2819061279296875,0.1612459272146225,-0.04661468788981438,0.48016366362571716,0.3306439518928528,-0.0054161143489181995,0.42318519949913025,0.23699091374874115,-0.024347182363271713,0.38582924008369446,0.17905084788799286,-0.04041529446840286,0.3503727316856384,0.1271997094154358,-0.05209418758749962,0.535342812538147,0.3178726136684418,-0.01921594887971878,0.4992355406284332,0.23601707816123962,-0.03600180894136429,0.4728444516658783,0.18454213440418243,-0.04368745908141136,0.44504261016845703,0.1365945041179657,-0.04933040216565132
0.6175045371055603,0.5966123938560486,4.0640216525389405e-07,0.5225675702095032,0.607931911945343,-0.03521892428398132,0.43296685814857483,0.561397910118103,-0.04700577259063721,0.3640233278274536,0.49907374382019043,-0.05731569975614548,0.29764413833618164,0.4582785665988922,-0.06579586118459702,0.4017413258552551,0.41856223344802856,0.003723114263266325,0.32612404227256775,0.35716286301612854,-0.016663888469338417,0.28086692094802856,0.3213731050491333,-0.03867192193865776,0.2415570318698883,0.2821146249771118,-0.05602388456463814,0.4355318248271942,0.36254435777664185,0.0014945409493520856,0.36497196555137634,0.2738468050956726,-0.014603081159293652,0.32116150856018066,0.21745003759860992,-0.03617667034268379,0.2829846143722534,0.16521166265010834,-0.052884649485349655,0.48083755373954773,0.33424216508865356,-0.008667350746691227,0.42361128330230713,0.24232329428195953,-0.029158445075154305,0.38539427518844604,0.1839149296283722,-0.04637153074145317,0.34814924001693726,0.13114792108535767,-0.05899767205119133,0.5361250042915344,0.3215676546096802,-0.023119041696190834,0.5009925961494446,0.24020704627037048,-0.041441865265369415,0.47424712777137756,0.18848252296447754,-0.050354115664958954,0.4455017149448395,0.14054980874061584,-0.05703704431653023
0.6164842844009399,0.5962738990783691,4.340506620792439e-07,0.5227146744728088,0.6084389090538025,-0.03609083220362663,0.4320805072784424,0.56169193983078,-0.0482558012008667,0.36277297139167786,0.49867182970046997,-0.058582015335559845,0.2964246869087219,0.45787718892097473,-0.06698525696992874,0.40050962567329407,0.4190366268157959,0.0016731200739741325,0.32292652130126953,0.357603520154953,-0.018751079216599464,0.2770760655403137,0.32203832268714905,-0.040198735892772675,0.23713214695453644,0.28258246183395386,-0.05703544616699219,0.4345875680446625,0.3628467619419098,0.0001645836455281824,0.36400261521339417,0.2731909155845642,-0.015823187306523323,0.32049304246902466,0.2165055125951767,-0.036714646965265274,0.28287652134895325,0.16432370245456696,-0.05272006615996361,0.4801972210407257,0.33467692136764526,-0.009223155677318573,0.4233705401420593,0.24203096330165863,-0.029359279200434685,0.3860244154930115,0.18407262861728668,-0.04590879753232002,0.34972450137138367,0.131596177816391,-0.05793401226401329,0.5351950526237488,0.3222030699253082,-0.022916143760085106,0.4996141791343689,0.24114732444286346,-0.04066576063632965,0.47327470779418945,0.18941247463226318,-0.04891740158200264,0.4452335238456726,0.1411609947681427,-0.055010080337524414
0.617961585521698,0.6046978831291199,4.063471692461462e-07,0.5225107073783875,0.615899384021759,-0.03598199039697647,0.43304869532585144,0.5708320140838623,-0.04882354289293289,0.364711731672287,0.5084028244018555,-0.06005150079727173,0.2974194288253784,0.4666910767555237,-0.06959168612957001,0.4031717777252197,0.4261474609375,0.0008527100435458124,0.3266913890838623,0.3645593523979187,-0.0210623387247324,0.2791896462440491,0.32910972833633423,-0.044222041964530945,0.23701372742652893,0.2906229794025421,-0.06249721348285675,0.43679648637771606,0.3701888918876648,-0.001620228635147214,0.36743026971817017,0.28088247776031494,-0.01931130699813366,0.32289034128189087,0.22399835288524628,-0.0420224703848362,0.28300997614860535,0.17124482989311218,-0.059578750282526016,0.48163703083992004,0.3422471880912781,-0.01193256862461567,0.42433562874794006,0.2503346800804138,-0.033746954053640366,0.386299192905426,0.19148530066013336,-0.051429279148578644,0.3486141860485077,0.13820016384124756,-0.06428547203540802,0.5364493131637573,0.330120325088501,-0.026568982750177383,0.5011510848999023,0.2476976215839386,-0.04602283611893654,0.47487810254096985,0.19516213238239288,-0.05528436228632927,0.44654911756515503,0.14658477902412415,-0.06212567910552025
0.6174823045730591,0.6056773066520691,4.2587555526552023e-07,0.5229290723800659,0.6164793372154236,-0.03505341708660126,0.43299344182014465,0.5704023838043213,-0.04688585549592972,0.3643779456615448,0.507585346698761,-0.05718432739377022,0.29822784662246704,0.4657764732837677,-0.0656919777393341,0.402202844619751,0.4263843894004822,0.0030016580130904913,0.3264387249946594,0.36518117785453796,-0.017751220613718033,0.27956223487854004,0.3306984305381775,-0.039875227957963943,0.23794090747833252,0.2927864193916321,-0.0572456419467926,0.43588384985923767,0.369998037815094,0.0009089449304156005,0.36648547649383545,0.2793963849544525,-0.015371707268059254,0.3222922682762146,0.222821906208992,-0.036621976643800735,0.28331542015075684,0.1706453114748001,-0.052866410464048386,0.4812271296977997,0.3421518802642822,-0.009042613208293915,0.4246722459793091,0.24924875795841217,-0.029454363510012627,0.3870733976364136,0.1918199062347412,-0.045983780175447464,0.35030147433280945,0.14004400372505188,-0.05787472426891327,0.5359429121017456,0.3305397629737854,-0.023257777094841003,0.5007598400115967,0.24835990369319916,-0.041184235364198685,0.47508060932159424,0.19625121355056763,-0.04928286001086235,0.44745296239852905,0.1475069224834442,-0.05513950437307358
0.6197282671928406,0.6175221800804138,4.059679952206352e-07,0.5244530439376831,0.6285383701324463,-0.03653004765510559,0.43507120013237,0.5832923650741577,-0.0496591217815876,0.3654841482639313,0.5204439759254456,-0.06111794710159302,0.2979298233985901,0.47748011350631714,-0.07056572288274765,0.40616530179977417,0.4365605413913727,0.0023682829923927784,0.3282974362373352,0.37638339400291443,-0.01872832514345646,0.281440794467926,0.3407284617424011,-0.04170822724699974,0.240774467587471,0.3012365996837616,-0.05998449772596359,0.43957316875457764,0.3798903226852417,0.0003103284689132124,0.3691987991333008,0.2900965213775635,-0.016491413116455078,0.3255835473537445,0.2335086613893509,-0.03911309689283371,0.28743934631347656,0.18147055804729462,-0.05663454905152321,0.4843580722808838,0.3513743281364441,-0.009664137847721577,0.42644479870796204,0.2589912414550781,-0.030368220061063766,0.3888455629348755,0.19925078749656677,-0.04736382141709328,0.3524850010871887,0.14567503333091736,-0.05997801572084427,0.5397070050239563,0.33962127566337585,-0.02411780133843422,0.5043516159057617,0.25845086574554443,-0.042248133569955826,0.47722840309143066,0.20771485567092896,-0.05059027671813965,0.448617547750473,0.161391943693161,-0.05691702291369438
0.6186941862106323,0.6201416850090027,4.1997910216196033e-07,0.5248354077339172,0.6299545168876648,-0.03693312779068947,0.4351150393486023,0.5822225213050842,-0.0500539131462574,0.365494042634964,0.5173943638801575,-0.06141700968146324,0.2976478338241577,0.47900328040122986,-0.07101603597402573,0.404691606760025,0.43771418929100037,0.0016496406169608235,0.3286402225494385,0.37744367122650146,-0.020187372341752052,0.2817450761795044,0.3441199064254761,-0.04363693296909332,0.24001102149486542,0.3058566451072693,-0.06206037104129791,0.43844056129455566,0.3810071051120758,3.551115878508426e-05,0.36926040053367615,0.2904050946235657,-0.01695127785205841,0.3251689672470093,0.23491926491260529,-0.039449118077754974,0.286022424697876,0.1822662204504013,-0.05677643418312073,0.48393797874450684,0.35334497690200806,-0.009488401003181934,0.42754387855529785,0.2596338391304016,-0.030204899609088898,0.3903202414512634,0.2020377218723297,-0.04660525918006897,0.35378384590148926,0.14943042397499084,-0.0585671104490757,0.5391620397567749,0.3425450623035431,-0.023497814312577248,0.5045064091682434,0.26028209924697876,-0.041222650557756424,0.4785732626914978,0.20859801769256592,-0.04871204122900963,0.45069971680641174,0.16035056114196777,-0.05423332005739212
0.6253012418746948,0.6380080580711365,3.4923024827548943e-07,0.5320712327957153,0.6486912965774536,-0.033210139721632004,0.4414002299308777,0.5984925031661987,-0.04412860795855522,0.3731549084186554,0.5346143245697021,-0.05378139391541481,0.30704039335250854,0.49485111236572266,-0.06158031150698662,0.411374032497406,0.4512927830219269,0.003525723470374942,0.33338406682014465,0.3912464678287506,-0.016685467213392258,0.285675048828125,0.3555154502391815,-0.038597479462623596,0.24424560368061066,0.31783026456832886,-0.05611591041088104,0.44448596239089966,0.3961484730243683,-0.00020392084843479097,0.37428954243659973,0.3043753206729889,-0.016601383686065674,0.3308876156806946,0.24788807332515717,-0.0382574163377285,0.2927224636077881,0.19714298844337463,-0.054631270468235016,0.4897270202636719,0.3690655827522278,-0.011367191560566425,0.4303385317325592,0.2746012806892395,-0.03224045783281326,0.39254435896873474,0.21315152943134308,-0.04897403344511986,0.35573241114616394,0.1577073633670807,-0.0610235370695591,0.5460368394851685,0.35899585485458374,-0.026584699749946594,0.5101329684257507,0.275791734457016,-0.044989507645368576,0.4836297035217285,0.22339363396167755,-0.0529160313308239,0.4554550051689148,0.17516127228736877,-0.0586518831551075
0.6240594983100891,0.6394925117492676,4.128627892896475e-07,0.5294836759567261,0.6474108099937439,-0.03670815750956535,0.4393904209136963,0.5972472429275513,-0.04955637454986572,0.36913567781448364,0.5335419178009033,-0.06081431731581688,0.3012455105781555,0.49518364667892456,-0.07035228610038757,0.4103895127773285,0.45370346307754517,0.0023111908230930567,0.3336051404476166,0.3918619453907013,-0.019874325022101402,0.28643399477005005,0.3565059304237366,-0.043279897421598434,0.24494889378547668,0.3169271647930145,-0.06168420612812042,0.44511881470680237,0.3981797397136688,0.00040717358933761716,0.3760850131511688,0.30561745166778564,-0.017875224351882935,0.3323623239994049,0.24877262115478516,-0.0413646474480629,0.292762815952301,0.19481590390205383,-0.05921541526913643,0.491005003452301,0.371795117855072,-0.009450134821236134,0.43429094552993774,0.2767431437969208,-0.03217371180653572,0.39706411957740784,0.21680350601673126,-0.050136081874370575,0.3603702485561371,0.16218048334121704,-0.06273484230041504,0.5467022061347961,0.3622142970561981,-0.023591531440615654,0.5111352801322937,0.2786860466003418,-0.043260570615530014,0.4846089780330658,0.225429967045784,-0.05218948796391487,0.45591530203819275,0.1755591332912445,-0.05859877169132233
0.6334277391433716,0.6577552556991577,3.534800043780706e-07,0.5427543520927429,0.6667548418045044,-0.0332193449139595,0.45158565044403076,0.6153649091720581,-0.044342171400785446,0.3833312392234802,0.5550515055656433,-0.05448975786566734,0.31890222430229187,0.5198994874954224,-0.06305016577243805,0.42468321323394775,0.4703298807144165,0.0025795830879360437,0.35032975673675537,0.40836551785469055,-0.01876598782837391,0.30467575788497925,0.37129008769989014,-0.040961217135190964,0.2662237584590912,0.3325621783733368,-0.058353520929813385,0.45730075240135193,0.4171898663043976,-0.001501763705164194,0.38728219270706177,0.3227540850639343,-0.019468136131763458,0.34165504574775696,0.2646496295928955,-0.04126100614666939,0.30228134989738464,0.21217507123947144,-0.057437747716903687,0.5023719668388367,0.3918392062187195,-0.013092763721942902,0.4445459544658661,0.29311931133270264,-0.03542783856391907,0.4064396917819977,0.23294250667095184,-0.05199636518955231,0.3700059652328491,0.1790512204170227,-0.0634639635682106,0.558032214641571,0.3830244839191437,-0.028730520978569984,0.524075448513031,0.29594656825065613,-0.0478106327354908,0.4986392557621002,0.2423572689294815,-0.05545591190457344,0.4714794158935547,0.1931241750717163,-0.06089629605412483
0.632576584815979,0.6554727554321289,4.591672677634051e-07,0.5395299196243286,0.6652591824531555,-0.035843417048454285,0.4502660930156708,0.6148456931114197,-0.048106804490089417,0.3827613890171051,0.5520555377006531,-0.059044431895017624,0.316968709230423,0.5143483877182007,-0.06821858137845993,0.4205448627471924,0.4706416726112366,0.004634968936443329,0.34550750255584717,0.4087471067905426,-0.016007307916879654,0.30068066716194153,0.37208613753318787,-0.038206785917282104,0.2625007629394531,0.3321794271469116,-0.05558961257338524,0.45464569330215454,0.41534149646759033,0.002424974925816059,0.3848937749862671,0.3192194700241089,-0.013684210367500782,0.340415894985199,0.2610666751861572,-0.03512780740857124,0.30262741446495056,0.20819547772407532,-0.05134310945868492,0.5005542039871216,0.3898437023162842,-0.007836604490876198,0.44254088401794434,0.2911311984062195,-0.02809356525540352,0.4051092565059662,0.23209621012210846,-0.044172078371047974,0.3701120615005493,0.17844292521476746,-0.0556938536465168,0.5567046403884888,0.3813924789428711,-0.022545309737324715,0.5218380093574524,0.29655659198760986,-0.040186721831560135,0.49585190415382385,0.24347200989723206,-0.04761212691664696,0.4686175584793091,0.19336453080177307,-0.053055837750434875
0.6464341878890991,0.6689856052398682,3.31202016923271e-07,0.5556535720825195,0.6769508123397827,-0.03256484866142273,0.46425798535346985,0.6250869631767273,-0.043330881744623184,0.3954004943370819,0.5623440742492676,-0.05294137820601463,0.3300538659095764,0.5220091938972473,-0.060748834162950516,0.4371584951877594,0.482749879360199,0.0003531879046931863,0.3603818714618683,0.4180690050125122,-0.02122574858367443,0.3135247826576233,0.381125807762146,-0.04307961091399193,0.2739037573337555,0.3436259627342224,-0.05994518846273422,0.4701670706272125,0.43037885427474976,-0.0033131781965494156,0.3989805579185486,0.3345396816730499,-0.020371820777654648,0.35321515798568726,0.2770686149597168,-0.04084078222513199,0.31416231393814087,0.22756004333496094,-0.056012727320194244,0.5149586796760559,0.4049568474292755,-0.014181054197251797,0.45719921588897705,0.3068256676197052,-0.03504098951816559,0.419828861951828,0.24858632683753967,-0.04952995106577873,0.38403481245040894,0.19757845997810364,-0.05966509133577347,0.5701543092727661,0.3962337076663971,-0.029060186818242073,0.5365265607833862,0.3105246126651764,-0.046939946711063385,0.5112653970718384,0.2579333186149597,-0.05297693610191345,0.4845643639564514,0.2100416123867035,-0.05709720775485039
0.6450287103652954,0.6693922281265259,4.0145769730770553e-07,0.5537407398223877,0.6774032115936279,-0.036800410598516464,0.4652468264102936,0.6249349117279053,-0.04962402954697609,0.39723142981529236,0.5601760745048523,-0.06056106835603714,0.3315611481666565,0.5212079882621765,-0.06983081251382828,0.4369092583656311,0.4814988374710083,-0.0008891738252714276,0.3610549569129944,0.4154937267303467,-0.023503217846155167,0.31387704610824585,0.3799491226673126,-0.04659794643521309,0.2724520266056061,0.34090015292167664,-0.06445437669754028,0.47138655185699463,0.42844974994659424,-0.002454245463013649,0.4018513858318329,0.33349844813346863,-0.020687220618128777,0.35656023025512695,0.2773805856704712,-0.0431816503405571,0.3164592683315277,0.2246524542570114,-0.06010933592915535,0.5167734622955322,0.40325525403022766,-0.01162817794829607,0.4595952332019806,0.30799993872642517,-0.03274009749293327,0.42175260186195374,0.250136137008667,-0.048333507031202316,0.38540133833885193,0.19709420204162598,-0.0594867505133152,0.5714604258537292,0.39445990324020386,-0.025283411145210266,0.5357848405838013,0.31215906143188477,-0.04315102472901344,0.5089715719223022,0.2600105404853821,-0.05009930208325386,0.48107218742370605,0.21032407879829407,-0.05507703125476837
0.6553982496261597,0.6737774610519409,3.2331269039787003e-07,0.5646724104881287,0.6812145113945007,-0.030757742002606392,0.47624820470809937,0.6316051483154297,-0.04034973308444023,0.4104423224925995,0.5671253800392151,-0.04914064705371857,0.34627795219421387,0.5297006964683533,-0.05682201683521271,0.44809386134147644,0.48855406045913696,0.0029241659212857485,0.37331175804138184,0.424560546875,-0.01807890087366104,0.3264349699020386,0.3871464729309082,-0.04051296412944794,0.2859906554222107,0.34938108921051025,-0.058264221996068954,0.4815656840801239,0.43595391511917114,-0.001478666439652443,0.4136596918106079,0.3404831290245056,-0.018799467012286186,0.3698199987411499,0.28384310007095337,-0.041269782930612564,0.3299470543861389,0.23360633850097656,-0.058456532657146454,0.5256178379058838,0.41091975569725037,-0.01287662424147129,0.4707596004009247,0.31539249420166016,-0.033929046243429184,0.4338496923446655,0.2570933699607849,-0.05040822923183441,0.3974494934082031,0.2052723467350006,-0.062444016337394714,0.5792703628540039,0.40260371565818787,-0.028089025989174843,0.5465021133422852,0.3197794258594513,-0.04624485224485397,0.5220557451248169,0.26704227924346924,-0.053654614835977554,0.49544036388397217,0.21734106540679932,-0.05923997238278389
0.6550084948539734,0.6726362705230713,3.950243865347147e-07,0.5645579695701599,0.6826462745666504,-0.035780876874923706,0.4780360758304596,0.6329180002212524,-0.047233570367097855,0.4138205647468567,0.5672674179077148,-0.056767698377370834,0.35049158334732056,0.525347888469696,-0.06467071920633316,0.4484425187110901,0.48730993270874023,0.0006017986452206969,0.37403762340545654,0.422841876745224,-0.02025982365012169,0.32651132345199585,0.3878404200077057,-0.042621735483407974,0.28451916575431824,0.35003477334976196,-0.060290563851594925,0.4820684790611267,0.43385642766952515,-0.0010998643701896071,0.41320937871932983,0.3407365083694458,-0.01754097081720829,0.3686004877090454,0.2847774028778076,-0.03953199461102486,0.32913780212402344,0.23265571892261505,-0.05654580518603325,0.5264946818351746,0.409274160861969,-0.010341105051338673,0.4716964066028595,0.31678298115730286,-0.030138647183775902,0.4353160262107849,0.2590615749359131,-0.04603787511587143,0.4001854360103607,0.20596182346343994,-0.05788314715027809,0.5802696347236633,0.40119075775146484,-0.024009985849261284,0.545758068561554,0.3215227723121643,-0.041391029953956604,0.5207077264785767,0.2701835036277771,-0.04869522154331207,0.49430277943611145,0.22019007802009583,-0.05422258749604225
0.6607837080955505,0.6762747168540955,3.765396172639157e-07,0.5716729164123535,0.6847007274627686,-0.03485474735498428,0.4867611825466156,0.6355746388435364,-0.04664326831698418,0.42257702350616455,0.5713708996772766,-0.05668383836746216,0.3586098551750183,0.5307225584983826,-0.06508761644363403,0.4560284912586212,0.49001458287239075,6.610106356674805e-05,0.38119709491729736,0.4259454607963562,-0.02102823369204998,0.33364930748939514,0.3901018500328064,-0.04345600679516792,0.29183048009872437,0.3521849811077118,-0.0611608512699604,0.4890407919883728,0.4377826750278473,-0.0021879251580685377,0.421074777841568,0.34405019879341125,-0.019102171063423157,0.3769720196723938,0.28724467754364014,-0.041376590728759766,0.3368149995803833,0.23486663401126862,-0.0585918128490448,0.5328910946846008,0.4137430191040039,-0.011729877442121506,0.4787215292453766,0.32255950570106506,-0.0319511741399765,0.4422926902770996,0.26469582319259644,-0.04822655767202377,0.4061594009399414,0.2118234634399414,-0.060338106006383896,0.5860198140144348,0.4061375558376312,-0.025512998923659325,0.5529728531837463,0.32621294260025024,-0.042839933186769485,0.5292673110961914,0.2750914692878723,-0.05000269040465355,0.5035777688026428,0.2260134518146515,-0.05549831688404083
0.6614707708358765,0.6751067042350769,3.994009887264838e-07,0.5708917379379272,0.684790849685669,-0.038234416395425797,0.4868582785129547,0.6360191106796265,-0.051314614713191986,0.42273014783859253,0.570527970790863,-0.0619271844625473,0.35791581869125366,0.529958188533783,-0.07083690911531448,0.45782047510147095,0.48928162455558777,-0.0022537033073604107,0.38275378942489624,0.42556583881378174,-0.02419472113251686,0.33477914333343506,0.3914908468723297,-0.04754289239645004,0.29138875007629395,0.3535337448120117,-0.06594780832529068,0.49114903807640076,0.43609368801116943,-0.0028290660120546818,0.42193642258644104,0.34380021691322327,-0.019855832681059837,0.3776499629020691,0.2872866988182068,-0.042268071323633194,0.3376377820968628,0.2333778291940689,-0.0598207451403141,0.5352411866188049,0.4127027988433838,-0.01109366025775671,0.4804704785346985,0.32304632663726807,-0.031224990263581276,0.4444849193096161,0.2652878165245056,-0.04731752723455429,0.40974798798561096,0.21121054887771606,-0.05942888185381889,0.5884978771209717,0.405422568321228,-0.024006713181734085,0.5528358221054077,0.3280741572380066,-0.04130101948976517,0.5282523036003113,0.2784506380558014,-0.048543781042099,0.5025567412376404,0.22955524921417236,-0.05419497564435005
0.6609736680984497,0.6713275909423828,4.107137954179052e-07,0.5708061456680298,0.6792067289352417,-0.039385389536619186,0.4883875548839569,0.6333822011947632,-0.05300581827759743,0.4254305064678192,0.5701850652694702,-0.06412665545940399,0.36199522018432617,0.5279438495635986,-0.07357489317655563,0.45853444933891296,0.4885631203651428,-0.001129159820266068,0.384626179933548,0.4261636734008789,-0.023123109713196754,0.338605672121048,0.3915243148803711,-0.047081075608730316,0.29738134145736694,0.351938933134079,-0.06625570356845856,0.4922206401824951,0.4366928040981293,-0.0014194987015798688,0.4239563047885895,0.3451765775680542,-0.019563725218176842,0.3811972141265869,0.28877419233322144,-0.04399938881397247,0.34183168411254883,0.23325692117214203,-0.06324785947799683,0.535923957824707,0.41464605927467346,-0.009656239300966263,0.48267877101898193,0.3261510133743286,-0.03180600330233574,0.44783204793930054,0.2685049772262573,-0.050265830010175705,0.4138949513435364,0.21357843279838562,-0.06395874917507172,0.5892320275306702,0.4075969159603119,-0.022479936480522156,0.5547650456428528,0.33112645149230957,-0.041672542691230774,0.5313594341278076,0.2819194197654724,-0.050824638456106186,0.5062959790229797,0.23205319046974182,-0.058046355843544006
0.6598764657974243,0.6702063083648682,4.272825151474535e-07,0.5707004070281982,0.6801252365112305,-0.03913988545536995,0.48879095911979675,0.6342213153839111,-0.05263107642531395,0.426252543926239,0.5695934891700745,-0.06339076906442642,0.36308127641677856,0.5277016758918762,-0.07253312319517136,0.458713173866272,0.48893943428993225,-0.003005059901624918,0.3846891522407532,0.4257272183895111,-0.024735622107982635,0.3383549451828003,0.39117729663848877,-0.04814279079437256,0.29665783047676086,0.3524715304374695,-0.06672865897417068,0.49226468801498413,0.43645307421684265,-0.003125069197267294,0.42392057180404663,0.34373193979263306,-0.02036716416478157,0.3804433345794678,0.2872076630592346,-0.04368704557418823,0.34116238355636597,0.23336097598075867,-0.06205680966377258,0.5360180139541626,0.4142230749130249,-0.010949158109724522,0.48260554671287537,0.3248719274997711,-0.03192126750946045,0.4474291205406189,0.2678070664405823,-0.04943877086043358,0.41365423798561096,0.2141481637954712,-0.06258915364742279,0.5891326665878296,0.4074201285839081,-0.023317936807870865,0.5550175905227661,0.3309553861618042,-0.04173240065574646,0.5319110155105591,0.2819422483444214,-0.05017077177762985,0.5074265003204346,0.23271554708480835,-0.05678125470876694
0.6580877900123596,0.6658151149749756,4.217847617837833e-07,0.5698387622833252,0.6733999252319336,-0.03951098769903183,0.48805537819862366,0.6282474994659424,-0.053791265934705734,0.42573297023773193,0.5656445622444153,-0.0654519721865654,0.3631236255168915,0.5224655866622925,-0.07552887499332428,0.4589821696281433,0.48512959480285645,-0.0035629288759082556,0.3859720230102539,0.4234340488910675,-0.0262789037078619,0.34041279554367065,0.3892161250114441,-0.05031292885541916,0.2994409501552582,0.3501841425895691,-0.06924878805875778,0.49174848198890686,0.4333520829677582,-0.0035750195384025574,0.42487192153930664,0.3423219323158264,-0.02189730666577816,0.3824898898601532,0.28646519780158997,-0.04553128778934479,0.34379878640174866,0.23273077607154846,-0.06399928778409958,0.534473717212677,0.41066598892211914,-0.011415843851864338,0.48246896266937256,0.32247307896614075,-0.03312055766582489,0.4483979344367981,0.2661232352256775,-0.05066106095910072,0.4147151708602905,0.21316570043563843,-0.06361570209264755,0.5860830545425415,0.4032745361328125,-0.023855196312069893,0.5521374344825745,0.32731881737709045,-0.04248761758208275,0.52923983335495,0.27879947423934937,-0.05101747438311577,0.5046929121017456,0.23065415024757385,-0.05766068026423454
0.6580032110214233,0.6649091839790344,4.275251797025703e-07,0.5698983073234558,0.6733369827270508,-0.03921717777848244,0.4888927936553955,0.6280685663223267,-0.053258392959833145,0.4266093969345093,0.5652886033058167,-0.0647047758102417,0.36394092440605164,0.5223054885864258,-0.07457926869392395,0.4587709903717041,0.4857845604419708,-0.0029366938397288322,0.3859303593635559,0.42388245463371277,-0.025097310543060303,0.3403220772743225,0.3897019922733307,-0.04890992119908333,0.29883232712745667,0.3509994447231293,-0.06777084618806839,0.49151748418807983,0.43384477496147156,-0.0029322607442736626,0.42479461431503296,0.3428385257720947,-0.020665816962718964,0.38214510679244995,0.28662508726119995,-0.04411974921822548,0.3431650400161743,0.23303267359733582,-0.062492676079273224,0.5343896746635437,0.4111296832561493,-0.010688450187444687,0.48228397965431213,0.3229725956916809,-0.031821731477975845,0.44823968410491943,0.2663536071777344,-0.04920577630400658,0.41467350721359253,0.21322691440582275,-0.06209641322493553,0.5861021876335144,0.40368837118148804,-0.023021327331662178,0.5519974827766418,0.3274768590927124,-0.04131421446800232,0.5292196273803711,0.27884232997894287,-0.04967580735683441,0.5048978328704834,0.2305615246295929,-0.05618879199028015
0.6533220410346985,0.6565559506416321,4.6671470954606775e-07,0.5651664137840271,0.6635331511497498,-0.04016999900341034,0.4845893979072571,0.6189184784889221,-0.053978633135557175,0.42272108793258667,0.557089626789093,-0.06492312997579575,0.3616742491722107,0.5126090049743652,-0.07380317151546478,0.4545878767967224,0.47908779978752136,-0.0008915730868466198,0.3820963203907013,0.41740304231643677,-0.021605748683214188,0.33768588304519653,0.3829680383205414,-0.044549133628606796,0.297970175743103,0.343413770198822,-0.06258224695920944,0.48773714900016785,0.42740222811698914,0.000737448048312217,0.421091765165329,0.3362254500389099,-0.014757990837097168,0.3795730769634247,0.28053364157676697,-0.036434900015592575,0.3423318862915039,0.22811779379844666,-0.05356882885098457,0.5301542282104492,0.4050445556640625,-0.005725315306335688,0.4780504107475281,0.31704622507095337,-0.024404684081673622,0.44429224729537964,0.26213937997817993,-0.04031779244542122,0.41230180859565735,0.21144533157348633,-0.05228385329246521,0.5813288688659668,0.3967732787132263,-0.017059696838259697,0.5471400618553162,0.3215118944644928,-0.03298463672399521,0.5239166021347046,0.2743138074874878,-0.04024585708975792,0.4999282956123352,0.22720807790756226,-0.04606718197464943
0.6537567973136902,0.6570265293121338,4.2624517959666264e-07,0.5648175477981567,0.6644681692123413,-0.0403660386800766,0.4848989248275757,0.6207114458084106,-0.054267361760139465,0.4233972132205963,0.5577967762947083,-0.0652017667889595,0.36185216903686523,0.5128635764122009,-0.0743509978055954,0.4551829993724823,0.47891825437545776,-0.0026152583304792643,0.3831511437892914,0.41763025522232056,-0.0239966232329607,0.3381975591182709,0.38370898365974426,-0.04750863090157509,0.29765546321868896,0.3452504277229309,-0.06621839851140976,0.48838987946510315,0.42787349224090576,-0.0016231919871643186,0.4225161671638489,0.338270902633667,-0.0185448806732893,0.3806050419807434,0.2832893133163452,-0.04179348424077034,0.3422403335571289,0.230900838971138,-0.06026390567421913,0.5310149788856506,0.4056996703147888,-0.008634558878839016,0.4798620045185089,0.31810036301612854,-0.029359741136431694,0.4454187750816345,0.2622460424900055,-0.04732762277126312,0.4118291735649109,0.2103068232536316,-0.060777805745601654,0.582335889339447,0.39801663160324097,-0.02035190537571907,0.5487163066864014,0.32165175676345825,-0.038678523153066635,0.5258272290229797,0.27356159687042236,-0.047867607325315475,0.5014826059341431,0.2257225066423416,-0.05511319637298584
0.6494245529174805,0.6484208703041077,4.399279021072289e-07,0.5615636706352234,0.6563725471496582,-0.03947806358337402,0.4798048734664917,0.6112130284309387,-0.05321437120437622,0.41795614361763,0.5485851764678955,-0.06421596556901932,0.3566608428955078,0.5056626796722412,-0.07334224879741669,0.45262542366981506,0.47289547324180603,-0.0026576512027531862,0.3805410861968994,0.41282400488853455,-0.024759555235505104,0.3358704745769501,0.37945857644081116,-0.04815464839339256,0.29558777809143066,0.3414536118507385,-0.066379114985466,0.48515838384628296,0.4215891361236572,-0.0016291211359202862,0.4193318784236908,0.3314467668533325,-0.01876484975218773,0.3778034448623657,0.2767338454723358,-0.04103678837418556,0.3399948477745056,0.22488650679588318,-0.05833378806710243,0.5272197127342224,0.3994446098804474,-0.00849244650453329,0.4751853346824646,0.3116644024848938,-0.028817886486649513,0.44128262996673584,0.2565169334411621,-0.04532156512141228,0.4086211919784546,0.20560389757156372,-0.05733352154493332,0.5780395865440369,0.39172786474227905,-0.020035291090607643,0.5438175797462463,0.31698763370513916,-0.037392016500234604,0.5197986364364624,0.269802987575531,-0.04532921314239502,0.49464380741119385,0.2231919914484024,-0.05137098580598831
0.6487553715705872,0.6488478183746338,4.340184887041687e-07,0.5604527592658997,0.6560542583465576,-0.03927889093756676,0.47970375418663025,0.6120673418045044,-0.052614495158195496,0.4180019199848175,0.549576997756958,-0.063280388712883,0.35690838098526,0.5044615864753723,-0.07215511798858643,0.4517240524291992,0.4728286564350128,-0.0008003843831829727,0.3801918029785156,0.4124365448951721,-0.02192637324333191,0.3357968330383301,0.37895265221595764,-0.04506135731935501,0.29548919200897217,0.34088510274887085,-0.0633871778845787,0.4843749403953552,0.42196276783943176,2.3347762180492282e-05,0.41883888840675354,0.3329945504665375,-0.01647108420729637,0.3770979940891266,0.2781391143798828,-0.03921598941087723,0.33899325132369995,0.22602234780788422,-0.05706840753555298,0.5267117023468018,0.40008896589279175,-0.00710682338103652,0.4756152033805847,0.3127301335334778,-0.0273603405803442,0.44120320677757263,0.25684142112731934,-0.04480782523751259,0.40754228830337524,0.2047537863254547,-0.057663559913635254,0.5779258608818054,0.3925061821937561,-0.018862618133425713,0.5448201894760132,0.31698888540267944,-0.03657720610499382,0.5216741561889648,0.2692669630050659,-0.045147452503442764,0.4968947470188141,0.22208654880523682,-0.05177443102002144
0.6441909670829773,0.6412758827209473,4.81264407881099e-07,0.5559636354446411,0.649278998374939,-0.04098238795995712,0.4748280346393585,0.6044114232063293,-0.054919369518756866,0.41343435645103455,0.542102038860321,-0.06593021750450134,0.35246968269348145,0.49675020575523376,-0.07462352514266968,0.44543665647506714,0.46458134055137634,0.0007193305646069348,0.3736114501953125,0.4057987332344055,-0.01975519023835659,0.3288388252258301,0.3727094233036041,-0.04267396777868271,0.2887214720249176,0.33574992418289185,-0.060524243861436844,0.47843772172927856,0.4134417772293091,0.0029897422064095736,0.4135318100452423,0.3243461847305298,-0.011491160839796066,0.37181907892227173,0.270722895860672,-0.032068558037281036,0.3343167006969452,0.22146719694137573,-0.0481250174343586,0.5206841230392456,0.3915748596191406,-0.003218772355467081,0.46882331371307373,0.30240195989608765,-0.021013863384723663,0.4352937936782837,0.2484022080898285,-0.03573949635028839,0.40312260389328003,0.19895333051681519,-0.046701736748218536,0.571902334690094,0.3838939368724823,-0.014500925317406654,0.5385786294937134,0.30733364820480347,-0.029897399246692657,0.5150827765464783,0.2598706781864166,-0.036559656262397766,0.49041444063186646,0.21306702494621277,-0.04168792814016342
0.6431694626808167,0.6392470598220825,4.961577246831439e-07,0.5534214973449707,0.6463595628738403,-0.044121868908405304,0.47423863410949707,0.6038640141487122,-0.05883064866065979,0.41372451186180115,0.5422244071960449,-0.07025611400604248,0.3520006537437439,0.4945927858352661,-0.07965167611837387,0.44382166862487793,0.46575549244880676,0.0011322820791974664,0.3717259466648102,0.4059934914112091,-0.01780899241566658,0.3278498649597168,0.37198176980018616,-0.04035931080579758,0.2886396646499634,0.3342454135417938,-0.058460552245378494,0.4777979552745819,0.41443175077438354,0.004471378866583109,0.41180458664894104,0.3260035514831543,-0.00868099182844162,0.36976075172424316,0.2713666558265686,-0.03061598911881447,0.33283868432044983,0.22112198173999786,-0.04845494031906128,0.5205361247062683,0.39210253953933716,-0.001200029393658042,0.46946150064468384,0.30384743213653564,-0.018757589161396027,0.43507853150367737,0.2484823763370514,-0.03692575544118881,0.4013739824295044,0.19696378707885742,-0.051058683544397354,0.572105884552002,0.3827202022075653,-0.012172344140708447,0.5399295091629028,0.305897057056427,-0.02869080752134323,0.5165188312530518,0.2584652304649353,-0.0385039858520031,0.4907286465167999,0.21113216876983643,-0.046627480536699295
0.6366060972213745,0.6295081377029419,5.03594321799028e-07,0.547768235206604,0.6367512345314026,-0.041442517191171646,0.46909892559051514,0.5937015414237976,-0.055539119988679886,0.4079044759273529,0.5336963534355164,-0.06682008504867554,0.34687095880508423,0.4886050224304199,-0.07582826912403107,0.4379686117172241,0.4593774080276489,0.0027458956465125084,0.3667435646057129,0.39983370900154114,-0.01742299646139145,0.3226989507675171,0.3661130964756012,-0.04068523272871971,0.282759428024292,0.3286459445953369,-0.058842092752456665,0.47104448080062866,0.40827083587646484,0.00572808925062418,0.4057614803314209,0.31914180517196655,-0.007404346950352192,0.3650227189064026,0.26471346616744995,-0.027547234669327736,0.32814672589302063,0.2152366191148758,-0.04373547434806824,0.5137181878089905,0.38560640811920166,-0.00011218692088732496,0.46249860525131226,0.2973288893699646,-0.016474397853016853,0.42938733100891113,0.242659792304039,-0.031118817627429962,0.39791184663772583,0.19277316331863403,-0.042437050491571426,0.5658558011054993,0.37636587023735046,-0.01121306698769331,0.533225953578949,0.2995532155036926,-0.02529255859553814,0.5099596381187439,0.2525593340396881,-0.03188706561923027,0.48539429903030396,0.2061770111322403,-0.03741596266627312
0.6356643438339233,0.6294728517532349,4.4379132191352255e-07,0.547523558139801,0.6367411017417908,-0.03852926939725876,0.4678330421447754,0.5941779613494873,-0.0520477294921875,0.406575471162796,0.533575177192688,-0.06297358125448227,0.3458288311958313,0.4886280298233032,-0.07196252793073654,0.4373512864112854,0.4580772817134857,-0.0006458195857703686,0.36667919158935547,0.39868080615997314,-0.022266380488872528,0.32332849502563477,0.365043044090271,-0.045556530356407166,0.28411608934402466,0.3276907503604889,-0.06360404938459396,0.47054505348205566,0.40720078349113464,9.640636562835425e-05,0.40533143281936646,0.3193877339363098,-0.015830185264348984,0.3639169931411743,0.26563960313796997,-0.03725234419107437,0.3263818919658661,0.2160024791955948,-0.05400107428431511,0.5138040781021118,0.3847838044166565,-0.007191601675003767,0.46237435936927795,0.29715925455093384,-0.02670128270983696,0.4278939366340637,0.24222375452518463,-0.04284002259373665,0.39456963539123535,0.19199931621551514,-0.05468939244747162,0.5658348798751831,0.3769010901451111,-0.019091947004199028,0.5335120558738708,0.3010067343711853,-0.03609522059559822,0.510409414768219,0.25364065170288086,-0.043908439576625824,0.4855649769306183,0.20761233568191528,-0.04984854906797409
0.6318249702453613,0.6195105314254761,5.492594823408581e-07,0.5411731004714966,0.6298372745513916,-0.04734558239579201,0.46195608377456665,0.5866289138793945,-0.06292790174484253,0.40161168575286865,0.5264713168144226,-0.07478214800357819,0.33872589468955994,0.4803200960159302,-0.08458114415407181,0.43249958753585815,0.4519559442996979,0.0015030093491077423,0.3603116273880005,0.3933408856391907,-0.015552431344985962,0.3156912922859192,0.3612549901008606,-0.036857474595308304,0.27536433935165405,0.3266831636428833,-0.05412094295024872,0.4667116105556488,0.4020621180534363,0.006861372850835323,0.3998450040817261,0.31417757272720337,-0.0031453499104827642,0.35802653431892395,0.25952816009521484,-0.02279091067612171,0.3210342526435852,0.2107180953025818,-0.03926561400294304,0.5096123218536377,0.37997040152549744,0.002465088153257966,0.45719435811042786,0.2923542857170105,-0.01270411815494299,0.4231880009174347,0.2374405711889267,-0.030634796246886253,0.3890202045440674,0.1861536204814911,-0.04503573104739189,0.5604932308197021,0.3685131072998047,-0.007689426187425852,0.5272440314292908,0.29276448488235474,-0.023033438250422478,0.5035017132759094,0.24646346271038055,-0.03351418301463127,0.4771255850791931,0.19899216294288635,-0.04254947602748871
0.6309680938720703,0.6190101504325867,4.897958092442423e-07,0.5409611463546753,0.6297714710235596,-0.04356265813112259,0.4615548551082611,0.5885857343673706,-0.05774147808551788,0.40053656697273254,0.5275912880897522,-0.06845654547214508,0.33946657180786133,0.479831725358963,-0.07715033739805222,0.43169572949409485,0.4527500569820404,0.0003094113490078598,0.36021727323532104,0.3938441574573517,-0.018137425184249878,0.3164123296737671,0.3605009615421295,-0.03998952731490135,0.2773106098175049,0.3239414393901825,-0.057490024715662,0.46554121375083923,0.401242196559906,0.0039054336957633495,0.39965254068374634,0.3146280348300934,-0.008084111846983433,0.35780707001686096,0.2609468996524811,-0.028354184702038765,0.32113245129585266,0.21289490163326263,-0.04504372924566269,0.5086283683776855,0.3784887492656708,-0.0014151041395962238,0.4567018747329712,0.2900150716304779,-0.018220318481326103,0.4215455651283264,0.23538349568843842,-0.035641323775053024,0.38693028688430786,0.18515866994857788,-0.0493316575884819,0.5600191950798035,0.368594765663147,-0.011932333931326866,0.5282097458839417,0.29250189661979675,-0.028525907546281815,0.5046205520629883,0.24588432908058167,-0.038411784917116165,0.4784833788871765,0.19967302680015564,-0.046477049589157104
0.6275296807289124,0.6163777709007263,4.948014975525439e-07,0.5382703542709351,0.6258324980735779,-0.04165266454219818,0.4593072235584259,0.5839689373970032,-0.055543478578329086,0.39822763204574585,0.5232563018798828,-0.06633661687374115,0.33693966269493103,0.4768385887145996,-0.07508160173892975,0.42875155806541443,0.4494333267211914,0.0010645071743056178,0.3569790720939636,0.3913065195083618,-0.017486095428466797,0.3123009204864502,0.35848763585090637,-0.03883669525384903,0.2725347876548767,0.32305777072906494,-0.055775366723537445,0.4618992507457733,0.3977678418159485,0.0038974108174443245,0.3958640694618225,0.31042706966400146,-0.007946317084133625,0.3542148172855377,0.25699830055236816,-0.026972854509949684,0.31797710061073303,0.20960058271884918,-0.04236642271280289,0.504895031452179,0.374996542930603,-0.001982887275516987,0.4526950716972351,0.2868468761444092,-0.01836356893181801,0.4178456664085388,0.23207418620586395,-0.034257672727108,0.3841838240623474,0.18186995387077332,-0.04669037088751793,0.5562714338302612,0.36575639247894287,-0.012922125868499279,0.5247188210487366,0.2909775376319885,-0.028877118602395058,0.5016705989837646,0.24400387704372406,-0.03748667985200882,0.4766849875450134,0.1975306272506714,-0.04436582699418068
0.6266555786132812,0.614828884601593,5.136203640176973e-07,0.5367799401283264,0.6249080300331116,-0.04414261132478714,0.4586963355541229,0.584662139415741,-0.05852510780096054,0.3985710144042969,0.5242580771446228,-0.06956431269645691,0.33729419112205505,0.4749657213687897,-0.07852986454963684,0.4287404716014862,0.44910407066345215,0.0032295819837599993,0.35744157433509827,0.39115795493125916,-0.013372468762099743,0.31288766860961914,0.3576872944831848,-0.03396916389465332,0.27388036251068115,0.3221428096294403,-0.05050953850150108,0.46211060881614685,0.39830100536346436,0.00748464185744524,0.39613431692123413,0.31129246950149536,-0.0017040919046849012,0.3544006943702698,0.25709089636802673,-0.020026497542858124,0.31849151849746704,0.2090085744857788,-0.035443395376205444,0.5046239495277405,0.37534210085868835,0.0024223157670348883,0.4524134397506714,0.28797245025634766,-0.011680299416184425,0.4174193739891052,0.23343156278133392,-0.027814237400889397,0.3832245469093323,0.18334388732910156,-0.041023388504981995,0.5551241040229797,0.3647938370704651,-0.00813413504511118,0.5233440399169922,0.2893812656402588,-0.02248440496623516,0.5005068182945251,0.24294717609882355,-0.031454287469387054,0.4756461977958679,0.1968468725681305,-0.03917933627963066
0.6270540356636047,0.6191617250442505,4.447144590358221e-07,0.5387061238288879,0.6278001070022583,-0.038362808525562286,0.4583768844604492,0.5846024751663208,-0.0513363778591156,0.396736741065979,0.5227173566818237,-0.061717644333839417,0.33622485399246216,0.4751751124858856,-0.07013122737407684,0.42917072772979736,0.450196236371994,0.0015272573800757527,0.3588431179523468,0.39137428998947144,-0.018023749813437462,0.3148258924484253,0.3588796854019165,-0.03989414498209953,0.27508270740509033,0.32327088713645935,-0.057149045169353485,0.46157100796699524,0.398244708776474,0.0026831519789993763,0.3965417444705963,0.3111220598220825,-0.010676671750843525,0.3551238477230072,0.2580583691596985,-0.03030642494559288,0.3181561827659607,0.2103896141052246,-0.04596182703971863,0.5042793154716492,0.3750171661376953,-0.004293092526495457,0.45169317722320557,0.2868720293045044,-0.021517183631658554,0.41612762212753296,0.23220546543598175,-0.03657737374305725,0.3816967308521271,0.1826314926147461,-0.048161618411540985,0.5558150410652161,0.36634933948516846,-0.015963390469551086,0.5233325958251953,0.2905629873275757,-0.031634051352739334,0.49959367513656616,0.24319860339164734,-0.03898318111896515,0.47409364581108093,0.19783642888069153,-0.044791366904973984
0.6273069977760315,0.6205613613128662,4.364807466572529e-07,0.5386468172073364,0.6294445991516113,-0.038614582270383835,0.45868048071861267,0.5859197378158569,-0.051110632717609406,0.3969665467739105,0.5238152742385864,-0.06097358837723732,0.3361634314060211,0.47578826546669006,-0.06880486011505127,0.42954209446907043,0.4501938819885254,0.0024457259569317102,0.3585923910140991,0.3912540078163147,-0.016954030841588974,0.3145928382873535,0.3586549758911133,-0.03892674669623375,0.27495938539505005,0.3224438428878784,-0.05627632513642311,0.46219632029533386,0.3984353840351105,0.0038650420028716326,0.39657503366470337,0.31079497933387756,-0.009499340318143368,0.3550635278224945,0.2574008107185364,-0.029370872303843498,0.31826716661453247,0.2094745934009552,-0.04523228853940964,0.5050401091575623,0.37549713253974915,-0.0030080173164606094,0.45216062664985657,0.2875571548938751,-0.020349035039544106,0.41640591621398926,0.23263351619243622,-0.03580659255385399,0.3820779621601105,0.1825399398803711,-0.04763371869921684,0.5567486882209778,0.366475909948349,-0.014631036669015884,0.5237020254135132,0.29022032022476196,-0.03029949963092804,0.49989938735961914,0.24304068088531494,-0.037899766117334366,0.47441351413726807,0.19752947986125946,-0.04394741356372833
0.6273506879806519,0.6243606209754944,4.873474495070695e-07,0.5377700328826904,0.6323426365852356,-0.0425131656229496,0.45862698554992676,0.5900290012359619,-0.056858696043491364,0.39788177609443665,0.5279057621955872,-0.06797820329666138,0.33753031492233276,0.4771464169025421,-0.07678709179162979,0.4302484393119812,0.4524635970592499,0.0006177499308250844,0.3603239059448242,0.39191412925720215,-0.018391050398349762,0.3167366087436676,0.35686489939689636,-0.04008549079298973,0.27872395515441895,0.31901633739471436,-0.05723307281732559,0.46342915296554565,0.4014270305633545,0.003671389538794756,0.399240642786026,0.3118048310279846,-0.008080567233264446,0.35847049951553345,0.2568036913871765,-0.026615342125296593,0.32273322343826294,0.2078428715467453,-0.04175372049212456,0.5063653588294983,0.3792012631893158,-0.0021683720406144857,0.4548022747039795,0.2888501286506653,-0.018344910815358162,0.4196693003177643,0.23327353596687317,-0.03318824619054794,0.38524362444877625,0.18268585205078125,-0.0449184775352478,0.5582913160324097,0.3706035614013672,-0.013275939971208572,0.5274896025657654,0.2929285168647766,-0.02904590219259262,0.5044548511505127,0.24531710147857666,-0.03701861947774887,0.4792852997779846,0.19922497868537903,-0.0434131920337677
0.6261547207832336,0.623630940914154,4.807895948033547e-07,0.5363860726356506,0.6323584914207458,-0.04318626597523689,0.4574255049228668,0.5893205404281616,-0.05754842609167099,0.3974979817867279,0.5269126892089844,-0.06850533932447433,0.33722007274627686,0.4771634638309479,-0.07725956290960312,0.4299130439758301,0.45188793540000916,-0.0007311650551855564,0.3601977825164795,0.3919530212879181,-0.019661083817481995,0.316811740398407,0.3578035235404968,-0.04108474776148796,0.2789674401283264,0.32073497772216797,-0.0579875111579895,0.4632173180580139,0.40107691287994385,0.0025812783278524876,0.3982023596763611,0.3116406202316284,-0.009276878088712692,0.35682833194732666,0.2574256658554077,-0.02786185033619404,0.3206698000431061,0.2088853120803833,-0.04302302747964859,0.5062612891197205,0.37895113229751587,-0.0030436080414801836,0.454778254032135,0.28771543502807617,-0.019647151231765747,0.41979527473449707,0.23250631988048553,-0.03548763319849968,0.38558727502822876,0.18190249800682068,-0.04785752668976784,0.5578508973121643,0.3701128363609314,-0.013912849128246307,0.5271753668785095,0.29201826453208923,-0.030353842303156853,0.5037835240364075,0.24417896568775177,-0.03944134712219238,0.4781911075115204,0.1972881406545639,-0.046669963747262955
0.6258783936500549,0.6400517225265503,4.2717906012512685e-07,0.5373319983482361,0.6421391367912292,-0.03478017821907997,0.4568980634212494,0.5955296158790588,-0.04801145941019058,0.39739981293678284,0.531387209892273,-0.05923929065465927,0.3375740051269531,0.4835723638534546,-0.06880662590265274,0.43258601427078247,0.4581558108329773,-0.002392448950558901,0.36443015933036804,0.3927263915538788,-0.024235939607024193,0.3220047354698181,0.3551866114139557,-0.04714104160666466,0.2845151722431183,0.3159027099609375,-0.06509219855070114,0.4669753611087799,0.40964382886886597,-0.004629467613995075,0.4061042368412018,0.31710106134414673,-0.021899819374084473,0.3665860593318939,0.26049816608428955,-0.04452545568346977,0.3300383985042572,0.20857638120651245,-0.06222647801041603,0.5104614496231079,0.38960230350494385,-0.01400736439973116,0.46251699328422546,0.29614612460136414,-0.03510616719722748,0.4299356937408447,0.23735590279102325,-0.052056677639484406,0.3972225785255432,0.18496206402778625,-0.06461606174707413,0.5623637437820435,0.3855251967906952,-0.027357764542102814,0.5344732403755188,0.3050040602684021,-0.046151548624038696,0.513227641582489,0.25357556343078613,-0.05444790795445442,0.4895453155040741,0.20519690215587616,-0.06069391965866089
0.6247463226318359,0.6427860856056213,4.240031046265358e-07,0.5362893342971802,0.6444808840751648,-0.03719070553779602,0.4573383629322052,0.5973504185676575,-0.05107453092932701,0.3984760046005249,0.5327624082565308,-0.06256914138793945,0.33913174271583557,0.4845835268497467,-0.07239232957363129,0.43264833092689514,0.4582473337650299,-0.0021306630223989487,0.36570143699645996,0.39367517828941345,-0.023984180763363838,0.32391786575317383,0.35806673765182495,-0.04754769429564476,0.28581276535987854,0.31953370571136475,-0.06607943773269653,0.467155396938324,0.4091930091381073,-0.0029051564633846283,0.40694454312324524,0.3175390064716339,-0.01993708685040474,0.36798661947250366,0.26234936714172363,-0.04282132536172867,0.3317760229110718,0.21117353439331055,-0.06082097068428993,0.5103959441184998,0.38907667994499207,-0.011266516521573067,0.46269690990448,0.2961840033531189,-0.03204304352402687,0.4296616017818451,0.23797227442264557,-0.04968426004052162,0.39650338888168335,0.18500930070877075,-0.06279591470956802,0.5619058012962341,0.38486045598983765,-0.02390851080417633,0.5333498120307922,0.30514460802078247,-0.042653195559978485,0.5113455653190613,0.25438806414604187,-0.051778655499219894,0.48715224862098694,0.20589685440063477,-0.05868585407733917
0.6176903247833252,0.664827287197113,4.4856000158688403e-07,0.5307168364524841,0.6601895093917847,-0.0374598391354084,0.45447981357574463,0.6097540259361267,-0.05334371700882912,0.39751574397087097,0.5440341234207153,-0.06680840998888016,0.33960020542144775,0.4905555546283722,-0.07883771508932114,0.4361899197101593,0.4690602719783783,-0.008213523775339127,0.3727344274520874,0.39591309428215027,-0.032604433596134186,0.33196476101875305,0.35418570041656494,-0.05720765143632889,0.29607751965522766,0.310997873544693,-0.07631419599056244,0.4733790457248688,0.42287692427635193,-0.010003986768424511,0.41796255111694336,0.3238053321838379,-0.029836853966116905,0.3800313174724579,0.2640763521194458,-0.05413242429494858,0.3441306948661804,0.20926542580127716,-0.07317483425140381,0.5169903635978699,0.4057888984680176,-0.01889755204319954,0.4748583734035492,0.3080085217952728,-0.04197079315781593,0.44513338804244995,0.2479652464389801,-0.05941012501716614,0.414465993642807,0.19484341144561768,-0.07233676314353943,0.5676207542419434,0.4059655964374542,-0.03190305083990097,0.544593334197998,0.32345855236053467,-0.052389610558748245,0.5260125994682312,0.2702372670173645,-0.06131759285926819,0.5045893788337708,0.2204732894897461,-0.06798167526721954
0.6172281503677368,0.6661170721054077,4.1800072381192876e-07,0.5305538177490234,0.6635183095932007,-0.037124816328287125,0.45361706614494324,0.611298680305481,-0.051718056201934814,0.39718061685562134,0.5431991219520569,-0.06392093747854233,0.33990567922592163,0.49109283089637756,-0.07461501657962799,0.43639153242111206,0.46960633993148804,-0.005736044608056545,0.3724457323551178,0.3994159996509552,-0.029077455401420593,0.3319581151008606,0.3603501319885254,-0.05309232696890831,0.2955911159515381,0.3189535439014435,-0.07162263244390488,0.4726284444332123,0.4226801097393036,-0.0069147502072155476,0.41713064908981323,0.3249931037425995,-0.025638842955231667,0.3792840242385864,0.26642659306526184,-0.048965469002723694,0.34475353360176086,0.21227890253067017,-0.06689118593931198,0.5159470438957214,0.4049566388130188,-0.015330523252487183,0.47313785552978516,0.30801892280578613,-0.03692181408405304,0.4429437816143036,0.24862506985664368,-0.05415493622422218,0.4127674698829651,0.1947859823703766,-0.06663139164447784,0.5662453174591064,0.4048157036304474,-0.027954520657658577,0.5420980453491211,0.32308197021484375,-0.04708746820688248,0.5223988890647888,0.2709408402442932,-0.05582737922668457,0.5008463263511658,0.2216196060180664,-0.06212598457932472
0.6064668893814087,0.6989582777023315,4.249135372447199e-07,0.518936276435852,0.686410665512085,-0.03281114622950554,0.4455742835998535,0.6228035688400269,-0.045518264174461365,0.3920026421546936,0.5503814220428467,-0.056718967854976654,0.3360224664211273,0.4948251247406006,-0.06674104183912277,0.4386019706726074,0.481578528881073,-0.004242347087711096,0.37692853808403015,0.4038708806037903,-0.027460308745503426,0.3369939923286438,0.35862571001052856,-0.050411876291036606,0.3026038408279419,0.3135716915130615,-0.06790939718484879,0.47788864374160767,0.4393983781337738,-0.007764685433357954,0.426472544670105,0.33482837677001953,-0.02643023431301117,0.390735000371933,0.2708156704902649,-0.04870856925845146,0.35829034447669983,0.21441471576690674,-0.06569221615791321,0.5228263139724731,0.42556411027908325,-0.018029971048235893,0.48451003432273865,0.3235704004764557,-0.03998643159866333,0.4565143883228302,0.26104044914245605,-0.05593765899538994,0.4283945560455322,0.2061764895915985,-0.06735199689865112,0.573720395565033,0.4297958314418793,-0.0320877842605114,0.554645836353302,0.3428402543067932,-0.05154706537723541,0.5393858551979065,0.28670960664749146,-0.059270426630973816,0.5215798616409302,0.23521357774734497,-0.06462535262107849
0.6054732799530029,0.7011033296585083,3.9749454572302056e-07,0.5176310539245605,0.6876764893531799,-0.03384235128760338,0.4445302486419678,0.6230975389480591,-0.04642871022224426,0.39266616106033325,0.547799825668335,-0.05730704590678215,0.33721625804901123,0.4947514832019806,-0.06691740453243256,0.43773511052131653,0.4808966815471649,-0.0033072736114263535,0.37585151195526123,0.40406256914138794,-0.025978537276387215,0.3359360694885254,0.3610542416572571,-0.04927997663617134,0.3003438115119934,0.3162127435207367,-0.06711925566196442,0.47676315903663635,0.43813779950141907,-0.005604682490229607,0.4259493350982666,0.3333093523979187,-0.02338430844247341,0.39201268553733826,0.2695921063423157,-0.045600902289152145,0.36167800426483154,0.2111700177192688,-0.06252694129943848,0.5216910243034363,0.4251105785369873,-0.014798196963965893,0.48417142033576965,0.3235681354999542,-0.0351225771009922,0.45734503865242004,0.2599867582321167,-0.051277536898851395,0.4310363233089447,0.2027246057987213,-0.0628955215215683,0.5728067755699158,0.43017905950546265,-0.028027817606925964,0.5528063774108887,0.3444240093231201,-0.0452389158308506,0.536216676235199,0.29010698199272156,-0.05237526446580887,0.5177901983261108,0.23906105756759644,-0.05752302333712578
0.6005338430404663,0.7185250520706177,3.953263103539939e-07,0.5118348002433777,0.7029362916946411,-0.034445397555828094,0.44056588411331177,0.6372451186180115,-0.04731111600995064,0.39017435908317566,0.5608349442481995,-0.058653127402067184,0.3372134566307068,0.49933043122291565,-0.06847932189702988,0.4400106370449066,0.4907503128051758,-0.002367332112044096,0.3784330487251282,0.41071176528930664,-0.024998953565955162,0.3390103578567505,0.3640300929546356,-0.04812844097614288,0.3057474195957184,0.3166409432888031,-0.06589750945568085,0.4798850417137146,0.44983166456222534,-0.0047364006750285625,0.4303624629974365,0.3440483808517456,-0.021921709179878235,0.39722540974617004,0.2789112329483032,-0.042973842471838,0.3682110607624054,0.22112774848937988,-0.05920788645744324,0.5251466035842896,0.43825486302375793,-0.01442988496273756,0.4895493686199188,0.33640187978744507,-0.034008368849754333,0.46338173747062683,0.2722463607788086,-0.04891572892665863,0.43772703409194946,0.21509063243865967,-0.059984441846609116,0.5761863589286804,0.44600415229797363,-0.028459325432777405,0.558272123336792,0.36043673753738403,-0.0452355295419693,0.5427257418632507,0.30543768405914307,-0.0520591214299202,0.5249194502830505,0.2543521523475647,-0.0571884848177433
0.5993543267250061,0.7201354503631592,3.8002806945769407e-07,0.5129951238632202,0.7035440802574158,-0.03460349142551422,0.4403766393661499,0.6361443400382996,-0.047348544001579285,0.3898479640483856,0.5583118200302124,-0.05827900022268295,0.33611804246902466,0.502312421798706,-0.06775052845478058,0.438316285610199,0.4900781810283661,-0.004845535848289728,0.3776536285877228,0.41129177808761597,-0.028212733566761017,0.3376830816268921,0.36678779125213623,-0.051704321056604385,0.30229124426841736,0.3207249641418457,-0.06957516819238663,0.47792714834213257,0.4488021731376648,-0.006852002814412117,0.42916929721832275,0.3419843912124634,-0.0245360154658556,0.39656317234039307,0.2766455411911011,-0.04543120041489601,0.3680749833583832,0.2175266146659851,-0.061308324337005615,0.5234634280204773,0.4381727874279022,-0.01592830941081047,0.4883423149585724,0.33635270595550537,-0.03584417328238487,0.4628385305404663,0.27261149883270264,-0.05073344707489014,0.43795904517173767,0.2150423228740692,-0.06145831570029259,0.5746219158172607,0.4471038579940796,-0.029286853969097137,0.5565561652183533,0.3621657192707062,-0.04621925950050354,0.5406856536865234,0.3082457184791565,-0.052829306572675705,0.5229793787002563,0.2576315402984619,-0.057496629655361176
0.5981015563011169,0.7303661704063416,3.675025084248773e-07,0.5100984573364258,0.7144650220870972,-0.03315533697605133,0.4381408393383026,0.6467071771621704,-0.04453925043344498,0.3880578279495239,0.5666309595108032,-0.054416608065366745,0.3354793190956116,0.5052655339241028,-0.06286143511533737,0.4372878968715668,0.49752581119537354,-0.0014434749027714133,0.37578320503234863,0.4155769944190979,-0.022390399128198624,0.3361653983592987,0.3685052990913391,-0.04420817270874977,0.3017368018627167,0.320160835981369,-0.06131488457322121,0.47749871015548706,0.4569736123085022,-0.0038146197330206633,0.42887231707572937,0.34962284564971924,-0.020059794187545776,0.3977349102497101,0.2834668755531311,-0.04047888517379761,0.37062448263168335,0.2237992286682129,-0.05628460273146629,0.5230499505996704,0.44623714685440063,-0.013234500773251057,0.48758283257484436,0.34522104263305664,-0.032312214374542236,0.4623880386352539,0.2793930768966675,-0.0474434569478035,0.43775737285614014,0.21938243508338928,-0.058677200227975845,0.5744152665138245,0.45387542247772217,-0.0268233809620142,0.5551755428314209,0.3678830862045288,-0.04329881817102432,0.5397117733955383,0.3131149411201477,-0.05032850429415703,0.5224411487579346,0.2614145874977112,-0.055622849613428116
0.597356915473938,0.7308353185653687,3.756495630113932e-07,0.5101020932197571,0.7145394086837769,-0.03327297791838646,0.43758463859558105,0.6460303664207458,-0.044781412929296494,0.38724565505981445,0.5657705664634705,-0.0548558309674263,0.33319011330604553,0.5080296397209167,-0.06347767263650894,0.4368356466293335,0.496630996465683,-0.0010915487073361874,0.3769717216491699,0.41641902923583984,-0.02267034724354744,0.33741992712020874,0.37160664796829224,-0.045120179653167725,0.3026120066642761,0.3251081109046936,-0.06247936189174652,0.4769250154495239,0.45694372057914734,-0.003317800350487232,0.4292328655719757,0.3495655059814453,-0.019551435485482216,0.39807015657424927,0.2838470935821533,-0.03972020372748375,0.37119871377944946,0.2245379090309143,-0.05532066524028778,0.5225458145141602,0.4472251534461975,-0.012740523554384708,0.48832595348358154,0.3452037572860718,-0.03162110596895218,0.463326632976532,0.28055697679519653,-0.046383172273635864,0.43892210721969604,0.2221253514289856,-0.05726317688822746,0.5735267400741577,0.456249475479126,-0.02641505002975464,0.5554496049880981,0.37017181515693665,-0.042696304619312286,0.5399653315544128,0.31560689210891724,-0.04949086904525757,0.5228248834609985,0.26410621404647827,-0.054525166749954224
0.5959863066673279,0.733173131942749,3.894069493526331e-07,0.5066918134689331,0.7156675457954407,-0.033698420971632004,0.4344075918197632,0.6471379399299622,-0.04533039405941963,0.38515162467956543,0.5665150880813599,-0.05545622855424881,0.33156973123550415,0.5074381828308105,-0.06404366344213486,0.43440884351730347,0.49781474471092224,7.442756032105535e-05,0.3755430281162262,0.41715550422668457,-0.021218422800302505,0.33707737922668457,0.3716733455657959,-0.043859053403139114,0.30273565649986267,0.3245760500431061,-0.061598725616931915,0.4756444990634918,0.45743659138679504,-0.0021982246544212103,0.42879968881607056,0.350371390581131,-0.01855716109275818,0.3977522552013397,0.2845197319984436,-0.03959444910287857,0.3704041540622711,0.22505223751068115,-0.056002870202064514,0.5216948390007019,0.44836485385894775,-0.011796126142144203,0.4888603091239929,0.34640756249427795,-0.03134069964289665,0.4637865722179413,0.28148430585861206,-0.0470888614654541,0.4387635588645935,0.22271591424942017,-0.05871294438838959,0.5733572244644165,0.4583965539932251,-0.025606632232666016,0.5569829344749451,0.37198057770729065,-0.04269273951649666,0.541489839553833,0.317505806684494,-0.05016244575381279,0.5234350562095642,0.2663949131965637,-0.05573359504342079
0.5960939526557922,0.7345168590545654,3.8800544643891044e-07,0.5070055723190308,0.7174339294433594,-0.0339277982711792,0.4344833791255951,0.6479755640029907,-0.04546581953763962,0.3851846754550934,0.5666611790657043,-0.05545701086521149,0.3314368724822998,0.507331371307373,-0.06386665999889374,0.4343551993370056,0.49802571535110474,0.0003244872495997697,0.3755524158477783,0.4172383248806,-0.02084200643002987,0.33711951971054077,0.37170088291168213,-0.04344579577445984,0.30284348130226135,0.3245847821235657,-0.061120521277189255,0.47568634152412415,0.4576997458934784,-0.0018238323973491788,0.42879748344421387,0.3505755066871643,-0.01786590740084648,0.39776039123535156,0.2843976616859436,-0.03867019712924957,0.37055903673171997,0.224756121635437,-0.05492834746837616,0.5217816233634949,0.4485907256603241,-0.011383160948753357,0.4888575077056885,0.346738338470459,-0.030625727027654648,0.4636361598968506,0.2819342613220215,-0.04622603580355644,0.4384515881538391,0.22331145405769348,-0.05778021365404129,0.5734434127807617,0.45847371220588684,-0.025220174342393875,0.5568390488624573,0.3718421757221222,-0.042094700038433075,0.5412693023681641,0.31725579500198364,-0.04949503764510155,0.5231910943984985,0.265967458486557,-0.055034101009368896
0.5950164198875427,0.7332779169082642,4.045164416766056e-07,0.5080317258834839,0.7156124711036682,-0.035076409578323364,0.4355117678642273,0.6462077498435974,-0.04769279062747955,0.38575273752212524,0.5661976337432861,-0.05850810557603836,0.33241963386535645,0.5057628154754639,-0.06754500418901443,0.43428269028663635,0.4964703619480133,-0.0018553223926573992,0.3760688900947571,0.41557443141937256,-0.024064095690846443,0.33834904432296753,0.37013065814971924,-0.04696790128946304,0.3052336573600769,0.3235917091369629,-0.06451574712991714,0.475828617811203,0.45807886123657227,-0.0033696035388857126,0.42946135997772217,0.3499784469604492,-0.020074080675840378,0.3994435667991638,0.2837539315223694,-0.04036106914281845,0.3733021020889282,0.22406908869743347,-0.056020837277173996,0.522267758846283,0.449873149394989,-0.012394281104207039,0.4899670481681824,0.3473970890045166,-0.03217542916536331,0.46548429131507874,0.2832266092300415,-0.047081008553504944,0.44104284048080444,0.22497045993804932,-0.057896099984645844,0.5742863416671753,0.46017986536026,-0.025764325633645058,0.5584785342216492,0.37272459268569946,-0.04280678555369377,0.5441272258758545,0.3177635669708252,-0.049840424209833145,0.527038037776947,0.2659357488155365,-0.054976686835289
0.5946465730667114,0.7329033613204956,3.9883084923530987e-07,0.5073586106300354,0.7146114110946655,-0.0349467508494854,0.4351385235786438,0.6451116800308228,-0.04763887822628021,0.38552889227867126,0.5646619200706482,-0.05849764868617058,0.3315924406051636,0.5050064325332642,-0.06770176440477371,0.4346510171890259,0.49651452898979187,-0.002591276541352272,0.37638354301452637,0.4149063229560852,-0.024923870339989662,0.3384479880332947,0.36951056122779846,-0.047891438007354736,0.304743230342865,0.32283949851989746,-0.06557708233594894,0.47632595896720886,0.45796993374824524,-0.004373869393020868,0.43000832200050354,0.3501371145248413,-0.02151709794998169,0.3995878994464874,0.2842126488685608,-0.04243570193648338,0.3727882206439972,0.22423475980758667,-0.058609794825315475,0.5225678086280823,0.44973909854888916,-0.013513758778572083,0.4902057945728302,0.3477329611778259,-0.03362691402435303,0.46554696559906006,0.2832118570804596,-0.048946015536785126,0.4408876299858093,0.2244035005569458,-0.06012005731463432,0.5742250680923462,0.46012428402900696,-0.026929138228297234,0.5580784678459167,0.3732280135154724,-0.04419540613889694,0.5436268448829651,0.3183308243751526,-0.05134959518909454,0.5265962481498718,0.26645398139953613,-0.0566277801990509
0.5949925184249878,0.7328307628631592,4.0761318587101414e-07,0.5091843605041504,0.7154049873352051,-0.035287827253341675,0.4378836154937744,0.644779622554779,-0.04833672568202019,0.387907475233078,0.565031111240387,-0.05946362391114235,0.3343535363674164,0.5031270980834961,-0.0687866061925888,0.4364261031150818,0.49417027831077576,-0.0022177021019160748,0.3783814311027527,0.4133625030517578,-0.02361295558512211,0.3416748642921448,0.3676963448524475,-0.04594869166612625,0.30978327989578247,0.320874959230423,-0.06326565146446228,0.4783247113227844,0.45615750551223755,-0.003731759265065193,0.43224602937698364,0.3477635085582733,-0.01961996592581272,0.402604341506958,0.28108489513397217,-0.039515651762485504,0.3767918348312378,0.22215500473976135,-0.05504682660102844,0.5249167084693909,0.4490377902984619,-0.012703543528914452,0.4929228723049164,0.34526604413986206,-0.031960077583789825,0.46887677907943726,0.2810981869697571,-0.04682634025812149,0.4442760944366455,0.2227686643600464,-0.057782091200351715,0.5769665837287903,0.4604180157184601,-0.025946781039237976,0.5610998868942261,0.37209826707839966,-0.04309331253170967,0.5469151139259338,0.31670081615448,-0.05032739415764809,0.5295546650886536,0.26449522376060486,-0.055625107139348984
0.5950181484222412,0.7335953712463379,3.9612223190488294e-07,0.5081921219825745,0.7145904898643494,-0.03420509770512581,0.43654122948646545,0.6441494226455688,-0.04589321091771126,0.3876167833805084,0.5624883770942688,-0.055820316076278687,0.33450841903686523,0.5003260970115662,-0.06380611658096313,0.4361092746257782,0.4935859739780426,0.0009874076349660754,0.3782300651073456,0.4127706289291382,-0.01894141547381878,0.34165382385253906,0.36707472801208496,-0.04044947773218155,0.3096421957015991,0.31940722465515137,-0.05735103040933609,0.47815361618995667,0.45504605770111084,-0.0005692545673809946,0.43246808648109436,0.3477092385292053,-0.015155492350459099,0.4034729599952698,0.2819410562515259,-0.03431839495897293,0.3784430921077728,0.22271502017974854,-0.049345795065164566,0.524890661239624,0.4472685158252716,-0.009594683535397053,0.4929434359073639,0.3449753522872925,-0.027641378343105316,0.46950432658195496,0.280705988407135,-0.04150867089629173,0.446140319108963,0.22200611233711243,-0.05180216208100319,0.5772457122802734,0.458182692527771,-0.022962169721722603,0.5605831742286682,0.3712341785430908,-0.03871928155422211,0.5461698174476624,0.31687864661216736,-0.044767796993255615,0.5293260812759399,0.26557639241218567,-0.0492563359439373
0.5953606963157654,0.7323805689811707,3.913432351509982e-07,0.5084481835365295,0.7108980417251587,-0.03404958173632622,0.4378306567668915,0.6419644951820374,-0.04684500768780708,0.38917332887649536,0.5623853206634521,-0.058031871914863586,0.3368491530418396,0.49978622794151306,-0.06758339703083038,0.43840140104293823,0.49271291494369507,-0.0016340619185939431,0.38070881366729736,0.4112567901611328,-0.023700427263975143,0.3440092206001282,0.364672988653183,-0.046545106917619705,0.31252577900886536,0.31697940826416016,-0.06408365815877914,0.4806748032569885,0.4557274878025055,-0.003710180288180709,0.43568459153175354,0.34779781103134155,-0.02031712234020233,0.4067191779613495,0.28129202127456665,-0.04072300344705582,0.381838858127594,0.22183281183242798,-0.056545112282037735,0.5277332067489624,0.4481360912322998,-0.013143817894160748,0.49631035327911377,0.34518909454345703,-0.032628316432237625,0.47264865040779114,0.28042811155319214,-0.047401171177625656,0.4486760199069977,0.22147491574287415,-0.05825803428888321,0.5802484154701233,0.4591812491416931,-0.026791313663125038,0.5656862854957581,0.3717195689678192,-0.043722592294216156,0.5521273016929626,0.3166332244873047,-0.050564881414175034,0.5353211760520935,0.2647797465324402,-0.05553912743926048
0.5954140424728394,0.7326956987380981,3.943228819025535e-07,0.5077643394470215,0.7117164134979248,-0.03410559520125389,0.4372217655181885,0.6417856812477112,-0.04631125181913376,0.3886144757270813,0.5603641271591187,-0.056799598038196564,0.33585843443870544,0.49796193838119507,-0.06559479236602783,0.43975621461868286,0.49244290590286255,-0.0008213429246097803,0.38120225071907043,0.41071468591690063,-0.022008659318089485,0.34369957447052,0.3645557761192322,-0.04430438578128815,0.31089603900909424,0.31654655933380127,-0.06154385209083557,0.4821203052997589,0.4545527994632721,-0.0024938101414591074,0.43729156255722046,0.3464180529117584,-0.017983052879571915,0.4082385301589966,0.28019100427627563,-0.03767950087785721,0.3832285404205322,0.22091323137283325,-0.053036291152238846,0.528610348701477,0.4465295970439911,-0.011522451415657997,0.49700167775154114,0.34481239318847656,-0.029713960364460945,0.47333210706710815,0.2801521420478821,-0.043642304837703705,0.4499410092830658,0.22131091356277466,-0.054017506539821625,0.5802452564239502,0.4572504460811615,-0.02489645965397358,0.5645989179611206,0.37077194452285767,-0.040513776242733,0.550926923751831,0.3163229823112488,-0.04650390148162842,0.5349173545837402,0.2651194632053375,-0.05093826353549957
0.595596194267273,0.7329099774360657,4.080872884060227e-07,0.5083081722259521,0.7124850749969482,-0.034578803926706314,0.4374852776527405,0.6404911875724792,-0.0464039109647274,0.38847553730010986,0.5579339861869812,-0.05647505447268486,0.3357536196708679,0.4951293468475342,-0.06473539769649506,0.4400453567504883,0.493490993976593,0.0009030229412019253,0.38226789236068726,0.4110047221183777,-0.01924334466457367,0.34568411111831665,0.36395278573036194,-0.040964365005493164,0.3140721917152405,0.3153417110443115,-0.057931095361709595,0.48224785923957825,0.4555121660232544,-0.00019920697377528995,0.4375741183757782,0.34651023149490356,-0.014389111660420895,0.4090443551540375,0.27957892417907715,-0.03334826976060867,0.3848418891429901,0.2200792133808136,-0.04833833873271942,0.5287269353866577,0.4483104944229126,-0.008832033723592758,0.49850136041641235,0.3440502882003784,-0.026039475575089455,0.4754430651664734,0.27878549695014954,-0.03958330675959587,0.4526499807834625,0.2197938859462738,-0.04988320171833038,0.5805983543395996,0.4601482152938843,-0.02189672738313675,0.5668317079544067,0.37317365407943726,-0.03691364824771881,0.5535131096839905,0.3184273838996887,-0.0427023246884346,0.5374422073364258,0.2671836018562317,-0.04714221507310867
0.5965124368667603,0.733466625213623,4.0527871192352904e-07,0.5084396600723267,0.7135893106460571,-0.034321703016757965,0.4373380243778229,0.640927255153656,-0.045695241540670395,0.3882843255996704,0.5578344464302063,-0.055328305810689926,0.33552733063697815,0.4948422908782959,-0.06313175708055496,0.4404221773147583,0.4934171140193939,0.0014994119992479682,0.3824402391910553,0.410665363073349,-0.018334707245230675,0.34569770097732544,0.3636477589607239,-0.039853595197200775,0.3137704133987427,0.314920037984848,-0.05671624839305878,0.48280903697013855,0.4550020396709442,0.0003012485976796597,0.4381599426269531,0.3461299240589142,-0.01350821740925312,0.40943804383277893,0.2791939079761505,-0.032411061227321625,0.3848652243614197,0.21942347288131714,-0.04742138460278511,0.5291858911514282,0.4475453197956085,-0.00843729730695486,0.4990951716899872,0.3440731167793274,-0.02537304349243641,0.47606992721557617,0.2786598205566406,-0.038959383964538574,0.45328348875045776,0.2193220555782318,-0.04935021325945854,0.5806372761726379,0.4592163562774658,-0.021611129865050316,0.5665853023529053,0.3727250397205353,-0.03649173676967621,0.5532848238945007,0.31808310747146606,-0.04228062182664871,0.5373879671096802,0.2667750120162964,-0.046751271933317184
0.5947699546813965,0.7370158433914185,3.9487306935370725e-07,0.5067787170410156,0.7144390344619751,-0.03319733589887619,0.43692153692245483,0.6427772641181946,-0.04515315964818001,0.38877010345458984,0.5607398152351379,-0.05568091943860054,0.3366606831550598,0.496651828289032,-0.06458450108766556,0.4407289922237396,0.49454057216644287,0.0004322319873608649,0.38364869356155396,0.41109412908554077,-0.02048531360924244,0.34680527448654175,0.36348673701286316,-0.04278978705406189,0.3148607611656189,0.31434333324432373,-0.06034749746322632,0.48327338695526123,0.45798519253730774,-0.0019609618466347456,0.43916526436805725,0.34880924224853516,-0.018006110563874245,0.4108440577983856,0.28142327070236206,-0.03866369649767876,0.38621509075164795,0.22080647945404053,-0.05486614629626274,0.5298381447792053,0.45150500535964966,-0.011584763415157795,0.5001537203788757,0.346632182598114,-0.030753009021282196,0.4778195023536682,0.2800818979740143,-0.04557192698121071,0.4553675055503845,0.22016620635986328,-0.05661328509449959,0.5819006562232971,0.46367090940475464,-0.025342613458633423,0.568333089351654,0.3753395676612854,-0.04191405698657036,0.5555375814437866,0.3193660378456116,-0.04855429753661156,0.5397022366523743,0.2673070430755615,-0.05356384068727493
0.5941229462623596,0.7362716197967529,4.0798758504934085e-07,0.5071672797203064,0.7144718766212463,-0.034984685480594635,0.4371423125267029,0.6433022022247314,-0.04777562990784645,0.38882675766944885,0.5608075857162476,-0.05877338722348213,0.33668383955955505,0.49633315205574036,-0.06799115985631943,0.4409436583518982,0.49439719319343567,-0.0015062129823490977,0.38363683223724365,0.41083911061286926,-0.023176712915301323,0.34673768281936646,0.3638296127319336,-0.045968830585479736,0.31425508856773376,0.31474798917770386,-0.06368590146303177,0.4836018681526184,0.4576033353805542,-0.0028896289877593517,0.4396873116493225,0.34793341159820557,-0.019133934751152992,0.41100168228149414,0.2803264260292053,-0.03956633433699608,0.38600850105285645,0.21932342648506165,-0.0555272176861763,0.5301570892333984,0.45081672072410583,-0.011669080704450607,0.5003609657287598,0.3472824692726135,-0.03068283386528492,0.4775586426258087,0.28168314695358276,-0.0451117567718029,0.454743355512619,0.22249749302864075,-0.05574412643909454,0.5820651054382324,0.4626011848449707,-0.024824170395731926,0.5681065320968628,0.3749324083328247,-0.041058313101530075,0.554879903793335,0.31968483328819275,-0.047463178634643555,0.5388993620872498,0.26821985840797424,-0.05221135541796684
0.5948602557182312,0.7413290739059448,3.877251515405078e-07,0.5080371499061584,0.7202968597412109,-0.03451596945524216,0.43804773688316345,0.6478888988494873,-0.047178857028484344,0.3903721868991852,0.5642203688621521,-0.05805685743689537,0.3388095796108246,0.4991264343261719,-0.06718757003545761,0.4418281614780426,0.498909056186676,-0.003173451405018568,0.38428831100463867,0.41325050592422485,-0.024887578561902046,0.34689122438430786,0.3650280237197876,-0.04724626615643501,0.3141433596611023,0.31559622287750244,-0.06466313451528549,0.48455777764320374,0.4619189202785492,-0.005026999395340681,0.4400672912597656,0.3515004515647888,-0.02147783897817135,0.41194984316825867,0.2830563187599182,-0.04167520999908447,0.3880021572113037,0.2216193974018097,-0.05742165073752403,0.5316277742385864,0.4548690915107727,-0.014059146866202354,0.5014967322349548,0.3498711585998535,-0.033181414008140564,0.47934865951538086,0.2825876772403717,-0.04776223376393318,0.456920862197876,0.22194737195968628,-0.05862432345747948,0.5840423703193665,0.4664214849472046,-0.027356015518307686,0.5698570609092712,0.37815678119659424,-0.043841201812028885,0.5563702583312988,0.3225892186164856,-0.050485510379076004,0.5398845076560974,0.2711484432220459,-0.05545557290315628
0.593960702419281,0.7415173053741455,3.9838519683144114e-07,0.5074863433837891,0.7201647758483887,-0.035244252532720566,0.4379144012928009,0.6467556953430176,-0.04768361151218414,0.3906685709953308,0.5627164840698242,-0.0581481046974659,0.33858633041381836,0.4983404874801636,-0.06675949692726135,0.4409483075141907,0.4972401261329651,-0.0023672287352383137,0.38327720761299133,0.4126259684562683,-0.023791110143065453,0.34571373462677,0.3649190664291382,-0.04614469036459923,0.3128893971443176,0.3157314658164978,-0.06345660239458084,0.4843023419380188,0.4596741199493408,-0.003529548179358244,0.44001635909080505,0.34966355562210083,-0.01890508271753788,0.4121071994304657,0.28195488452911377,-0.03832971304655075,0.3887265622615814,0.2214788794517517,-0.053567998111248016,0.5316809415817261,0.4528821110725403,-0.012079998850822449,0.502155065536499,0.3483565151691437,-0.030219636857509613,0.47998395562171936,0.28211498260498047,-0.044010549783706665,0.4578181803226471,0.22215330600738525,-0.0543784573674202,0.5840388536453247,0.4653717279434204,-0.02507135085761547,0.5701198577880859,0.3778400123119354,-0.04080211743712425,0.5566394925117493,0.32290714979171753,-0.046789541840553284,0.5403429269790649,0.27177363634109497,-0.051248278468847275
0.5952883958816528,0.7455698847770691,3.760048912226921e-07,0.5076629519462585,0.7225397229194641,-0.03339039906859398,0.4378020763397217,0.6507440805435181,-0.045452333986759186,0.39065611362457275,0.5665814280509949,-0.05605189502239227,0.33927199244499207,0.5004974007606506,-0.06490155309438705,0.4435965120792389,0.5012385845184326,-0.00032629180350340903,0.3861996829509735,0.4157616198062897,-0.02095155045390129,0.3495803475379944,0.36668872833251953,-0.04268280789256096,0.31775549054145813,0.31636902689933777,-0.05982786789536476,0.4863531291484833,0.4641846716403961,-0.0026527235750108957,0.44285890460014343,0.35413241386413574,-0.0186050646007061,0.41527029871940613,0.2861308753490448,-0.038853175938129425,0.39139002561569214,0.2245604693889618,-0.054720114916563034,0.532967209815979,0.45689231157302856,-0.012187615968286991,0.5034735798835754,0.3516263961791992,-0.03128258138895035,0.48180532455444336,0.28400999307632446,-0.04614080488681793,0.45961347222328186,0.22272536158561707,-0.05717063695192337,0.5848851203918457,0.46827787160873413,-0.025864817202091217,0.5713181495666504,0.379489928483963,-0.04207540303468704,0.5583215355873108,0.3236401081085205,-0.04863375797867775,0.5420626997947693,0.27240318059921265,-0.05364879593253136
0.594429075717926,0.7459282279014587,4.047521144912025e-07,0.5067775249481201,0.7225995063781738,-0.034612420946359634,0.43713006377220154,0.6495503783226013,-0.047432929277420044,0.39031386375427246,0.5649418830871582,-0.0585336834192276,0.33842092752456665,0.4997994899749756,-0.06795045733451843,0.442268967628479,0.5010725855827332,-0.0023288957308977842,0.38513144850730896,0.415801078081131,-0.024217242375016212,0.3484521508216858,0.3673515319824219,-0.04699160158634186,0.31602799892425537,0.31694361567497253,-0.06474244594573975,0.48585283756256104,0.46418362855911255,-0.004245522432029247,0.4433087706565857,0.35401928424835205,-0.02103421464562416,0.41591617465019226,0.2861202359199524,-0.04177877679467201,0.3920881152153015,0.22465533018112183,-0.05795515328645706,0.5328634977340698,0.4577338397502899,-0.013441614806652069,0.5045879483222961,0.35279756784439087,-0.033058829605579376,0.48261451721191406,0.2858489751815796,-0.04788554832339287,0.4601236581802368,0.22530844807624817,-0.05880571901798248,0.58445143699646,0.4704705774784088,-0.02690182812511921,0.5711896419525146,0.3817339539527893,-0.04360802471637726,0.5582963228225708,0.3256617486476898,-0.05017145350575447,0.542337954044342,0.2736222743988037,-0.05506657809019089
0.5913392305374146,0.752566933631897,4.099908892385429e-07,0.5039012432098389,0.7277209758758545,-0.03388509526848793,0.43504711985588074,0.651938259601593,-0.04695601761341095,0.3896557092666626,0.5658290982246399,-0.05842959135770798,0.3383157551288605,0.49917373061180115,-0.06843801587820053,0.4433080554008484,0.5055692195892334,-0.0036267261020839214,0.389303982257843,0.4174577295780182,-0.026150209829211235,0.3542916178703308,0.3675483465194702,-0.04897688701748848,0.3233080506324768,0.3177364766597748,-0.06665929406881332,0.4879092872142792,0.47045060992240906,-0.006455718539655209,0.4486503303050995,0.3570360541343689,-0.024042917415499687,0.42244091629981995,0.28749674558639526,-0.04529314488172531,0.39909249544143677,0.22593116760253906,-0.06179199367761612,0.5354017019271851,0.46533307433128357,-0.016357749700546265,0.5089513659477234,0.3557996153831482,-0.03702547773718834,0.4885675311088562,0.2873433828353882,-0.0523870587348938,0.466854453086853,0.2256336212158203,-0.06373530626296997,0.5877444744110107,0.47948119044303894,-0.030270347371697426,0.5784781575202942,0.38867053389549255,-0.0486169159412384,0.567622184753418,0.33032867312431335,-0.056067533791065216,0.5523431897163391,0.2766188085079193,-0.06148907169699669
0.5904780030250549,0.7526042461395264,4.04899537898018e-07,0.5033855438232422,0.7278857231140137,-0.03406880050897598,0.4350730776786804,0.6519783735275269,-0.047245293855667114,0.39051395654678345,0.5655791163444519,-0.05876059830188751,0.3394196331501007,0.500095009803772,-0.06894800066947937,0.4437065124511719,0.5041573643684387,-0.0046058823354542255,0.3895629346370697,0.41676273941993713,-0.027114830911159515,0.354308545589447,0.36748021841049194,-0.050058379769325256,0.3231334686279297,0.3169231414794922,-0.06792186200618744,0.4886845350265503,0.4690464735031128,-0.007312883622944355,0.4492594301700592,0.35622087121009827,-0.02489047311246395,0.4233306646347046,0.2869645953178406,-0.04648565500974655,0.40021243691444397,0.22481787204742432,-0.06342252343893051,0.5360479950904846,0.46383926272392273,-0.01700712740421295,0.5107324719429016,0.35660871863365173,-0.037373412400484085,0.48977717757225037,0.2891220450401306,-0.05333554372191429,0.4673464298248291,0.2282906174659729,-0.06525455415248871,0.587627649307251,0.4779262840747833,-0.030753813683986664,0.5778619647026062,0.38855090737342834,-0.04852276295423508,0.5668820738792419,0.33155888319015503,-0.056200843304395676,0.5516940951347351,0.27907830476760864,-0.06198718026280403
0.581233024597168,0.766210675239563,4.0810706991578627e-07,0.4949949085712433,0.7302271127700806,-0.03242502361536026,0.4294136166572571,0.6474300026893616,-0.045654796063899994,0.38649284839630127,0.5595409870147705,-0.057244885712862015,0.33851081132888794,0.490475058555603,-0.06769239902496338,0.4459106922149658,0.504215657711029,-0.006513943895697594,0.3993734121322632,0.4117318093776703,-0.03078736551105976,0.36798614263534546,0.3593960106372833,-0.054148510098457336,0.34038567543029785,0.30820637941360474,-0.07159266620874405,0.49236640334129333,0.4747624397277832,-0.010091506876051426,0.46078693866729736,0.3569437265396118,-0.0288180410861969,0.43761011958122253,0.28619813919067383,-0.04954816773533821,0.4158801734447479,0.22434228658676147,-0.06527448445558548,0.5405696034431458,0.4741465747356415,-0.02036813460290432,0.5188145041465759,0.36250361800193787,-0.04186590760946274,0.5007911920547485,0.2948496341705322,-0.05608217045664787,0.48113617300987244,0.23429086804389954,-0.06623410433530807,0.5918651223182678,0.49273133277893066,-0.03438858315348625,0.586296558380127,0.40080875158309937,-0.05330492556095123,0.5785244107246399,0.3418206572532654,-0.05993572250008583,0.5666534304618835,0.2875973582267761,-0.06431129574775696
0.5787481069564819,0.7671725749969482,3.6274497006161255e-07,0.49292367696762085,0.732380211353302,-0.03098655678331852,0.4271734952926636,0.6481391787528992,-0.04322567209601402,0.3866923153400421,0.5592178106307983,-0.054266307502985,0.340112566947937,0.49156004190444946,-0.06411575525999069,0.44377562403678894,0.5017979145050049,-0.003902355208992958,0.39681127667427063,0.4125944674015045,-0.02766670286655426,0.364906370639801,0.36242371797561646,-0.05114912614226341,0.3367902338504791,0.31274405121803284,-0.06852345913648605,0.4910385012626648,0.47152402997016907,-0.007898705080151558,0.46052515506744385,0.35562872886657715,-0.025850996375083923,0.43889865279197693,0.2857820391654968,-0.04610874503850937,0.4191157817840576,0.22339066863059998,-0.06141526997089386,0.5396307706832886,0.47070345282554626,-0.018613874912261963,0.5194520354270935,0.3614501357078552,-0.039258625358343124,0.5012877583503723,0.29439687728881836,-0.05340135097503662,0.4812058210372925,0.2333885133266449,-0.06336989253759384,0.5912481546401978,0.4899780750274658,-0.03308916464447975,0.5858567357063293,0.3989461660385132,-0.05086124315857887,0.577708899974823,0.34119194746017456,-0.056929681450128555,0.5652657747268677,0.2879357635974884,-0.06084183230996132
0.5613468885421753,0.7819851636886597,4.26157640731617e-07,0.4786481559276581,0.7322593927383423,-0.03338596969842911,0.4181429147720337,0.637364387512207,-0.047052234411239624,0.38284963369369507,0.5455582737922668,-0.05858585610985756,0.34370702505111694,0.4691702425479889,-0.06885851919651031,0.4489362835884094,0.4935818016529083,-0.010231909342110157,0.4139311909675598,0.3921215832233429,-0.034867383539676666,0.3886590301990509,0.33591634035110474,-0.05794711783528328,0.36602479219436646,0.28349387645721436,-0.0749032124876976,0.49903661012649536,0.47410255670547485,-0.013298830017447472,0.48201385140419006,0.3529672920703888,-0.03222959488630295,0.4666024148464203,0.28139156103134155,-0.052490752190351486,0.4505576193332672,0.21841663122177124,-0.06773340702056885,0.5471605062484741,0.4821314215660095,-0.02298453077673912,0.537369430065155,0.3679468035697937,-0.04492544010281563,0.5255312919616699,0.2999102473258972,-0.05845627188682556,0.5101741552352905,0.23838871717453003,-0.06792508065700531,0.5955727100372314,0.5095045566558838,-0.03641601279377937,0.599067211151123,0.41670697927474976,-0.05592026934027672,0.5965331792831421,0.35704901814460754,-0.06224701181054115,0.5885516405105591,0.3017340302467346,-0.06612169742584229
0.5599372982978821,0.7799263000488281,3.242904540456948e-07,0.47693872451782227,0.731945276260376,-0.028661299496889114,0.41670992970466614,0.6380137801170349,-0.04039406403899193,0.3836919665336609,0.5454615950584412,-0.05117037519812584,0.3458181917667389,0.4719292223453522,-0.06075964495539665,0.4482927918434143,0.4925317168235779,-0.004654419142752886,0.41303718090057373,0.39310672879219055,-0.028199579566717148,0.38594934344291687,0.33630257844924927,-0.0514402911067009,0.3612171411514282,0.28324082493782043,-0.06872043758630753,0.49768635630607605,0.471811443567276,-0.009351986460387707,0.48065829277038574,0.3539544939994812,-0.027162998914718628,0.46569889783859253,0.28411686420440674,-0.04637140408158302,0.4501551687717438,0.2229207158088684,-0.06086551398038864,0.5453531742095947,0.4789341390132904,-0.02041788399219513,0.5356836318969727,0.3669162392616272,-0.040411531925201416,0.5232508778572083,0.2987510561943054,-0.053382351994514465,0.5072599053382874,0.2368977665901184,-0.0627213567495346,0.5943142175674438,0.506218433380127,-0.0350978747010231,0.5988041758537292,0.41524821519851685,-0.05295867472887039,0.5955847501754761,0.3559616506099701,-0.059223197400569916,0.5874541401863098,0.30032145977020264,-0.06322243809700012
0.5398980379104614,0.7866913080215454,4.029463411825418e-07,0.4629172086715698,0.7239346504211426,-0.030501004308462143,0.41106316447257996,0.623533308506012,-0.04233873635530472,0.38321417570114136,0.5296255946159363,-0.05286784470081329,0.35259735584259033,0.449901819229126,-0.06211061775684357,0.45757126808166504,0.4884854853153229,-0.006128364242613316,0.43094250559806824,0.3827597498893738,-0.028577033430337906,0.4102676510810852,0.3224818706512451,-0.04982242360711098,0.3927942216396332,0.26525431871414185,-0.06581100821495056,0.5065228343009949,0.47774553298950195,-0.01022536214441061,0.4967274069786072,0.3568153381347656,-0.027745375409722328,0.48586565256118774,0.2831307053565979,-0.04665302857756615,0.47488322854042053,0.2175864577293396,-0.06118498742580414,0.5520259737968445,0.49204957485198975,-0.020946698263287544,0.5544446706771851,0.3800678849220276,-0.04179499298334122,0.5500850677490234,0.30899694561958313,-0.054994337260723114,0.54230797290802,0.24475574493408203,-0.06437544524669647,0.5961430072784424,0.5241538286209106,-0.03533386066555977,0.6094872951507568,0.43482649326324463,-0.053775571286678314,0.6135661602020264,0.37587374448776245,-0.06022442877292633,0.6122366189956665,0.3200302720069885,-0.06447219848632812
0.5403358936309814,0.7852830290794373,3.2580226161371684e-07,0.4631856679916382,0.7274638414382935,-0.028154389932751656,0.4115460515022278,0.6262080669403076,-0.039119526743888855,0.3857005536556244,0.5310350060462952,-0.04935241863131523,0.35295623540878296,0.4561755359172821,-0.05846476927399635,0.4581274092197418,0.48822295665740967,-0.0037599094212055206,0.43046554923057556,0.3832620680332184,-0.02527688257396221,0.41006067395210266,0.3209785223007202,-0.046656977385282516,0.39370328187942505,0.2624503970146179,-0.06305506825447083,0.5064220428466797,0.4764983355998993,-0.008823869749903679,0.4948422610759735,0.35836899280548096,-0.026237143203616142,0.4842417240142822,0.28504514694213867,-0.045591313391923904,0.4742056131362915,0.21986863017082214,-0.06043282523751259,0.5520650148391724,0.49044907093048096,-0.020158153027296066,0.5539677739143372,0.38029175996780396,-0.04035927355289459,0.5504915714263916,0.3093577027320862,-0.054404646158218384,0.5443106889724731,0.24533489346504211,-0.06446889787912369,0.5969325304031372,0.5234224796295166,-0.0350063182413578,0.6098222136497498,0.4345199465751648,-0.05308191478252411,0.6141536831855774,0.3749126195907593,-0.060322657227516174,0.6142722964286804,0.31823891401290894,-0.06521864980459213
0.5265454053878784,0.7868117690086365,4.1720304011505505e-07,0.45319104194641113,0.7193577885627747,-0.03068077377974987,0.4071022868156433,0.6144773364067078,-0.04267897084355354,0.38381487131118774,0.5171568393707275,-0.05320559814572334,0.35464853048324585,0.43645617365837097,-0.06255879253149033,0.4646894037723541,0.48350828886032104,-0.00675922492519021,0.442359983921051,0.37577125430107117,-0.02900034934282303,0.4238915741443634,0.31269434094429016,-0.05053954944014549,0.40873339772224426,0.2528690993785858,-0.0667494535446167,0.5143580436706543,0.4758248031139374,-0.010707694105803967,0.513909101486206,0.35227352380752563,-0.02713964134454727,0.5086187124252319,0.2762258052825928,-0.04580250382423401,0.5030514001846313,0.21059060096740723,-0.06029711291193962,0.5581914186477661,0.49495595693588257,-0.02112821489572525,0.569168210029602,0.3837543725967407,-0.040769901126623154,0.5696448683738708,0.31107041239738464,-0.05427350476384163,0.5667835474014282,0.2463519275188446,-0.06416550278663635,0.5984337329864502,0.5333524942398071,-0.0351819209754467,0.6171013116836548,0.4471461772918701,-0.05277673527598381,0.6244330406188965,0.38954299688339233,-0.058945432305336,0.6265388131141663,0.33499854803085327,-0.0631328746676445
0.5253265500068665,0.7857725620269775,3.315793719593785e-07,0.4521932303905487,0.7207123637199402,-0.028965376317501068,0.406025230884552,0.6133589148521423,-0.04036596417427063,0.3846391439437866,0.5137190818786621,-0.0507400818169117,0.3554535508155823,0.4347601532936096,-0.06012143939733505,0.46262773871421814,0.48162662982940674,-0.0053785392083227634,0.44151368737220764,0.3738464117050171,-0.026963628828525543,0.42512309551239014,0.3103325366973877,-0.04855478182435036,0.41290271282196045,0.25025367736816406,-0.06518625468015671,0.5123211741447449,0.4737302362918854,-0.010158581659197807,0.509520411491394,0.3526173233985901,-0.026763243600726128,0.5051249861717224,0.27755826711654663,-0.04595421627163887,0.501372218132019,0.21161609888076782,-0.061009716242551804,0.5569461584091187,0.4926869571208954,-0.02114836499094963,0.5668900012969971,0.3813627362251282,-0.040448836982250214,0.5687304735183716,0.31040263175964355,-0.054409563541412354,0.5674957633018494,0.24579700827598572,-0.06488077342510223,0.5985967516899109,0.5315982699394226,-0.035688214004039764,0.6174781322479248,0.44563546776771545,-0.053035397082567215,0.6262154579162598,0.3876737952232361,-0.05991299822926521,0.630954384803772,0.3321121335029602,-0.06483398377895355
0.5180737972259521,0.7840992212295532,4.049400956773752e-07,0.44477012753486633,0.7169131636619568,-0.029823314398527145,0.40204429626464844,0.6070654392242432,-0.040927138179540634,0.38394203782081604,0.5058253407478333,-0.05076597258448601,0.3566132187843323,0.42429211735725403,-0.05965903773903847,0.4630899131298065,0.4803868234157562,-0.005670942831784487,0.4443035423755646,0.37190014123916626,-0.02623959816992283,0.42969226837158203,0.3067242205142975,-0.04659326374530792,0.4199470579624176,0.24474462866783142,-0.06255220621824265,0.5137834548950195,0.4739841818809509,-0.010248116217553616,0.5172260999679565,0.34959572553634644,-0.026080427691340446,0.5159188508987427,0.2711334824562073,-0.04487798735499382,0.5151753425598145,0.20303082466125488,-0.059747666120529175,0.5575303435325623,0.49530959129333496,-0.021101191639900208,0.5711298584938049,0.3827425241470337,-0.04055741801857948,0.5747575163841248,0.3095674514770508,-0.05532519146800041,0.5754334926605225,0.24299576878547668,-0.06644696742296219,0.5978174805641174,0.5360783338546753,-0.035466454923152924,0.620140016078949,0.45060935616493225,-0.053472165018320084,0.6303043365478516,0.39195650815963745,-0.06119854375720024,0.6361321210861206,0.33483588695526123,-0.06686513870954514
0.5166414380073547,0.7820864915847778,3.4379354474367574e-07,0.44331955909729004,0.7160377502441406,-0.02910255827009678,0.4005257487297058,0.6058676242828369,-0.03931859880685806,0.38376253843307495,0.5047205090522766,-0.04829563573002815,0.3584315776824951,0.42340633273124695,-0.05623281002044678,0.463076651096344,0.47754260897636414,-0.004095221403986216,0.444729745388031,0.37017887830734253,-0.023949094116687775,0.43061184883117676,0.3059700131416321,-0.044056061655282974,0.4209192097187042,0.24528855085372925,-0.06000421941280365,0.5136147141456604,0.47200635075569153,-0.008855242282152176,0.5157005190849304,0.349316269159317,-0.024349885061383247,0.5148382782936096,0.27291905879974365,-0.04280563443899155,0.5147089958190918,0.20545461773872375,-0.05737898126244545,0.5574678778648376,0.49396783113479614,-0.019924486055970192,0.5692914128303528,0.38255786895751953,-0.039332903921604156,0.5740220546722412,0.3097926378250122,-0.053893644362688065,0.5762537121772766,0.24178579449653625,-0.06487186253070831,0.5981047749519348,0.5354540348052979,-0.03446666896343231,0.6186316013336182,0.4508792459964752,-0.05250628665089607,0.6293104887008667,0.3935415744781494,-0.059943266212940216,0.6364681124687195,0.33675143122673035,-0.065405935049057
0.5113563537597656,0.7829506397247314,3.5687412491824944e-07,0.43807902932167053,0.7168049812316895,-0.029100827872753143,0.3957710862159729,0.6021628975868225,-0.03922576084733009,0.3800872266292572,0.4992173910140991,-0.04789019003510475,0.35505369305610657,0.4177456796169281,-0.05563332512974739,0.4615142345428467,0.47511449456214905,-0.006334547884762287,0.4447394609451294,0.3661729693412781,-0.02612607181072235,0.43169111013412476,0.30118033289909363,-0.04583529755473137,0.42268627882003784,0.2406444251537323,-0.06130953133106232,0.5126601457595825,0.4709990322589874,-0.010956848971545696,0.5173635482788086,0.3465670347213745,-0.025865666568279266,0.5173603296279907,0.26952534914016724,-0.043677616864442825,0.5173190832138062,0.2032163143157959,-0.05777930095791817,0.5567666292190552,0.4936206340789795,-0.021653229370713234,0.569770336151123,0.3809354305267334,-0.040167536586523056,0.5748417973518372,0.3081263303756714,-0.05415543168783188,0.5773420929908752,0.24187377095222473,-0.06480857729911804,0.5969998836517334,0.5353279113769531,-0.035811588168144226,0.6181732416152954,0.44932276010513306,-0.053072355687618256,0.6296595931053162,0.3914605379104614,-0.06008398160338402,0.6376444101333618,0.3355208933353424,-0.0652226060628891
0.510471761226654,0.783409595489502,3.3714019309627474e-07,0.43836814165115356,0.7160096764564514,-0.02898477576673031,0.39608263969421387,0.6036444306373596,-0.03952639922499657,0.38039690256118774,0.5016701221466064,-0.048796217888593674,0.3561141788959503,0.4194554090499878,-0.0570642352104187,0.4610495865345001,0.4748976230621338,-0.0057856058701872826,0.44432270526885986,0.3661103844642639,-0.026029381901025772,0.4311792552471161,0.3007017970085144,-0.04616596922278404,0.42234474420547485,0.23993748426437378,-0.06193491816520691,0.5117939114570618,0.47048333287239075,-0.010608337819576263,0.5166871547698975,0.3467172682285309,-0.026020921766757965,0.5170659422874451,0.27050694823265076,-0.043805960565805435,0.5174378156661987,0.2042849063873291,-0.05783399939537048,0.5557215213775635,0.49299806356430054,-0.02160710282623768,0.5690303444862366,0.3805985450744629,-0.04040604084730148,0.5747742652893066,0.3084114193916321,-0.05401649698615074,0.5778444409370422,0.24223065376281738,-0.06436776369810104,0.5958520174026489,0.5350538492202759,-0.036126840859651566,0.6174152493476868,0.44949066638946533,-0.05333228036761284,0.6292965412139893,0.39213863015174866,-0.060007575899362564,0.6375854015350342,0.3365127444267273,-0.06490466743707657
0.5063649415969849,0.7822383642196655,3.581184273571125e-07,0.4338572025299072,0.7154332399368286,-0.0315316803753376,0.3921751379966736,0.60381680727005,-0.0435950830578804,0.3762141168117523,0.5019946098327637,-0.053856827318668365,0.34994596242904663,0.41841262578964233,-0.06314549595117569,0.45737481117248535,0.4741705656051636,-0.00789606012403965,0.44094961881637573,0.3652934432029724,-0.028479984030127525,0.42856985330581665,0.3006640076637268,-0.04882209748029709,0.42056596279144287,0.23954808712005615,-0.06499520689249039,0.5090423226356506,0.4703480005264282,-0.01205653976649046,0.5138365626335144,0.3467676341533661,-0.02808002382516861,0.5146877765655518,0.2704041004180908,-0.04679768532514572,0.515496015548706,0.20245862007141113,-0.06181904301047325,0.5528681874275208,0.49381691217422485,-0.02262060157954693,0.5669947862625122,0.3818128705024719,-0.042493123561143875,0.5729738473892212,0.3089720904827118,-0.0574246384203434,0.5759456753730774,0.2400556206703186,-0.06891989707946777,0.5926219820976257,0.5365584492683411,-0.03680026903748512,0.613623857498169,0.4515805244445801,-0.05540495738387108,0.6248973608016968,0.39381539821624756,-0.06343818455934525,0.632266640663147,0.3362758159637451,-0.06954062730073929
0.5055885910987854,0.7820910811424255,3.557079253369011e-07,0.4343576431274414,0.7144755125045776,-0.030677707865834236,0.39243853092193604,0.6029178500175476,-0.04247955605387688,0.3757169544696808,0.5012773275375366,-0.0527450367808342,0.3502700924873352,0.41911083459854126,-0.062061041593551636,0.4573238492012024,0.4742977023124695,-0.007897632196545601,0.4408743679523468,0.365730345249176,-0.02916198968887329,0.4280073046684265,0.30035799741744995,-0.04996742680668831,0.419504314661026,0.23935741186141968,-0.06613148748874664,0.5082507133483887,0.4702412784099579,-0.01219995692372322,0.514587938785553,0.3465577960014343,-0.028511086478829384,0.515484094619751,0.2699454426765442,-0.04683845862746239,0.5160043835639954,0.2028784155845642,-0.06123853847384453,0.5520035028457642,0.49309608340263367,-0.022799260914325714,0.5664229989051819,0.38111138343811035,-0.04225714132189751,0.5716347694396973,0.3089846968650818,-0.056224171072244644,0.573811948299408,0.24229669570922852,-0.06677530705928802,0.5917446613311768,0.5353860259056091,-0.03702891990542412,0.6134648323059082,0.45002615451812744,-0.054534751921892166,0.625092625617981,0.3930220603942871,-0.061378441751003265,0.632817804813385,0.33752256631851196,-0.0664147213101387
0.5041782259941101,0.7827145457267761,3.464729445568082e-07,0.4312314987182617,0.7147232890129089,-0.02948075532913208,0.38865917921066284,0.6048029065132141,-0.040499910712242126,0.3721332550048828,0.5035992860794067,-0.050407711416482925,0.34579139947891235,0.42132413387298584,-0.05950012430548668,0.45416688919067383,0.47511228919029236,-0.003921880852431059,0.43642953038215637,0.36622142791748047,-0.02395552583038807,0.4239065647125244,0.30075764656066895,-0.04442846402525902,0.41652238368988037,0.2392420470714569,-0.060817062854766846,0.5052322149276733,0.47044017910957336,-0.008930230513215065,0.5073076486587524,0.3467499613761902,-0.02471780776977539,0.507426917552948,0.2695089876651764,-0.0438547283411026,0.5084408521652222,0.20170503854751587,-0.059136245399713516,0.5492770671844482,0.49323147535324097,-0.020333122462034225,0.5609777569770813,0.3808104991912842,-0.03987722098827362,0.5660105347633362,0.30734336376190186,-0.05513042211532593,0.5686590671539307,0.23871800303459167,-0.06684287637472153,0.5901232361793518,0.5360670685768127,-0.035245828330516815,0.6102684140205383,0.45144376158714294,-0.05360151827335358,0.6205837726593018,0.3936365246772766,-0.061768073588609695,0.6272468566894531,0.33644241094589233,-0.06797047704458237
0.5033957958221436,0.7831357717514038,3.437990301335958e-07,0.4318438768386841,0.7151390314102173,-0.029961880296468735,0.38901448249816895,0.6048892736434937,-0.04152774065732956,0.37143605947494507,0.5036983489990234,-0.05180220678448677,0.34581655263900757,0.42175188660621643,-0.06113772839307785,0.45481112599372864,0.4764805734157562,-0.006735357455909252,0.43704116344451904,0.3676412105560303,-0.028088273480534554,0.4240051209926605,0.30193018913269043,-0.04904872179031372,0.4162241518497467,0.24051186442375183,-0.06542085856199265,0.5051348209381104,0.47175735235214233,-0.011438065208494663,0.5088481903076172,0.34780213236808777,-0.02807830646634102,0.5090206265449524,0.2708468735218048,-0.04672471061348915,0.5096210837364197,0.20359626412391663,-0.06133817508816719,0.5489875078201294,0.49413156509399414,-0.022439919412136078,0.5615431666374207,0.3819579780101776,-0.042152613401412964,0.5665574073791504,0.30901116132736206,-0.0562606118619442,0.5688964128494263,0.24175643920898438,-0.06690935045480728,0.5895860195159912,0.5363636612892151,-0.037029772996902466,0.6102173328399658,0.45078009366989136,-0.05477515980601311,0.6209678053855896,0.3931242823600769,-0.06180538609623909,0.6277963519096375,0.33685415983200073,-0.06698433309793472
0.5024842023849487,0.7849055528640747,3.468460079147917e-07,0.4301733076572418,0.7161022424697876,-0.030640603974461555,0.3880974054336548,0.6056711673736572,-0.042656686156988144,0.3705443739891052,0.5037147402763367,-0.053332336246967316,0.34354066848754883,0.4208536744117737,-0.06308982521295547,0.45303812623023987,0.4767491817474365,-0.006372599862515926,0.4351585805416107,0.36734235286712646,-0.027346722781658173,0.42224979400634766,0.3015053868293762,-0.04827344790101051,0.41445282101631165,0.239488422870636,-0.06491704285144806,0.5036417245864868,0.4723694622516632,-0.010974337346851826,0.5054893493652344,0.34901827573776245,-0.0276334211230278,0.5051285624504089,0.27224767208099365,-0.046880800276994705,0.5052832961082458,0.20443308353424072,-0.06214660778641701,0.5478607416152954,0.49546507000923157,-0.021973611786961555,0.559322714805603,0.3825145959854126,-0.042034704238176346,0.5640564560890198,0.3090198040008545,-0.05700989067554474,0.565993070602417,0.240442156791687,-0.06843160092830658,0.5887559056282043,0.5383310317993164,-0.03657180070877075,0.6089434027671814,0.4524815082550049,-0.05500226840376854,0.6193317770957947,0.3941037654876709,-0.06299485266208649,0.6258987188339233,0.33659884333610535,-0.06901249289512634
0.5020192861557007,0.7847052812576294,3.466738007773529e-07,0.43067577481269836,0.7158349752426147,-0.030366720631718636,0.38877803087234497,0.6049616932868958,-0.04231143370270729,0.3712376356124878,0.5032326579093933,-0.05291299894452095,0.34473955631256104,0.42094388604164124,-0.06253229826688766,0.45344361662864685,0.477449893951416,-0.007031226065009832,0.4359378516674042,0.36850571632385254,-0.02850216068327427,0.4229948818683624,0.30293703079223633,-0.04956987500190735,0.4150054156780243,0.24102559685707092,-0.06615601480007172,0.5039532780647278,0.47260499000549316,-0.011659852229058743,0.5070512890815735,0.34900593757629395,-0.028502142056822777,0.5068350434303284,0.27227783203125,-0.04749432951211929,0.5069291591644287,0.20465520024299622,-0.062492288649082184,0.5479685068130493,0.4952118992805481,-0.02259879559278488,0.560199499130249,0.3828365206718445,-0.04248436167836189,0.5648359060287476,0.30914729833602905,-0.05687924847006798,0.5665208697319031,0.2410455048084259,-0.06784887611865997,0.5884152054786682,0.5376697778701782,-0.03714131563901901,0.6092429757118225,0.4522435665130615,-0.05504082515835762,0.6197442412376404,0.39405885338783264,-0.062349833548069,0.6259977221488953,0.3372364640235901,-0.06783248484134674
0.501717209815979,0.7816214561462402,3.654292868304765e-07,0.4305688738822937,0.7137758731842041,-0.031813427805900574,0.38883769512176514,0.6017686724662781,-0.0444529764354229,0.37174683809280396,0.4998721182346344,-0.055429115891456604,0.34522542357444763,0.4184432029724121,-0.0655374675989151,0.45387521386146545,0.47455087304115295,-0.00987099390476942,0.43758532404899597,0.3660983145236969,-0.032252755016088486,0.4247906804084778,0.301209032535553,-0.05376003682613373,0.4165496528148651,0.23980963230133057,-0.07041646540164948,0.5049567222595215,0.4711062014102936,-0.013943467289209366,0.5107951760292053,0.3475152850151062,-0.03133302181959152,0.5115609765052795,0.2713545858860016,-0.05033028870820999,0.5120677351951599,0.20427581667900085,-0.0652344673871994,0.5488359332084656,0.4945797026157379,-0.02438381500542164,0.5629992485046387,0.3823336660861969,-0.04478917270898819,0.5675792694091797,0.3103947043418884,-0.059161681681871414,0.569209098815918,0.24393761157989502,-0.06986702978610992,0.5888426303863525,0.5374523401260376,-0.038518160581588745,0.6108930706977844,0.4510992765426636,-0.05690153315663338,0.6224615573883057,0.3930025100708008,-0.06439700722694397,0.629927396774292,0.33645081520080566,-0.06981085240840912
0.5025553703308105,0.7818599939346313,3.6513000623017433e-07,0.43035534024238586,0.7146256566047668,-0.03261625021696091,0.38872888684272766,0.603797972202301,-0.045471951365470886,0.37185922265052795,0.5017442107200623,-0.05651400238275528,0.3457472026348114,0.4192025065422058,-0.06655188649892807,0.4536655843257904,0.4753754138946533,-0.00955164898186922,0.43759697675704956,0.3658064007759094,-0.03139674291014671,0.4250514805316925,0.30024439096450806,-0.05262965336441994,0.417182594537735,0.23838147521018982,-0.06918767094612122,0.5048982501029968,0.4714832603931427,-0.013148956000804901,0.5095024704933167,0.3477606177330017,-0.03010055609047413,0.5099701881408691,0.27127307653427124,-0.04896990954875946,0.5105434060096741,0.20384064316749573,-0.06381227821111679,0.5490935444831848,0.4945234954357147,-0.02320479042828083,0.562720537185669,0.38200899958610535,-0.043133798986673355,0.5676670074462891,0.3096539378166199,-0.05740403011441231,0.5698540210723877,0.24254271388053894,-0.06815733760595322,0.5896962285041809,0.5369178652763367,-0.037070829421281815,0.6113637089729309,0.4508734345436096,-0.0550336129963398,0.6228074431419373,0.39277714490890503,-0.06242963299155235,0.6303768157958984,0.336156964302063,-0.06785717606544495
0.5051050186157227,0.7823426723480225,3.6507890399661846e-07,0.4304945170879364,0.7161981463432312,-0.030659446492791176,0.3882182538509369,0.6015478372573853,-0.041047073900699615,0.37206101417541504,0.49568402767181396,-0.0499478280544281,0.3446526825428009,0.41375744342803955,-0.05783126503229141,0.4543665051460266,0.474610835313797,-0.0043569281697273254,0.4371836185455322,0.36435312032699585,-0.02384103462100029,0.42484110593795776,0.2989836633205414,-0.04383667930960655,0.4172544777393341,0.2371429204940796,-0.05976259335875511,0.5053841471672058,0.4692191183567047,-0.008041872642934322,0.5096198916435242,0.34502485394477844,-0.022615058347582817,0.510309100151062,0.2681434452533722,-0.04043673351407051,0.5113818049430847,0.201231449842453,-0.05471677705645561,0.5494544506072998,0.49138471484184265,-0.018237344920635223,0.5620207190513611,0.3795570731163025,-0.03627125918865204,0.5667117834091187,0.30681926012039185,-0.05016210675239563,0.5689746141433716,0.2400546669960022,-0.06091255322098732,0.5905276536941528,0.5327671766281128,-0.03219608962535858,0.6118108034133911,0.4471072852611542,-0.048782140016555786,0.6227129101753235,0.3898095190525055,-0.055690135806798935,0.6301354765892029,0.3338478207588196,-0.060960859060287476
0.504707932472229,0.7840794324874878,3.6553461768562556e-07,0.4309897720813751,0.7163340449333191,-0.02955636754631996,0.3887876272201538,0.6016037464141846,-0.03954293951392174,0.37246233224868774,0.49628615379333496,-0.04840879514813423,0.344856858253479,0.41480469703674316,-0.0563276968896389,0.4546883702278137,0.4739329218864441,-0.0020667852368205786,0.43744349479675293,0.3649919033050537,-0.021318238228559494,0.42467033863067627,0.3001463711261749,-0.04143514484167099,0.4166282117366791,0.23891106247901917,-0.057432953268289566,0.5055822730064392,0.46872466802597046,-0.0063658906146883965,0.5105192065238953,0.345112681388855,-0.020827695727348328,0.5112507939338684,0.26809120178222656,-0.03883114829659462,0.512253999710083,0.2012975513935089,-0.05317387357354164,0.5494174361228943,0.4910559058189392,-0.017224647104740143,0.562550961971283,0.3789544999599457,-0.035264838486909866,0.5669230818748474,0.3068644404411316,-0.04919980466365814,0.5687341094017029,0.24093154072761536,-0.0598900131881237,0.5899238586425781,0.5329422354698181,-0.031776558607816696,0.6115970015525818,0.44728004932403564,-0.04826536402106285,0.6225237846374512,0.38997429609298706,-0.05507157742977142,0.6298297643661499,0.33404141664505005,-0.060234565287828445
0.5046461820602417,0.7802326679229736,3.637215115759318e-07,0.4305608570575714,0.7130254507064819,-0.032569799572229385,0.38657909631729126,0.6039239764213562,-0.04575420916080475,0.3690076768398285,0.5018557906150818,-0.05718724802136421,0.3412913382053375,0.41904503107070923,-0.06754740327596664,0.45080310106277466,0.47245100140571594,-0.007828128524124622,0.43350058794021606,0.36350852251052856,-0.029647937044501305,0.4206567406654358,0.29880020022392273,-0.05134649574756622,0.41227418184280396,0.2372436225414276,-0.06837906688451767,0.5019956231117249,0.4676341712474823,-0.011254040524363518,0.5039315819740295,0.3454729914665222,-0.028440043330192566,0.5032944083213806,0.2700260579586029,-0.047933101654052734,0.5035116076469421,0.20253130793571472,-0.06338276714086533,0.5465746521949768,0.4899435341358185,-0.021255075931549072,0.5583153963088989,0.3779202401638031,-0.041722144931554794,0.5623118281364441,0.3057365417480469,-0.056485865265131,0.5638805627822876,0.23818066716194153,-0.06760860979557037,0.5883638858795166,0.5317733287811279,-0.03501936420798302,0.6089677810668945,0.446723997592926,-0.05380263924598694,0.6192477345466614,0.38891133666038513,-0.06171080842614174,0.6258329153060913,0.3319959044456482,-0.06750230491161346
0.5053065419197083,0.7805489301681519,3.751470103452448e-07,0.4315177798271179,0.7131038904190063,-0.031516700983047485,0.3879213035106659,0.6037076115608215,-0.04399493336677551,0.3700404763221741,0.5015435814857483,-0.05493734031915665,0.3424055874347687,0.4194517135620117,-0.06474172323942184,0.451445996761322,0.4733911454677582,-0.006911254022270441,0.434228777885437,0.3644334673881531,-0.02847275510430336,0.4210531711578369,0.2992413640022278,-0.04982606694102287,0.41246336698532104,0.23793348670005798,-0.06636138260364532,0.5020554065704346,0.468159556388855,-0.01056751050055027,0.5042399764060974,0.34539100527763367,-0.027148503810167313,0.503547191619873,0.2691475749015808,-0.0457347147166729,0.5036823749542236,0.20290035009384155,-0.06025432050228119,0.5465666651725769,0.4898858368396759,-0.020757047459483147,0.5591412782669067,0.37721097469329834,-0.04034151881933212,0.5627617835998535,0.3051659166812897,-0.05419912189245224,0.5638260245323181,0.23956534266471863,-0.06451195478439331,0.5881045460700989,0.5311532616615295,-0.03468376398086548,0.6095858216285706,0.44543445110321045,-0.052285902202129364,0.619971513748169,0.3875628709793091,-0.059301115572452545,0.6262640357017517,0.3316613435745239,-0.06427710503339767
0.5149127840995789,0.7735694646835327,3.313522540793201e-07,0.4365510642528534,0.7175140976905823,-0.03175751119852066,0.3837645351886749,0.6142368316650391,-0.04505791887640953,0.3609025776386261,0.5152950882911682,-0.05687568709254265,0.3294079303741455,0.43980836868286133,-0.06756134331226349,0.44182491302490234,0.4755432605743408,-0.008186204358935356,0.41927871108055115,0.37057000398635864,-0.03039742261171341,0.401319295167923,0.30679893493652344,-0.05245887488126755,0.38742339611053467,0.24806436896324158,-0.06939028203487396,0.49109816551208496,0.4645901322364807,-0.01125460583716631,0.4881436228752136,0.342136025428772,-0.028279975056648254,0.4816039800643921,0.2671634256839752,-0.04634994640946388,0.47600772976875305,0.20254462957382202,-0.06040134280920029,0.536302924156189,0.4803082346916199,-0.020733296871185303,0.5404122471809387,0.3635510206222534,-0.03923555463552475,0.5377155542373657,0.29408469796180725,-0.05123545974493027,0.5336685180664062,0.2330288290977478,-0.06028086692094803,0.5813339352607727,0.5156813859939575,-0.03422606363892555,0.5965570211410522,0.42594727873802185,-0.05053853988647461,0.6027959585189819,0.36664724349975586,-0.056518662720918655,0.6060137748718262,0.31151145696640015,-0.06074408069252968
0.515143871307373,0.7747112512588501,3.4988605079888657e-07,0.4368123412132263,0.7165388464927673,-0.02811475843191147,0.3851642310619354,0.6119717359542847,-0.03872241824865341,0.36101388931274414,0.5136829614639282,-0.04832475259900093,0.3297904431819916,0.43866387009620667,-0.056718405336141586,0.4413745403289795,0.4724970757961273,-0.0032758095767349005,0.41911444067955017,0.3659687638282776,-0.02346760407090187,0.40177470445632935,0.3036171793937683,-0.04409155622124672,0.38829225301742554,0.2461334466934204,-0.06003778055310249,0.4903421700000763,0.4636860489845276,-0.0079851895570755,0.48725467920303345,0.34395575523376465,-0.023512836545705795,0.48182404041290283,0.2699502408504486,-0.041495829820632935,0.47700101137161255,0.2055356502532959,-0.05559370666742325,0.5349122285842896,0.48055166006088257,-0.018998892977833748,0.5429009199142456,0.3702806234359741,-0.037542033940553665,0.5432651042938232,0.30046790838241577,-0.05065425485372543,0.5408542156219482,0.23815542459487915,-0.060450054705142975,0.5782448649406433,0.5165581107139587,-0.03359229862689972,0.5967506170272827,0.4297330975532532,-0.05074262619018555,0.6039527654647827,0.371661901473999,-0.05752374976873398,0.6069886684417725,0.3165070414543152,-0.06223967298865318
0.53131103515625,0.7582461833953857,3.9598717194166966e-07,0.4462150037288666,0.7105237245559692,-0.03163353353738785,0.3834648132324219,0.6181478500366211,-0.045199837535619736,0.3486140966415405,0.5263941884040833,-0.05788784474134445,0.3086497187614441,0.4583657383918762,-0.06924711167812347,0.42096224427223206,0.47369229793548584,-0.002508680336177349,0.38765451312065125,0.3716185688972473,-0.025151249021291733,0.365605890750885,0.3100436329841614,-0.047737594693899155,0.34672313928604126,0.2551926076412201,-0.064549021422863,0.4717833697795868,0.4553757309913635,-0.00590873509645462,0.46119898557662964,0.33506619930267334,-0.024171188473701477,0.4497576653957367,0.26329338550567627,-0.04375721514225006,0.43767136335372925,0.2036752700805664,-0.05799731984734535,0.519525408744812,0.4642851650714874,-0.01624974049627781,0.5105916857719421,0.34992820024490356,-0.037316467612981796,0.4987441599369049,0.2801100015640259,-0.05177024379372597,0.4858633875846863,0.2199689745903015,-0.061273444443941116,0.5690990090370178,0.49280649423599243,-0.030353277921676636,0.5765553116798401,0.4006999433040619,-0.04812232777476311,0.5761999487876892,0.3412541449069977,-0.055082712322473526,0.5724115967750549,0.2863609790802002,-0.059491995722055435
0.5324612855911255,0.7597142457962036,4.070143972967344e-07,0.44724446535110474,0.712990403175354,-0.03030579537153244,0.38645026087760925,0.617767333984375,-0.04211311414837837,0.3502019941806793,0.5249572992324829,-0.05285511910915375,0.30895426869392395,0.4562694728374481,-0.062459636479616165,0.422447144985199,0.47588369250297546,-0.004273833241313696,0.3892645239830017,0.37378638982772827,-0.027464134618639946,0.3660276532173157,0.3125089704990387,-0.05015000328421593,0.34639817476272583,0.25535279512405396,-0.06721720099449158,0.47214874625205994,0.4574754238128662,-0.008142645470798016,0.46146076917648315,0.33887916803359985,-0.026470931246876717,0.45019009709358215,0.2669356167316437,-0.04584294185042381,0.4390140175819397,0.2032892405986786,-0.06029053032398224,0.5191168189048767,0.4657025635242462,-0.01865232363343239,0.5138211250305176,0.3554559350013733,-0.03968945890665054,0.5034452676773071,0.2865615487098694,-0.053063057363033295,0.49131157994270325,0.22414520382881165,-0.06233969330787659,0.5668472647666931,0.4936053454875946,-0.03286409378051758,0.5756017565727234,0.4044857323169708,-0.0518171563744545,0.5748233199119568,0.34445661306381226,-0.058751754462718964,0.5700004696846008,0.2870866060256958,-0.0630352646112442
0.556824803352356,0.7433047294616699,3.744374907910242e-07,0.4654974937438965,0.7079347372055054,-0.02901417575776577,0.39660248160362244,0.6210895776748657,-0.03936263918876648,0.3546867370605469,0.5304514765739441,-0.049067556858062744,0.3081592917442322,0.46804994344711304,-0.05759313702583313,0.4217422604560852,0.47840601205825806,0.003412798047065735,0.3734798729419708,0.38671380281448364,-0.016424575820565224,0.342603862285614,0.33128100633621216,-0.037686802446842194,0.31754395365715027,0.27721190452575684,-0.05415373668074608,0.46953025460243225,0.45101824402809143,-0.000384695507818833,0.4419412612915039,0.33310434222221375,-0.015809377655386925,0.42202645540237427,0.2604772746562958,-0.03491668775677681,0.40437260270118713,0.19786646962165833,-0.04954497888684273,0.5170522928237915,0.4525708556175232,-0.01105169951915741,0.49777987599372864,0.340395987033844,-0.029588857665657997,0.4797573685646057,0.27297884225845337,-0.0436154305934906,0.46219632029533386,0.2147827446460724,-0.05348745360970497,0.5676716566085815,0.4735296964645386,-0.025356438010931015,0.5614966750144958,0.38035181164741516,-0.04089328274130821,0.5539672374725342,0.32215166091918945,-0.04656798392534256,0.5443088412284851,0.2685721218585968,-0.050491638481616974
0.5582512021064758,0.7476901412010193,4.025648365768575e-07,0.46891626715660095,0.7132198214530945,-0.030347414314746857,0.4002116918563843,0.6231468319892883,-0.04052811861038208,0.3561704754829407,0.5313040614128113,-0.049682363867759705,0.3066590428352356,0.46634653210639954,-0.057796258479356766,0.42333418130874634,0.48330217599868774,-0.0005096080130897462,0.3754940927028656,0.39074209332466125,-0.022677315399050713,0.3447113037109375,0.33531704545021057,-0.045095037668943405,0.3186395466327667,0.2800859808921814,-0.062148317694664,0.4699183702468872,0.4538606107234955,-0.004336600657552481,0.44371509552001953,0.33461642265319824,-0.021071618422865868,0.4242655038833618,0.2615414261817932,-0.0408543199300766,0.40651023387908936,0.19673699140548706,-0.055794935673475266,0.516916811466217,0.4541638493537903,-0.014991799369454384,0.49852678179740906,0.34209638833999634,-0.03496996685862541,0.4821169674396515,0.27311959862709045,-0.04913880303502083,0.46440592408180237,0.21129074692726135,-0.05897842347621918,0.5660874843597412,0.47446295619010925,-0.029383856803178787,0.5620352625846863,0.38268226385116577,-0.046545904129743576,0.555084764957428,0.3238579332828522,-0.05260884761810303,0.5447240471839905,0.26935580372810364,-0.05661755055189133
0.5799688100814819,0.7281082272529602,3.518385085499176e-07,0.48818692564964294,0.7043843865394592,-0.0264498982578516,0.4130305051803589,0.6231423020362854,-0.03311007097363472,0.3657909333705902,0.5348964333534241,-0.03969816118478775,0.31603673100471497,0.4768826961517334,-0.04474771022796631,0.425351083278656,0.47901397943496704,0.011245327070355415,0.3702288269996643,0.395628422498703,-0.0056860800832509995,0.3357962369918823,0.3453390300273895,-0.02561022713780403,0.30690059065818787,0.29468029737472534,-0.04142728075385094,0.4695926010608673,0.44416218996047974,0.006806553341448307,0.43343430757522583,0.3300290107727051,-0.005847059655934572,0.4095694422721863,0.260231614112854,-0.02394358441233635,0.38812848925590515,0.19872575998306274,-0.037995677441358566,0.5157586336135864,0.4391784369945526,-0.004746443126350641,0.49005988240242004,0.32951998710632324,-0.02172902040183544,0.46979883313179016,0.26301097869873047,-0.03593456745147705,0.44909361004829407,0.20456284284591675,-0.04604378342628479,0.5669894814491272,0.4527393877506256,-0.019895901903510094,0.556421160697937,0.3597666621208191,-0.03422214835882187,0.5465040802955627,0.30295899510383606,-0.03948124498128891,0.5337532758712769,0.25031018257141113,-0.04331965744495392
0.5796336531639099,0.7280198335647583,3.9788847061572596e-07,0.48942047357559204,0.7006874680519104,-0.029588576406240463,0.41635212302207947,0.6204342246055603,-0.03851162642240524,0.36701446771621704,0.5353719592094421,-0.04674403369426727,0.3141348361968994,0.4751540422439575,-0.0533883199095726,0.42637431621551514,0.47878381609916687,0.0070521775633096695,0.37199223041534424,0.3961578607559204,-0.01299133151769638,0.3375614285469055,0.34770143032073975,-0.03459224849939346,0.30734747648239136,0.29936954379081726,-0.05102752521634102,0.470146119594574,0.4425036907196045,0.0034239566884934902,0.4351721405982971,0.32909297943115234,-0.011067025363445282,0.41138166189193726,0.2603042721748352,-0.029858076944947243,0.38998720049858093,0.19965925812721252,-0.04405338317155838,0.5164949893951416,0.43669283390045166,-0.00760335847735405,0.49092230200767517,0.32853609323501587,-0.026315784081816673,0.46995654702186584,0.262237548828125,-0.040137287229299545,0.447925329208374,0.20293429493904114,-0.04965347796678543,0.5665304660797119,0.45076271891593933,-0.0224616676568985,0.556307315826416,0.3611386716365814,-0.03845915198326111,0.5450644493103027,0.30434751510620117,-0.043828800320625305,0.5303841829299927,0.2518635392189026,-0.047380220144987106
0.6031976938247681,0.7011050581932068,3.5886995419787127e-07,0.5108035206794739,0.6845552325248718,-0.028340689837932587,0.43152713775634766,0.6141840815544128,-0.035430632531642914,0.3781058192253113,0.5330651998519897,-0.04218636825680733,0.3243110179901123,0.480203777551651,-0.04706694185733795,0.4308013916015625,0.4734128415584564,0.01388461608439684,0.37056097388267517,0.39729025959968567,-0.002259078435599804,0.3338959217071533,0.3528406322002411,-0.022448739036917686,0.30253851413726807,0.3062985837459564,-0.03863123431801796,0.47119665145874023,0.4324626922607422,0.0108152711763978,0.42586901783943176,0.32499754428863525,-0.0006698292563669384,0.3974236845970154,0.2602143883705139,-0.019114268943667412,0.37259605526924133,0.2019096314907074,-0.0336548313498497,0.5153805613517761,0.42177489399909973,0.00022560996876563877,0.48140832781791687,0.3176595866680145,-0.01573628932237625,0.45768266916275024,0.25473666191101074,-0.029828518629074097,0.43503162264823914,0.19892919063568115,-0.04011121764779091,0.5665732622146606,0.42848336696624756,-0.01428426057100296,0.5491998195648193,0.3412327766418457,-0.027931036427617073,0.5350062251091003,0.286639004945755,-0.033238813281059265,0.519340455532074,0.23469743132591248,-0.037286531180143356
0.6015068888664246,0.7009888291358948,4.131829030029621e-07,0.5092968344688416,0.6849223375320435,-0.031158698722720146,0.43228936195373535,0.6127356290817261,-0.039425794035196304,0.3778514266014099,0.5329679250717163,-0.046414848417043686,0.32207930088043213,0.4777166545391083,-0.0515584722161293,0.4311208426952362,0.4722776710987091,0.008353161625564098,0.3718414902687073,0.39475342631340027,-0.010577154345810413,0.33517777919769287,0.34891727566719055,-0.031522881239652634,0.303621381521225,0.3026236593723297,-0.04743748530745506,0.4719761610031128,0.4312441647052765,0.00657509034499526,0.42758774757385254,0.3233242630958557,-0.006423074286431074,0.398343026638031,0.25801122188568115,-0.02478705905377865,0.37283316254615784,0.1999017894268036,-0.03884468972682953,0.5172452330589294,0.42032870650291443,-0.0028085000813007355,0.48389795422554016,0.3172045946121216,-0.020030777901411057,0.4594131112098694,0.2543465495109558,-0.033386681228876114,0.43527594208717346,0.19889408349990845,-0.04279041290283203,0.5678132772445679,0.42710697650909424,-0.016264060512185097,0.5514510869979858,0.34095796942710876,-0.031027832999825478,0.5365767478942871,0.2869728207588196,-0.03608990088105202,0.5192376971244812,0.23693940043449402,-0.03952424228191376
0.6180917024612427,0.6687940955162048,4.0433317849419836e-07,0.5298579931259155,0.6588141918182373,-0.033301714807748795,0.44881588220596313,0.6018242239952087,-0.04464446380734444,0.3923527002334595,0.5288320779800415,-0.05446554347872734,0.33639752864837646,0.4768267869949341,-0.06202154606580734,0.4369128346443176,0.4638115167617798,0.003405882278457284,0.3727697432041168,0.39451175928115845,-0.016599668189883232,0.33466506004333496,0.3537643551826477,-0.03813941031694412,0.30213451385498047,0.3099404573440552,-0.05473937839269638,0.47287338972091675,0.41924259066581726,0.0022895904257893562,0.42155393958091736,0.31646478176116943,-0.012134573422372341,0.39012253284454346,0.2558886408805847,-0.030795369297266006,0.36283165216445923,0.20042189955711365,-0.045320216566324234,0.5147274136543274,0.40418553352355957,-0.006453248672187328,0.47622498869895935,0.3037739098072052,-0.024522989988327026,0.44845348596572876,0.24366755783557892,-0.039008643478155136,0.42185306549072266,0.19058683514595032,-0.04952514171600342,0.5644485950469971,0.40624165534973145,-0.01943271793425083,0.5456903576850891,0.32343563437461853,-0.034689802676439285,0.529147207736969,0.27036482095718384,-0.0412457138299942,0.5105364918708801,0.22133412957191467,-0.04615187272429466
0.6174867153167725,0.6660051345825195,4.419294441504462e-07,0.5272929668426514,0.6588234901428223,-0.03513231500983238,0.4472634196281433,0.6007891893386841,-0.04618455097079277,0.3896167576313019,0.5286136865615845,-0.05520622804760933,0.3317731022834778,0.47610634565353394,-0.06218501552939415,0.4363675117492676,0.461972177028656,0.0034951800480484962,0.37340325117111206,0.3926442861557007,-0.016868995502591133,0.33466288447380066,0.3513818383216858,-0.03862873837351799,0.3013090491294861,0.3080481290817261,-0.05519690364599228,0.47386035323143005,0.4177580177783966,0.003260999219492078,0.4235346019268036,0.3176844120025635,-0.011412203311920166,0.3904356360435486,0.256672203540802,-0.030877670273184776,0.3610472083091736,0.2011091411113739,-0.045837074518203735,0.5174325704574585,0.402641236782074,-0.0048641012981534,0.4794286787509918,0.30545637011528015,-0.023561635985970497,0.4518629014492035,0.24548791348934174,-0.03816258907318115,0.4245355725288391,0.19211506843566895,-0.0485275499522686,0.5670575499534607,0.4040205180644989,-0.017331156879663467,0.5474438667297363,0.32256248593330383,-0.033477384597063065,0.5308369994163513,0.2704647183418274,-0.04002345725893974,0.5118911266326904,0.2218993604183197,-0.04467138648033142
0.6254850029945374,0.6409205198287964,4.0377554455517384e-07,0.5377723574638367,0.6398055553436279,-0.03476135805249214,0.45569050312042236,0.5915355086326599,-0.04639474302530289,0.3978864252567291,0.5238749384880066,-0.055856525897979736,0.34075766801834106,0.4759230315685272,-0.06278958171606064,0.43673965334892273,0.4548455774784088,0.003144413698464632,0.3715927004814148,0.3923812210559845,-0.0165876355022192,0.3322296738624573,0.3565588891506195,-0.03828848898410797,0.29750025272369385,0.3174833059310913,-0.054831065237522125,0.47137367725372314,0.408072829246521,0.0035613386426120996,0.4168243408203125,0.31451037526130676,-0.009662003256380558,0.3841002881526947,0.259136825799942,-0.027730366215109825,0.35521310567855835,0.20704707503318787,-0.04195092245936394,0.5126679539680481,0.389862596988678,-0.003739413572475314,0.4700387418270111,0.29845380783081055,-0.02006572112441063,0.4418364465236664,0.24353574216365814,-0.03247540444135666,0.41506630182266235,0.19406741857528687,-0.04171037673950195,0.5626558065414429,0.38669049739837646,-0.015531708486378193,0.5385324954986572,0.3095250725746155,-0.028825577348470688,0.5203668475151062,0.2611384391784668,-0.03341135382652283,0.5010512471199036,0.21553820371627808,-0.036901798099279404
0.6236116886138916,0.6407657861709595,4.4651852704191697e-07,0.5335390567779541,0.639728307723999,-0.0361289419233799,0.45308396220207214,0.5900305509567261,-0.04787517338991165,0.39398056268692017,0.5232555866241455,-0.05727376788854599,0.33561545610427856,0.47235411405563354,-0.06445212662220001,0.43610188364982605,0.45452678203582764,0.0041533163748681545,0.3721117377281189,0.39010438323020935,-0.015224420465528965,0.3317893147468567,0.35310661792755127,-0.03673620522022247,0.29599475860595703,0.3139992952346802,-0.05331913381814957,0.4722915291786194,0.4090329110622406,0.0049697281792759895,0.41972875595092773,0.31609684228897095,-0.008340760134160519,0.38507628440856934,0.2602181136608124,-0.027260160073637962,0.3535202145576477,0.20923952758312225,-0.042153142392635345,0.5149052143096924,0.3913112282752991,-0.0022751709911972284,0.4728712737560272,0.2996574640274048,-0.01993027701973915,0.443355917930603,0.24421007931232452,-0.03400791436433792,0.4138563871383667,0.19473743438720703,-0.04422437399625778,0.5637314915657043,0.38858604431152344,-0.013956132344901562,0.5397596955299377,0.310608446598053,-0.029715366661548615,0.5208117365837097,0.2614228129386902,-0.03634761646389961,0.4997044503688812,0.21489626169204712,-0.041147757321596146
0.6277985572814941,0.6230859756469727,4.370239707895962e-07,0.5394068360328674,0.6268834471702576,-0.035864003002643585,0.458242803812027,0.5830124020576477,-0.04708288609981537,0.3992818593978882,0.518232524394989,-0.055906910449266434,0.3424801230430603,0.4682212471961975,-0.062186338007450104,0.4335521161556244,0.45003417134284973,0.006560926325619221,0.36865729093551636,0.3917902112007141,-0.011316238902509212,0.32835525274276733,0.35875752568244934,-0.032159559428691864,0.2920755445957184,0.32319098711013794,-0.04833443835377693,0.46742650866508484,0.4017827808856964,0.008204716257750988,0.4112027585506439,0.31301969289779663,-0.0035074655897915363,0.3762122392654419,0.26022225618362427,-0.0210689976811409,0.3443443179130554,0.21137215197086334,-0.03489537164568901,0.5087100267410278,0.38209468126296997,0.0017003578832373023,0.463107168674469,0.2945917248725891,-0.014445952139794827,0.433289498090744,0.24232818186283112,-0.027551863342523575,0.40463411808013916,0.19459295272827148,-0.03713187947869301,0.5585722327232361,0.3763589859008789,-0.009343225508928299,0.5319830775260925,0.30150479078292847,-0.02348688244819641,0.5128071904182434,0.25481289625167847,-0.029216447845101357,0.4924393892288208,0.209940567612648,-0.03339579701423645
0.6267864108085632,0.6229913830757141,4.787839884556888e-07,0.5354783535003662,0.6261671781539917,-0.03785082697868347,0.4554058313369751,0.5820618867874146,-0.049425672739744186,0.3960714340209961,0.5171715617179871,-0.05834125727415085,0.33776652812957764,0.46480411291122437,-0.06479403376579285,0.43284332752227783,0.45017972588539124,0.007295783143490553,0.3666034936904907,0.39103803038597107,-0.009333010762929916,0.3262166380882263,0.35706421732902527,-0.029288647696375847,0.2902172803878784,0.3206670880317688,-0.04509226605296135,0.4682023823261261,0.4029623866081238,0.00965186022222042,0.4110749065876007,0.3152506947517395,-0.0009455805411562324,0.3750040531158447,0.2616591453552246,-0.01880303956568241,0.3425218462944031,0.21278560161590576,-0.03319985046982765,0.5105631351470947,0.38376954197883606,0.0034799010027199984,0.46513670682907104,0.29520469903945923,-0.012715654447674751,0.434059202671051,0.24085745215415955,-0.02728750742971897,0.4036337435245514,0.1917136311531067,-0.038128044456243515,0.5602318644523621,0.3777610659599304,-0.007312186062335968,0.533406674861908,0.3021770119667053,-0.022796109318733215,0.5132142901420593,0.25437021255493164,-0.030278155580163002,0.4905986785888672,0.20843276381492615,-0.03587353602051735
0.6299139261245728,0.6089518666267395,4.357982561487006e-07,0.5414353013038635,0.6183464527130127,-0.03669415041804314,0.4590832591056824,0.5767731666564941,-0.047328636050224304,0.3986275792121887,0.5133947134017944,-0.05521164461970329,0.34124046564102173,0.4639062285423279,-0.06041691452264786,0.4319332540035248,0.4465799033641815,0.006688278168439865,0.3642827570438385,0.39089956879615784,-0.009664656594395638,0.3227943181991577,0.3596203625202179,-0.029022684320807457,0.2853752374649048,0.3253781497478485,-0.04422639682888985,0.4646604657173157,0.39720773696899414,0.009213458746671677,0.4050602614879608,0.31275826692581177,-0.0006468401988968253,0.36864393949508667,0.2623502016067505,-0.0166495218873024,0.33608195185661316,0.21591335535049438,-0.029398376122117043,0.5054276585578918,0.3753296732902527,0.0034541732165962458,0.4569147527217865,0.2911487817764282,-0.011144210584461689,0.42531996965408325,0.24014721810817719,-0.023491710424423218,0.3945268392562866,0.19299247860908508,-0.03276647627353668,0.5543338656425476,0.3659602105617523,-0.006972183473408222,0.524795651435852,0.29389312863349915,-0.02021973952651024,0.5039151310920715,0.24889305233955383,-0.02567138522863388,0.4816628396511078,0.20498670637607574,-0.029766658321022987
0.6293370723724365,0.6058570742607117,4.7028012772898364e-07,0.5399942398071289,0.6150096654891968,-0.038559313863515854,0.4579366445541382,0.574800968170166,-0.04968023672699928,0.39664024114608765,0.5132135152816772,-0.05780825763940811,0.33908671140670776,0.461346834897995,-0.06325376778841019,0.4302365779876709,0.44660714268684387,0.00662215705960989,0.36271387338638306,0.3912891149520874,-0.009100067429244518,0.32099005579948425,0.35979801416397095,-0.02784130722284317,0.2840934991836548,0.32616883516311646,-0.04269575700163841,0.463596373796463,0.39731907844543457,0.01003927644342184,0.4044409394264221,0.3134326934814453,0.000988689949735999,0.36792367696762085,0.26263177394866943,-0.01467984914779663,0.33550673723220825,0.21623855829238892,-0.027383480221033096,0.5050094127655029,0.3754103183746338,0.004759153351187706,0.4566168189048767,0.291073739528656,-0.010373206809163094,0.4237925112247467,0.23982858657836914,-0.0241945069283247,0.39128541946411133,0.1926063448190689,-0.03455699235200882,0.5538769364356995,0.3657834529876709,-0.005253967829048634,0.525094211101532,0.29306039214134216,-0.020482385531067848,0.5040010809898376,0.2476228028535843,-0.028150923550128937,0.48051467537879944,0.20300239324569702,-0.033814843744039536
0.6267640590667725,0.5983087420463562,4.423440032041981e-07,0.5400429368019104,0.6116080284118652,-0.036273617297410965,0.45759356021881104,0.5712496042251587,-0.046890467405319214,0.3958274722099304,0.5102810263633728,-0.054956432431936264,0.3383149802684784,0.4614003896713257,-0.060464587062597275,0.4280947744846344,0.4457125961780548,0.005194026045501232,0.3590656518936157,0.39243048429489136,-0.01216303464025259,0.31641730666160583,0.3629346787929535,-0.03146379441022873,0.278181791305542,0.3311595618724823,-0.04623096063733101,0.4599478244781494,0.3945837914943695,0.0074480208568274975,0.39922088384628296,0.31195926666259766,-0.0029331848490983248,0.3615524470806122,0.26302269101142883,-0.018661973997950554,0.32810890674591064,0.21847285330295563,-0.030948590487241745,0.500732958316803,0.37004876136779785,0.001541333505883813,0.4511011242866516,0.28746870160102844,-0.013143548741936684,0.417816698551178,0.2378903478384018,-0.025142714381217957,0.3854618966579437,0.19240257143974304,-0.034075312316417694,0.5491484999656677,0.35873451828956604,-0.008992735296487808,0.5185442566871643,0.28765469789505005,-0.02225702814757824,0.49642354249954224,0.24303537607192993,-0.027516799047589302,0.473018079996109,0.20008423924446106,-0.031334199011325836
0.6274152398109436,0.5966863036155701,4.5986391228325374e-07,0.5389236211776733,0.610636830329895,-0.03784055635333061,0.4565635323524475,0.5717459917068481,-0.049083489924669266,0.39476826786994934,0.5108444690704346,-0.05750923231244087,0.3369152545928955,0.45969584584236145,-0.06341435760259628,0.42816174030303955,0.4454156756401062,0.005268305540084839,0.3592601418495178,0.3921821415424347,-0.01137155294418335,0.3162919878959656,0.36243680119514465,-0.030412986874580383,0.2782292366027832,0.3305591642856598,-0.045227691531181335,0.4603573679924011,0.39496758580207825,0.008176760748028755,0.3994676172733307,0.3135690987110138,-0.0016075109597295523,0.361004114151001,0.26394110918045044,-0.017493698745965958,0.3271150290966034,0.21879872679710388,-0.030258135870099068,0.5011295676231384,0.3711186647415161,0.002636668737977743,0.45168185234069824,0.2885873317718506,-0.012273641303181648,0.4175991117954254,0.2389499694108963,-0.025410538539290428,0.3840516209602356,0.19336940348148346,-0.035384878516197205,0.5493417978286743,0.35959261655807495,-0.007609626743942499,0.5195330381393433,0.287590891122818,-0.022182192653417587,0.497467964887619,0.24208657443523407,-0.029123980551958084,0.473178893327713,0.1978152096271515,-0.03430931270122528
0.6251860857009888,0.5906210541725159,4.43631876123618e-07,0.540415346622467,0.6067250967025757,-0.03708688169717789,0.4580151438713074,0.5710797905921936,-0.04894687607884407,0.39571478962898254,0.5122352242469788,-0.057899728417396545,0.3376086950302124,0.4656461775302887,-0.06449118256568909,0.4256293475627899,0.4461326599121094,0.0006770200561732054,0.35490870475769043,0.39477625489234924,-0.017756808549165726,0.3115916848182678,0.36624500155448914,-0.037321362644433975,0.27257490158081055,0.33547115325927734,-0.052262790501117706,0.45629388093948364,0.39378541707992554,0.0028903381898999214,0.3931177258491516,0.3123525083065033,-0.009073106572031975,0.353439599275589,0.26503485441207886,-0.02570204995572567,0.31836962699890137,0.22216905653476715,-0.03849378228187561,0.49664223194122314,0.36788782477378845,-0.002702033845707774,0.44500845670700073,0.2852657437324524,-0.018856244161725044,0.41019487380981445,0.23607373237609863,-0.03199134021997452,0.37638354301452637,0.19094692170619965,-0.04161200299859047,0.544928252696991,0.35567033290863037,-0.012736362405121326,0.5136399865150452,0.2860044836997986,-0.027558118104934692,0.49082714319229126,0.24245929718017578,-0.03378772363066673,0.46633633971214294,0.20107892155647278,-0.038128629326820374
0.6262736916542053,0.5895537734031677,4.591649940266507e-07,0.5407418012619019,0.6056391000747681,-0.03773237764835358,0.45814409852027893,0.5700180530548096,-0.04972711205482483,0.3946603238582611,0.5120145678520203,-0.05890533700585365,0.3361601233482361,0.46257779002189636,-0.06553572416305542,0.4260910451412201,0.44447532296180725,0.0027529478538781404,0.35545262694358826,0.3930421471595764,-0.014896870590746403,0.31068843603134155,0.3649926781654358,-0.03401242569088936,0.27116280794143677,0.3352453112602234,-0.04862673953175545,0.45651793479919434,0.39365285634994507,0.005689029116183519,0.3937721848487854,0.3126060366630554,-0.004390978720039129,0.3542022109031677,0.26460352540016174,-0.01915346086025238,0.3193982243537903,0.22199882566928864,-0.0308386143296957,0.49688440561294556,0.368792861700058,0.000356782169546932,0.44510728120803833,0.2863737940788269,-0.014237277209758759,0.410464346408844,0.23821239173412323,-0.025844687595963478,0.3768067955970764,0.19490335881710052,-0.034625597298145294,0.5451910495758057,0.3567102551460266,-0.009696852415800095,0.5139762759208679,0.2853795289993286,-0.023612042888998985,0.4916020929813385,0.2408362776041031,-0.029418371617794037,0.4675421118736267,0.19836662709712982,-0.03363746404647827
0.6276730298995972,0.5861681699752808,4.155808142058959e-07,0.5419447422027588,0.6053951978683472,-0.03604232147336006,0.4587005376815796,0.5723006725311279,-0.04738174006342888,0.3957313299179077,0.5150308609008789,-0.05600301921367645,0.33672091364860535,0.46954241394996643,-0.0625823363661766,0.42568835616111755,0.44888681173324585,0.00012140556646045297,0.3534139096736908,0.3988304138183594,-0.018608469516038895,0.30880850553512573,0.37115055322647095,-0.03846733644604683,0.2681185007095337,0.34116464853286743,-0.05399471893906593,0.4557639956474304,0.39663583040237427,0.0012337180087342858,0.39026564359664917,0.31785154342651367,-0.012625386007130146,0.34869682788848877,0.27116110920906067,-0.031254034489393234,0.3111007809638977,0.22870494425296783,-0.04564466327428818,0.4957520663738251,0.3702678382396698,-0.005188317969441414,0.4423931837081909,0.2910441756248474,-0.023515991866588593,0.40619736909866333,0.24141442775726318,-0.03853312507271767,0.3708573877811432,0.19571898877620697,-0.04943843558430672,0.5440335869789124,0.35634809732437134,-0.015773072838783264,0.5109345316886902,0.2878016531467438,-0.03266368433833122,0.48744437098503113,0.2441629320383072,-0.04040541872382164,0.46198615431785583,0.2026137113571167,-0.04594743251800537
0.627963662147522,0.5840944051742554,4.408480549500382e-07,0.5416299700737,0.6037176251411438,-0.037366289645433426,0.459339439868927,0.5716215372085571,-0.048415862023830414,0.39636534452438354,0.5158866047859192,-0.056414082646369934,0.3379169702529907,0.4690456986427307,-0.06210951879620552,0.42442554235458374,0.4485509693622589,0.0021314045879989862,0.3522343635559082,0.39981111884117126,-0.01515358965843916,0.30732953548431396,0.3724195063114166,-0.03427368775010109,0.2672363817691803,0.34287357330322266,-0.0492594949901104,0.4544166028499603,0.3956495225429535,0.004684780724346638,0.38980573415756226,0.31730926036834717,-0.006533704698085785,0.34952598810195923,0.2708185315132141,-0.023243244737386703,0.3137320280075073,0.22972697019577026,-0.03650323301553726,0.4942042827606201,0.3692500591278076,-0.0007853605202399194,0.4413849115371704,0.2898079454898834,-0.017213845625519753,0.4054684042930603,0.24195528030395508,-0.031207561492919922,0.3702475130558014,0.19834621250629425,-0.041662540286779404,0.5421640276908875,0.3552350699901581,-0.010689850896596909,0.509416937828064,0.286681592464447,-0.026721343398094177,0.4860425591468811,0.2433764785528183,-0.03432713449001312,0.46045440435409546,0.20133906602859497,-0.03987225517630577
0.630128026008606,0.5809623599052429,4.062943332883151e-07,0.5459925532341003,0.603649914264679,-0.034931980073451996,0.4625846743583679,0.5772746801376343,-0.046514950692653656,0.39873790740966797,0.5240401029586792,-0.05561300367116928,0.3399120569229126,0.481914222240448,-0.06268945336341858,0.4252997934818268,0.45408332347869873,-0.0015258521307259798,0.3503912091255188,0.40799763798713684,-0.0213807113468647,0.3029382526874542,0.3819386959075928,-0.04183300957083702,0.25944438576698303,0.3543451130390167,-0.05771463364362717,0.45239031314849854,0.401513934135437,-0.0011015593772754073,0.3854997754096985,0.3263242244720459,-0.015933683142066002,0.3432914614677429,0.2814297676086426,-0.03455767408013344,0.3049883246421814,0.24068716168403625,-0.04875265806913376,0.4911886751651764,0.372932106256485,-0.007867924869060516,0.4369199275970459,0.2983534634113312,-0.026083648204803467,0.40000706911087036,0.24988973140716553,-0.03968813642859459,0.36411046981811523,0.20535150170326233,-0.04957343265414238,0.5390964150428772,0.35663607716560364,-0.018838727846741676,0.5043421387672424,0.2905248999595642,-0.0349380299448967,0.48002785444259644,0.24832698702812195,-0.041110388934612274,0.454264372587204,0.2087472379207611,-0.04545009136199951
0.6296294331550598,0.5790361166000366,4.3710031150112627e-07,0.5453636646270752,0.6026620864868164,-0.03615211322903633,0.46170544624328613,0.5762678384780884,-0.04827123135328293,0.39720022678375244,0.5246790051460266,-0.05747062712907791,0.3386330008506775,0.4815913438796997,-0.06456844508647919,0.42301300168037415,0.4540659487247467,-0.004214263055473566,0.34616389870643616,0.40795043110847473,-0.02499772049486637,0.2963813841342926,0.38095974922180176,-0.045702014118433,0.25226062536239624,0.35268765687942505,-0.061624735593795776,0.4509528577327728,0.4008569121360779,-0.0029877489432692528,0.384268581867218,0.3262665867805481,-0.018079424276947975,0.3427976369857788,0.28181132674217224,-0.03624754399061203,0.3054835796356201,0.24176988005638123,-0.05020025372505188,0.4900074601173401,0.37180596590042114,-0.00900358334183693,0.4354230761528015,0.29688936471939087,-0.027620190754532814,0.39849165081977844,0.2513009309768677,-0.04057447984814644,0.36247432231903076,0.20966632664203644,-0.05004635453224182,0.5379146933555603,0.35519689321517944,-0.019276106730103493,0.5038373470306396,0.2884092926979065,-0.03618720546364784,0.4798070788383484,0.24577130377292633,-0.042598508298397064,0.45396459102630615,0.2051985263824463,-0.04698759689927101
0.6347207427024841,0.5792785882949829,4.1619009039095545e-07,0.5518425107002258,0.6073319911956787,-0.03695400431752205,0.4692938029766083,0.5850154161453247,-0.05067317560315132,0.4037085771560669,0.5344399213790894,-0.061641547828912735,0.3414718508720398,0.498833030462265,-0.07082432508468628,0.426859974861145,0.4640156626701355,-0.007589982822537422,0.3465685248374939,0.42053139209747314,-0.030772047117352486,0.2951902747154236,0.39598792791366577,-0.05355795472860336,0.24827180802822113,0.36944881081581116,-0.07094743102788925,0.4516962468624115,0.4102000892162323,-0.00704683642834425,0.37960928678512573,0.33963704109191895,-0.024977171793580055,0.334614098072052,0.2966110408306122,-0.04541434347629547,0.293774276971817,0.2572915554046631,-0.06087591499090195,0.48923105001449585,0.37907466292381287,-0.013576790690422058,0.42987239360809326,0.30945754051208496,-0.03369324281811714,0.3907845914363861,0.26251471042633057,-0.04788617044687271,0.35396265983581543,0.2200094312429428,-0.05812574177980423,0.5366501808166504,0.35892635583877563,-0.024495642632246017,0.4975055158138275,0.2949157953262329,-0.04162941128015518,0.47130146622657776,0.2542867064476013,-0.04821125417947769,0.4446396231651306,0.21650920808315277,-0.05284809321165085
0.634331226348877,0.5773752331733704,4.6400509745581076e-07,0.5529466867446899,0.6049506664276123,-0.039114490151405334,0.4708932042121887,0.584232747554779,-0.054194413125514984,0.4046458899974823,0.538074254989624,-0.06599461287260056,0.3431694507598877,0.5010085105895996,-0.07581735402345657,0.4248317778110504,0.4621705710887909,-0.010562019422650337,0.3433893322944641,0.41839614510536194,-0.03447434678673744,0.29031625390052795,0.3932231068611145,-0.05725346505641937,0.2434549480676651,0.36570894718170166,-0.074562206864357,0.45091044902801514,0.408011794090271,-0.009013467468321323,0.38041406869888306,0.33681631088256836,-0.02778046578168869,0.3363479971885681,0.29292428493499756,-0.04833091422915459,0.2965651750564575,0.25262975692749023,-0.0638284683227539,0.48863184452056885,0.37687429785728455,-0.014718224294483662,0.4303513467311859,0.3072710633277893,-0.035795822739601135,0.3910222053527832,0.26246583461761475,-0.050419047474861145,0.35291844606399536,0.22193878889083862,-0.060935139656066895,0.5352383255958557,0.3569723665714264,-0.024870332330465317,0.49709418416023254,0.2938564717769623,-0.04332674294710159,0.47035935521125793,0.2539708614349365,-0.05094355717301369,0.4421776831150055,0.2162342071533203,-0.05621281638741493
0.6376442909240723,0.5808203220367432,4.7504144617960264e-07,0.5569469928741455,0.6073641180992126,-0.03926434367895126,0.4750751256942749,0.5869134068489075,-0.054486241191625595,0.4089215099811554,0.5420054197311401,-0.0665912851691246,0.3485816717147827,0.5040478706359863,-0.07667889446020126,0.42717406153678894,0.46358153223991394,-0.009107465855777264,0.34443384408950806,0.42009779810905457,-0.033508580178022385,0.29055553674697876,0.3950347602367401,-0.05709308758378029,0.24339886009693146,0.36768245697021484,-0.07483093440532684,0.45255815982818604,0.4103803038597107,-0.007457302883267403,0.380977988243103,0.3394308090209961,-0.026356840506196022,0.3358162045478821,0.295499712228775,-0.04706648737192154,0.2958334684371948,0.25591522455215454,-0.06245240941643715,0.49045491218566895,0.3793192207813263,-0.013257094658911228,0.4315339922904968,0.3088967502117157,-0.03382305055856705,0.3918631672859192,0.26389721035957336,-0.04782452434301376,0.35418716073036194,0.22351805865764618,-0.057779133319854736,0.5375879406929016,0.35955607891082764,-0.02369438111782074,0.49854207038879395,0.29599106311798096,-0.04111487418413162,0.47193643450737,0.25634661316871643,-0.047786418348550797,0.4445101022720337,0.21860511600971222,-0.05233849212527275
0.6388022303581238,0.5808520317077637,4.645639535283408e-07,0.5579471588134766,0.6069694757461548,-0.038540441542863846,0.475616455078125,0.5863909125328064,-0.053266752511262894,0.4092194437980652,0.5413395762443542,-0.06499277055263519,0.3484983742237091,0.5050766468048096,-0.07468387484550476,0.4277772307395935,0.4637475907802582,-0.008496223017573357,0.34587812423706055,0.4201388955116272,-0.032600387930870056,0.2926478981971741,0.3956634998321533,-0.05595046654343605,0.2456810027360916,0.3687974214553833,-0.07351323217153549,0.45316579937934875,0.41049647331237793,-0.007201683707535267,0.3814099431037903,0.33918896317481995,-0.0257822684943676,0.336463987827301,0.2954411208629608,-0.04625166207551956,0.29644283652305603,0.25554680824279785,-0.061476800590753555,0.4909678101539612,0.3793080747127533,-0.01330383401364088,0.43153372406959534,0.30878037214279175,-0.033731553703546524,0.3914872407913208,0.2637642025947571,-0.04772954806685448,0.35340550541877747,0.22331419587135315,-0.05768853798508644,0.5380671620368958,0.35934120416641235,-0.02397744730114937,0.4993005692958832,0.29547277092933655,-0.04124053940176964,0.4726232886314392,0.255638062953949,-0.04786001518368721,0.4450761377811432,0.2178860902786255,-0.05238867923617363
0.6391152739524841,0.582724392414093,4.4397259557626967e-07,0.5555770993232727,0.603604257106781,-0.03696183115243912,0.4740610122680664,0.5808134078979492,-0.051822688430547714,0.4098241627216339,0.5316235423088074,-0.06381778419017792,0.3506658673286438,0.49092137813568115,-0.07389936596155167,0.43194580078125,0.4601590037345886,-0.011356133036315441,0.35239899158477783,0.41109102964401245,-0.03674861043691635,0.3005331754684448,0.3827831745147705,-0.06009963899850845,0.2555922269821167,0.3542657494544983,-0.07715461403131485,0.4586939215660095,0.4077177047729492,-0.010710622183978558,0.38950419425964355,0.3337165117263794,-0.03013170324265957,0.34536823630332947,0.29034003615379333,-0.050082165747880936,0.30600208044052124,0.25196146965026855,-0.06485100090503693,0.49682536721229553,0.3771752119064331,-0.016978029161691666,0.43997663259506226,0.3029046058654785,-0.03756130114197731,0.4029616117477417,0.25786828994750977,-0.04952148720622063,0.3682219386100769,0.21883362531661987,-0.057916413992643356,0.5438666343688965,0.35964474081993103,-0.02764338254928589,0.5074853897094727,0.29338061809539795,-0.04475589841604233,0.48265236616134644,0.25188249349594116,-0.049793634563684464,0.4572724401950836,0.21430222690105438,-0.052849020808935165
0.6395122408866882,0.5841802954673767,4.45727692977016e-07,0.5568127632141113,0.605990469455719,-0.037704549729824066,0.47530508041381836,0.5820845365524292,-0.05246901512145996,0.41046395897865295,0.5335273742675781,-0.06419795751571655,0.3508920669555664,0.4937666058540344,-0.07389295101165771,0.432057648897171,0.4595610797405243,-0.009466646239161491,0.3529697060585022,0.4130820035934448,-0.034402161836624146,0.3004870116710663,0.38585007190704346,-0.05813724547624588,0.2547362744808197,0.3575213551521301,-0.07568687945604324,0.4588957130908966,0.4072195887565613,-0.007948308251798153,0.39120569825172424,0.3339376449584961,-0.026185881346464157,0.3494241237640381,0.2900013327598572,-0.04528424143791199,0.31202003359794617,0.25072839856147766,-0.05955474451184273,0.4975728988647461,0.3772282898426056,-0.013683418743312359,0.44125354290008545,0.30456724762916565,-0.03341619670391083,0.40335899591445923,0.2597053050994873,-0.045262474566698074,0.36755478382110596,0.22008013725280762,-0.05374496802687645,0.5455960631370544,0.3599151074886322,-0.023985031992197037,0.5095937252044678,0.29381024837493896,-0.040573086589574814,0.4842153787612915,0.25275710225105286,-0.0459308885037899,0.45800283551216125,0.21456506848335266,-0.04940623790025711
0.6422538757324219,0.5889605283737183,4.6415186716330936e-07,0.5570176839828491,0.6101239919662476,-0.03877068683505058,0.4756118357181549,0.5821743011474609,-0.05125448852777481,0.41180455684661865,0.5301513671875,-0.06063135713338852,0.35148656368255615,0.4890765845775604,-0.06805749982595444,0.4391229748725891,0.4590100646018982,-0.0008432967006228864,0.3669033348560333,0.41248583793640137,-0.020985648036003113,0.32178258895874023,0.38430026173591614,-0.04233264550566673,0.2821708917617798,0.3516378402709961,-0.058811936527490616,0.46664389967918396,0.4055875837802887,0.0014086234150454402,0.3991379141807556,0.3310733437538147,-0.013309085741639137,0.35571181774139404,0.28436461091041565,-0.03299737721681595,0.3172617256641388,0.24088138341903687,-0.04838169738650322,0.5048561692237854,0.377238929271698,-0.00432940386235714,0.4498347043991089,0.30050334334373474,-0.023569291457533836,0.4131072759628296,0.2537800073623657,-0.038962703198194504,0.3783116340637207,0.2116800993680954,-0.050019025802612305,0.551091730594635,0.360950767993927,-0.014578328467905521,0.5157454013824463,0.29398268461227417,-0.032040152698755264,0.49198397994041443,0.2515902519226074,-0.04004430025815964,0.46682533621788025,0.21081629395484924,-0.04580899327993393
0.6412240266799927,0.5893984436988831,4.68925378527274e-07,0.5569868087768555,0.610781192779541,-0.038706522434949875,0.47612264752388,0.5827715992927551,-0.051690731197595596,0.41289272904396057,0.5315617918968201,-0.061722274869680405,0.35339120030403137,0.4893360733985901,-0.06967037916183472,0.4376789927482605,0.45776623487472534,-0.000605293083935976,0.3639677166938782,0.4124099314212799,-0.019798286259174347,0.318156361579895,0.38615334033966064,-0.040356170386075974,0.2776237726211548,0.35649338364601135,-0.05641307309269905,0.4660246968269348,0.40474703907966614,0.0016026832163333893,0.39835724234580994,0.3307025730609894,-0.012223292142152786,0.35584187507629395,0.28455889225006104,-0.031183337792754173,0.31834059953689575,0.2422204166650772,-0.04599127173423767,0.5049169063568115,0.37701746821403503,-0.004199013113975525,0.4504477381706238,0.30267131328582764,-0.022511329501867294,0.4133405089378357,0.25627627968788147,-0.038014523684978485,0.37732794880867004,0.21375203132629395,-0.049345795065164566,0.5523203015327454,0.3610422611236572,-0.014543323777616024,0.517938494682312,0.2940889298915863,-0.031636301428079605,0.494171679019928,0.25135207176208496,-0.04014051333069801,0.468511164188385,0.2096833884716034,-0.046356309205293655
0.6419344544410706,0.5973761677742004,4.410907479268644e-07,0.557002067565918,0.6166989803314209,-0.0356108620762825,0.474967896938324,0.5871538519859314,-0.04770480841398239,0.41099077463150024,0.534899890422821,-0.05733425170183182,0.3494555652141571,0.49736288189888,-0.0649113804101944,0.4385550022125244,0.46147891879081726,0.0007272346410900354,0.3647524118423462,0.4148532450199127,-0.01863461174070835,0.32019054889678955,0.3881509602069855,-0.03954877704381943,0.2796851396560669,0.3575058877468109,-0.055796150118112564,0.4662746489048004,0.41018614172935486,0.0015984226483851671,0.39872777462005615,0.3368862271308899,-0.01236099936068058,0.35659995675086975,0.2905130982398987,-0.031408216804265976,0.31919077038764954,0.24714551866054535,-0.04628004506230354,0.5051504969596863,0.38296493887901306,-0.005045020021498203,0.45056667923927307,0.30919885635375977,-0.022754155099391937,0.4134799838066101,0.26128536462783813,-0.037031929939985275,0.37844669818878174,0.21738870441913605,-0.04748179763555527,0.5529683828353882,0.3670053482055664,-0.016026193276047707,0.5176876187324524,0.2991916835308075,-0.031654372811317444,0.4934597909450531,0.2561650276184082,-0.03839724138379097,0.46810564398765564,0.21503722667694092,-0.043382443487644196
0.6414212584495544,0.5992735028266907,4.5536978632298997e-07,0.5580103397369385,0.617385745048523,-0.036784883588552475,0.4759714901447296,0.5871288180351257,-0.050154607743024826,0.411369264125824,0.5363110899925232,-0.06088820844888687,0.34995901584625244,0.49885493516921997,-0.06959714740514755,0.43827706575393677,0.46194717288017273,-0.00296060205437243,0.3638201355934143,0.4146525263786316,-0.024328984320163727,0.3177093267440796,0.3874090909957886,-0.04610423371195793,0.2765180766582489,0.35650986433029175,-0.06273201107978821,0.4662603437900543,0.41053152084350586,-0.0018957920838147402,0.3988514244556427,0.33536237478256226,-0.017586367204785347,0.35693496465682983,0.28832077980041504,-0.03673919290304184,0.3199489116668701,0.24504821002483368,-0.051364168524742126,0.5056654810905457,0.3834020495414734,-0.008360386826097965,0.45101767778396606,0.308257520198822,-0.027288947254419327,0.413840115070343,0.2604675590991974,-0.04133248329162598,0.3783053457736969,0.21709609031677246,-0.05137752741575241,0.553804874420166,0.3685559034347534,-0.019208433106541634,0.5187903046607971,0.30019277334213257,-0.03589065000414848,0.4939628839492798,0.2568017840385437,-0.042867861688137054,0.46782276034355164,0.2155458927154541,-0.047745492309331894
0.6391050219535828,0.6077295541763306,4.346375135355629e-07,0.5548150539398193,0.6268495321273804,-0.03443916141986847,0.4726150333881378,0.5966877937316895,-0.04767466336488724,0.40813514590263367,0.5442863702774048,-0.05857821926474571,0.3453717827796936,0.5109559893608093,-0.06778249144554138,0.43552637100219727,0.4711992144584656,-0.0067694708704948425,0.35794544219970703,0.4222911298274994,-0.02910488285124302,0.3085429072380066,0.3943434953689575,-0.05088646337389946,0.26392582058906555,0.36470380425453186,-0.06759491562843323,0.46268102526664734,0.4194585978984833,-0.007402524352073669,0.3946745693683624,0.3427639603614807,-0.024356426671147346,0.3529190421104431,0.29543304443359375,-0.04319914057850838,0.3156648874282837,0.25258174538612366,-0.057613153010606766,0.5017074942588806,0.3916458785533905,-0.014915659092366695,0.44469916820526123,0.3163507580757141,-0.034624431282281876,0.4073124825954437,0.26761794090270996,-0.04790733754634857,0.3720991611480713,0.22314269840717316,-0.057604365050792694,0.5503381490707397,0.3762574791908264,-0.026570657268166542,0.5147889852523804,0.30754554271698,-0.043924059718847275,0.4899669587612152,0.26439592242240906,-0.050529517233371735,0.46416133642196655,0.2243848592042923,-0.05516685172915459
0.6392325758934021,0.6081934571266174,4.6815864607197e-07,0.554232120513916,0.6274445652961731,-0.03781936317682266,0.4720603823661804,0.5969580411911011,-0.0524902381002903,0.40649139881134033,0.545604944229126,-0.06421602517366409,0.34376049041748047,0.5110282897949219,-0.07402721792459488,0.43421173095703125,0.4698373079299927,-0.008288550190627575,0.35546618700027466,0.4191254675388336,-0.032352931797504425,0.3042600750923157,0.39011961221694946,-0.05572060868144035,0.25903627276420593,0.35951924324035645,-0.07328332215547562,0.4630148410797119,0.4185596704483032,-0.0071123745292425156,0.39608436822891235,0.34113919734954834,-0.025041695684194565,0.3549027740955353,0.2933480143547058,-0.04466116055846214,0.31814923882484436,0.25053173303604126,-0.059607017785310745,0.5028122067451477,0.391454815864563,-0.013317479752004147,0.44765862822532654,0.31571587920188904,-0.03343180939555168,0.4098621606826782,0.2677133083343506,-0.04681330546736717,0.3739396631717682,0.22456981241703033,-0.05655425041913986,0.5509223341941833,0.3768230080604553,-0.0240111593157053,0.5158440470695496,0.3081352710723877,-0.04141681641340256,0.4911477863788605,0.26471447944641113,-0.048021115362644196,0.465467244386673,0.22329425811767578,-0.0526249073445797
0.6332871913909912,0.6166690587997437,4.98713347951707e-07,0.5475472211837769,0.634946882724762,-0.0384611114859581,0.4670494496822357,0.6030746698379517,-0.05278727039694786,0.4030729830265045,0.5504436492919922,-0.06425506621599197,0.33993256092071533,0.5136608481407166,-0.07386749982833862,0.43103447556495667,0.47540053725242615,-0.005874712951481342,0.3537861704826355,0.4235287308692932,-0.028372423723340034,0.30460280179977417,0.3934979736804962,-0.051153238862752914,0.2608361840248108,0.36108362674713135,-0.06866355240345001,0.46070629358291626,0.42331916093826294,-0.004611960146576166,0.39364176988601685,0.34389829635620117,-0.021357890218496323,0.352145254611969,0.2942165732383728,-0.04167968034744263,0.31565290689468384,0.24951781332492828,-0.0575469434261322,0.5007064342498779,0.39667239785194397,-0.010929130017757416,0.445925235748291,0.31908273696899414,-0.030701708048582077,0.40826377272605896,0.2706238031387329,-0.04547766596078873,0.37308555841445923,0.2268494814634323,-0.05644013360142708,0.549532413482666,0.38237178325653076,-0.021806877106428146,0.515490710735321,0.31190645694732666,-0.03934040665626526,0.4910624623298645,0.26745137572288513,-0.04700997844338417,0.4653512239456177,0.22515776753425598,-0.052699580788612366
0.6321927309036255,0.6176479458808899,4.7630595645387075e-07,0.5473849773406982,0.6352928280830383,-0.038274891674518585,0.4665118455886841,0.6040468811988831,-0.0530201680958271,0.40242499113082886,0.551236093044281,-0.06493672728538513,0.3399668335914612,0.5143445730209351,-0.07497972249984741,0.43027418851852417,0.47596198320388794,-0.007724413648247719,0.35361194610595703,0.423351913690567,-0.0310744047164917,0.304343581199646,0.3926902711391449,-0.05397811532020569,0.260856032371521,0.35969293117523193,-0.07150379568338394,0.4600082039833069,0.4245210886001587,-0.006928181275725365,0.39352133870124817,0.34506940841674805,-0.025156958028674126,0.35250556468963623,0.2953408360481262,-0.04568725451827049,0.3164937496185303,0.2500098943710327,-0.06138910353183746,0.5003563165664673,0.39791473746299744,-0.013574275188148022,0.44640105962753296,0.32006916403770447,-0.03461441770195961,0.40924984216690063,0.27090322971343994,-0.04939771816134453,0.374021977186203,0.22615130245685577,-0.06006863713264465,0.5494502186775208,0.3839215636253357,-0.02467464655637741,0.515569269657135,0.3131394386291504,-0.04310642182826996,0.4912342131137848,0.2684156596660614,-0.05082874372601509,0.46558380126953125,0.2257712334394455,-0.056320302188396454
0.6265580058097839,0.6300447583198547,4.6215419047257456e-07,0.538765549659729,0.6404534578323364,-0.03657127916812897,0.45647865533828735,0.602179765701294,-0.0490339994430542,0.39379775524139404,0.5437362194061279,-0.05863725766539574,0.33433640003204346,0.4986908733844757,-0.0660819262266159,0.42962029576301575,0.47335806488990784,-0.0029216986149549484,0.3610175549983978,0.4154781401157379,-0.02429869771003723,0.317216694355011,0.3828374147415161,-0.04606782644987106,0.2778279185295105,0.34880903363227844,-0.0626760944724083,0.4614914059638977,0.42406991124153137,-0.0016658074455335736,0.40113988518714905,0.339538037776947,-0.017552118748426437,0.3612268567085266,0.29003626108169556,-0.03686481714248657,0.3246801197528839,0.24575841426849365,-0.05174987390637398,0.5023629069328308,0.3998975455760956,-0.007775286212563515,0.45231491327285767,0.3159681558609009,-0.027566486969590187,0.418752521276474,0.26746267080307007,-0.04064018651843071,0.3863483667373657,0.22521570324897766,-0.04980340600013733,0.5508247017860413,0.3893442153930664,-0.01816205494105816,0.5210189819335938,0.3161481022834778,-0.036045514047145844,0.49970877170562744,0.2702453136444092,-0.04258440434932709,0.4766812324523926,0.2273838371038437,-0.046782784163951874
0.6248349547386169,0.6322238445281982,4.2958214407917694e-07,0.5369477272033691,0.6405811309814453,-0.03474877029657364,0.4560158848762512,0.6024326682090759,-0.047274455428123474,0.3944929242134094,0.544822096824646,-0.05753788352012634,0.33568647503852844,0.5022436380386353,-0.06583979725837708,0.42873817682266235,0.47469934821128845,-0.0017878618091344833,0.36082401871681213,0.4176315367221832,-0.02384631149470806,0.31726473569869995,0.3856140375137329,-0.046313755214214325,0.2775704562664032,0.35258233547210693,-0.06331464648246765,0.46085840463638306,0.4251735508441925,-0.001705025671981275,0.40181609988212585,0.34077319502830505,-0.018109198659658432,0.3637961447238922,0.29055482149124146,-0.03759653493762016,0.32885172963142395,0.2452392429113388,-0.05246690660715103,0.5018580555915833,0.40130749344825745,-0.008964765816926956,0.4540424048900604,0.3180893063545227,-0.029083270579576492,0.4206024408340454,0.26831382513046265,-0.04300949349999428,0.3877212703227997,0.22440019249916077,-0.05268075689673424,0.5507328510284424,0.39162516593933105,-0.020351586863398552,0.523095965385437,0.31747645139694214,-0.03846019133925438,0.5019704699516296,0.2718709111213684,-0.04559595510363579,0.47876179218292236,0.2299351841211319,-0.05018490180373192
0.6127628684043884,0.6603761911392212,4.2132916178161395e-07,0.5241192579269409,0.6544941067695618,-0.031345706433057785,0.44353392720222473,0.6019307374954224,-0.04207285866141319,0.38545188307762146,0.5349765419960022,-0.051143843680620193,0.3294740915298462,0.48222342133522034,-0.05854182690382004,0.4321674704551697,0.4711345136165619,-0.00025531926075927913,0.3714487552642822,0.40445685386657715,-0.021986547857522964,0.3321620225906372,0.3684642016887665,-0.043675173074007034,0.29607734084129333,0.3316207528114319,-0.06014789268374443,0.46688610315322876,0.42795029282569885,-0.0024399766698479652,0.4154074788093567,0.3349350690841675,-0.019936997443437576,0.379608690738678,0.2808133065700531,-0.04046463593840599,0.3447321057319641,0.2315741628408432,-0.056009188294410706,0.5080229043960571,0.4096081256866455,-0.011471600271761417,0.4664399027824402,0.31751126050949097,-0.03336063399910927,0.43728864192962646,0.26321160793304443,-0.04752152040600777,0.40744590759277344,0.21646767854690552,-0.05697781220078468,0.5557473301887512,0.406160444021225,-0.024115076288580894,0.5323250889778137,0.32498693466186523,-0.04322486370801926,0.5143091082572937,0.2738977074623108,-0.050019409507513046,0.4932560324668884,0.22878466546535492,-0.054278306663036346
0.6098621487617493,0.6587188243865967,3.8596382978539623e-07,0.5219889879226685,0.656349241733551,-0.03188346326351166,0.442757248878479,0.601976752281189,-0.04187561944127083,0.38542646169662476,0.5341575145721436,-0.05032682046294212,0.33029496669769287,0.48523223400115967,-0.05684560164809227,0.42898547649383545,0.47065234184265137,0.004915115423500538,0.36816033720970154,0.4072955548763275,-0.014547956176102161,0.329105406999588,0.37176787853240967,-0.03570478782057762,0.29388439655303955,0.33440130949020386,-0.0520208515226841,0.4641217887401581,0.4256258010864258,0.003706209361553192,0.4137479066848755,0.33432674407958984,-0.011063775047659874,0.37998005747795105,0.2796052098274231,-0.030320631340146065,0.34881430864334106,0.2293837070465088,-0.04517335444688797,0.5055417418479919,0.40786951780319214,-0.004877267871052027,0.4665045142173767,0.3173229396343231,-0.023870795965194702,0.4375177323818207,0.2639714479446411,-0.038214921951293945,0.40821200609207153,0.21671411395072937,-0.048232004046440125,0.5538461804389954,0.4053095877170563,-0.017404526472091675,0.5324829816818237,0.3256608247756958,-0.03439709544181824,0.5138028860092163,0.2755645215511322,-0.04159311577677727,0.4925002157688141,0.22915449738502502,-0.04647102206945419
0.5931727290153503,0.6935499906539917,4.409599227983563e-07,0.5031308531761169,0.6766114234924316,-0.02856786549091339,0.4268009066581726,0.6060510873794556,-0.034768152981996536,0.3739381432533264,0.5294381976127625,-0.039960578083992004,0.3201737403869629,0.4717693030834198,-0.043370626866817474,0.42871952056884766,0.47393879294395447,0.01122446171939373,0.37226980924606323,0.3997923731803894,-0.005772639997303486,0.33577433228492737,0.356277197599411,-0.02549629472196102,0.3036636710166931,0.31179672479629517,-0.041018545627593994,0.4666052460670471,0.4340170919895172,0.008939246647059917,0.42102307081222534,0.3331725597381592,-0.0032447054982185364,0.38915082812309265,0.2712574601173401,-0.022215478122234344,0.36010581254959106,0.2160176932811737,-0.036946237087249756,0.5093761682510376,0.42120882868766785,-0.0004941510851494968,0.4732553958892822,0.3221035897731781,-0.01800585724413395,0.447660356760025,0.2616792321205139,-0.03149997070431709,0.4224688708782196,0.20874303579330444,-0.041017308831214905,0.5575939416885376,0.4238714277744293,-0.013608653098344803,0.5401476621627808,0.3407723307609558,-0.029569527134299278,0.5257172584533691,0.2870614528656006,-0.0354730524122715,0.5089980363845825,0.23689942061901093,-0.03945782408118248
0.5877928137779236,0.6946818828582764,3.8131500446070277e-07,0.49929919838905334,0.677778959274292,-0.0290774367749691,0.42654407024383545,0.6069815158843994,-0.036152370274066925,0.37529969215393066,0.5305190086364746,-0.04273323342204094,0.32257893681526184,0.47641342878341675,-0.0474003404378891,0.42651504278182983,0.4714394509792328,0.014067242853343487,0.3691065311431885,0.3999544084072113,-0.002782348543405533,0.33345070481300354,0.35846471786499023,-0.022947493940591812,0.30264371633529663,0.31559187173843384,-0.03848313167691231,0.46424999833106995,0.4314281940460205,0.012006129138171673,0.41895580291748047,0.33039599657058716,0.0004776586720254272,0.38898658752441406,0.2689584493637085,-0.01763833872973919,0.363222599029541,0.2140175998210907,-0.0315394327044487,0.5069542527198792,0.41961270570755005,0.002295723417773843,0.4728129804134369,0.3204014301300049,-0.013479160144925117,0.4473559856414795,0.2602492570877075,-0.02664821967482567,0.42283469438552856,0.20698034763336182,-0.03595619276165962,0.555736243724823,0.42443782091140747,-0.01146222185343504,0.539101243019104,0.34023404121398926,-0.025112010538578033,0.5241490006446838,0.28688907623291016,-0.030277596786618233,0.5070842504501343,0.23749837279319763,-0.03387170284986496
0.5757316946983337,0.7169865965843201,3.894690223660291e-07,0.4852556884288788,0.6917197108268738,-0.026333339512348175,0.41307032108306885,0.6150891184806824,-0.03238895535469055,0.3650059401988983,0.5335353016853333,-0.0383736714720726,0.3135337233543396,0.4735121428966522,-0.04287055879831314,0.4227670431137085,0.4775770902633667,0.01456232089549303,0.368085652589798,0.39891213178634644,-0.0020950520411133766,0.33321458101272583,0.3533250689506531,-0.021837925538420677,0.30306336283683777,0.3070719242095947,-0.037102069705724716,0.4633319079875946,0.4406590759754181,0.010734681971371174,0.42221903800964355,0.33525168895721436,-0.0007408891106024384,0.39417794346809387,0.26994532346725464,-0.01885889656841755,0.3693866729736328,0.21174895763397217,-0.03272863104939461,0.5072436332702637,0.4318957030773163,-0.0003794199146796018,0.4765823483467102,0.33005666732788086,-0.01607237011194229,0.45293402671813965,0.2667168974876404,-0.02883083000779152,0.42931443452835083,0.21027421951293945,-0.037890106439590454,0.5557165741920471,0.44052448868751526,-0.015275456942617893,0.5415152311325073,0.35386890172958374,-0.028595510870218277,0.528824508190155,0.29863324761390686,-0.033081818372011185,0.5136820077896118,0.24759666621685028,-0.03621940314769745
0.5729451179504395,0.7169640064239502,3.7993765999999596e-07,0.48355937004089355,0.6922661662101746,-0.028736703097820282,0.4133116602897644,0.6139416098594666,-0.0358988493680954,0.3651584982872009,0.5311011075973511,-0.0429111123085022,0.31298020482063293,0.4714505076408386,-0.04836492985486984,0.4208138883113861,0.47742414474487305,0.01448026392608881,0.36583930253982544,0.39993467926979065,-0.0021281056106090546,0.3313280940055847,0.35506993532180786,-0.022239334881305695,0.30173608660697937,0.3081075847148895,-0.03816637024283409,0.46107059717178345,0.4402194023132324,0.011506617069244385,0.41987144947052,0.33443599939346313,-0.00035890156868845224,0.39254724979400635,0.27013924717903137,-0.019034698605537415,0.3693857789039612,0.21257084608078003,-0.033579837530851364,0.5047685503959656,0.43190398812294006,0.0008178428397513926,0.47452616691589355,0.32937976717948914,-0.01541275717318058,0.4508208632469177,0.2665170431137085,-0.029484713450074196,0.42759573459625244,0.21001172065734863,-0.0397181361913681,0.5531925559043884,0.4411156475543976,-0.0138707859441638,0.5401150584220886,0.35402578115463257,-0.02784555032849312,0.5280181169509888,0.2988104820251465,-0.03361202031373978,0.5133592486381531,0.2473675161600113,-0.03796205669641495
0.5618653893470764,0.7339197397232056,3.8368256127796485e-07,0.47170960903167725,0.7023444175720215,-0.02882939763367176,0.40166592597961426,0.6192853450775146,-0.036500900983810425,0.35468944907188416,0.5344083309173584,-0.043687716126441956,0.30594855546951294,0.46937844157218933,-0.049256376922130585,0.4172520637512207,0.4819522500038147,0.011057859286665916,0.3679785430431366,0.3983001708984375,-0.007197390776127577,0.3352968096733093,0.35024142265319824,-0.027860168367624283,0.3065510392189026,0.3027036786079407,-0.043799739331007004,0.46002835035324097,0.44864290952682495,0.007827073335647583,0.4250337481498718,0.3391326367855072,-0.004990184213966131,0.40021592378616333,0.2718975841999054,-0.023269083350896835,0.3780730664730072,0.2126968502998352,-0.03735233470797539,0.5051445364952087,0.44392845034599304,-0.0029404207598417997,0.48075002431869507,0.33900848031044006,-0.019950151443481445,0.4604884386062622,0.27392053604125977,-0.03280166536569595,0.43911731243133545,0.215767502784729,-0.04200388118624687,0.5539476871490479,0.4574674367904663,-0.017666485160589218,0.5451984405517578,0.36953508853912354,-0.03242969140410423,0.535093367099762,0.3135003447532654,-0.037490926682949066,0.5216246247291565,0.2611238360404968,-0.04103374481201172
0.5575315356254578,0.7320725917816162,3.8632580867670185e-07,0.470132440328598,0.7022974491119385,-0.03208278492093086,0.4025326371192932,0.6199096441268921,-0.042294830083847046,0.3563194274902344,0.5341601371765137,-0.05158919468522072,0.3061673045158386,0.46914413571357727,-0.0593094564974308,0.4164409935474396,0.482192724943161,0.007266236934810877,0.36713340878486633,0.3990151882171631,-0.012659311294555664,0.33488327264785767,0.35137295722961426,-0.03446170687675476,0.30679598450660706,0.3034447431564331,-0.051134005188941956,0.45913344621658325,0.4489802122116089,0.00521501712501049,0.42469626665115356,0.3385764956474304,-0.008933639153838158,0.4011308252811432,0.2724389433860779,-0.0278145931661129,0.3805135488510132,0.21365606784820557,-0.04240516945719719,0.5037259459495544,0.4450272023677826,-0.004647362045943737,0.48032012581825256,0.3391687870025635,-0.02258990705013275,0.4599542021751404,0.27370625734329224,-0.03659709915518761,0.438744455575943,0.2142685353755951,-0.04672627151012421,0.5517634153366089,0.4595853090286255,-0.018674667924642563,0.5440894365310669,0.3715440034866333,-0.034212999045848846,0.53460294008255,0.31471773982048035,-0.04049351066350937,0.5217684507369995,0.26129448413848877,-0.04510907083749771
0.5459155440330505,0.7508754730224609,3.879607390899764e-07,0.45951777696609497,0.7144355773925781,-0.02883756533265114,0.39299848675727844,0.6255293488502502,-0.03772778809070587,0.35005679726600647,0.5366489291191101,-0.04599567875266075,0.303629070520401,0.46893155574798584,-0.05291188880801201,0.41722697019577026,0.4889470338821411,0.00395021541044116,0.3718130886554718,0.4000512957572937,-0.016617069020867348,0.34105515480041504,0.34751880168914795,-0.037661727517843246,0.314993679523468,0.29622602462768555,-0.05385401099920273,0.4609767496585846,0.45935362577438354,-0.0002875457867048681,0.4324088394641876,0.34518003463745117,-0.016475185751914978,0.41092291474342346,0.2740345597267151,-0.035798631608486176,0.39155933260917664,0.21097451448440552,-0.050292789936065674,0.5062313079833984,0.45826637744903564,-0.011521901935338974,0.4855116903781891,0.3498266935348511,-0.03188749775290489,0.46779149770736694,0.2809128165245056,-0.04607173055410385,0.44918742775917053,0.21810069680213928,-0.05586982145905495,0.5539261102676392,0.4760052561759949,-0.026387568563222885,0.5503133535385132,0.3861652910709381,-0.04429806023836136,0.5437279939651489,0.32647043466567993,-0.05093824490904808,0.5339279174804688,0.2698094844818115,-0.055361710488796234
0.542698323726654,0.7491490840911865,3.705225708472426e-07,0.45777633786201477,0.7138954997062683,-0.030444210395216942,0.3932758867740631,0.6258865594863892,-0.04044334962964058,0.3513021171092987,0.5382620692253113,-0.04985508322715759,0.30450767278671265,0.4718407690525055,-0.05790545791387558,0.4164915680885315,0.48750001192092896,0.0047562154941260815,0.37039071321487427,0.4005863666534424,-0.01576845347881317,0.3397239148616791,0.34935829043388367,-0.03754667192697525,0.31378743052482605,0.29843568801879883,-0.05426536872982979,0.4604058861732483,0.45855894684791565,0.001219159341417253,0.4306914806365967,0.3445926904678345,-0.014466027729213238,0.4098796844482422,0.2737160325050354,-0.033849555999040604,0.39178726077079773,0.21056705713272095,-0.048714205622673035,0.5051401853561401,0.4585259258747101,-0.00975944846868515,0.48573434352874756,0.3497641682624817,-0.029445800930261612,0.4679800868034363,0.2820848524570465,-0.04448062926530838,0.44915109872817993,0.22030219435691833,-0.05502554774284363,0.5526784658432007,0.47711893916130066,-0.024631496518850327,0.5487656593322754,0.3853798508644104,-0.04183482378721237,0.5419261455535889,0.326068252325058,-0.04911185801029205,0.5316763520240784,0.2699025869369507,-0.05428580194711685
0.5353791117668152,0.7627170085906982,3.9776290350346244e-07,0.4498681426048279,0.7228900194168091,-0.029629843309521675,0.3851684331893921,0.6321719288825989,-0.03957172483205795,0.3441181778907776,0.5430861115455627,-0.04892335832118988,0.2985854744911194,0.4746091961860657,-0.0570865273475647,0.41337981820106506,0.49405741691589355,0.002332751639187336,0.3691593110561371,0.4036303162574768,-0.018467165529727936,0.3410298824310303,0.348052978515625,-0.03994197025895119,0.3186892569065094,0.29352113604545593,-0.05668226256966591,0.45883482694625854,0.4664086103439331,-0.0019739712588489056,0.43234342336654663,0.3513627052307129,-0.01815067231655121,0.4138961136341095,0.27737051248550415,-0.03751206398010254,0.3984054923057556,0.212396502494812,-0.05244928598403931,0.5050541758537292,0.4679356515407562,-0.013413864187896252,0.4893150329589844,0.3582698106765747,-0.033516138792037964,0.4745487570762634,0.2875146269798279,-0.04834095388650894,0.4590226411819458,0.22356706857681274,-0.05895101651549339,0.5529055595397949,0.4894687831401825,-0.028597211465239525,0.5538464188575745,0.398978590965271,-0.04657735675573349,0.5493535995483398,0.3385644555091858,-0.05413607507944107,0.5410259962081909,0.28187406063079834,-0.05951961502432823
0.5335776209831238,0.7622092962265015,3.8900259369256673e-07,0.44914427399635315,0.7226477861404419,-0.030694296583533287,0.38539445400238037,0.6328531503677368,-0.04194650799036026,0.3446798622608185,0.5445290207862854,-0.052574556320905685,0.2988733649253845,0.4775821268558502,-0.06214845925569534,0.414002001285553,0.49401071667671204,0.0006086938665248454,0.3700679540634155,0.4051520824432373,-0.02096545696258545,0.341257244348526,0.3514457046985626,-0.04302750527858734,0.3179887533187866,0.29780715703964233,-0.06006316840648651,0.45922279357910156,0.46700000762939453,-0.0035994723439216614,0.43269917368888855,0.3506872057914734,-0.020491892471909523,0.4145658016204834,0.277161180973053,-0.040275752544403076,0.39927059412002563,0.21145141124725342,-0.05560087785124779,0.5046105980873108,0.4691462516784668,-0.015011313371360302,0.4889026880264282,0.3600913882255554,-0.03575824573636055,0.47337037324905396,0.2902752161026001,-0.05136862397193909,0.4572651982307434,0.22674399614334106,-0.06247083842754364,0.551815927028656,0.49047672748565674,-0.03023367002606392,0.5516141057014465,0.39863094687461853,-0.048370953649282455,0.5477727651596069,0.3380781412124634,-0.0563281774520874,0.5404568314552307,0.28112295269966125,-0.06211962178349495
0.5294983386993408,0.7713215351104736,3.850170173791412e-07,0.44348645210266113,0.7324859499931335,-0.030186336487531662,0.37859484553337097,0.6444826126098633,-0.04126764088869095,0.3385539948940277,0.5556694865226746,-0.051769278943538666,0.29290640354156494,0.4878476858139038,-0.06132649630308151,0.40957576036453247,0.5025889873504639,0.00028818901046179235,0.3665910065174103,0.41097697615623474,-0.02073417603969574,0.3382670283317566,0.35562795400619507,-0.04254209250211716,0.3147103190422058,0.3005650043487549,-0.059815775603055954,0.4552290439605713,0.4755094349384308,-0.004229367710649967,0.42963042855262756,0.35883277654647827,-0.021653052419424057,0.4108836054801941,0.2837471067905426,-0.042179711163043976,0.394405722618103,0.21685290336608887,-0.05807974562048912,0.5009602904319763,0.4776137173175812,-0.01573360152542591,0.48503613471984863,0.3680229187011719,-0.036860812455415726,0.4700946807861328,0.29697781801223755,-0.052978064864873886,0.45399925112724304,0.23211926221847534,-0.06451299786567688,0.5490759611129761,0.49926915764808655,-0.030947042629122734,0.5505601763725281,0.4077872633934021,-0.049564510583877563,0.5464875102043152,0.3469499349594116,-0.058087095618247986,0.5382288098335266,0.2900252938270569,-0.06433551758527756
0.527921199798584,0.771138072013855,3.922382632026711e-07,0.4435878396034241,0.7344234585762024,-0.032291390001773834,0.37882328033447266,0.6468414068222046,-0.04450809955596924,0.3383137583732605,0.5588419437408447,-0.055636972188949585,0.293398916721344,0.4900597035884857,-0.06569264829158783,0.4102575182914734,0.5051132440567017,-0.0038606433663517237,0.36784982681274414,0.4143756628036499,-0.02632051147520542,0.33944058418273926,0.3593520224094391,-0.04867582768201828,0.3164735436439514,0.3044201135635376,-0.06602003425359726,0.4554556906223297,0.47798481583595276,-0.0074477484449744225,0.43001461029052734,0.3601868748664856,-0.0256213191896677,0.41151389479637146,0.2853909730911255,-0.04574663192033768,0.39546260237693787,0.21852892637252808,-0.06131381541490555,0.5008165240287781,0.4797026515007019,-0.01810559071600437,0.4855971038341522,0.369655042886734,-0.03972969204187393,0.47067171335220337,0.299019455909729,-0.0554654635488987,0.4545942544937134,0.23451372981071472,-0.06664294004440308,0.5482168197631836,0.5005444884300232,-0.03265798091888428,0.5495170950889587,0.4085704982280731,-0.05155271291732788,0.5461341142654419,0.34744516015052795,-0.06001124531030655,0.5386807918548584,0.2901742458343506,-0.06617273390293121
0.527398943901062,0.7765406370162964,3.963386063787766e-07,0.4414454698562622,0.7429644465446472,-0.03239615261554718,0.37344202399253845,0.6536959409713745,-0.04362256079912186,0.33285462856292725,0.5627148747444153,-0.05370287597179413,0.28731322288513184,0.49349671602249146,-0.06264276057481766,0.40449783205986023,0.5088432431221008,-0.001195324119180441,0.36066141724586487,0.41750359535217285,-0.021874932572245598,0.33216068148612976,0.3626652657985687,-0.043651923537254333,0.30795472860336304,0.30750107765197754,-0.06109348684549332,0.4515325427055359,0.48044276237487793,-0.004566390998661518,0.4250684976577759,0.3639952540397644,-0.021408505737781525,0.4062107503414154,0.28900671005249023,-0.041748516261577606,0.38957202434539795,0.22193613648414612,-0.05773124843835831,0.4984823167324066,0.4823268949985504,-0.015118326991796494,0.4822145998477936,0.37344616651535034,-0.03584756702184677,0.466886430978775,0.3032361567020416,-0.05181203410029411,0.45039722323417664,0.2386297583580017,-0.06338955461978912,0.5474554300308228,0.5036428570747375,-0.029591476544737816,0.5477567911148071,0.412343293428421,-0.047825850546360016,0.5441320538520813,0.3521000146865845,-0.05605863407254219,0.5367341637611389,0.29502713680267334,-0.06222592294216156
0.5256850123405457,0.7771555185317993,4.066347116804536e-07,0.44090911746025085,0.7416128516197205,-0.03245561197400093,0.3740999102592468,0.6533777117729187,-0.04495517909526825,0.3325086832046509,0.5637540817260742,-0.05631380155682564,0.2871555984020233,0.49458011984825134,-0.06661046296358109,0.4051569104194641,0.5107531547546387,-0.004714515525847673,0.36274516582489014,0.4184979796409607,-0.02690768428146839,0.3344656825065613,0.3632623553276062,-0.04881363734602928,0.31123101711273193,0.30824145674705505,-0.06598759442567825,0.4517163634300232,0.4828184247016907,-0.008484402671456337,0.4265023469924927,0.36356526613235474,-0.026493681594729424,0.4078722298145294,0.2886965274810791,-0.046353813260793686,0.3911336362361908,0.2222512662410736,-0.06179776042699814,0.4984204173088074,0.4842149019241333,-0.01928749307990074,0.48220327496528625,0.3723941445350647,-0.04104993864893913,0.4657687842845917,0.30172199010849,-0.056970737874507904,0.44817835092544556,0.237163245677948,-0.06835857033729553,0.5470333695411682,0.5048675537109375,-0.0339033268392086,0.5479299426078796,0.41100072860717773,-0.05313156545162201,0.5444794297218323,0.3487260937690735,-0.06194968521595001,0.5368769764900208,0.2903190553188324,-0.06840108335018158
0.526707649230957,0.7815726399421692,4.1014845919562504e-07,0.4430472254753113,0.7435080409049988,-0.03169679641723633,0.376791775226593,0.6535682678222656,-0.044596828520298004,0.3343907594680786,0.5653499960899353,-0.056429460644721985,0.28835201263427734,0.49700963497161865,-0.06722187250852585,0.4065202474594116,0.5108557343482971,-0.006006971932947636,0.3628844916820526,0.4177436828613281,-0.028619615361094475,0.3342747986316681,0.36190906167030334,-0.05068321153521538,0.3113672733306885,0.3063037693500519,-0.0679209977388382,0.4528723359107971,0.48386722803115845,-0.010284275747835636,0.4266126751899719,0.36415451765060425,-0.029008550569415092,0.407387375831604,0.288031667470932,-0.0492890402674675,0.39027276635169983,0.2210119068622589,-0.06492520123720169,0.49992141127586365,0.48623085021972656,-0.021306931972503662,0.48358145356178284,0.37399497628211975,-0.043306510895490646,0.4672686457633972,0.3027913570404053,-0.05930306017398834,0.4499638080596924,0.23881059885025024,-0.07068369537591934,0.5487561225891113,0.5081095099449158,-0.03600864112377167,0.5496889352798462,0.414139986038208,-0.05524168908596039,0.5460054278373718,0.3516727089881897,-0.06396901607513428,0.5381324291229248,0.29383450746536255,-0.07028772681951523
0.527336835861206,0.7824066877365112,4.0446448679176683e-07,0.44348129630088806,0.7449946403503418,-0.03224155679345131,0.37694698572158813,0.6549692153930664,-0.04482189565896988,0.33484140038490295,0.5660063624382019,-0.05634988099336624,0.2884751260280609,0.497134804725647,-0.06680665165185928,0.40637606382369995,0.5107651352882385,-0.004630893934518099,0.36247172951698303,0.4185349941253662,-0.02720627188682556,0.33368879556655884,0.3634070158004761,-0.04967641085386276,0.310322105884552,0.3078562617301941,-0.06721717864274979,0.4525240957736969,0.48398682475090027,-0.008540110662579536,0.4261595606803894,0.3650246560573578,-0.02693760022521019,0.40741807222366333,0.2888340353965759,-0.04738766327500343,0.39121803641319275,0.22089740633964539,-0.06323304027318954,0.4993501901626587,0.48674479126930237,-0.01943187415599823,0.4829219877719879,0.37567138671875,-0.041097741574048996,0.4672355651855469,0.30447089672088623,-0.05704434961080551,0.45059263706207275,0.23956099152565002,-0.06844024360179901,0.5484187006950378,0.5087708234786987,-0.03416823223233223,0.5487267971038818,0.41555190086364746,-0.05298693850636482,0.544847846031189,0.35386204719543457,-0.06142674759030342,0.5370433330535889,0.2960778772830963,-0.06763363629579544
0.5314543843269348,0.7818670868873596,3.8704533267264196e-07,0.44581711292266846,0.7463589310646057,-0.03207530081272125,0.3783550262451172,0.6551536321640015,-0.043887730687856674,0.33567312359809875,0.5639196634292603,-0.05446922406554222,0.2895958125591278,0.4954194724559784,-0.06397292017936707,0.4104657769203186,0.5095939636230469,-0.003665153868496418,0.36652034521102905,0.4162176847457886,-0.02467312477529049,0.33733901381492615,0.3604319095611572,-0.04594753682613373,0.31411102414131165,0.30469030141830444,-0.06274842470884323,0.457526296377182,0.4821537137031555,-0.007359183859080076,0.4319300055503845,0.3628047704696655,-0.024323370307683945,0.41258320212364197,0.2879292070865631,-0.04393896833062172,0.39512282609939575,0.22170665860176086,-0.059275586158037186,0.5043557286262512,0.4840322434902191,-0.01796082966029644,0.487742155790329,0.37292027473449707,-0.03857674449682236,0.4707713723182678,0.3026312291622162,-0.054094478487968445,0.4526733458042145,0.23876237869262695,-0.06541983038187027,0.5525145530700684,0.5048699975013733,-0.032379768788814545,0.5523786544799805,0.4111156463623047,-0.05060381069779396,0.5487180352210999,0.3494541049003601,-0.058872587978839874,0.5414528250694275,0.2915065288543701,-0.06500164419412613
0.5306102633476257,0.7807885408401489,4.0769833731246763e-07,0.4462752938270569,0.7446317672729492,-0.03395841643214226,0.3798757791519165,0.6560591459274292,-0.047563742846250534,0.33749663829803467,0.5673255324363708,-0.05984031781554222,0.29166150093078613,0.4973777234554291,-0.07099787145853043,0.40978384017944336,0.5110903382301331,-0.006137312389910221,0.3660035729408264,0.4187096655368805,-0.029302928596735,0.3367805778980255,0.36299318075180054,-0.0521123893558979,0.3133889138698578,0.3069770336151123,-0.0698295384645462,0.45640748739242554,0.4835103452205658,-0.009551535360515118,0.43035680055618286,0.36469799280166626,-0.02835642546415329,0.41135531663894653,0.2888525128364563,-0.049029331654310226,0.39449357986450195,0.22048091888427734,-0.06508172303438187,0.5030761957168579,0.485417902469635,-0.020118527114391327,0.4875909686088562,0.3745565414428711,-0.04212968423962593,0.4719967246055603,0.30356067419052124,-0.058074306696653366,0.45497703552246094,0.23842790722846985,-0.06951289623975754,0.5515100359916687,0.5066991448402405,-0.034690484404563904,0.5518035888671875,0.413093626499176,-0.05368993058800697,0.5484371781349182,0.3509521484375,-0.06211348995566368,0.5410304665565491,0.2926413416862488,-0.06832964718341827
0.5313732028007507,0.7771646976470947,4.1182343579748704e-07,0.44700098037719727,0.739421010017395,-0.03244158253073692,0.3806360363960266,0.6503469944000244,-0.045309118926525116,0.33760005235671997,0.5622560381889343,-0.05702600255608559,0.2913822531700134,0.4947667717933655,-0.06770135462284088,0.41156667470932007,0.5067875981330872,-0.004367748275399208,0.36845511198043823,0.41498130559921265,-0.026228245347738266,0.3396313488483429,0.36042898893356323,-0.04810959845781326,0.31658583879470825,0.3053973913192749,-0.06531120091676712,0.45772311091423035,0.4802525043487549,-0.008346040733158588,0.4323832094669342,0.3608127236366272,-0.0260756965726614,0.4140956401824951,0.2858923375606537,-0.046253301203250885,0.39777201414108276,0.21849778294563293,-0.0619821697473526,0.5039982199668884,0.48329833149909973,-0.019316498190164566,0.4886092245578766,0.37087345123291016,-0.04105427861213684,0.47279757261276245,0.29964354634284973,-0.05753278732299805,0.45555803179740906,0.2341284453868866,-0.06938952952623367,0.5521575212478638,0.5054214596748352,-0.03403010591864586,0.5530425310134888,0.41139721870422363,-0.05325055494904518,0.5502849221229553,0.34924694895744324,-0.06213921308517456,0.5435730218887329,0.2903517484664917,-0.0686945840716362
0.5306069850921631,0.777037501335144,4.032141589505045e-07,0.4471505284309387,0.738584578037262,-0.03281956911087036,0.38107380270957947,0.6502317190170288,-0.04618774354457855,0.33825522661209106,0.5628312826156616,-0.05846402794122696,0.29236918687820435,0.4945063591003418,-0.06970955431461334,0.41124996542930603,0.5080872178077698,-0.005653809756040573,0.36745357513427734,0.41708439588546753,-0.02895621955394745,0.3383750915527344,0.36208462715148926,-0.05173540487885475,0.31514668464660645,0.30671635270118713,-0.06942462921142578,0.4572944939136505,0.4808295667171478,-0.009711399674415588,0.43108636140823364,0.3620738983154297,-0.028752081096172333,0.4125991463661194,0.2863284945487976,-0.049389708787202835,0.39638006687164307,0.21803432703018188,-0.06532827019691467,0.5037469863891602,0.48330673575401306,-0.020830238237977028,0.48858141899108887,0.3717847466468811,-0.043458230793476105,0.47338956594467163,0.3004123568534851,-0.05979878455400467,0.4568697512149811,0.23490366339683533,-0.0713687613606453,0.5522014498710632,0.5054119229316711,-0.03576550632715225,0.5532962679862976,0.4121825098991394,-0.05540231615304947,0.5504434108734131,0.35008329153060913,-0.06415802240371704,0.5433041453361511,0.29153722524642944,-0.0705404207110405
0.5338048934936523,0.7752734422683716,4.009693270745629e-07,0.44830241799354553,0.7409983277320862,-0.03364892676472664,0.3810332417488098,0.6489642262458801,-0.04643113166093826,0.338173508644104,0.5585514307022095,-0.05787454918026924,0.29141026735305786,0.4909757971763611,-0.06828420609235764,0.41162341833114624,0.5067864656448364,-0.005820783786475658,0.3676023781299591,0.4149707555770874,-0.027674008160829544,0.3382592797279358,0.36014625430107117,-0.0493178628385067,0.31420597434043884,0.3050351142883301,-0.06645376235246658,0.45830950140953064,0.47781339287757874,-0.00937908235937357,0.43168434500694275,0.35853683948516846,-0.026880638673901558,0.41248106956481934,0.28254351019859314,-0.046621404588222504,0.3951716423034668,0.21472567319869995,-0.06220398470759392,0.504934549331665,0.47962698340415955,-0.020085452124476433,0.48859545588493347,0.3674249053001404,-0.04151992127299309,0.47205644845962524,0.2959511876106262,-0.05820305272936821,0.45393869280815125,0.23027381300926208,-0.07041733711957932,0.5534492135047913,0.5008144378662109,-0.03471659496426582,0.55388343334198,0.4063310921192169,-0.05412701144814491,0.5504019856452942,0.34371936321258545,-0.063749298453331,0.5428032875061035,0.28466731309890747,-0.07098481804132462
0.53436279296875,0.7759851813316345,3.90276625239494e-07,0.4492107331752777,0.7408050894737244,-0.03334725275635719,0.3820899426937103,0.6494263410568237,-0.045898452401161194,0.33919069170951843,0.5594928860664368,-0.05721024051308632,0.2923102378845215,0.4912688136100769,-0.06749261170625687,0.41207996010780334,0.5072169899940491,-0.005084225442260504,0.36800748109817505,0.41616091132164,-0.027434036135673523,0.33903855085372925,0.36134326457977295,-0.04961760714650154,0.31558892130851746,0.30565547943115234,-0.0671025812625885,0.4588923752307892,0.47832658886909485,-0.00876704603433609,0.4321688413619995,0.3601651191711426,-0.026771707460284233,0.4127563238143921,0.2843196988105774,-0.04691121354699135,0.39536309242248535,0.21562886238098145,-0.06271949410438538,0.5058115720748901,0.47986096143722534,-0.019621187821030617,0.4894707202911377,0.3691120147705078,-0.0413757860660553,0.4731820821762085,0.2981005311012268,-0.057519763708114624,0.4553063213825226,0.23262670636177063,-0.0692201480269432,0.5546191334724426,0.5008684992790222,-0.0344378761947155,0.5543586015701294,0.4076172113418579,-0.0536879301071167,0.5503450632095337,0.34560322761535645,-0.06260211020708084,0.5421903729438782,0.2868846654891968,-0.06927624344825745
0.5346688628196716,0.7738097310066223,4.05539083203621e-07,0.4494726359844208,0.7366831302642822,-0.03197422996163368,0.38252049684524536,0.6452270746231079,-0.04454020410776138,0.33932939171791077,0.5566703677177429,-0.05628069490194321,0.2923661768436432,0.49018022418022156,-0.06712601333856583,0.41292819380760193,0.5035388469696045,-0.004289624746888876,0.3692735433578491,0.4119570851325989,-0.026625100523233414,0.3400387763977051,0.35746562480926514,-0.04869018867611885,0.31631845235824585,0.30242693424224854,-0.06598759442567825,0.45900046825408936,0.47618260979652405,-0.008695509284734726,0.43275004625320435,0.3571181893348694,-0.027135858312249184,0.4138328731060028,0.2815227508544922,-0.04754994064569473,0.3971424400806427,0.21351245045661926,-0.06341084092855453,0.5055608153343201,0.47828903794288635,-0.02013975940644741,0.4891476035118103,0.36641883850097656,-0.04239149019122124,0.4728834629058838,0.2954195737838745,-0.05914515256881714,0.4555011987686157,0.23044666647911072,-0.07107602804899216,0.5542047023773193,0.4992484152317047,-0.03535820171236992,0.5545492768287659,0.4033661186695099,-0.05485200136899948,0.5514420866966248,0.34028351306915283,-0.0641745775938034,0.5444583296775818,0.28104132413864136,-0.07107358425855637
0.5346623063087463,0.7736079096794128,3.99256123273517e-07,0.4498957693576813,0.7367931008338928,-0.032554250210523605,0.3828541338443756,0.6456729769706726,-0.04498903080821037,0.3395864963531494,0.5571586489677429,-0.056494634598493576,0.29256075620651245,0.4900863766670227,-0.06701706349849701,0.4130348861217499,0.5038536190986633,-0.0041704378090798855,0.36861586570739746,0.41282546520233154,-0.0265793576836586,0.33911412954330444,0.35786134004592896,-0.0487200990319252,0.315345823764801,0.30245739221572876,-0.06609924882650375,0.45907601714134216,0.4763607680797577,-0.008181452751159668,0.43213951587677,0.3580840229988098,-0.026575874537229538,0.41331717371940613,0.2824442982673645,-0.046808432787656784,0.39708322286605835,0.2138591706752777,-0.06249776855111122,0.5057838559150696,0.47836488485336304,-0.019351372495293617,0.48895108699798584,0.3671947121620178,-0.04155725613236427,0.4733055830001831,0.2960853576660156,-0.05789699777960777,0.4566240906715393,0.23032233119010925,-0.06951488554477692,0.5546879768371582,0.49922794103622437,-0.03439893573522568,0.5550432205200195,0.4047263264656067,-0.05375193431973457,0.5520704984664917,0.34208542108535767,-0.06275364011526108,0.5451991558074951,0.28274402022361755,-0.06943676620721817
0.5358451008796692,0.7707158327102661,3.9917463823258004e-07,0.45141711831092834,0.7334681749343872,-0.031819943338632584,0.3844050168991089,0.641605019569397,-0.043355248868465424,0.3414095640182495,0.5510755181312561,-0.0538468211889267,0.2942967414855957,0.4851861596107483,-0.0632564127445221,0.41523849964141846,0.4997929632663727,-0.0020294389687478542,0.3712954819202423,0.408430278301239,-0.022911859676241875,0.3427371084690094,0.35367071628570557,-0.04411783814430237,0.32021111249923706,0.2986241281032562,-0.06085621193051338,0.4615379869937897,0.4727805554866791,-0.005750815384089947,0.43483078479766846,0.3543248176574707,-0.022371716797351837,0.4161803722381592,0.2800280451774597,-0.04159966856241226,0.4000418484210968,0.2137673795223236,-0.05667893961071968,0.5083657503128052,0.47502651810646057,-0.01657450944185257,0.4920191764831543,0.3633939027786255,-0.03752663731575012,0.47578972578048706,0.2927374839782715,-0.053343500941991806,0.4587964713573456,0.2283361852169037,-0.06471603363752365,0.5571874380111694,0.4960829019546509,-0.031185947358608246,0.5579537153244019,0.40192270278930664,-0.04967541620135307,0.5550390481948853,0.3397968113422394,-0.058244481682777405,0.5484018921852112,0.2809444069862366,-0.06460495293140411
0.5357818007469177,0.7716289758682251,3.8698803450643027e-07,0.45111337304115295,0.7351540923118591,-0.032218270003795624,0.38381096720695496,0.6428745985031128,-0.043105993419885635,0.34166789054870605,0.55194491147995,-0.05296803265810013,0.29550209641456604,0.48405173420906067,-0.06152109056711197,0.41385117173194885,0.5014554858207703,-0.0011790741700679064,0.36959126591682434,0.40997302532196045,-0.02217588759958744,0.3407459855079651,0.35543784499168396,-0.043613746762275696,0.317153662443161,0.3009301424026489,-0.06043645739555359,0.46009403467178345,0.47353631258010864,-0.004343053326010704,0.43236178159713745,0.35514000058174133,-0.02098580077290535,0.4136071503162384,0.2802917957305908,-0.040008652955293655,0.39769935607910156,0.2137737274169922,-0.05479540675878525,0.5070342421531677,0.4751352071762085,-0.014838452450931072,0.4908757209777832,0.3632626533508301,-0.0359058603644371,0.4756316542625427,0.29233115911483765,-0.05152677372097969,0.45946332812309265,0.22784554958343506,-0.06250867992639542,0.5565239787101746,0.4956599473953247,-0.0292363278567791,0.5582464337348938,0.4012666642665863,-0.047779303044080734,0.5552162528038025,0.3396381735801697,-0.056265391409397125,0.5479758977890015,0.2817409634590149,-0.062423575669527054
0.5347508192062378,0.7682718634605408,4.090030074621609e-07,0.44938531517982483,0.730868935585022,-0.03208169341087341,0.3841238021850586,0.6408452987670898,-0.043655626475811005,0.34280553460121155,0.550322413444519,-0.05423180013895035,0.29669705033302307,0.4831872284412384,-0.06383631378412247,0.41516396403312683,0.4996155798435211,-0.0029522438999265432,0.3722791075706482,0.4069940447807312,-0.02437541075050831,0.34427064657211304,0.3511785566806793,-0.045791711658239365,0.32190272212028503,0.2952958941459656,-0.06260296702384949,0.4613744020462036,0.47206413745880127,-0.006620625499635935,0.4365866780281067,0.35235491394996643,-0.023743264377117157,0.41840502619743347,0.2777552008628845,-0.04302065446972847,0.4027175009250641,0.21181297302246094,-0.058069609105587006,0.5074949264526367,0.474070280790329,-0.017424171790480614,0.49326175451278687,0.3614411950111389,-0.03887465223670006,0.47731953859329224,0.29020342230796814,-0.05492588132619858,0.4605112075805664,0.2256665825843811,-0.06638160347938538,0.5554945468902588,0.4957912862300873,-0.03205248713493347,0.5586174726486206,0.40185657143592834,-0.05122826248407364,0.5559664368629456,0.3399413228034973,-0.06027505174279213,0.5490630865097046,0.28178924322128296,-0.066892609000206
0.5335302948951721,0.7675061821937561,3.9668464069109177e-07,0.44822967052459717,0.7296416759490967,-0.031943272799253464,0.3831363618373871,0.6393485069274902,-0.0432271771132946,0.3421052098274231,0.5496839880943298,-0.053554266691207886,0.29670023918151855,0.482973575592041,-0.06295332312583923,0.41448378562927246,0.5007431507110596,-0.003579700132831931,0.37158939242362976,0.40821242332458496,-0.02582860179245472,0.3443033695220947,0.3516067564487457,-0.047725386917591095,0.322795033454895,0.2951931357383728,-0.06472618877887726,0.4608561396598816,0.47313812375068665,-0.00719048734754324,0.4356367886066437,0.35389602184295654,-0.02511739730834961,0.41797807812690735,0.2789227068424225,-0.044528327882289886,0.4029420018196106,0.21237722039222717,-0.059491511434316635,0.5074295997619629,0.4746766984462738,-0.017938513308763504,0.4927161931991577,0.36233484745025635,-0.04015183448791504,0.4772929549217224,0.2910308837890625,-0.056122832000255585,0.4609781801700592,0.22635173797607422,-0.06723570823669434,0.5560793280601501,0.49573254585266113,-0.03249179944396019,0.5589262843132019,0.40192440152168274,-0.05223558470606804,0.5562143325805664,0.3400726616382599,-0.06132366880774498,0.549141526222229,0.28204092383384705,-0.0677928477525711
0.5332852005958557,0.767595648765564,3.947549771510239e-07,0.4477519989013672,0.7311604022979736,-0.031211603432893753,0.38155457377433777,0.6372556090354919,-0.04139745980501175,0.34055107831954956,0.5449374914169312,-0.05059593915939331,0.2945709228515625,0.47738054394721985,-0.058811090886592865,0.4141330122947693,0.4991488754749298,-0.001749788410961628,0.3714117109775543,0.4063509702682495,-0.022470152005553246,0.3446769714355469,0.35027191042900085,-0.043483708053827286,0.32367467880249023,0.2940129339694977,-0.060128841549158096,0.4606974720954895,0.47275570034980774,-0.0054341331124305725,0.4353750944137573,0.35404831171035767,-0.02225002646446228,0.4181290566921234,0.2789248824119568,-0.041828714311122894,0.4033419191837311,0.2119651734828949,-0.057134781032800674,0.5074266791343689,0.47501829266548157,-0.01614478975534439,0.4926256537437439,0.36363011598587036,-0.037512097507715225,0.4776580035686493,0.29242631793022156,-0.05383537709712982,0.46148693561553955,0.22731688618659973,-0.06540334224700928,0.5563391447067261,0.4955945312976837,-0.03054727427661419,0.5586273074150085,0.4015183448791504,-0.049655038863420486,0.5561268329620361,0.3395653963088989,-0.05877827852964401,0.5493096113204956,0.28096804022789,-0.06546362489461899
0.5331318974494934,0.7679598331451416,3.938051804652787e-07,0.4477860629558563,0.7312870621681213,-0.031135421246290207,0.3816819190979004,0.6372414827346802,-0.04134759306907654,0.3406132459640503,0.5452019572257996,-0.05060127004981041,0.29467517137527466,0.4776766896247864,-0.058851659297943115,0.4142957627773285,0.4989970922470093,-0.001587795210070908,0.37151384353637695,0.40634849667549133,-0.022202054038643837,0.344681054353714,0.3502517342567444,-0.04314323142170906,0.32364436984062195,0.29405903816223145,-0.059742290526628494,0.4607955813407898,0.47268685698509216,-0.005331011023372412,0.43548518419265747,0.35413259267807007,-0.022024385631084442,0.41823580861091614,0.2790132462978363,-0.04148769751191139,0.4034600853919983,0.21217069029808044,-0.05671197548508644,0.5074596405029297,0.47503969073295593,-0.016107331961393356,0.4926418662071228,0.3637045621871948,-0.037343040108680725,0.4776156544685364,0.29247361421585083,-0.05360028147697449,0.46138516068458557,0.2274097502231598,-0.06514023244380951,0.5562716722488403,0.4957374334335327,-0.030581070110201836,0.5585705041885376,0.4015417695045471,-0.0495683029294014,0.5560591816902161,0.3395376205444336,-0.05864158272743225,0.5492169857025146,0.28096500039100647,-0.06530620157718658
0.5331537127494812,0.7670786380767822,4.0445027593705163e-07,0.4478095471858978,0.730319619178772,-0.03200051933526993,0.3818121552467346,0.6374332904815674,-0.042862121015787125,0.3401314914226532,0.5455220937728882,-0.05261533334851265,0.29411962628364563,0.47819921374320984,-0.061284102499485016,0.41432639956474304,0.49951988458633423,-0.0016005767975002527,0.37272801995277405,0.4061553478240967,-0.02233671024441719,0.3461771607398987,0.3495885133743286,-0.04348117113113403,0.3252409100532532,0.29320260882377625,-0.06022409349679947,0.4607713222503662,0.4723086655139923,-0.0049649071879684925,0.4356937110424042,0.35325413942337036,-0.02168821543455124,0.4181694984436035,0.277802050113678,-0.04118349403142929,0.4030918478965759,0.21100428700447083,-0.05644919350743294,0.5071380734443665,0.47426408529281616,-0.015501146204769611,0.49305281043052673,0.36223483085632324,-0.036646731197834015,0.47828078269958496,0.29074758291244507,-0.052873287349939346,0.46241268515586853,0.22590914368629456,-0.0644649788737297,0.5556192398071289,0.4947316348552704,-0.029825476929545403,0.5581183433532715,0.4010494351387024,-0.04859704524278641,0.5554254651069641,0.3394052982330322,-0.05759153515100479,0.5486189126968384,0.28139233589172363,-0.06426607817411423
0.5331881046295166,0.7670616507530212,4.046774222388194e-07,0.4475007951259613,0.7298330068588257,-0.031881898641586304,0.38172078132629395,0.6373361945152283,-0.0427028089761734,0.33989542722702026,0.545781672000885,-0.052469100803136826,0.29392948746681213,0.47860512137413025,-0.06115662679076195,0.41440677642822266,0.4993685185909271,-0.0010562397073954344,0.37252914905548096,0.4061722159385681,-0.021728936582803726,0.3457552492618561,0.34942179918289185,-0.04291798546910286,0.32479995489120483,0.29298079013824463,-0.05967095121741295,0.4608388841152191,0.47209593653678894,-0.004416698589920998,0.4360302984714508,0.3533012866973877,-0.021122785285115242,0.4183751046657562,0.2778705954551697,-0.04070570319890976,0.4031940996646881,0.21121534705162048,-0.05598951876163483,0.5071614980697632,0.47390639781951904,-0.014961864799261093,0.4931587278842926,0.36209219694137573,-0.03605247661471367,0.47824546694755554,0.2907554507255554,-0.05227705091238022,0.46225476264953613,0.22620755434036255,-0.06382624804973602,0.5555155873298645,0.494276225566864,-0.0292960274964571,0.5581348538398743,0.40068796277046204,-0.04799875617027283,0.5553117394447327,0.3390656113624573,-0.05695071816444397,0.548424243927002,0.28105342388153076,-0.06355120986700058
0.5333586931228638,0.768622875213623,3.9762775827512087e-07,0.44778725504875183,0.7294123768806458,-0.0308725293725729,0.38288256525993347,0.6368796825408936,-0.04178507253527641,0.34107649326324463,0.5466800928115845,-0.0518617108464241,0.29562607407569885,0.48067229986190796,-0.06095600873231888,0.4171793460845947,0.49843063950538635,-0.0013352676760405302,0.37450677156448364,0.4057275652885437,-0.0224411990493536,0.34691861271858215,0.3483780026435852,-0.043764758855104446,0.3256107568740845,0.2918301522731781,-0.060506876558065414,0.4635981023311615,0.472430944442749,-0.005239630118012428,0.43982771039009094,0.35409292578697205,-0.02257656864821911,0.4220796823501587,0.27899885177612305,-0.04240070655941963,0.40656542778015137,0.21236947178840637,-0.05763968080282211,0.5099519491195679,0.4747607409954071,-0.016086628660559654,0.4956669211387634,0.36377817392349243,-0.03749026730656624,0.48014336824417114,0.2923396825790405,-0.05343646928668022,0.46356001496315,0.22774168848991394,-0.06463102251291275,0.5579129457473755,0.495611310005188,-0.030602416023612022,0.5606871843338013,0.4028835892677307,-0.04938574135303497,0.5579555034637451,0.3409147262573242,-0.05799084156751633,0.5513210892677307,0.282438188791275,-0.06415218859910965
0.5323957204818726,0.7675560116767883,3.837491533431603e-07,0.4472281336784363,0.7290586233139038,-0.03166130185127258,0.3818810284137726,0.6367679238319397,-0.042805884033441544,0.34079912304878235,0.5457525253295898,-0.052981965243816376,0.2956520915031433,0.47837018966674805,-0.06216957047581673,0.416950523853302,0.4994758367538452,-0.0025459309108555317,0.3746246099472046,0.40691807866096497,-0.024126242846250534,0.3475539982318878,0.3503204584121704,-0.045893240720033646,0.3264978229999542,0.29396140575408936,-0.06297216564416885,0.46307316422462463,0.4731670022010803,-0.006077868863940239,0.4376019239425659,0.3550414443016052,-0.023975538089871407,0.41969117522239685,0.2799118161201477,-0.044206179678440094,0.4043765962123871,0.2129233181476593,-0.05985862761735916,0.5093129277229309,0.47518011927604675,-0.016634535044431686,0.4946274757385254,0.36347997188568115,-0.03865828737616539,0.4794943928718567,0.2917367219924927,-0.05520446598529816,0.46335306763648987,0.22652208805084229,-0.06679599732160568,0.5575885772705078,0.4957405626773834,-0.030900467187166214,0.5602577924728394,0.4017254710197449,-0.05023408681154251,0.5576063394546509,0.339434951543808,-0.05941466614603996,0.5508366227149963,0.28089258074760437,-0.06606414914131165
0.5354840755462646,0.7710898518562317,3.809124393683305e-07,0.4495477080345154,0.7330116629600525,-0.030072784051299095,0.3836938142776489,0.6364590525627136,-0.04023699462413788,0.34212493896484375,0.5436044335365295,-0.04960184544324875,0.2966821789741516,0.47740983963012695,-0.05815066024661064,0.4192950129508972,0.4978390336036682,-0.00143505132291466,0.3772414028644562,0.4038797914981842,-0.021598054096102715,0.3500358462333679,0.3471214175224304,-0.04233081638813019,0.32861876487731934,0.29101523756980896,-0.0589558407664299,0.4661542475223541,0.4720957577228546,-0.0059256963431835175,0.44158536195755005,0.352927565574646,-0.02239789254963398,0.42338910698890686,0.2776332497596741,-0.04191526025533676,0.4071427285671234,0.21196752786636353,-0.05727043375372887,0.5127540230751038,0.47520703077316284,-0.017218906432390213,0.49838271737098694,0.36293214559555054,-0.03783329948782921,0.48244231939315796,0.2908151149749756,-0.05410570651292801,0.46517980098724365,0.2261238694190979,-0.06603139638900757,0.5606684684753418,0.49721667170524597,-0.032118719071149826,0.5638524889945984,0.40354517102241516,-0.05087671056389809,0.5615042448043823,0.34112071990966797,-0.06011727824807167,0.5551146268844604,0.2825756371021271,-0.06703200936317444
0.5352492332458496,0.7712364196777344,3.6675331216429186e-07,0.4507405161857605,0.733607292175293,-0.030817709863185883,0.3848336338996887,0.6385208964347839,-0.04116090014576912,0.343733549118042,0.5460888743400574,-0.050610173493623734,0.298685222864151,0.4787770211696625,-0.059100277721881866,0.4183800518512726,0.49920839071273804,-0.0025695585645735264,0.37688013911247253,0.4049602150917053,-0.023643968626856804,0.3504319190979004,0.34831055998802185,-0.04492233321070671,0.3295859098434448,0.29207926988601685,-0.06177496910095215,0.4647560119628906,0.47301727533340454,-0.006620320491492748,0.438809871673584,0.35379523038864136,-0.0238544549793005,0.4208621382713318,0.27905264496803284,-0.04343249276280403,0.4052402675151825,0.2132561206817627,-0.05879785120487213,0.5112982988357544,0.47565126419067383,-0.01760832592844963,0.49717000126838684,0.3630408048629761,-0.038995951414108276,0.48207005858421326,0.29078251123428345,-0.0553319975733757,0.465535432100296,0.225791335105896,-0.06711789965629578,0.5596087574958801,0.4973847568035126,-0.03228483349084854,0.5631835460662842,0.40356412529945374,-0.05156126245856285,0.560904860496521,0.34126123785972595,-0.06097983196377754,0.5542083382606506,0.2830880880355835,-0.06796920299530029
0.5366642475128174,0.7721652388572693,4.1676136675050657e-07,0.45133334398269653,0.730911374092102,-0.03186282142996788,0.38661038875579834,0.6361329555511475,-0.04348939284682274,0.344486266374588,0.5450327396392822,-0.054363053292036057,0.29899361729621887,0.4767579138278961,-0.06418654322624207,0.42012616991996765,0.49752816557884216,-0.0004316998820286244,0.37885963916778564,0.402985543012619,-0.02155645750463009,0.35179173946380615,0.34554505348205566,-0.043356627225875854,0.33055588603019714,0.2885929346084595,-0.060488782823085785,0.46703168749809265,0.47251397371292114,-0.004119351506233215,0.4445575475692749,0.3538668155670166,-0.02096935175359249,0.42700693011283875,0.2784702181816101,-0.04096323996782303,0.41169312596321106,0.21174153685569763,-0.056479986757040024,0.5137287974357605,0.4759361147880554,-0.014964379370212555,0.5003867745399475,0.36393848061561584,-0.03531807288527489,0.48513954877853394,0.2928925156593323,-0.05071905627846718,0.4687655568122864,0.22867697477340698,-0.06182634457945824,0.5619735717773438,0.49838319420814514,-0.029740236699581146,0.5653287172317505,0.40540167689323425,-0.04759899526834488,0.5629856586456299,0.3438569903373718,-0.055619195103645325,0.5569616556167603,0.2860031723976135,-0.061498623341321945
0.5365289449691772,0.7713930606842041,4.141753606745624e-07,0.4510178864002228,0.7314329147338867,-0.03220998868346214,0.3861590623855591,0.6363198757171631,-0.04362531006336212,0.34462642669677734,0.5446626543998718,-0.05409180745482445,0.299342542886734,0.4755454957485199,-0.06345891207456589,0.4195176064968109,0.49782586097717285,-0.000807379896286875,0.37867677211761475,0.4028974175453186,-0.021420234814286232,0.3520660102367401,0.346152126789093,-0.04287693277001381,0.3309451937675476,0.28954628109931946,-0.05984850600361824,0.46637585759162903,0.4726645350456238,-0.004132893867790699,0.44248485565185547,0.35389864444732666,-0.02049865759909153,0.4248674809932709,0.27850788831710815,-0.040284231305122375,0.40991106629371643,0.21193045377731323,-0.05581061169505119,0.5128825902938843,0.4760335385799408,-0.01464390940964222,0.49959832429885864,0.3638451099395752,-0.03475020453333855,0.4849267899990082,0.2920438051223755,-0.050698257982730865,0.4692172110080719,0.22696080803871155,-0.062369439750909805,0.5610391497612,0.4978458285331726,-0.02908269129693508,0.5646726489067078,0.40478211641311646,-0.04700677469372749,0.5626460909843445,0.34311750531196594,-0.05565191060304642,0.5569217801094055,0.2849386930465698,-0.06215713918209076
0.5385839939117432,0.7733728885650635,4.0080635699268896e-07,0.4520552456378937,0.7314383387565613,-0.030110282823443413,0.3872116208076477,0.6358369588851929,-0.04066487029194832,0.34559327363967896,0.5434985160827637,-0.05072164535522461,0.30002695322036743,0.47636204957962036,-0.05984825640916824,0.42179039120674133,0.49718523025512695,0.0017821223009377718,0.3814946115016937,0.4018445909023285,-0.018600285053253174,0.3547678291797638,0.3443315029144287,-0.04029471054673195,0.33352625370025635,0.2869125008583069,-0.05755238234996796,0.4688330590724945,0.47215330600738525,-0.002711554756388068,0.44647955894470215,0.35419580340385437,-0.0192447267472744,0.42857909202575684,0.2789335548877716,-0.03970399871468544,0.4127350151538849,0.21227768063545227,-0.05572117865085602,0.5154695510864258,0.4755248427391052,-0.014204849489033222,0.5027047395706177,0.3642789125442505,-0.03438267484307289,0.4873787760734558,0.29296669363975525,-0.05025462433695793,0.47094497084617615,0.2286655306816101,-0.06183943524956703,0.5632721185684204,0.498017817735672,-0.029458513483405113,0.567227840423584,0.4048042893409729,-0.04732753336429596,0.5650529861450195,0.34280937910079956,-0.05561160668730736,0.5591080784797668,0.2843083143234253,-0.061764415353536606
0.537581205368042,0.7727174758911133,4.0648450294611393e-07,0.45146822929382324,0.732768177986145,-0.03167460113763809,0.38644149899482727,0.6371886134147644,-0.04261511191725731,0.34571951627731323,0.5440903306007385,-0.05258805304765701,0.3005210757255554,0.4756443500518799,-0.061581652611494064,0.42064785957336426,0.4975984990596771,-0.0009578518802300096,0.38083457946777344,0.4019472002983093,-0.021454153582453728,0.3546062409877777,0.3446468710899353,-0.04292647913098335,0.3337436616420746,0.2873687446117401,-0.060065653175115585,0.4680372178554535,0.4725653827190399,-0.004586000926792622,0.4445013999938965,0.35373973846435547,-0.021217280998826027,0.42715388536453247,0.2783735394477844,-0.041344594210386276,0.41218265891075134,0.21155738830566406,-0.05721070244908333,0.514861524105072,0.47621598839759827,-0.015281793661415577,0.5017930269241333,0.36421114206314087,-0.035959918051958084,0.48702502250671387,0.29281967878341675,-0.05224699154496193,0.4711833596229553,0.22799932956695557,-0.06413034349679947,0.5631062984466553,0.4984484910964966,-0.029794761911034584,0.567054271697998,0.40499675273895264,-0.04841502383351326,0.5651565790176392,0.3430352807044983,-0.05746633931994438,0.5594304800033569,0.28429538011550903,-0.06422261148691177
0.5391675233840942,0.7729723453521729,4.116839136258932e-07,0.4525980055332184,0.7315812706947327,-0.031382542103528976,0.38822412490844727,0.6364355683326721,-0.04277902841567993,0.34678250551223755,0.54443359375,-0.05338887497782707,0.3012159466743469,0.4769107401371002,-0.06311657279729843,0.4218093454837799,0.49620717763900757,-0.00028909073444083333,0.38189828395843506,0.4009861350059509,-0.02104390226304531,0.355207622051239,0.3435460031032562,-0.04279642924666405,0.33391767740249634,0.2862013876438141,-0.06010597571730614,0.46962714195251465,0.4710860848426819,-0.004239922389388084,0.4480392634868622,0.35255467891693115,-0.021052183583378792,0.4312607944011688,0.27738523483276367,-0.04158787056803703,0.4162593483924866,0.21028155088424683,-0.057668041437864304,0.5166956782341003,0.47477447986602783,-0.015195060521364212,0.5039029121398926,0.3634878993034363,-0.03574444353580475,0.48862794041633606,0.2921615242958069,-0.052103154361248016,0.47200584411621094,0.22721588611602783,-0.06407568603754044,0.5650094151496887,0.4972376525402069,-0.02994140423834324,0.5686589479446411,0.404468297958374,-0.048361945897340775,0.5664819478988647,0.34259510040283203,-0.05722834914922714,0.5605231523513794,0.2838843762874603,-0.06378233432769775
0.5387744903564453,0.7724156975746155,4.1317750287817034e-07,0.4526507556438446,0.731951117515564,-0.03188636153936386,0.3881188631057739,0.6366380453109741,-0.04323921352624893,0.3467872142791748,0.5442363619804382,-0.05367632210254669,0.30095574259757996,0.4763098359107971,-0.0631161704659462,0.42122381925582886,0.4958234429359436,-0.00043303915299475193,0.38147979974746704,0.4006749391555786,-0.020970137789845467,0.35526755452156067,0.34342408180236816,-0.042514387518167496,0.3343561887741089,0.28609251976013184,-0.05971668288111687,0.46898841857910156,0.4703073501586914,-0.003959033638238907,0.44678980112075806,0.3515242338180542,-0.020382704213261604,0.43018072843551636,0.27653011679649353,-0.04046863317489624,0.4154602289199829,0.20967510342597961,-0.05631052702665329,0.5160807371139526,0.47374191880226135,-0.014588775113224983,0.5035097599029541,0.3622955083847046,-0.03500404581427574,0.4885716736316681,0.2910512089729309,-0.051298946142196655,0.4721046984195709,0.22634252905845642,-0.06324191391468048,0.5646933913230896,0.4958600699901581,-0.02906729467213154,0.5689575672149658,0.40310952067375183,-0.04745842516422272,0.5668749213218689,0.34161221981048584,-0.05649309232831001,0.5606736540794373,0.283401757478714,-0.06322350353002548
0.5405239462852478,0.7720240354537964,3.9236707038980967e-07,0.45495158433914185,0.7324321866035461,-0.03070582076907158,0.3901185095310211,0.6373542547225952,-0.04149553179740906,0.34899604320526123,0.5456570386886597,-0.05142193287611008,0.3040936589241028,0.4782353639602661,-0.06029947102069855,0.4233395755290985,0.4954833984375,-0.00160343071911484,0.3823452591896057,0.39896708726882935,-0.022392643615603447,0.3554983139038086,0.34082961082458496,-0.043738871812820435,0.33426767587661743,0.2834961712360382,-0.06069841608405113,0.4706326127052307,0.47071731090545654,-0.00579881202429533,0.44773614406585693,0.3512778878211975,-0.023000046610832214,0.4304635226726532,0.27570292353630066,-0.04317231476306915,0.41522786021232605,0.20913445949554443,-0.058843739330768585,0.5178335905075073,0.47452113032341003,-0.016839776188135147,0.5039629936218262,0.36214524507522583,-0.037942931056022644,0.489190012216568,0.29020941257476807,-0.054034847766160965,0.4730899930000305,0.22496387362480164,-0.06560150533914566,0.566704273223877,0.4969692826271057,-0.03155656158924103,0.5699214339256287,0.4029410481452942,-0.050482913851737976,0.5678364634513855,0.34050309658050537,-0.05930090323090553,0.5618331432342529,0.2813419699668884,-0.06569012999534607
0.5405797362327576,0.7720628976821899,3.8790963685642055e-07,0.4545365273952484,0.7332747578620911,-0.030814239755272865,0.389155775308609,0.6371592879295349,-0.04098163917660713,0.34851333498954773,0.5444710850715637,-0.05023786053061485,0.3035351037979126,0.476963609457016,-0.05850472301244736,0.42314860224723816,0.4956737458705902,-0.001129066338762641,0.38234835863113403,0.399375319480896,-0.02158346399664879,0.3561067581176758,0.34111231565475464,-0.042801372706890106,0.33543461561203003,0.2834959626197815,-0.059754833579063416,0.4704013764858246,0.4707285463809967,-0.005073261447250843,0.4468730688095093,0.35151827335357666,-0.02192831225693226,0.42965272068977356,0.27616164088249207,-0.04197333753108978,0.4145488739013672,0.20942392945289612,-0.0576595775783062,0.517488420009613,0.47432196140289307,-0.01595085673034191,0.5040510296821594,0.36199501156806946,-0.03703860193490982,0.4895692765712738,0.28966569900512695,-0.05343571677803993,0.47367075085639954,0.22412768006324768,-0.0652526468038559,0.5662868022918701,0.4962499439716339,-0.030519751831889153,0.5699170231819153,0.4023916721343994,-0.04953301325440407,0.5679237246513367,0.34019967913627625,-0.05869866535067558,0.561813473701477,0.2813243269920349,-0.06543239206075668
0.543718159198761,0.7712916731834412,4.0855658767213754e-07,0.4568161368370056,0.731554388999939,-0.031076766550540924,0.3910948634147644,0.6378141045570374,-0.04201536253094673,0.3495694696903229,0.5462431311607361,-0.05220260098576546,0.3047507703304291,0.4783197045326233,-0.06134001165628433,0.4241236448287964,0.49703383445739746,-0.0010183885460719466,0.3826664984226227,0.3999024033546448,-0.02186834253370762,0.3560965657234192,0.34146183729171753,-0.04332364350557327,0.3352658152580261,0.28335851430892944,-0.06038754805922508,0.4714601933956146,0.47098687291145325,-0.005141272209584713,0.44811293482780457,0.35099196434020996,-0.022423282265663147,0.4306202232837677,0.27495574951171875,-0.04286196455359459,0.41502195596694946,0.20775523781776428,-0.05880170688033104,0.5185030102729797,0.47357499599456787,-0.016271544620394707,0.5049104690551758,0.3601861596107483,-0.03754860907793045,0.4898603558540344,0.28788310289382935,-0.05430987849831581,0.47329381108283997,0.22268760204315186,-0.06634435802698135,0.5673147439956665,0.49499398469924927,-0.031126897782087326,0.5713021755218506,0.4004034399986267,-0.05016587674617767,0.5690645575523376,0.33784064650535583,-0.05954140052199364,0.5627155900001526,0.27918335795402527,-0.06640978902578354
0.5437279343605042,0.7710510492324829,4.1776795001169376e-07,0.4569668173789978,0.7324225902557373,-0.03154250234365463,0.39107826352119446,0.6390678882598877,-0.042722150683403015,0.34981808066368103,0.5467913150787354,-0.05290697142481804,0.30513235926628113,0.4776393175125122,-0.062008973211050034,0.4232765734195709,0.4972017705440521,-0.0024341829121112823,0.3827282786369324,0.3998521864414215,-0.023517802357673645,0.3564833998680115,0.34150993824005127,-0.04510058835148811,0.33550480008125305,0.28340286016464233,-0.0623125322163105,0.47082483768463135,0.47146156430244446,-0.006328688468784094,0.4478844404220581,0.35102254152297974,-0.02376849390566349,0.43049147725105286,0.2751533091068268,-0.044344477355480194,0.4147164225578308,0.20776337385177612,-0.060476623475551605,0.5179866552352905,0.47440627217292786,-0.017162034288048744,0.5045332908630371,0.36063382029533386,-0.03873840346932411,0.48949140310287476,0.28813841938972473,-0.05569395050406456,0.4726596772670746,0.22255179286003113,-0.06793836504220963,0.5669151544570923,0.49609729647636414,-0.031703196465969086,0.5716238021850586,0.40170031785964966,-0.05125708132982254,0.5694106817245483,0.3390616178512573,-0.06098198890686035,0.5628315210342407,0.2802037000656128,-0.06811042129993439
0.5461418628692627,0.7709757685661316,4.025192197332217e-07,0.45898303389549255,0.7330765724182129,-0.03173043578863144,0.39317822456359863,0.6383792161941528,-0.04297631233930588,0.35165780782699585,0.546531081199646,-0.0532277449965477,0.3057515025138855,0.4792512059211731,-0.06254443526268005,0.4254298806190491,0.4948021471500397,-0.001971419434994459,0.38455066084861755,0.3989492952823639,-0.023203926160931587,0.35760271549224854,0.3407736122608185,-0.045182276517152786,0.3361246585845947,0.2828724980354309,-0.06271188706159592,0.47315406799316406,0.4691372811794281,-0.00592036172747612,0.4498696029186249,0.3508628308773041,-0.02347532846033573,0.4320361912250519,0.2754532992839813,-0.04433439299464226,0.4162980616092682,0.20824241638183594,-0.0606379434466362,0.5205115675926208,0.47259315848350525,-0.016834106296300888,0.5062659382820129,0.36092889308929443,-0.03830461949110031,0.49018609523773193,0.2894364595413208,-0.055034246295690536,0.4726034998893738,0.22408854961395264,-0.06721008569002151,0.5694807767868042,0.49494698643684387,-0.03152157738804817,0.5726146697998047,0.40157225728034973,-0.05119476094841957,0.569703221321106,0.3390926718711853,-0.06079418957233429,0.5627221465110779,0.2794865369796753,-0.0677863359451294
0.5454557538032532,0.770695686340332,4.087150102805026e-07,0.4583801329135895,0.7334653735160828,-0.031959254294633865,0.3927403688430786,0.6386396884918213,-0.04291833937168121,0.35178086161613464,0.5461038947105408,-0.05277075245976448,0.3059794008731842,0.4781162142753601,-0.06158842891454697,0.42434701323509216,0.49515843391418457,-0.001801970531232655,0.383971631526947,0.3986775279045105,-0.022498121485114098,0.35785549879074097,0.3405584692955017,-0.04401412606239319,0.33704179525375366,0.2824714183807373,-0.06130535155534744,0.4721132218837738,0.4694443345069885,-0.005451656877994537,0.4484073221683502,0.35046178102493286,-0.022449498996138573,0.43118709325790405,0.27516013383865356,-0.04287637025117874,0.4162892997264862,0.20818546414375305,-0.05898590385913849,0.5195519924163818,0.4728972315788269,-0.01613989658653736,0.5060110688209534,0.36084964871406555,-0.03734072670340538,0.49069997668266296,0.28880131244659424,-0.05415940284729004,0.47377321124076843,0.22293314337730408,-0.06649896502494812,0.5687611699104309,0.4949667751789093,-0.030623668804764748,0.5725749731063843,0.40161484479904175,-0.050189316272735596,0.5698919296264648,0.3395509123802185,-0.05998637527227402,0.562911868095398,0.28040966391563416,-0.06725148856639862
0.548923134803772,0.7697116732597351,4.1562034880371357e-07,0.4614971876144409,0.7307472825050354,-0.03190791606903076,0.3956265449523926,0.6373870968818665,-0.04348042234778404,0.35345572233200073,0.546174168586731,-0.054235637187957764,0.3078352212905884,0.4773178696632385,-0.06393107026815414,0.4279835820198059,0.49448299407958984,-0.0006215416942723095,0.38652586936950684,0.39806103706359863,-0.021638760343194008,0.3590860366821289,0.3403472900390625,-0.04353867471218109,0.3370260000228882,0.2826085090637207,-0.060951992869377136,0.4753740727901459,0.4690132439136505,-0.004529383033514023,0.4514746069908142,0.3504503667354584,-0.021939421072602272,0.43306615948677063,0.2751105725765228,-0.04285864531993866,0.416728675365448,0.2078585922718048,-0.05916029214859009,0.52243971824646,0.47235795855522156,-0.015582925640046597,0.5077304840087891,0.36042916774749756,-0.03690135478973389,0.4917885363101959,0.2897266745567322,-0.05351686850190163,0.47444987297058105,0.22517606616020203,-0.0654912143945694,0.5712785720825195,0.49394679069519043,-0.030475161969661713,0.5740450620651245,0.39916300773620605,-0.049741245806217194,0.5713595747947693,0.3359694480895996,-0.05913686752319336,0.5647379755973816,0.2754433751106262,-0.06599307060241699
0.5480005741119385,0.7684234380722046,4.3510067371244077e-07,0.4610109031200409,0.7299503684043884,-0.03334752097725868,0.3954589068889618,0.6374457478523254,-0.045762598514556885,0.3535848557949066,0.5463905930519104,-0.05695810168981552,0.3076745867729187,0.47638872265815735,-0.0670403465628624,0.42659467458724976,0.49528005719184875,-0.0026596940588206053,0.38559678196907043,0.39828670024871826,-0.023886211216449738,0.35883983969688416,0.34084129333496094,-0.04583035781979561,0.3371492028236389,0.2831992506980896,-0.06323333829641342,0.47427576780319214,0.4697832763195038,-0.005749044939875603,0.44990479946136475,0.35078001022338867,-0.023100486025214195,0.4319612383842468,0.2755436897277832,-0.0439632423222065,0.41650012135505676,0.20820745825767517,-0.06030924245715141,0.5215533375740051,0.4729292690753937,-0.016008052974939346,0.5070357322692871,0.36049801111221313,-0.03729889169335365,0.49180006980895996,0.2889898717403412,-0.0540703609585762,0.4753342270851135,0.2234826683998108,-0.06619637459516525,0.5707741379737854,0.49432551860809326,-0.030162585899233818,0.5737936496734619,0.3994431793689728,-0.049390342086553574,0.5711771249771118,0.3364095985889435,-0.05885379761457443,0.5646274089813232,0.27623414993286133,-0.06580997258424759
0.5544685125350952,0.7675886750221252,4.0627466546538926e-07,0.4662849009037018,0.7313254475593567,-0.031471192836761475,0.39961305260658264,0.6376917362213135,-0.04217184707522392,0.35692867636680603,0.5445783138275146,-0.05184665694832802,0.3106811046600342,0.47673240303993225,-0.06045425683259964,0.43036407232284546,0.49502360820770264,-0.00013308716006577015,0.3883522152900696,0.3985746502876282,-0.02036905288696289,0.3605910539627075,0.3408154249191284,-0.04151321202516556,0.3383244276046753,0.28362566232681274,-0.05833691358566284,0.4779406189918518,0.468131422996521,-0.0036822969559580088,0.45343729853630066,0.3489091694355011,-0.019904237240552902,0.43500208854675293,0.27423611283302307,-0.039862796664237976,0.41867363452911377,0.20878979563713074,-0.05548438802361488,0.5250461101531982,0.47046372294425964,-0.014257477596402168,0.509843111038208,0.35860782861709595,-0.03454671800136566,0.49341633915901184,0.2880086302757263,-0.05077304318547249,0.4756670296192169,0.22432520985603333,-0.06265770643949509,0.5739291310310364,0.4911644458770752,-0.028587736189365387,0.5760769248008728,0.39796316623687744,-0.04721992090344429,0.5732501149177551,0.33589327335357666,-0.056281913071870804,0.5668396353721619,0.27674782276153564,-0.06290432065725327
0.553119957447052,0.7653013467788696,4.2735686633932346e-07,0.4662695527076721,0.7308661937713623,-0.03316803649067879,0.3999103903770447,0.638364315032959,-0.044763896614313126,0.35785627365112305,0.5457819700241089,-0.0548652783036232,0.31152743101119995,0.4764505922794342,-0.06378538906574249,0.42902886867523193,0.49520233273506165,-0.0034214560873806477,0.38706880807876587,0.3991285562515259,-0.024524616077542305,0.36002326011657715,0.3416706919670105,-0.04594268649816513,0.3384059965610504,0.2846067547798157,-0.06273793429136276,0.4769100844860077,0.4684531092643738,-0.006081676576286554,0.45173150300979614,0.34852927923202515,-0.022508593276143074,0.4339064359664917,0.2736964225769043,-0.04199518635869026,0.4188094139099121,0.20791807770729065,-0.057274479418992996,0.5243168473243713,0.4708947241306305,-0.015831628814339638,0.5088244080543518,0.35862547159194946,-0.036200717091560364,0.4934139847755432,0.2877160310745239,-0.05177142843604088,0.4768909215927124,0.22328031063079834,-0.06312432140111923,0.5737006664276123,0.49164852499961853,-0.0294790118932724,0.5756975412368774,0.398366779088974,-0.04793833941221237,0.572851836681366,0.33663293719291687,-0.0563960000872612,0.5661149024963379,0.2779902219772339,-0.06257125735282898
0.557418942451477,0.7664769887924194,4.242309330493299e-07,0.4702916145324707,0.7308762073516846,-0.03184620663523674,0.4027823805809021,0.6370651721954346,-0.0429222472012043,0.35946112871170044,0.5454666614532471,-0.05310343950986862,0.31249237060546875,0.47743701934814453,-0.06212347745895386,0.43091678619384766,0.4941366910934448,0.0005951150087639689,0.3884888291358948,0.3995780646800995,-0.019301697611808777,0.3609170615673065,0.3424304127693176,-0.0404011532664299,0.33884143829345703,0.28565675020217896,-0.057284582406282425,0.47849732637405396,0.46620461344718933,-0.002919345861300826,0.4534194767475128,0.3485296368598938,-0.01843567006289959,0.43512624502182007,0.27368661761283875,-0.03788348287343979,0.4192098379135132,0.20814692974090576,-0.05320487171411514,0.5262897610664368,0.46761929988861084,-0.01362760178744793,0.5096845030784607,0.3568057715892792,-0.033195264637470245,0.49316510558128357,0.28652310371398926,-0.048840515315532684,0.4756980538368225,0.22293755412101746,-0.060370270162820816,0.5761505365371704,0.48792073130607605,-0.028244176879525185,0.577580451965332,0.3939964175224304,-0.04624554514884949,0.5743927359580994,0.3318513035774231,-0.05488218739628792,0.5675597190856934,0.2732982635498047,-0.06124838441610336
0.5569933652877808,0.765842854976654,4.423244774898194e-07,0.4698801040649414,0.7298544049263,-0.03263498470187187,0.4029513895511627,0.6367699503898621,-0.0443606972694397,0.36020341515541077,0.544815182685852,-0.05496502295136452,0.31335416436195374,0.47483548521995544,-0.06439323723316193,0.4300846457481384,0.4943508803844452,-0.0013883663341403008,0.3883194327354431,0.3986770510673523,-0.02220834232866764,0.3610725998878479,0.3417844772338867,-0.043820515275001526,0.3386996388435364,0.2852322459220886,-0.060826778411865234,0.4779627025127411,0.4669007956981659,-0.004552393686026335,0.45297884941101074,0.34760966897010803,-0.02052467130124569,0.4348413050174713,0.2729048728942871,-0.04023253917694092,0.4190511405467987,0.20722249150276184,-0.055723726749420166,0.5257135033607483,0.4686799943447113,-0.014892933890223503,0.5097225308418274,0.3567312955856323,-0.03471863642334938,0.49334797263145447,0.2858524024486542,-0.0505305677652359,0.4759020209312439,0.22177109122276306,-0.06216561794281006,0.5753306150436401,0.4893016517162323,-0.029165640473365784,0.5775816440582275,0.3952444791793823,-0.047197457402944565,0.574429452419281,0.3329440653324127,-0.055775273591279984,0.567292332649231,0.2746618986129761,-0.06210470572113991
0.5635481476783752,0.7614022493362427,4.3496905277606857e-07,0.47563037276268005,0.7263998985290527,-0.03308916464447975,0.4078550338745117,0.6342668533325195,-0.04536432400345802,0.36270371079444885,0.5431268811225891,-0.05635428428649902,0.31366461515426636,0.4766291081905365,-0.06612521409988403,0.43398964405059814,0.49085962772369385,-0.0012634816812351346,0.3906611502170563,0.395341157913208,-0.02166184037923813,0.3623752295970917,0.33863475918769836,-0.04298027977347374,0.3393626809120178,0.28224295377731323,-0.05983957648277283,0.48160868883132935,0.4633178114891052,-0.004204877186566591,0.45512494444847107,0.34478598833084106,-0.019973840564489365,0.43586137890815735,0.2704361081123352,-0.03970019146800041,0.41896510124206543,0.2049180269241333,-0.05526407063007355,0.5292449593544006,0.4647882580757141,-0.014301861636340618,0.5120034217834473,0.35312360525131226,-0.03382583335042,0.49456658959388733,0.28290897607803345,-0.04953576996922493,0.4759686291217804,0.21922394633293152,-0.06117868423461914,0.5790736675262451,0.48426198959350586,-0.02833372913300991,0.5789743661880493,0.3900569975376129,-0.04605359211564064,0.5749704837799072,0.3277905583381653,-0.054444462060928345,0.5673767328262329,0.26878097653388977,-0.06068054586648941
0.5625743269920349,0.7603510618209839,4.4186666059431445e-07,0.47523167729377747,0.7259703278541565,-0.03297870606184006,0.4078367352485657,0.633437991142273,-0.0451878197491169,0.36362409591674805,0.5420117378234863,-0.055997975170612335,0.3149753212928772,0.4744175374507904,-0.06558272242546082,0.43358108401298523,0.4906909465789795,-0.003022323828190565,0.3900182843208313,0.39498254656791687,-0.023980973288416862,0.36178866028785706,0.33831459283828735,-0.04529760405421257,0.3388252258300781,0.28226327896118164,-0.06194883584976196,0.48120343685150146,0.4631420373916626,-0.005916197318583727,0.45436155796051025,0.34346893429756165,-0.021943356841802597,0.4348311722278595,0.2690865397453308,-0.04137237370014191,0.41791465878486633,0.20416107773780823,-0.05661392584443092,0.5289798974990845,0.4643825590610504,-0.01582062430679798,0.5113670229911804,0.3520597219467163,-0.03546539321541786,0.4939887225627899,0.28155970573425293,-0.050714362412691116,0.47563469409942627,0.21803215146064758,-0.061953723430633545,0.5788412690162659,0.4840269982814789,-0.029627494513988495,0.5792924165725708,0.39012062549591064,-0.047305550426244736,0.5754236578941345,0.3280380964279175,-0.0552903488278389,0.5676244497299194,0.2699708342552185,-0.06115828827023506
0.5661280155181885,0.7587255835533142,4.132172648496635e-07,0.4789921045303345,0.7229956388473511,-0.03145371004939079,0.41051191091537476,0.6291835904121399,-0.04244038090109825,0.36576971411705017,0.5360374450683594,-0.05235399678349495,0.3167937994003296,0.4703533947467804,-0.06112619489431381,0.43701261281967163,0.4867839515209198,0.00011865697160828859,0.39329516887664795,0.3915543854236603,-0.020099999383091927,0.36477866768836975,0.3346795439720154,-0.04121886566281319,0.34154918789863586,0.2784258723258972,-0.057881176471710205,0.48440077900886536,0.45872968435287476,-0.0032492950558662415,0.45840272307395935,0.3402353525161743,-0.018613087013363838,0.43868395686149597,0.2668724060058594,-0.03790625184774399,0.4208366870880127,0.20227965712547302,-0.05309249088168144,0.5321347713470459,0.4597475528717041,-0.013641285710036755,0.5155158638954163,0.34775596857070923,-0.03296312689781189,0.49800053238868713,0.27744579315185547,-0.04824461415410042,0.4791836738586426,0.21453171968460083,-0.059519991278648376,0.5817487239837646,0.4791882634162903,-0.027825865894556046,0.5823531746864319,0.38516950607299805,-0.04531315341591835,0.5786176919937134,0.3231280446052551,-0.05328444391489029,0.5712890028953552,0.26495692133903503,-0.0591420941054821
0.5652572512626648,0.7572973370552063,4.0114372268362786e-07,0.4790882468223572,0.7242751717567444,-0.03185924515128136,0.4104691445827484,0.6308226585388184,-0.04253535717725754,0.36698663234710693,0.5378536581993103,-0.05192229896783829,0.31934109330177307,0.4704526364803314,-0.06005158647894859,0.4354660212993622,0.48680660128593445,-0.0019456498557701707,0.3910522162914276,0.39146170020103455,-0.022485977038741112,0.3630622625350952,0.33497413992881775,-0.04350604861974716,0.34033578634262085,0.2795253396034241,-0.059876590967178345,0.4829340875148773,0.4582296907901764,-0.004862593486905098,0.4540579915046692,0.33960098028182983,-0.020271720364689827,0.43401455879211426,0.266277551651001,-0.03886036574840546,0.41696634888648987,0.20309436321258545,-0.05344066768884659,0.5310441851615906,0.45875000953674316,-0.014773765578866005,0.5131968259811401,0.3461400866508484,-0.03402310237288475,0.4958290159702301,0.27593332529067993,-0.048717353492975235,0.4776339530944824,0.21362629532814026,-0.05947187915444374,0.5815079212188721,0.4784160256385803,-0.02852764166891575,0.5823653936386108,0.38419097661972046,-0.04599273204803467,0.578620970249176,0.3225448727607727,-0.053664445877075195,0.5710296630859375,0.2656387686729431,-0.05920356512069702
0.5672120451927185,0.7569576501846313,4.274631066891743e-07,0.47936713695526123,0.7222017645835876,-0.032323207706213,0.41245871782302856,0.6274471879005432,-0.042968831956386566,0.3694154620170593,0.5323387384414673,-0.05240650102496147,0.32104194164276123,0.4633856415748596,-0.06054981052875519,0.43858516216278076,0.48218709230422974,0.0021962940227240324,0.39542436599731445,0.38635730743408203,-0.016945773735642433,0.36692333221435547,0.32978618144989014,-0.03780151531100273,0.34342366456985474,0.27358415722846985,-0.05434978008270264,0.4865425229072571,0.4544231593608856,-0.0004164710408076644,0.4605397880077362,0.3365950584411621,-0.014268048107624054,0.4409627914428711,0.26288747787475586,-0.033158645033836365,0.42404982447624207,0.19792544841766357,-0.0482102632522583,0.5339754223823547,0.4561743140220642,-0.010314568877220154,0.5175881385803223,0.345187246799469,-0.027974974364042282,0.5007935762405396,0.27508407831192017,-0.042649488896131516,0.48294222354888916,0.21155068278312683,-0.05387059971690178,0.5831248164176941,0.4765757620334625,-0.024265147745609283,0.5840015411376953,0.3847104012966156,-0.04051679000258446,0.5803128480911255,0.32372331619262695,-0.04792162403464317,0.5731639266014099,0.26570796966552734,-0.053572095930576324
0.5659536123275757,0.7565709352493286,4.1260793182118505e-07,0.47874167561531067,0.7222111821174622,-0.032312143594026566,0.4120578169822693,0.6268466711044312,-0.04256635159254074,0.36946362257003784,0.5320419669151306,-0.05163158103823662,0.32119596004486084,0.46304404735565186,-0.05948261171579361,0.43826979398727417,0.4813756048679352,0.0017871331656351686,0.3943682610988617,0.38592129945755005,-0.01754624769091606,0.3662410378456116,0.32956546545028687,-0.03849209472537041,0.3432272672653198,0.2734929323196411,-0.05508013069629669,0.48598116636276245,0.45358285307884216,-0.0007701529539190233,0.4577435553073883,0.33635127544403076,-0.014882947318255901,0.4378253221511841,0.26302850246429443,-0.03363577648997307,0.4209999144077301,0.19895780086517334,-0.0485844761133194,0.5335093140602112,0.4551503658294678,-0.010667233727872372,0.5163742899894714,0.3444811999797821,-0.028799112886190414,0.49918264150619507,0.2747606039047241,-0.043626490980386734,0.481024831533432,0.21154698729515076,-0.05481118708848953,0.5831121802330017,0.47569555044174194,-0.024625400081276894,0.5840166211128235,0.38318806886672974,-0.04136670380830765,0.5802912712097168,0.32251253724098206,-0.049105171114206314,0.5727051496505737,0.26523929834365845,-0.05495648458600044
0.5626541376113892,0.7548841834068298,4.3722667442125385e-07,0.47618189454078674,0.7180189490318298,-0.032556068152189255,0.41177839040756226,0.6237000823020935,-0.043457433581352234,0.3703194558620453,0.5301325917243958,-0.05320356786251068,0.3248433470726013,0.45773497223854065,-0.06146219000220299,0.4389115273952484,0.477679967880249,0.00225913617759943,0.395701140165329,0.3805205225944519,-0.017192380502820015,0.36762580275535583,0.32298555970191956,-0.037966977804899216,0.34522783756256104,0.26688453555107117,-0.05414293333888054,0.4866252541542053,0.4517512321472168,2.508887519070413e-06,0.4602353870868683,0.3329750895500183,-0.013829817064106464,0.4408346712589264,0.2596930265426636,-0.03197761997580528,0.4243011772632599,0.19636636972427368,-0.04622779041528702,0.5337917804718018,0.4545119106769562,-0.009705510921776295,0.5174782276153564,0.34156399965286255,-0.027550986036658287,0.5012394785881042,0.27100807428359985,-0.041693322360515594,0.4840433597564697,0.20770728588104248,-0.052237432450056076,0.5827875137329102,0.4761071503162384,-0.02350483648478985,0.5845602750778198,0.38321757316589355,-0.03993222489953041,0.5813533663749695,0.32199496030807495,-0.04719826206564903,0.574253499507904,0.2642057240009308,-0.052534762769937515
0.561223566532135,0.7545220851898193,4.1029983322005137e-07,0.474933385848999,0.7176088094711304,-0.03240405023097992,0.41033515334129333,0.6228150725364685,-0.043233077973127365,0.3691028952598572,0.5283873677253723,-0.05289359390735626,0.3225506544113159,0.4579560160636902,-0.06128133460879326,0.438325434923172,0.4775881767272949,0.0008565150201320648,0.3941323757171631,0.38057810068130493,-0.019017325714230537,0.36630141735076904,0.3228919208049774,-0.04007897153496742,0.3442203402519226,0.2662947475910187,-0.056568972766399384,0.48614761233329773,0.45193740725517273,-0.001598885515704751,0.45917314291000366,0.33375871181488037,-0.016341809183359146,0.44004496932029724,0.2610117197036743,-0.035182178020477295,0.42368581891059875,0.1978898048400879,-0.04993276298046112,0.5335190296173096,0.4543156325817108,-0.011306307278573513,0.516913890838623,0.34247317910194397,-0.029793350026011467,0.5008662939071655,0.27192750573158264,-0.044169288128614426,0.4838237166404724,0.20847997069358826,-0.05481050908565521,0.5828182697296143,0.4756643772125244,-0.025049082934856415,0.5841810703277588,0.38320398330688477,-0.041784901171922684,0.5811606049537659,0.3222687840461731,-0.0490739606320858,0.5742995142936707,0.2651069164276123,-0.054426856338977814
0.5552725791931152,0.7580821514129639,4.157330124598957e-07,0.4680299758911133,0.7161587476730347,-0.03112078085541725,0.4055972993373871,0.6196060180664062,-0.041196152567863464,0.36715465784072876,0.5241492986679077,-0.05026228353381157,0.3226218819618225,0.45239272713661194,-0.0580802783370018,0.43822696805000305,0.47652220726013184,0.002339585218578577,0.3980289101600647,0.3775363564491272,-0.017530007287859917,0.3716452717781067,0.31800931692123413,-0.03859077766537666,0.3506282567977905,0.26029717922210693,-0.055177316069602966,0.48696067929267883,0.4528915584087372,-0.0008626188500784338,0.46511679887771606,0.3343260586261749,-0.016217080876231194,0.4471754729747772,0.2610433101654053,-0.03561578318476677,0.43108707666397095,0.1976245641708374,-0.05071959272027016,0.5343218445777893,0.45754095911979675,-0.011219223029911518,0.5223168730735779,0.3447721600532532,-0.03077109158039093,0.5077518820762634,0.2739572823047638,-0.04550143703818321,0.49170494079589844,0.21050631999969482,-0.056247398257255554,0.58290696144104,0.48174768686294556,-0.025420913472771645,0.5884196162223816,0.3899458646774292,-0.04341074824333191,0.586498498916626,0.32877781987190247,-0.05113677307963371,0.5799496173858643,0.27111464738845825,-0.05662969499826431
0.5555053949356079,0.7574302554130554,4.295126529996196e-07,0.46770885586738586,0.7163511514663696,-0.032017119228839874,0.40516015887260437,0.6193854808807373,-0.04227554425597191,0.36647069454193115,0.5235199928283691,-0.05146689713001251,0.3215638995170593,0.45209747552871704,-0.05933104455471039,0.43594083189964294,0.47606590390205383,0.003961760550737381,0.39507919549942017,0.3770817518234253,-0.01479571033269167,0.36949026584625244,0.31780117750167847,-0.03560562804341316,0.3487297296524048,0.2600562572479248,-0.052191514521837234,0.4855090379714966,0.4520227313041687,0.0013529617572203279,0.4624837636947632,0.3339790105819702,-0.012858867645263672,0.44524699449539185,0.2611773610115051,-0.032259032130241394,0.43028348684310913,0.19814321398735046,-0.04749368876218796,0.5332408547401428,0.45643478631973267,-0.008580553345382214,0.5206201672554016,0.3442511558532715,-0.026904616504907608,0.5060470104217529,0.27369263768196106,-0.04181882366538048,0.49010375142097473,0.20990580320358276,-0.0528680793941021,0.5822593569755554,0.48064714670181274,-0.022505206987261772,0.5872806906700134,0.3889768421649933,-0.039408452808856964,0.5857635736465454,0.32824188470840454,-0.046965695917606354,0.5800436735153198,0.2706058621406555,-0.05247816815972328
0.5461326837539673,0.7696616649627686,3.9528794104626286e-07,0.461271196603775,0.720190167427063,-0.029934989288449287,0.4000236690044403,0.6182387471199036,-0.03941244259476662,0.3632546663284302,0.5216289758682251,-0.0480913370847702,0.32228928804397583,0.4491110146045685,-0.055533818900585175,0.4423350989818573,0.4774462878704071,0.0011677880538627505,0.40717774629592896,0.37647151947021484,-0.02017620950937271,0.3833266496658325,0.3155251741409302,-0.04172758385539055,0.36437082290649414,0.2581828236579895,-0.05826939269900322,0.4909133017063141,0.4582754671573639,-0.003035207511857152,0.47501131892204285,0.3380153179168701,-0.02010388672351837,0.45963695645332336,0.263823926448822,-0.039720822125673294,0.4450993537902832,0.19891983270645142,-0.05450635403394699,0.5379288792610168,0.46607181429862976,-0.014287469908595085,0.5298808813095093,0.351082444190979,-0.035910602658987045,0.516937792301178,0.27922141551971436,-0.05090874060988426,0.5021234750747681,0.21489620208740234,-0.06127304583787918,0.5860347747802734,0.4933491349220276,-0.02918902412056923,0.5959025621414185,0.401327908039093,-0.048920776695013046,0.596062183380127,0.3395150601863861,-0.05706726759672165,0.5912331938743591,0.2811663746833801,-0.06240667402744293
0.5458457469940186,0.7677931785583496,3.9117873029681505e-07,0.45966485142707825,0.7210134267807007,-0.03004680573940277,0.39937084913253784,0.6187759637832642,-0.03950415551662445,0.36429363489151,0.5209810137748718,-0.0483604371547699,0.3233336806297302,0.44945207238197327,-0.05586233735084534,0.44176119565963745,0.4762088358402252,0.004773552995175123,0.4085240662097931,0.3760684132575989,-0.01408233493566513,0.3858688175678253,0.31618544459342957,-0.03478190675377846,0.36717459559440613,0.2589905261993408,-0.05110466852784157,0.49079370498657227,0.457255482673645,0.001386311836540699,0.47616830468177795,0.3383626639842987,-0.012818654999136925,0.46289634704589844,0.2657144069671631,-0.03088427521288395,0.45082738995552063,0.2020728886127472,-0.04494498670101166,0.5373536348342896,0.46509018540382385,-0.00926339440047741,0.5293612480163574,0.35048097372055054,-0.027858562767505646,0.5170624852180481,0.27994850277900696,-0.041621651500463486,0.5030202269554138,0.2162075936794281,-0.05153447762131691,0.5854042172431946,0.49191784858703613,-0.02383251115679741,0.5958254933357239,0.39998364448547363,-0.04101186245679855,0.5968380570411682,0.3388097286224365,-0.04833287373185158,0.5934876203536987,0.2805711627006531,-0.05340499430894852
0.5320796370506287,0.7790155410766602,3.9062112477949995e-07,0.45010602474212646,0.7215477824211121,-0.02845078893005848,0.3943236470222473,0.6139944791793823,-0.03836420550942421,0.36188018321990967,0.5158377885818481,-0.047846030443906784,0.32367485761642456,0.4426725506782532,-0.05633935704827309,0.448591947555542,0.4761373698711395,0.0017874854383990169,0.42172983288764954,0.37424010038375854,-0.018747294321656227,0.4019162654876709,0.3126952648162842,-0.03988276422023773,0.38652050495147705,0.25474637746810913,-0.05637570470571518,0.49728596210479736,0.46203774213790894,-0.0035332918632775545,0.48732641339302063,0.34135156869888306,-0.01988021284341812,0.4760970175266266,0.26662763953208923,-0.03909991309046745,0.46536484360694885,0.19997376203536987,-0.053874675184488297,0.5431869029998779,0.47441670298576355,-0.01567334122955799,0.5416932106018066,0.3586891293525696,-0.036611855030059814,0.533012330532074,0.2865152955055237,-0.05095304176211357,0.522177517414093,0.22129350900650024,-0.06122300401329994,0.5888556241989136,0.5064086318016052,-0.031338032335042953,0.603664219379425,0.41456323862075806,-0.05019069090485573,0.6081817746162415,0.3532898426055908,-0.05759844183921814,0.6081742644309998,0.29466134309768677,-0.06272593140602112
0.5323525071144104,0.7756370306015015,3.509033206228196e-07,0.45093825459480286,0.7222197651863098,-0.028163334354758263,0.3956342339515686,0.613691508769989,-0.037669382989406586,0.3649550676345825,0.5143362283706665,-0.04684218764305115,0.3271242380142212,0.44384294748306274,-0.05479000136256218,0.4472142457962036,0.4737425446510315,0.002450118074193597,0.4212844967842102,0.370150625705719,-0.016648346558213234,0.4018253982067108,0.3085618019104004,-0.03737513720989227,0.3863895535469055,0.25019586086273193,-0.05391484126448631,0.4955143630504608,0.4596826434135437,-0.0023169489577412605,0.48587939143180847,0.3394376039505005,-0.01748501881957054,0.4762124717235565,0.26413652300834656,-0.0357598140835762,0.46724894642829895,0.19738197326660156,-0.050110362470149994,0.5408008098602295,0.47226983308792114,-0.01387997530400753,0.5400475263595581,0.3567357659339905,-0.03315024450421333,0.5328922867774963,0.28456544876098633,-0.04727330431342125,0.5230477452278137,0.2191346287727356,-0.05762706324458122,0.5865755081176758,0.5043277740478516,-0.029104558750987053,0.602171778678894,0.41300734877586365,-0.04709464684128761,0.606813371181488,0.35124802589416504,-0.055103663355112076,0.6068188548088074,0.2917860448360443,-0.06079549342393875
0.5210769176483154,0.7836698293685913,4.00213565399099e-07,0.4405410587787628,0.7210699319839478,-0.03164881840348244,0.3896596431732178,0.6132429838180542,-0.04431198537349701,0.36211007833480835,0.5136394500732422,-0.05563722178339958,0.32620200514793396,0.43841105699539185,-0.06605380773544312,0.4519653618335724,0.47754722833633423,-0.0065515716560184956,0.43196791410446167,0.37077468633651733,-0.02881731651723385,0.4157377779483795,0.30641472339630127,-0.050621580332517624,0.40299302339553833,0.24610081315040588,-0.06738834828138351,0.5027858018875122,0.4686796963214874,-0.010780579410493374,0.4994402229785919,0.3453105092048645,-0.028604209423065186,0.4917446970939636,0.26775234937667847,-0.04809219390153885,0.483551949262619,0.1986645758152008,-0.06321387737989426,0.548608660697937,0.4857024550437927,-0.021629152819514275,0.5566703677177429,0.369231253862381,-0.04314889386296272,0.5538779497146606,0.2963544726371765,-0.057225458323955536,0.5476201176643372,0.2303718626499176,-0.06730752438306808,0.5921801924705505,0.5216528177261353,-0.03613905981183052,0.6124751567840576,0.43082815408706665,-0.05539770424365997,0.6201516389846802,0.3691423535346985,-0.06272236257791519,0.6227962970733643,0.3100298047065735,-0.06769057363271713
0.5191832780838013,0.7817703485488892,3.663667200726195e-07,0.4408918619155884,0.7200362682342529,-0.029150476679205894,0.3905830979347229,0.6139935851097107,-0.04112589731812477,0.36411356925964355,0.5170374512672424,-0.05235132947564125,0.3309740424156189,0.44323068857192993,-0.06263544410467148,0.4521879553794861,0.4762512445449829,-0.004023900721222162,0.43239691853523254,0.36880382895469666,-0.024627702310681343,0.4173498749732971,0.30479758977890015,-0.04589184746146202,0.4070408344268799,0.24495366215705872,-0.0624937042593956,0.5014554858207703,0.46734726428985596,-0.008979802951216698,0.49799466133117676,0.34438368678092957,-0.025305239483714104,0.49235010147094727,0.2675646245479584,-0.04411819204688072,0.48768046498298645,0.20153558254241943,-0.05900634452700615,0.5464814901351929,0.4843919277191162,-0.020370502024888992,0.5548725128173828,0.3683299422264099,-0.03987973928451538,0.5537018775939941,0.2947201132774353,-0.054439857602119446,0.5499937534332275,0.22945687174797058,-0.06533791124820709,0.5899966359138489,0.520797073841095,-0.03534022718667984,0.6103325486183167,0.4296903610229492,-0.05325193330645561,0.618392288684845,0.36821621656417847,-0.0612541064620018,0.6220451593399048,0.3098404109477997,-0.06703697890043259
0.5130178928375244,0.7884092926979065,3.948131848119374e-07,0.43434634804725647,0.7263125777244568,-0.03030267357826233,0.3851635158061981,0.618343710899353,-0.042331185191869736,0.360961377620697,0.5195512175559998,-0.05303708836436272,0.32971251010894775,0.4433819651603699,-0.06303605437278748,0.45260465145111084,0.4801400303840637,-0.008067813701927662,0.434037446975708,0.37112975120544434,-0.029007211327552795,0.4204246401786804,0.3048829436302185,-0.049895092844963074,0.4112582504749298,0.24305936694145203,-0.06642145663499832,0.5037797093391418,0.4719308614730835,-0.013237024657428265,0.5064902305603027,0.34646669030189514,-0.029842421412467957,0.5041419863700867,0.2672390341758728,-0.048768602311611176,0.5013480186462402,0.19926002621650696,-0.06392411142587662,0.5482930541038513,0.4905852675437927,-0.024736659601330757,0.5616682767868042,0.37588468194007874,-0.04503360390663147,0.5635238289833069,0.30135035514831543,-0.060410600155591965,0.5619773268699646,0.2347286343574524,-0.07207480072975159,0.5889759063720703,0.5289855599403381,-0.03979167342185974,0.6121046543121338,0.4403465986251831,-0.05885862186551094,0.6229106187820435,0.3798142671585083,-0.06762072443962097,0.6289185285568237,0.3217596411705017,-0.07411647588014603
0.5120024681091309,0.7891850471496582,3.6924362234458386e-07,0.43399718403816223,0.7259789109230042,-0.028810685500502586,0.3849608898162842,0.6175352931022644,-0.04050418362021446,0.36063534021377563,0.5179980993270874,-0.05134797468781471,0.3293837010860443,0.4431895613670349,-0.061644453555345535,0.45244377851486206,0.48019424080848694,-0.00685828598216176,0.43444448709487915,0.37098848819732666,-0.027644505724310875,0.421139657497406,0.3046059012413025,-0.048655152320861816,0.41249680519104004,0.24269208312034607,-0.06531089544296265,0.5033612251281738,0.47214624285697937,-0.012713538482785225,0.5065079927444458,0.3466085195541382,-0.02913421206176281,0.5052991509437561,0.2679544985294342,-0.04789893701672554,0.5039737224578857,0.2005661129951477,-0.0629853904247284,0.5478248596191406,0.4911156892776489,-0.024752087891101837,0.5608309507369995,0.3768344223499298,-0.04443151503801346,0.5633183121681213,0.3024275302886963,-0.05957622453570366,0.5628224611282349,0.23583772778511047,-0.07124693691730499,0.5887656211853027,0.5301084518432617,-0.040299657732248306,0.6120244264602661,0.4416314363479614,-0.05872847139835358,0.6232030391693115,0.38125717639923096,-0.06724762916564941,0.629891037940979,0.32358700037002563,-0.07366431504487991
0.5048002600669861,0.7926384806632996,3.8326425055856816e-07,0.4281838536262512,0.7291896939277649,-0.028447380289435387,0.38019582629203796,0.618572473526001,-0.039055947214365005,0.3575700521469116,0.5182236433029175,-0.04879618436098099,0.32799863815307617,0.44197455048561096,-0.05792864412069321,0.4500088691711426,0.48100343346595764,-0.004554186016321182,0.4324440062046051,0.3710935711860657,-0.023828160017728806,0.4208506941795349,0.30366259813308716,-0.04383429139852524,0.4150121212005615,0.24144211411476135,-0.060057658702135086,0.5015241503715515,0.47513890266418457,-0.010472754016518593,0.5052950978279114,0.34970319271087646,-0.025764968246221542,0.5051575899124146,0.2697828710079193,-0.04431118816137314,0.5053155422210693,0.20202794671058655,-0.05941556766629219,0.5461114645004272,0.49596142768859863,-0.022718612104654312,0.5607184171676636,0.38200610876083374,-0.04179847612977028,0.5649698972702026,0.30701085925102234,-0.05707256868481636,0.5661305785179138,0.23974621295928955,-0.06904629617929459,0.5869892835617065,0.5361154675483704,-0.03846859186887741,0.6107456088066101,0.44897428154945374,-0.05661709979176521,0.6224027872085571,0.3890109658241272,-0.06531117856502533,0.6297914385795593,0.3310072422027588,-0.07208546996116638
0.504115104675293,0.7939585447311401,3.54620652842641e-07,0.42898494005203247,0.7299570441246033,-0.027677878737449646,0.38106733560562134,0.6172618269920349,-0.038455940783023834,0.35747501254081726,0.5167291760444641,-0.04847652092576027,0.3267761468887329,0.4416047930717468,-0.05797034874558449,0.4503168761730194,0.48098427057266235,-0.005632019601762295,0.43258559703826904,0.3704458475112915,-0.025276079773902893,0.4211658239364624,0.30296796560287476,-0.04535068944096565,0.4153481721878052,0.24063411355018616,-0.061551883816719055,0.501581072807312,0.47504639625549316,-0.011829460971057415,0.5042122602462769,0.34985268115997314,-0.027193641290068626,0.5041762590408325,0.27128756046295166,-0.045397184789180756,0.5042688846588135,0.204194575548172,-0.06029173731803894,0.5464933514595032,0.4957425892353058,-0.02409365400671959,0.5598686337471008,0.38201186060905457,-0.04277638718485832,0.5640441179275513,0.3067109286785126,-0.05754745006561279,0.565118134021759,0.2389582395553589,-0.06930752098560333,0.5876858830451965,0.5359262824058533,-0.039776191115379333,0.6106100082397461,0.4481968283653259,-0.05728521570563316,0.6227551102638245,0.3882533311843872,-0.06541360914707184,0.6305974125862122,0.33051371574401855,-0.07185463607311249
0.4969565272331238,0.7942304611206055,3.833361859051365e-07,0.4224380552768707,0.730077862739563,-0.0311318039894104,0.3751354217529297,0.619635820388794,-0.0435454286634922,0.35263484716415405,0.5185521841049194,-0.05449558049440384,0.3237469792366028,0.43945589661598206,-0.06465347111225128,0.44666165113449097,0.4807369112968445,-0.008731184527277946,0.4308221638202667,0.36880064010620117,-0.029276996850967407,0.4202370345592499,0.30134811997413635,-0.04989757016301155,0.41519618034362793,0.2391837239265442,-0.06639430671930313,0.49802130460739136,0.4761650562286377,-0.013523361645638943,0.5008625388145447,0.34920209646224976,-0.02983407862484455,0.5011550784111023,0.2704100012779236,-0.04850485548377037,0.5022331476211548,0.2037622630596161,-0.06363439559936523,0.5431408286094666,0.4985121488571167,-0.02472321316599846,0.5575977563858032,0.38240846991539,-0.04470651596784592,0.5628535747528076,0.30737024545669556,-0.060219623148441315,0.5654872059822083,0.24001118540763855,-0.07229240983724594,0.584796667098999,0.5408389568328857,-0.03956841304898262,0.6089370250701904,0.4530754089355469,-0.05850205942988396,0.6215536594390869,0.3933064043521881,-0.06755167245864868,0.6301099061965942,0.33550411462783813,-0.07447954267263412
0.49631837010383606,0.7955271005630493,3.6083602594771946e-07,0.42260628938674927,0.7297356724739075,-0.03014114499092102,0.3745584487915039,0.6183162331581116,-0.04230213165283203,0.351163387298584,0.5172557830810547,-0.05321453511714935,0.3220286965370178,0.4388285279273987,-0.0633602887392044,0.4463435709476471,0.48021453619003296,-0.007825814187526703,0.4304095208644867,0.36866140365600586,-0.028213243931531906,0.41975724697113037,0.30121272802352905,-0.04885498434305191,0.41463303565979004,0.23936575651168823,-0.06535544246435165,0.4975738823413849,0.475536972284317,-0.013106911443173885,0.5006694197654724,0.3487943410873413,-0.029057661071419716,0.5018386840820312,0.2705285847187042,-0.04735373333096504,0.5033299326896667,0.20501479506492615,-0.062228720635175705,0.5428997278213501,0.4980570673942566,-0.024755164980888367,0.5575199127197266,0.3824540078639984,-0.0443856306374073,0.5634585022926331,0.30759215354919434,-0.059648297727108,0.5663571953773499,0.24061161279678345,-0.07156527042388916,0.5848177671432495,0.5407495498657227,-0.03996714577078819,0.6087566614151001,0.45258766412734985,-0.05854160711169243,0.6215842366218567,0.39296406507492065,-0.06731324642896652,0.6301587820053101,0.33552032709121704,-0.07404254376888275
0.48762011528015137,0.7929583787918091,3.917848232504184e-07,0.4148239493370056,0.725260853767395,-0.0312496330589056,0.3694259524345398,0.6148192286491394,-0.04411366581916809,0.3483997583389282,0.5143194794654846,-0.05552184209227562,0.32074686884880066,0.4352777898311615,-0.06630735099315643,0.4444946348667145,0.48031818866729736,-0.010846046730875969,0.43026161193847656,0.3681641221046448,-0.03256245329976082,0.4208511412143707,0.29976847767829895,-0.053612060844898224,0.41740694642066956,0.23678284883499146,-0.07017794251441956,0.4964233636856079,0.4762343466281891,-0.01579011045396328,0.5033982992172241,0.3488503098487854,-0.032815977931022644,0.5059998035430908,0.2694133222103119,-0.051553331315517426,0.5091122388839722,0.2019636332988739,-0.06670999526977539,0.5410051345825195,0.4989149570465088,-0.02704995684325695,0.5593387484550476,0.38449546694755554,-0.04729044437408447,0.566312849521637,0.3099921941757202,-0.062351908534765244,0.5702294111251831,0.2430417835712433,-0.07403711974620819,0.5813219547271729,0.5414100885391235,-0.041974663734436035,0.6075259447097778,0.4548186659812927,-0.06063772365450859,0.621221125125885,0.39571547508239746,-0.0690578743815422,0.6305080056190491,0.33855026960372925,-0.07551416754722595
0.48589056730270386,0.7901521325111389,3.725079125160846e-07,0.414499431848526,0.7219624519348145,-0.030987968668341637,0.36919575929641724,0.6128299236297607,-0.044408902525901794,0.3468031585216522,0.5130382180213928,-0.05656031146645546,0.3186294734477997,0.43405574560165405,-0.06797235459089279,0.44422656297683716,0.4778081178665161,-0.009210973978042603,0.4293602705001831,0.3667810559272766,-0.030458534136414528,0.4193767309188843,0.29912853240966797,-0.05151920020580292,0.4155925214290619,0.236638605594635,-0.0681576356291771,0.49606478214263916,0.4738274812698364,-0.014221214689314365,0.502463161945343,0.34801051020622253,-0.03059646300971508,0.5050297975540161,0.26952090859413147,-0.049115292727947235,0.5079643130302429,0.20288071036338806,-0.0642407163977623,0.5407670736312866,0.49669966101646423,-0.02560647577047348,0.5582284331321716,0.3839986324310303,-0.04504112899303436,0.5651634931564331,0.3098880648612976,-0.0598793625831604,0.5690292716026306,0.24304771423339844,-0.0715927705168724,0.5814541578292847,0.5394970178604126,-0.040689077228307724,0.6077607274055481,0.45345577597618103,-0.058509424328804016,0.622092068195343,0.39484313130378723,-0.06661591678857803,0.6318365335464478,0.3381820023059845,-0.07297375798225403
0.48182907700538635,0.792813777923584,3.669646275739069e-07,0.4097707271575928,0.7286425828933716,-0.03306932374835014,0.3631523549556732,0.6179460287094116,-0.046788789331912994,0.3402048349380493,0.5152652263641357,-0.058474745601415634,0.3129100203514099,0.434074342250824,-0.06920193880796432,0.4399033188819885,0.479523241519928,-0.0114213228225708,0.42703595757484436,0.3668535351753235,-0.03197907656431198,0.4182465970516205,0.2980995774269104,-0.052545495331287384,0.4148743152618408,0.2359009087085724,-0.06895697116851807,0.49143773317337036,0.4766322374343872,-0.014988497830927372,0.4983106553554535,0.3495279550552368,-0.030659979209303856,0.5013857483863831,0.27205926179885864,-0.04840362071990967,0.504645049571991,0.20671620965003967,-0.06294013559818268,0.5362167358398438,0.4999357759952545,-0.02496441639959812,0.5544027090072632,0.3847630023956299,-0.04400821402668953,0.5619797110557556,0.3101015090942383,-0.05870944261550903,0.5665892958641052,0.24265265464782715,-0.07038462162017822,0.5772660374641418,0.5429511070251465,-0.038764163851737976,0.6036957502365112,0.45648694038391113,-0.05662306025624275,0.6182301640510559,0.39783960580825806,-0.06497646868228912,0.6285030841827393,0.34111708402633667,-0.07146386057138443
0.48039454221725464,0.7932734489440918,3.7484093695638876e-07,0.4094570279121399,0.7262117266654968,-0.03216132894158363,0.36412566900253296,0.6147992014884949,-0.0462183877825737,0.3415897488594055,0.5130938291549683,-0.05861027166247368,0.3130672574043274,0.4332723617553711,-0.0702814981341362,0.4401508569717407,0.4797949492931366,-0.01193362008780241,0.4267951548099518,0.367132306098938,-0.03368129953742027,0.4178335964679718,0.29845717549324036,-0.05508262664079666,0.41451629996299744,0.23559370636940002,-0.07202603667974472,0.49192818999290466,0.4766983687877655,-0.016452783718705177,0.499506413936615,0.3497520387172699,-0.03338877856731415,0.50318443775177,0.27106010913848877,-0.0522446483373642,0.5064365267753601,0.20445972681045532,-0.06765095144510269,0.536845862865448,0.49977412819862366,-0.02727970853447914,0.5546661615371704,0.38542020320892334,-0.04720696434378624,0.5618841648101807,0.31005629897117615,-0.06266497075557709,0.565609335899353,0.24189132452011108,-0.07491493225097656,0.57769376039505,0.5421893000602722,-0.041803307831287384,0.6035794019699097,0.45585712790489197,-0.06023372337222099,0.6179426908493042,0.39739835262298584,-0.06900803744792938,0.6276953220367432,0.3410440683364868,-0.07587294280529022
0.4768592417240143,0.7970092296600342,3.6096932376494806e-07,0.4038057029247284,0.7293180823326111,-0.03086342290043831,0.35756945610046387,0.6175536513328552,-0.043421097099781036,0.335490882396698,0.5150524377822876,-0.05470831319689751,0.3072988986968994,0.43500086665153503,-0.0650911033153534,0.4334232211112976,0.48291951417922974,-0.0053747184574604034,0.4212815761566162,0.3700059950351715,-0.024152100086212158,0.4131176769733429,0.3019089996814728,-0.0439799465239048,0.41023921966552734,0.24022731184959412,-0.060121309012174606,0.48497745394706726,0.48007750511169434,-0.009761150926351547,0.4911530911922455,0.354472279548645,-0.02446133829653263,0.4938019812107086,0.2770729660987854,-0.042484961450099945,0.4967772960662842,0.21165868639945984,-0.05733608826994896,0.5297961235046387,0.5029534101486206,-0.020645877346396446,0.5469982624053955,0.38758277893066406,-0.038923755288124084,0.5537002086639404,0.3130302131175995,-0.05381433665752411,0.5575730204582214,0.245712548494339,-0.06571759283542633,0.5719897747039795,0.5451240539550781,-0.0352366641163826,0.5985757112503052,0.4576609134674072,-0.05238163098692894,0.6124148368835449,0.39792728424072266,-0.06075119972229004,0.6221088171005249,0.34013694524765015,-0.06743574887514114
0.47626054286956787,0.7978261709213257,3.838559052837809e-07,0.4036901891231537,0.7297537326812744,-0.03019835613667965,0.35846808552742004,0.6165332198143005,-0.042424749583005905,0.3366813659667969,0.5138777494430542,-0.053493984043598175,0.3078073561191559,0.43520617485046387,-0.06385283172130585,0.43423885107040405,0.48323768377304077,-0.0067174481227993965,0.42126548290252686,0.37007784843444824,-0.02596539445221424,0.4128332734107971,0.30221593379974365,-0.04603404551744461,0.41002219915390015,0.2399022877216339,-0.06234097108244896,0.48585832118988037,0.4800259470939636,-0.011659432202577591,0.49268782138824463,0.3538440465927124,-0.02647206373512745,0.496000200510025,0.2757432162761688,-0.04469455033540726,0.49938637018203735,0.21000412106513977,-0.059865307062864304,0.5304667353630066,0.5027369260787964,-0.022925324738025665,0.5470766425132751,0.3880203366279602,-0.041177310049533844,0.5531438589096069,0.31360185146331787,-0.056317705661058426,0.556423544883728,0.24678680300712585,-0.06854353845119476,0.5714490413665771,0.5446099638938904,-0.037835653871297836,0.5974305272102356,0.45710286498069763,-0.05517760291695595,0.6114671230316162,0.39798346161842346,-0.06389813870191574,0.6216471195220947,0.3408956825733185,-0.0708901658654213
0.47527167201042175,0.8012609481811523,3.4343776178502594e-07,0.4030247926712036,0.7329336404800415,-0.029749220237135887,0.35691747069358826,0.6213555335998535,-0.04147811606526375,0.33454132080078125,0.5201452374458313,-0.052231356501579285,0.3057583272457123,0.44124311208724976,-0.06216588243842125,0.43190625309944153,0.4857868552207947,-0.003482912667095661,0.4171155095100403,0.3738449215888977,-0.021972475573420525,0.40732160210609436,0.3064023554325104,-0.04181215912103653,0.40302804112434387,0.24466410279273987,-0.05822402611374855,0.4830924868583679,0.48273950815200806,-0.008691651746630669,0.4872035086154938,0.35787224769592285,-0.023829609155654907,0.4883520007133484,0.2807275056838989,-0.04246388003230095,0.48943978548049927,0.21571412682533264,-0.05775142088532448,0.5276758670806885,0.5057536363601685,-0.020478226244449615,0.5433631539344788,0.3907017409801483,-0.03974650800228119,0.5493415594100952,0.31460142135620117,-0.055641502141952515,0.5523618459701538,0.2454182207584381,-0.06813917309045792,0.5690509676933289,0.5480806231498718,-0.03582293912768364,0.5949050784111023,0.4597149193286896,-0.05418387055397034,0.6085964441299438,0.3993903398513794,-0.06353816390037537,0.6178621053695679,0.3405590057373047,-0.07093900442123413
0.4762447774410248,0.802172064781189,3.616369781411777e-07,0.40369051694869995,0.7338845133781433,-0.030369406566023827,0.35767224431037903,0.6211354732513428,-0.042173296213150024,0.3350924849510193,0.5187276005744934,-0.05286211147904396,0.30554449558258057,0.4400116503238678,-0.06286247819662094,0.4317969083786011,0.4875432252883911,-0.0050753201358020306,0.41747328639030457,0.37568122148513794,-0.024470509961247444,0.40726834535598755,0.30791014432907104,-0.044841885566711426,0.4021347165107727,0.24486064910888672,-0.06158006563782692,0.4829932749271393,0.4843212068080902,-0.010000023059546947,0.48928654193878174,0.35978126525878906,-0.025780217722058296,0.4912029504776001,0.2823719084262848,-0.044854555279016495,0.492502897977829,0.2157801389694214,-0.060490384697914124,0.5271353721618652,0.5071396827697754,-0.021470291540026665,0.5429196357727051,0.39363521337509155,-0.041189923882484436,0.5482800006866455,0.31814736127853394,-0.05739424750208855,0.5504695773124695,0.2489129900932312,-0.07007390260696411,0.5678306818008423,0.5487170815467834,-0.03653385862708092,0.5936919450759888,0.4610521197319031,-0.055277034640312195,0.6077526807785034,0.4012622833251953,-0.06497811526060104,0.6176159381866455,0.3424602150917053,-0.07260257005691528
0.4802185893058777,0.8006536960601807,3.6773570855075377e-07,0.4077882170677185,0.7353237867355347,-0.031968407332897186,0.36098966002464294,0.6237404346466064,-0.045150961726903915,0.33815228939056396,0.5210108160972595,-0.05671929195523262,0.3076721429824829,0.4424254298210144,-0.06749331206083298,0.43300962448120117,0.4883725941181183,-0.009107546880841255,0.41662418842315674,0.3766706585884094,-0.029176099225878716,0.4057198464870453,0.3091413676738739,-0.049628064036369324,0.4005056619644165,0.24669435620307922,-0.06619945168495178,0.4845066964626312,0.48389536142349243,-0.01306131761521101,0.48910588026046753,0.3588252067565918,-0.028786348178982735,0.4909243881702423,0.2820962965488434,-0.04705977812409401,0.49262169003486633,0.2161370813846588,-0.06209203973412514,0.5297024250030518,0.5055358409881592,-0.023440539836883545,0.5430390238761902,0.3913384675979614,-0.04250805824995041,0.5475819110870361,0.31720566749572754,-0.05750264227390289,0.5495824813842773,0.2492789924144745,-0.06941477954387665,0.5718318223953247,0.5455483198165894,-0.03756256401538849,0.5960860252380371,0.4577605426311493,-0.05531497672200203,0.6098588109016418,0.39892423152923584,-0.06393471360206604,0.6197559833526611,0.3414182662963867,-0.07074462622404099
0.4807273745536804,0.799961268901825,3.7659788176824804e-07,0.40793654322624207,0.7345609664916992,-0.0318048894405365,0.3606773018836975,0.6241990923881531,-0.04478193074464798,0.3380184769630432,0.5220561027526855,-0.05607740581035614,0.3094506859779358,0.44176626205444336,-0.06656954437494278,0.43234413862228394,0.4885990023612976,-0.009549740701913834,0.41625070571899414,0.3768293559551239,-0.029784051701426506,0.40539970993995667,0.30944645404815674,-0.050085678696632385,0.39996522665023804,0.2469586730003357,-0.06649844348430634,0.4839370846748352,0.4843931198120117,-0.01369396597146988,0.4886362552642822,0.35880225896835327,-0.029661446809768677,0.49074918031692505,0.2816919684410095,-0.048054732382297516,0.49244341254234314,0.21552389860153198,-0.06313489377498627,0.5288852453231812,0.5062941908836365,-0.024248138070106506,0.5425777435302734,0.3921346962451935,-0.04388949275016785,0.5474414229393005,0.3174598813056946,-0.0595061257481575,0.549400269985199,0.24891647696495056,-0.07176390290260315,0.5705767273902893,0.5467674732208252,-0.03844641149044037,0.5954141616821289,0.4589674770832062,-0.056899115443229675,0.609940230846405,0.4001447558403015,-0.06606289744377136,0.6204367280006409,0.34279200434684753,-0.07322587072849274
0.4851619303226471,0.8032420873641968,3.7879664205320296e-07,0.4107895493507385,0.735033392906189,-0.03053489327430725,0.36404862999916077,0.6234542727470398,-0.04253832623362541,0.34009110927581787,0.5216620564460754,-0.053241878747940063,0.3102611303329468,0.443367063999176,-0.06310469657182693,0.4371730089187622,0.49082523584365845,-0.00645462004467845,0.42136672139167786,0.37814170122146606,-0.02622791938483715,0.41061830520629883,0.3098469376564026,-0.046400036662817,0.4044666588306427,0.24685046076774597,-0.06266192346811295,0.48934507369995117,0.4865194857120514,-0.011301345191895962,0.49582722783088684,0.361270546913147,-0.026911498978734016,0.4971141815185547,0.28242796659469604,-0.045481204986572266,0.4968002736568451,0.2152899205684662,-0.060512568801641464,0.5345845818519592,0.5084860324859619,-0.022588418796658516,0.5510616898536682,0.39510419964790344,-0.04206286370754242,0.5560938715934753,0.32050949335098267,-0.057486455887556076,0.5571321249008179,0.2525217831134796,-0.06935321539640427,0.575692892074585,0.5488499999046326,-0.037430256605148315,0.601401686668396,0.46292561292648315,-0.05573296546936035,0.6149702072143555,0.40444183349609375,-0.06444396078586578,0.6243067979812622,0.3476569652557373,-0.0710555762052536
0.4840215742588043,0.8043554425239563,3.7968140986777144e-07,0.4109266996383667,0.7368776202201843,-0.02986147068440914,0.36523523926734924,0.624956488609314,-0.041872963309288025,0.34300512075424194,0.5237283110618591,-0.05274004116654396,0.31402143836021423,0.44472306966781616,-0.06275400519371033,0.43764713406562805,0.48954546451568604,-0.006306762341409922,0.4229375123977661,0.37672996520996094,-0.02560184895992279,0.41300147771835327,0.3092259168624878,-0.045458994805812836,0.4078309237957001,0.2471524178981781,-0.061546143144369125,0.4888681173324585,0.48574548959732056,-0.011426396667957306,0.49409496784210205,0.3599940538406372,-0.026668846607208252,0.4956049621105194,0.2818545401096344,-0.04501619562506676,0.49636292457580566,0.2159540355205536,-0.0599859394133091,0.5336670875549316,0.5080615878105164,-0.022876566275954247,0.5492244958877563,0.39398422837257385,-0.04188242927193642,0.5547965168952942,0.3190067410469055,-0.057373806834220886,0.5570315718650818,0.25087252259254456,-0.06952347606420517,0.575080931186676,0.5493263006210327,-0.03784335404634476,0.6010376214981079,0.4620026648044586,-0.05584485083818436,0.6153742671012878,0.40317511558532715,-0.06467923521995544,0.6254163980484009,0.34598207473754883,-0.07153202593326569
0.48940765857696533,0.8064418435096741,3.701446473769465e-07,0.41598618030548096,0.7402184009552002,-0.03191253915429115,0.37001532316207886,0.6269197463989258,-0.04453042522072792,0.3474462926387787,0.5232208967208862,-0.055607642978429794,0.3171670436859131,0.4440685510635376,-0.06565456837415695,0.4418191611766815,0.49237751960754395,-0.008210262283682823,0.42585423588752747,0.37858283519744873,-0.028343355283141136,0.415231317281723,0.3100966215133667,-0.04873834177851677,0.4097198247909546,0.24709871411323547,-0.06509372591972351,0.49419260025024414,0.487652063369751,-0.012343654409050941,0.4983711540699005,0.36169108748435974,-0.027938826009631157,0.4994887709617615,0.28280094265937805,-0.0463220439851284,0.500266969203949,0.21646666526794434,-0.061381421983242035,0.5400760173797607,0.5094668865203857,-0.02297617495059967,0.5560678243637085,0.3962847888469696,-0.04169542342424393,0.5618641972541809,0.32247042655944824,-0.05626562982797623,0.5640655755996704,0.25586703419685364,-0.06782565265893936,0.5822067260742188,0.549929141998291,-0.037414513528347015,0.6075748205184937,0.4631422162055969,-0.05472240969538689,0.6211137175559998,0.40492135286331177,-0.06270691752433777,0.6306138634681702,0.3488696217536926,-0.06894847005605698
0.48746564984321594,0.8067464232444763,3.7877532577113016e-07,0.41504910588264465,0.7399015426635742,-0.032739534974098206,0.36969706416130066,0.6298450827598572,-0.04618670046329498,0.3486410677433014,0.5279543995857239,-0.057860445231199265,0.32108408212661743,0.446062833070755,-0.06844716519117355,0.4413275122642517,0.4913179278373718,-0.009350094012916088,0.4266543686389923,0.37815624475479126,-0.02993606962263584,0.41632068157196045,0.3102576434612274,-0.05073780566453934,0.4108908474445343,0.24725160002708435,-0.06732819229364395,0.4934922158718109,0.48790377378463745,-0.013269231654703617,0.49752479791641235,0.361945241689682,-0.029262254014611244,0.4986220896244049,0.28414496779441833,-0.04809849336743355,0.49974873661994934,0.21743077039718628,-0.0634668692946434,0.5387343764305115,0.5104771852493286,-0.023691406473517418,0.5541660785675049,0.3974016308784485,-0.043165020644664764,0.5601033568382263,0.3230801820755005,-0.0583193264901638,0.5627914667129517,0.2553972005844116,-0.07020731270313263,0.5802127122879028,0.5520676374435425,-0.037920404225587845,0.6055797338485718,0.4650179147720337,-0.055817149579524994,0.6200281381607056,0.4066758155822754,-0.06401295959949493,0.6302465200424194,0.35021400451660156,-0.07037746161222458
0.4921378493309021,0.8061041831970215,3.887074626618414e-07,0.4187943935394287,0.7394076585769653,-0.03204457461833954,0.37291020154953003,0.6276141405105591,-0.04501521587371826,0.35096991062164307,0.5250004529953003,-0.056404780596494675,0.32104623317718506,0.44593822956085205,-0.06693481653928757,0.44383078813552856,0.4919516146183014,-0.008898532018065453,0.42829009890556335,0.37878212332725525,-0.029306188225746155,0.4177667498588562,0.3105625510215759,-0.049972012639045715,0.41220811009407043,0.24736708402633667,-0.06648953258991241,0.4963128864765167,0.4882700443267822,-0.013101628981530666,0.5017210245132446,0.3613370656967163,-0.0289838258177042,0.5035483837127686,0.28237032890319824,-0.04761612415313721,0.5049631595611572,0.21583706140518188,-0.06279899924993515,0.5421000123023987,0.5112521648406982,-0.023756127804517746,0.5585320591926575,0.3975045084953308,-0.042933229357004166,0.5639217495918274,0.32299402356147766,-0.05812981352210045,0.565962553024292,0.25545570254325867,-0.07009535282850266,0.5842611789703369,0.5531222820281982,-0.038158684968948364,0.6110383868217468,0.4663584232330322,-0.05599873140454292,0.6255616545677185,0.4076371192932129,-0.06447578221559525,0.6358682513237,0.35049816966056824,-0.07107715308666229
0.4924218952655792,0.8069425821304321,3.910521115813026e-07,0.4184417128562927,0.7417625188827515,-0.03409455716609955,0.3726227283477783,0.631629467010498,-0.04777948185801506,0.3516831398010254,0.528789222240448,-0.05933793634176254,0.32417988777160645,0.4460722804069519,-0.06978555768728256,0.4450768828392029,0.4924255609512329,-0.010737797245383263,0.4295746684074402,0.37932777404785156,-0.031203659251332283,0.41886410117149353,0.3112671971321106,-0.051799673587083817,0.41319242119789124,0.2480102777481079,-0.06833210587501526,0.497605562210083,0.4885368347167969,-0.014069435186684132,0.5017556548118591,0.36152148246765137,-0.02992401458323002,0.5027428865432739,0.28289300203323364,-0.0485735759139061,0.5037899613380432,0.21587535738945007,-0.0638325959444046,0.5428166389465332,0.5114231109619141,-0.024016685783863068,0.5586770176887512,0.3977314829826355,-0.043611060827970505,0.5641103386878967,0.323126882314682,-0.05917530506849289,0.5664032101631165,0.25480711460113525,-0.07141810655593872,0.5840705633163452,0.5536060929298401,-0.03785314783453941,0.6105233430862427,0.467625230550766,-0.0563715398311615,0.6250768899917603,0.4092510938644409,-0.0653807520866394,0.6353611350059509,0.3521139919757843,-0.07235518842935562
0.49450984597206116,0.805722177028656,3.8010088587725477e-07,0.41953393816947937,0.7412035465240479,-0.03493049368262291,0.3737678527832031,0.6325308680534363,-0.04955353960394859,0.35312286019325256,0.5299167037010193,-0.06193739175796509,0.32484954595565796,0.44667553901672363,-0.0732644647359848,0.4443156123161316,0.4941427409648895,-0.01254727877676487,0.4280288815498352,0.3798908591270447,-0.033641036599874496,0.4172334671020508,0.31187525391578674,-0.054497189819812775,0.4118633270263672,0.24864044785499573,-0.07121884077787399,0.49758225679397583,0.49011629819869995,-0.015800679102540016,0.4998050034046173,0.3629950284957886,-0.03256944939494133,0.5001996159553528,0.2850126028060913,-0.052063073962926865,0.5010507106781006,0.21815252304077148,-0.06797406077384949,0.5435663461685181,0.5129139423370361,-0.025591926649212837,0.5588964223861694,0.3987599015235901,-0.04593696817755699,0.5646851062774658,0.3242835998535156,-0.06192478910088539,0.5674906373023987,0.2559009790420532,-0.07449762523174286,0.5855998992919922,0.5550371408462524,-0.03924700990319252,0.6113518476486206,0.46834251284599304,-0.05834724009037018,0.6258844137191772,0.40944904088974,-0.06759972125291824,0.6364457011222839,0.35148149728775024,-0.0747646763920784
0.4948643147945404,0.8053207397460938,3.883836541263008e-07,0.41863101720809937,0.742651104927063,-0.03478230908513069,0.3726936876773834,0.6328048706054688,-0.048555195331573486,0.3528192639350891,0.5295629501342773,-0.059982363134622574,0.32485464215278625,0.447008341550827,-0.0703490823507309,0.44414573907852173,0.49425995349884033,-0.011718543246388435,0.4287509024143219,0.3800196051597595,-0.03195935860276222,0.41818198561668396,0.3122095465660095,-0.05228527635335922,0.4125397205352783,0.24924597144126892,-0.0686689168214798,0.49750691652297974,0.49020153284072876,-0.01468808576464653,0.5000894069671631,0.36301296949386597,-0.03059419058263302,0.5001654624938965,0.2848186790943146,-0.049637727439403534,0.5006388425827026,0.21809598803520203,-0.06525392830371857,0.5433498024940491,0.5126861929893494,-0.02418637089431286,0.558599054813385,0.3984791934490204,-0.04385528340935707,0.5640596151351929,0.32409125566482544,-0.05967729166150093,0.5667273998260498,0.2560782730579376,-0.07218290865421295,0.5851876139640808,0.5541726350784302,-0.03755810484290123,0.6110687255859375,0.4675028622150421,-0.05631713196635246,0.625595211982727,0.4087160527706146,-0.06549915671348572,0.6363786458969116,0.35095787048339844,-0.07262086123228073
0.49546366930007935,0.8055405020713806,3.738883265214099e-07,0.4196288585662842,0.7416315674781799,-0.03188464045524597,0.37281346321105957,0.6327854990959167,-0.04412050545215607,0.35245493054389954,0.5296242833137512,-0.05475325509905815,0.3246920108795166,0.4466925859451294,-0.06431999802589417,0.4426273703575134,0.4935203790664673,-0.00601754616945982,0.42616915702819824,0.38033321499824524,-0.024824324995279312,0.41486865282058716,0.31285378336906433,-0.044490184634923935,0.40852153301239014,0.250485360622406,-0.06060761958360672,0.49528855085372925,0.489213228225708,-0.010088893584907055,0.49685174226760864,0.36298900842666626,-0.024770492687821388,0.49655959010124207,0.2857106328010559,-0.04314984753727913,0.49662089347839355,0.21993711590766907,-0.05827097222208977,0.5412473082542419,0.5117927193641663,-0.02074490860104561,0.5543078184127808,0.3964161276817322,-0.03971169888973236,0.5593478679656982,0.3223060071468353,-0.05496955290436745,0.5619271397590637,0.2541452944278717,-0.06705538928508759,0.5841993093490601,0.5538156628608704,-0.03511524200439453,0.6082642078399658,0.4667917490005493,-0.05352199822664261,0.6218282580375671,0.407905638217926,-0.062344733625650406,0.6318393349647522,0.34997260570526123,-0.06918466836214066
0.4961085319519043,0.8071463108062744,3.9909156157591497e-07,0.42027464509010315,0.7420921921730042,-0.03241244703531265,0.3742232024669647,0.6333988308906555,-0.04494057595729828,0.35306549072265625,0.5311591625213623,-0.0558636449277401,0.3245914578437805,0.44911107420921326,-0.06572708487510681,0.443755567073822,0.49329400062561035,-0.005875741597265005,0.42696288228034973,0.38025587797164917,-0.024768514558672905,0.415059357881546,0.3126349449157715,-0.044651228934526443,0.40818893909454346,0.24961420893669128,-0.060844890773296356,0.4963107705116272,0.489048570394516,-0.009701681323349476,0.4984095096588135,0.3633073568344116,-0.024201015010476112,0.497609406709671,0.28512659668922424,-0.04267185181379318,0.4971592128276825,0.21880313754081726,-0.05788322910666466,0.5420118570327759,0.5115678906440735,-0.02021593041718006,0.5557483434677124,0.3985890746116638,-0.038651637732982635,0.5600466132164001,0.32512181997299194,-0.05381925031542778,0.5617271065711975,0.2579438388347626,-0.06589603424072266,0.5841372013092041,0.5530992746353149,-0.034583572298288345,0.6089905500411987,0.46628236770629883,-0.05229589343070984,0.6229254007339478,0.40783601999282837,-0.06087798625230789,0.6334088444709778,0.35024699568748474,-0.06760163605213165
0.49668002128601074,0.8065739870071411,3.774861738747859e-07,0.4213302731513977,0.7418211102485657,-0.032821737229824066,0.37540602684020996,0.6313031911849976,-0.04587946832180023,0.3534429967403412,0.5296400785446167,-0.057152748107910156,0.32457324862480164,0.4480671286582947,-0.06741322576999664,0.4440908432006836,0.4933623671531677,-0.008754740469157696,0.4262753129005432,0.38057976961135864,-0.029064597561955452,0.4138716757297516,0.31273019313812256,-0.04954260215163231,0.4067879915237427,0.24933472275733948,-0.06615129858255386,0.4963129162788391,0.4889780879020691,-0.012851526029407978,0.49693188071250916,0.3623771071434021,-0.029235875234007835,0.49532902240753174,0.28436049818992615,-0.04847480729222298,0.49393028020858765,0.21687942743301392,-0.06401784718036652,0.5418042540550232,0.511642575263977,-0.02349226176738739,0.5547972917556763,0.39628487825393677,-0.04392389953136444,0.5585406422615051,0.3203533887863159,-0.05997128412127495,0.5594915747642517,0.24963867664337158,-0.0724380612373352,0.5838495492935181,0.5533067584037781,-0.03782637417316437,0.6082706451416016,0.4654952883720398,-0.0572073794901371,0.6219653487205505,0.4054515063762665,-0.06652287393808365,0.6316219568252563,0.345904678106308,-0.07366596162319183
0.4966888427734375,0.8067357540130615,3.7949121178826317e-07,0.4213397204875946,0.7418344616889954,-0.03293111175298691,0.3753947913646698,0.631451427936554,-0.04607564955949783,0.35339099168777466,0.5294991731643677,-0.05743268504738808,0.3244549036026001,0.44772017002105713,-0.06777658313512802,0.4441621005535126,0.4934476613998413,-0.009047048166394234,0.4260849952697754,0.38050609827041626,-0.029599089175462723,0.41359299421310425,0.3124048709869385,-0.05022943764925003,0.40658342838287354,0.24867984652519226,-0.0669364184141159,0.4963081479072571,0.4888310432434082,-0.013157687149941921,0.4968412220478058,0.3621339797973633,-0.029779264703392982,0.4951702058315277,0.28386491537094116,-0.04921269416809082,0.49378132820129395,0.2160879671573639,-0.064895398914814,0.5418195128440857,0.511401355266571,-0.023801809176802635,0.5548193454742432,0.3962688446044922,-0.04440935328602791,0.5584423542022705,0.3203822374343872,-0.060540471225976944,0.559310793876648,0.24976378679275513,-0.07304420322179794,0.5837975740432739,0.5531097650527954,-0.038150936365127563,0.6083250045776367,0.4654938578605652,-0.057658806443214417,0.6221007108688354,0.4054805636405945,-0.06703832000494003,0.6318557262420654,0.346011221408844,-0.07419908791780472
0.5045822858810425,0.829603910446167,1.1085749918038346e-07,0.4283204972743988,0.8035856485366821,-0.0446040965616703,0.36872097849845886,0.7144845724105835,-0.062339626252651215,0.3315364420413971,0.6317723989486694,-0.07818875461816788,0.30010339617729187,0.5643048882484436,-0.09162889420986176,0.3973785936832428,0.5768606066703796,-0.009148837998509407,0.37693411111831665,0.48626577854156494,-0.03395862132310867,0.3533761501312256,0.4307863712310791,-0.057475753128528595,0.3318740129470825,0.397388756275177,-0.0740351602435112,0.44578784704208374,0.5592373013496399,-0.007372553460299969,0.4362647533416748,0.4439659118652344,-0.04099016264081001,0.4360538423061371,0.44089269638061523,-0.06633464992046356,0.438742995262146,0.46638888120651245,-0.07696718722581863,0.49412187933921814,0.5634105205535889,-0.012469025328755379,0.49054741859436035,0.4512332081794739,-0.05064518004655838,0.48600897192955017,0.4709623456001282,-0.06507385522127151,0.4879271388053894,0.5146536231040955,-0.06554798781871796,0.5458827018737793,0.5822564363479614,-0.0214533731341362,0.5418334603309631,0.4870298504829407,-0.05249018222093582,0.5326085090637207,0.5004876852035522,-0.059227075427770615,0.5323737859725952,0.5427515506744385,-0.057606544345617294
0.5039318203926086,0.9072302579879761,-1.4022607786046137e-07,0.4300048351287842,0.8746649622917175,-0.032913945615291595,0.3713356554508209,0.7624898552894592,-0.048964787274599075,0.3429870307445526,0.6690027713775635,-0.06539016216993332,0.319088876247406,0.6018390655517578,-0.07904969155788422,0.4052659571170807,0.6318841576576233,-0.010440416634082794,0.39631420373916626,0.5203741788864136,-0.05437757819890976,0.37487688660621643,0.49331435561180115,-0.08996479213237762,0.3598940968513489,0.5165140628814697,-0.10764528065919876,0.4585130214691162,0.6197945475578308,-0.015894386917352676,0.4571146070957184,0.4966292381286621,-0.05830385908484459,0.4474528431892395,0.49534279108047485,-0.08716251701116562,0.44302481412887573,0.5373554825782776,-0.09850568324327469,0.5101420879364014,0.6310389637947083,-0.028552480041980743,0.5122047066688538,0.5195453763008118,-0.0669725239276886,0.5029879212379456,0.5284817218780518,-0.07728414982557297,0.4978363811969757,0.5672999620437622,-0.07575356215238571,0.5615831613540649,0.6590527892112732,-0.04468401521444321,0.558658242225647,0.5648844242095947,-0.07283773273229599,0.5498964786529541,0.5675907731056213,-0.07410144060850143,0.5450829267501831,0.5996152758598328,-0.06843593716621399
0.5196943283081055,0.9500617980957031,-1.8920999877991562e-07,0.43940550088882446,0.913353443145752,-0.03555504232645035,0.3762569725513458,0.7987459301948547,-0.04912516847252846,0.3465287685394287,0.6996887922286987,-0.06550443917512894,0.344635009765625,0.6127147674560547,-0.07903759181499481,0.39196646213531494,0.6750580072402954,0.011009900830686092,0.3601289391517639,0.5956273674964905,-0.03056154027581215,0.32596057653427124,0.5771389603614807,-0.06726045161485672,0.30295369029045105,0.5993983745574951,-0.08621809631586075,0.44643524289131165,0.6498972177505493,0.006152882240712643,0.4327352046966553,0.526660680770874,-0.03652341663837433,0.40846091508865356,0.5322495102882385,-0.06878858059644699,0.394118070602417,0.590965986251831,-0.08003412932157516,0.5037059783935547,0.6569725275039673,-0.007779729086905718,0.49869635701179504,0.540073573589325,-0.05260901898145676,0.484414279460907,0.5801237225532532,-0.07002286612987518,0.4830177128314972,0.653033435344696,-0.06866514682769775,0.5633545517921448,0.6853371858596802,-0.025296803563833237,0.5604890584945679,0.5899971723556519,-0.059347983449697495,0.5411240458488464,0.6128202676773071,-0.06704440712928772,0.5321494340896606,0.6741393208503723,-0.06356591731309891
0.5369834899902344,0.9611377716064453,1.661017847709445e-07,0.4508604407310486,0.935737133026123,-0.0468885712325573,0.3712512254714966,0.835309624671936,-0.06989865750074387,0.32368800044059753,0.7399556636810303,-0.09056852012872696,0.30140501260757446,0.6445164680480957,-0.10770129412412643,0.40063610672950745,0.6811633110046387,-0.01408077497035265,0.3601844608783722,0.5775846838951111,-0.058267880231142044,0.3270922303199768,0.5613332986831665,-0.09765706211328506,0.30498117208480835,0.5733568072319031,-0.12059327214956284,0.45643743872642517,0.653454065322876,-0.013877668417990208,0.43318650126457214,0.5342791676521301,-0.04142662137746811,0.40541431307792664,0.4797632098197937,-0.07226179540157318,0.38002312183380127,0.44547414779663086,-0.095162034034729,0.5135984420776367,0.6585201621055603,-0.023682883009314537,0.5053718090057373,0.5511911511421204,-0.054755356162786484,0.48616713285446167,0.502638041973114,-0.07724982500076294,0.46222689747810364,0.4723987579345703,-0.09223047643899918,0.5727387070655823,0.6866793632507324,-0.03806304559111595,0.5748803615570068,0.5944738984107971,-0.06543617695569992,0.5642048120498657,0.5617373585700989,-0.07611527293920517,0.5459482669830322,0.5481221079826355,-0.08245759457349777
0.5354427099227905,0.9609296321868896,3.300384605608997e-07,0.4482552111148834,0.9329431056976318,-0.04777107387781143,0.37138012051582336,0.8343591094017029,-0.0712316483259201,0.3244855999946594,0.7393479347229004,-0.09121237695217133,0.2981899380683899,0.6467407941818237,-0.10826440155506134,0.40946274995803833,0.675579845905304,-0.025378284975886345,0.37602493166923523,0.5556012988090515,-0.06536273658275604,0.34651899337768555,0.5006262063980103,-0.10055028647184372,0.3226904571056366,0.47024232149124146,-0.12271512299776077,0.46501126885414124,0.6539211273193359,-0.02423403225839138,0.4505877196788788,0.5284826755523682,-0.055390674620866776,0.42855486273765564,0.4697847068309784,-0.0842408537864685,0.40549322962760925,0.4348604083061218,-0.1036270409822464,0.5197966694831848,0.6610344648361206,-0.03126911073923111,0.5154537558555603,0.5509860515594482,-0.061405282467603683,0.49927476048469543,0.49988070130348206,-0.07808934152126312,0.4775514602661133,0.46857523918151855,-0.08809895068407059,0.5761012434959412,0.6907437443733215,-0.04319683834910393,0.5786124467849731,0.6002221703529358,-0.06923460960388184,0.5677700042724609,0.5614463090896606,-0.07715104520320892,0.5499081015586853,0.5414407849311829,-0.08047546446323395
0.5206697583198547,0.9257515668869019,5.94057723901642e-07,0.4197830557823181,0.9227798581123352,-0.04393139109015465,0.32779431343078613,0.8572674989700317,-0.0714712142944336,0.26220351457595825,0.789840042591095,-0.09573507308959961,0.19595888257026672,0.7492730021476746,-0.12031843513250351,0.3470369577407837,0.6768727898597717,-0.047034572809934616,0.28217196464538574,0.5661287307739258,-0.08709219098091125,0.2392365038394928,0.5005550384521484,-0.11891965568065643,0.20054686069488525,0.44204819202423096,-0.14072957634925842,0.3982114791870117,0.6365146040916443,-0.051740460097789764,0.34716731309890747,0.5028959512710571,-0.08741085976362228,0.30827954411506653,0.4162026345729828,-0.11652044206857681,0.27230873703956604,0.3395107388496399,-0.13669443130493164,0.45532289147377014,0.6305112838745117,-0.06211412325501442,0.4258088767528534,0.5027930736541748,-0.09643925726413727,0.4003491699695587,0.42211806774139404,-0.1190059557557106,0.3744729161262512,0.35045090317726135,-0.1334565430879593,0.5176450610160828,0.6478360295295715,-0.07618105411529541,0.5084489583969116,0.5412620306015015,-0.10496308654546738,0.49624645709991455,0.4719882607460022,-0.11734896898269653,0.4803597927093506,0.4080186188220978,-0.12474262714385986
0.514517605304718,0.9147955179214478,5.807999059470603e-07,0.4154403805732727,0.9237527251243591,-0.0467233806848526,0.32041430473327637,0.858911395072937,-0.07316062599420547,0.25218164920806885,0.7914592027664185,-0.09583653509616852,0.18320593237876892,0.7567368745803833,-0.11927509307861328,0.3285021185874939,0.6766828298568726,-0.04822065681219101,0.25712427496910095,0.5742083787918091,-0.08860833942890167,0.20768463611602783,0.5163127183914185,-0.12080754339694977,0.16447919607162476,0.46303102374076843,-0.14449967443943024,0.378597617149353,0.6341876983642578,-0.053742289543151855,0.3212013840675354,0.504001259803772,-0.09070562571287155,0.2802620232105255,0.41850340366363525,-0.12262461334466934,0.2449820339679718,0.3400878608226776,-0.14627106487751007,0.4353232979774475,0.6254124641418457,-0.06548209488391876,0.39739081263542175,0.4981989860534668,-0.1040833443403244,0.3683464825153351,0.4182298481464386,-0.12992796301841736,0.34045612812042236,0.3448587656021118,-0.14777082204818726,0.49862363934516907,0.6392314434051514,-0.08100678771734238,0.48568403720855713,0.5368631482124329,-0.11595345288515091,0.47320473194122314,0.46726512908935547,-0.13244609534740448,0.45780670642852783,0.40060165524482727,-0.14379295706748962
0.5112167596817017,0.8970078825950623,6.212308676367684e-07,0.41228634119033813,0.9150426983833313,-0.05346349999308586,0.3169659674167633,0.853937029838562,-0.08475308120250702,0.24778005480766296,0.7873483300209045,-0.11143754422664642,0.17619004845619202,0.7526234984397888,-0.1400594413280487,0.3182828426361084,0.6682153344154358,-0.06438476592302322,0.24684780836105347,0.5649279356002808,-0.11025231331586838,0.19906039535999298,0.5057398080825806,-0.14594516158103943,0.15730451047420502,0.4486556649208069,-0.17287030816078186,0.3680466413497925,0.6244482398033142,-0.07005879282951355,0.30776742100715637,0.4944797158241272,-0.11448438465595245,0.265328049659729,0.4117448031902313,-0.15297076106071472,0.22616557776927948,0.3333916962146759,-0.18208570778369904,0.4242304563522339,0.614171028137207,-0.08190738409757614,0.3840133547782898,0.4901055693626404,-0.1281542181968689,0.35181400179862976,0.40942931175231934,-0.16217176616191864,0.3202713429927826,0.33425819873809814,-0.18626973032951355,0.48797762393951416,0.6250021457672119,-0.09755516797304153,0.4703737199306488,0.5228685736656189,-0.14022964239120483,0.4549357295036316,0.45288029313087463,-0.16415610909461975,0.43638622760772705,0.3848917782306671,-0.18160514533519745
0.514003336429596,0.9009097218513489,5.875203896721359e-07,0.4168848395347595,0.9162465929985046,-0.05177151784300804,0.31988948583602905,0.8549614548683167,-0.08078204840421677,0.24936163425445557,0.7880916595458984,-0.10503748059272766,0.17643891274929047,0.7551338076591492,-0.13070209324359894,0.3222392201423645,0.6719852685928345,-0.05982905253767967,0.2524316608905792,0.5669358372688293,-0.10370327532291412,0.20436660945415497,0.5075960755348206,-0.13775315880775452,0.1617605835199356,0.4513218104839325,-0.16324521601200104,0.3701723515987396,0.6282532215118408,-0.06502285599708557,0.3081974387168884,0.4977297782897949,-0.10695228725671768,0.26607850193977356,0.4144909679889679,-0.14258675277233124,0.22753839194774628,0.33636096119880676,-0.16918575763702393,0.4257504642009735,0.6165269017219543,-0.07625378668308258,0.38142749667167664,0.4915282130241394,-0.12053163349628448,0.34998050332069397,0.4109236001968384,-0.1507817655801773,0.31921976804733276,0.3362507224082947,-0.17178285121917725,0.4892781972885132,0.625244677066803,-0.0912802442908287,0.46980321407318115,0.5224766135215759,-0.13129858672618866,0.45588451623916626,0.45346835255622864,-0.15158919990062714,0.4392659366130829,0.38709893822669983,-0.1661309152841568
0.5278431177139282,0.8719488382339478,5.133646254762425e-07,0.43208685517311096,0.889945924282074,-0.04622980207204819,0.33461928367614746,0.8387314677238464,-0.07274366915225983,0.26409345865249634,0.77959805727005,-0.09579341113567352,0.19357991218566895,0.7542200684547424,-0.12023631483316422,0.3267281949520111,0.6594602465629578,-0.052182137966156006,0.25316017866134644,0.5604991316795349,-0.09305131435394287,0.20482243597507477,0.5066480040550232,-0.12534627318382263,0.16096878051757812,0.45518699288368225,-0.14957799017429352,0.3719486594200134,0.6138545274734497,-0.05851291865110397,0.3070254325866699,0.4889405369758606,-0.09688016772270203,0.2634119689464569,0.4118179976940155,-0.13086524605751038,0.22243183851242065,0.33965611457824707,-0.15663281083106995,0.42619866132736206,0.5986342430114746,-0.07053493708372116,0.3808288276195526,0.4786161780357361,-0.11103776097297668,0.3468417823314667,0.4010099172592163,-0.14054535329341888,0.3120681345462799,0.3301018178462982,-0.16141854226589203,0.48960140347480774,0.6026275157928467,-0.08605770766735077,0.46731746196746826,0.5014374256134033,-0.12329313158988953,0.44988733530044556,0.43496325612068176,-0.1429697722196579,0.4291462302207947,0.37196049094200134,-0.15720736980438232
0.5289645195007324,0.8681610822677612,5.705997523364204e-07,0.4316181242465973,0.8918047547340393,-0.04896928369998932,0.333254337310791,0.8373839855194092,-0.07410050928592682,0.26234808564186096,0.7757158875465393,-0.09509759396314621,0.1921384483575821,0.7519394755363464,-0.11735577136278152,0.3278576135635376,0.6638472080230713,-0.05167307332158089,0.25516393780708313,0.565788209438324,-0.09211127460002899,0.2053661197423935,0.510553240776062,-0.12424485385417938,0.16042177379131317,0.45921164751052856,-0.14860518276691437,0.37330782413482666,0.6157232522964478,-0.056533072143793106,0.3097376227378845,0.4915655851364136,-0.09498558193445206,0.265187531709671,0.41393083333969116,-0.12936507165431976,0.22308805584907532,0.3417888283729553,-0.1554655134677887,0.4257133901119232,0.597888171672821,-0.06750769913196564,0.381002813577652,0.47938108444213867,-0.10873547941446304,0.34714049100875854,0.4037884771823883,-0.13839839398860931,0.3130623698234558,0.3351624608039856,-0.15926744043827057,0.4866119623184204,0.5988073348999023,-0.08226937055587769,0.46738940477371216,0.499004065990448,-0.11956027895212173,0.45212990045547485,0.43264058232307434,-0.13910017907619476,0.433277428150177,0.3700200319290161,-0.15347230434417725
0.5369846224784851,0.8587532639503479,5.112164558340737e-07,0.443483829498291,0.8754728436470032,-0.03896639496088028,0.3452247381210327,0.8247528076171875,-0.06007163226604462,0.27349716424942017,0.770014226436615,-0.07849656045436859,0.20526519417762756,0.753471314907074,-0.0980675145983696,0.3413524627685547,0.6556098461151123,-0.041190411895513535,0.26602649688720703,0.5635621547698975,-0.07739350199699402,0.21607834100723267,0.50921231508255,-0.10630108416080475,0.17243048548698425,0.4584091305732727,-0.1276954710483551,0.38291704654693604,0.606667697429657,-0.048791609704494476,0.3174281716346741,0.4855102300643921,-0.08167446404695511,0.27191439270973206,0.4084625244140625,-0.10991059988737106,0.23028220236301422,0.34062302112579346,-0.13078832626342773,0.43440327048301697,0.5872499346733093,-0.06157423183321953,0.3863307535648346,0.4681277275085449,-0.09669771045446396,0.3518604338169098,0.3956153094768524,-0.11860156804323196,0.3168432414531708,0.33142316341400146,-0.1336684226989746,0.4952085614204407,0.5883814096450806,-0.07758285105228424,0.47362521290779114,0.4877816438674927,-0.10859362781047821,0.45897504687309265,0.4232637286186218,-0.1208190843462944,0.44069817662239075,0.3644484877586365,-0.12926584482192993
0.5488454103469849,0.8427668809890747,5.002142415833077e-07,0.45684704184532166,0.853241503238678,-0.038518693298101425,0.36229079961776733,0.8054209351539612,-0.05972645804286003,0.2894458770751953,0.7573192119598389,-0.07843735814094543,0.2217092514038086,0.7373862862586975,-0.09748369455337524,0.3547629415988922,0.6428022980690002,-0.037661027163267136,0.275602787733078,0.5532608032226562,-0.07285390049219131,0.2241387516260147,0.5002760887145996,-0.10047822445631027,0.1793719083070755,0.45066383481025696,-0.12058994174003601,0.3946237862110138,0.5933252573013306,-0.0442429780960083,0.3271086812019348,0.47366803884506226,-0.07505638152360916,0.28024131059646606,0.39855697751045227,-0.1008850634098053,0.2381691336631775,0.3339579999446869,-0.11967141926288605,0.44531378149986267,0.5729199647903442,-0.05615924298763275,0.39752811193466187,0.45386382937431335,-0.08897073566913605,0.36249807476997375,0.3814726769924164,-0.10830860584974289,0.3273068070411682,0.318654865026474,-0.1213114783167839,0.505626916885376,0.5732150077819824,-0.07148253917694092,0.48643308877944946,0.47356116771698,-0.10070621222257614,0.470234215259552,0.4086225628852844,-0.11150021106004715,0.4502905607223511,0.35005703568458557,-0.1183849424123764
0.5624469518661499,0.7951117157936096,4.97927601372794e-07,0.4727119207382202,0.8047032356262207,-0.0420321524143219,0.379861980676651,0.7580575346946716,-0.06641282141208649,0.30618590116500854,0.7167487144470215,-0.08818031847476959,0.239376500248909,0.7017427682876587,-0.11015000939369202,0.36877697706222534,0.5981156826019287,-0.04301653429865837,0.2874751389026642,0.5131322145462036,-0.08185652643442154,0.23523114621639252,0.4678823947906494,-0.1119409129023552,0.18796519935131073,0.4251508414745331,-0.1328943818807602,0.40771642327308655,0.5487538576126099,-0.048039913177490234,0.33592596650123596,0.4337838888168335,-0.08190396428108215,0.2850671708583832,0.3644978702068329,-0.10998740792274475,0.23905599117279053,0.3032938539981842,-0.13005800545215607,0.4586872160434723,0.5267038345336914,-0.058685287833213806,0.4072558879852295,0.4052717685699463,-0.0928751677274704,0.3677155375480652,0.3382928967475891,-0.11367379128932953,0.3280909061431885,0.28149545192718506,-0.12703344225883484,0.5188533663749695,0.5232939720153809,-0.07305947691202164,0.49321937561035156,0.4173150658607483,-0.10236769169569016,0.470327228307724,0.3508979082107544,-0.11444289237260818,0.4441964328289032,0.2917107343673706,-0.1218622699379921
0.5665327310562134,0.7559932470321655,4.598865928073792e-07,0.4832294285297394,0.7738054394721985,-0.042834650725126266,0.3886227309703827,0.7367722392082214,-0.06826796382665634,0.3141268789768219,0.6957855820655823,-0.08994657546281815,0.24575836956501007,0.681937575340271,-0.11211302876472473,0.3756941258907318,0.5745142698287964,-0.05087440088391304,0.29264816641807556,0.49504345655441284,-0.08940152823925018,0.24059152603149414,0.45264744758605957,-0.11826232820749283,0.19451528787612915,0.41196563839912415,-0.13832752406597137,0.4096045196056366,0.5220044255256653,-0.054964061826467514,0.3339756429195404,0.4083319306373596,-0.08864428102970123,0.2830103933811188,0.34186795353889465,-0.11487238109111786,0.23704160749912262,0.2844962477684021,-0.13368020951747894,0.45684871077537537,0.4969945549964905,-0.06414667516946793,0.4035845100879669,0.3817289471626282,-0.09782212972640991,0.36305874586105347,0.31578466296195984,-0.11840760707855225,0.3232947587966919,0.2593519389629364,-0.13192276656627655,0.5142609477043152,0.4907822012901306,-0.0768933817744255,0.487196147441864,0.38941842317581177,-0.10544911026954651,0.46517691016197205,0.3239555358886719,-0.1177453100681305,0.4399135112762451,0.26543083786964417,-0.12574243545532227
0.584237813949585,0.6708597540855408,4.740184635920741e-07,0.501867413520813,0.6987520456314087,-0.04645022377371788,0.4103299081325531,0.6749626398086548,-0.07181914895772934,0.3360927402973175,0.6418463587760925,-0.09325721114873886,0.2719208598136902,0.6282791495323181,-0.11449804902076721,0.3851641118526459,0.5154512524604797,-0.04710247740149498,0.2940804660320282,0.4497945308685303,-0.08309479057788849,0.24019449949264526,0.4103495478630066,-0.11057426035404205,0.1924571692943573,0.3700939416885376,-0.12988904118537903,0.4169539511203766,0.4584828019142151,-0.047897353768348694,0.3342782258987427,0.35489603877067566,-0.0790465772151947,0.28131580352783203,0.2952309548854828,-0.10417448729276657,0.23429527878761292,0.24287959933280945,-0.12205316126346588,0.46210381388664246,0.42801642417907715,-0.054320719093084335,0.4020540416240692,0.32349520921707153,-0.08498752862215042,0.35904616117477417,0.264400839805603,-0.10425831377506256,0.31845736503601074,0.213157057762146,-0.11689735949039459,0.5186951756477356,0.4130765497684479,-0.06496813148260117,0.48453056812286377,0.3200523555278778,-0.09040344506502151,0.4591522514820099,0.2631304860115051,-0.10098585486412048,0.4323933720588684,0.21112224459648132,-0.10763130336999893
0.5849822163581848,0.6730409264564514,4.882384132542938e-07,0.5071260929107666,0.703575611114502,-0.05068410187959671,0.4146168529987335,0.6804327368736267,-0.076754130423069,0.3399590849876404,0.6437832117080688,-0.09732622653245926,0.27159303426742554,0.6287534832954407,-0.11747872829437256,0.3848106563091278,0.5200200080871582,-0.051874950528144836,0.29456400871276855,0.45304206013679504,-0.08755335211753845,0.23864877223968506,0.41314244270324707,-0.11428924649953842,0.19034689664840698,0.3740554451942444,-0.13331004977226257,0.4161059856414795,0.4601019024848938,-0.05124688148498535,0.3356150686740875,0.35856562852859497,-0.0819886103272438,0.2821597456932068,0.2996177673339844,-0.10586236417293549,0.23530752956867218,0.24889829754829407,-0.12290877848863602,0.4608969986438751,0.4269014000892639,-0.056660477072000504,0.40176162123680115,0.3217170834541321,-0.08792135119438171,0.3617458641529083,0.2627692222595215,-0.10553394258022308,0.3234977722167969,0.21238747239112854,-0.1169959083199501,0.5159803628921509,0.4105367958545685,-0.06660905480384827,0.4819222390651703,0.3188101649284363,-0.09361177682876587,0.4580475389957428,0.2614438235759735,-0.10394731163978577,0.4324389398097992,0.21043407917022705,-0.1103367730975151
0.5951595306396484,0.6507312059402466,4.300369766951917e-07,0.5162742733955383,0.6846325993537903,-0.041459858417510986,0.4195094704627991,0.6613925695419312,-0.06212947517633438,0.34471508860588074,0.6218379735946655,-0.07881665229797363,0.2798123061656952,0.6184256672859192,-0.0956454649567604,0.3913063406944275,0.4988853931427002,-0.041669994592666626,0.30252599716186523,0.4350658357143402,-0.07297278195619583,0.24821947515010834,0.39796286821365356,-0.09743980318307877,0.2011033594608307,0.3618161678314209,-0.11527281254529953,0.4211057424545288,0.4422357678413391,-0.04418632760643959,0.33841651678085327,0.34330207109451294,-0.07048218697309494,0.28590530157089233,0.2862327992916107,-0.09146275371313095,0.24149836599826813,0.23868989944458008,-0.10674729198217392,0.4657059609889984,0.41118836402893066,-0.052056439220905304,0.40459561347961426,0.30853271484375,-0.0788707286119461,0.36372703313827515,0.25056326389312744,-0.09410058706998825,0.3255573511123657,0.20153996348381042,-0.10465581715106964,0.5215789079666138,0.39554983377456665,-0.0638885647058487,0.48682254552841187,0.30624544620513916,-0.08709824085235596,0.46158114075660706,0.2509147524833679,-0.09549763798713684,0.4349134862422943,0.20067089796066284,-0.10108215361833572
0.6012723445892334,0.6420530676841736,4.21250319959654e-07,0.5246816873550415,0.673427164554596,-0.04421349614858627,0.432655394077301,0.6480790376663208,-0.06551287323236465,0.3581165671348572,0.6061012148857117,-0.08249970525503159,0.2921098470687866,0.6037931442260742,-0.09967634081840515,0.40504565834999084,0.4858967661857605,-0.04255036637187004,0.31635910272598267,0.4223668575286865,-0.07424155622720718,0.26177746057510376,0.38471490144729614,-0.09912826120853424,0.21434356272220612,0.34668588638305664,-0.1175011470913887,0.4336724281311035,0.42941880226135254,-0.04364628717303276,0.3495151102542877,0.33343183994293213,-0.07038168609142303,0.2956025004386902,0.27671247720718384,-0.09208381921052933,0.24976542592048645,0.22903403639793396,-0.10828422755002975,0.4766937792301178,0.39770305156707764,-0.05040654540061951,0.4134402275085449,0.2983822226524353,-0.07785852253437042,0.3706723153591156,0.24135878682136536,-0.09377184510231018,0.33066725730895996,0.19367408752441406,-0.10499714314937592,0.5311027765274048,0.38077110052108765,-0.06145811453461647,0.4943239688873291,0.291768342256546,-0.08472353965044022,0.4688444137573242,0.23691090941429138,-0.0935974046587944,0.4422805905342102,0.18743789196014404,-0.09993597120046616
0.6104558110237122,0.6198883652687073,3.931145897695387e-07,0.5364606380462646,0.6552140116691589,-0.04704369977116585,0.4475718140602112,0.6337254643440247,-0.06963177770376205,0.37215155363082886,0.5952157378196716,-0.08786579966545105,0.30420559644699097,0.5947000980377197,-0.10597793757915497,0.4136767089366913,0.468686580657959,-0.03661831468343735,0.32719966769218445,0.4113185703754425,-0.06605516374111176,0.2741246819496155,0.37749183177948,-0.0914556086063385,0.22814713418483734,0.3406643271446228,-0.11095891147851944,0.4400998055934906,0.41273120045661926,-0.0359826423227787,0.3567764163017273,0.3225899338722229,-0.06100635603070259,0.30426454544067383,0.269639790058136,-0.08426745980978012,0.26012659072875977,0.22283053398132324,-0.10225694626569748,0.48150163888931274,0.3811594247817993,-0.04173437878489494,0.41825154423713684,0.2870604693889618,-0.06761513650417328,0.3761236369609833,0.23293183743953705,-0.08563920110464096,0.3375997245311737,0.18630346655845642,-0.09906131029129028,0.5357450246810913,0.36238521337509155,-0.05224575102329254,0.49831366539001465,0.27840322256088257,-0.07416500896215439,0.47265684604644775,0.22707685828208923,-0.08460113406181335,0.44609740376472473,0.17982369661331177,-0.09278817474842072
0.6162545084953308,0.6008354425430298,4.3266317106827046e-07,0.5444141030311584,0.6420066952705383,-0.05405003949999809,0.45824599266052246,0.6303175687789917,-0.08066931366920471,0.38179948925971985,0.594830334186554,-0.10156019777059555,0.31081706285476685,0.5918606519699097,-0.12198920547962189,0.41844093799591064,0.4655970335006714,-0.04554803669452667,0.3305692672729492,0.4110048711299896,-0.07768231630325317,0.27668091654777527,0.37853047251701355,-0.10431856662034988,0.23036563396453857,0.3413192629814148,-0.12457329034805298,0.4433702826499939,0.4080406725406647,-0.0418117381632328,0.3589971363544464,0.32245558500289917,-0.06917411088943481,0.306336373090744,0.2713800072669983,-0.09313951432704926,0.2626491189002991,0.22325827181339264,-0.11183451116085052,0.48317545652389526,0.3746252655982971,-0.044977396726608276,0.4190666973590851,0.2848939895629883,-0.07277252525091171,0.37754881381988525,0.23255720734596252,-0.09178515523672104,0.34075891971588135,0.185958594083786,-0.10585286468267441,0.5356580018997192,0.353610634803772,-0.05346173420548439,0.49651381373405457,0.2727227807044983,-0.07752753794193268,0.47003114223480225,0.22304777801036835,-0.09009304642677307,0.4429647624492645,0.17643362283706665,-0.09975756704807281
0.6164021492004395,0.5855306386947632,4.970614781996119e-07,0.5471213459968567,0.6349948048591614,-0.06446389853954315,0.46238812804222107,0.6254338622093201,-0.09449112415313721,0.38644957542419434,0.5882113575935364,-0.1166156530380249,0.31477296352386475,0.5877336859703064,-0.1382896602153778,0.42239436507225037,0.4629928469657898,-0.05642859637737274,0.3346828818321228,0.411050409078598,-0.0913393646478653,0.28057098388671875,0.3803444802761078,-0.1200726181268692,0.23231551051139832,0.3457672595977783,-0.14188678562641144,0.44577348232269287,0.4050403833389282,-0.04793880879878998,0.3607611656188965,0.32247358560562134,-0.07780352979898453,0.3075106739997864,0.2743174433708191,-0.10413266718387604,0.26133787631988525,0.22860482335090637,-0.12498494237661362,0.4839399755001068,0.371192991733551,-0.047047607600688934,0.4186211824417114,0.2848336696624756,-0.07709795236587524,0.37558233737945557,0.23542359471321106,-0.09881571680307388,0.33697402477264404,0.1908566653728485,-0.11513784527778625,0.5349573493003845,0.3478645384311676,-0.052220869809389114,0.4945267140865326,0.2695724070072174,-0.07789818197488785,0.46732354164123535,0.22217774391174316,-0.09258665144443512,0.4396142363548279,0.17647039890289307,-0.10440681874752045
0.6275417804718018,0.5688427686691284,4.546321861198521e-07,0.5584563612937927,0.6227463483810425,-0.058963727205991745,0.47355368733406067,0.6200670003890991,-0.08804918080568314,0.39655935764312744,0.5880094170570374,-0.11029871553182602,0.32315903902053833,0.5836066603660583,-0.131854847073555,0.4282337725162506,0.4591035544872284,-0.05034998059272766,0.3392494022846222,0.41073206067085266,-0.08421363681554794,0.2845858335494995,0.3831731081008911,-0.11191153526306152,0.2361830174922943,0.3521193265914917,-0.1327146291732788,0.4502216577529907,0.4007466733455658,-0.04430549591779709,0.3634628355503082,0.32178106904029846,-0.07408194988965988,0.3094320297241211,0.2764488458633423,-0.09956338256597519,0.26310497522354126,0.23497457802295685,-0.11903014034032822,0.4868942201137543,0.36497998237609863,-0.045529890805482864,0.41883549094200134,0.2823448181152344,-0.07544218003749847,0.3728557825088501,0.23490558564662933,-0.09589232504367828,0.33191871643066406,0.19245830178260803,-0.11071211099624634,0.5367465019226074,0.33855926990509033,-0.05221712589263916,0.49227115511894226,0.2622513771057129,-0.07800573855638504,0.4621545672416687,0.21525421738624573,-0.09190305322408676,0.4321986138820648,0.17126235365867615,-0.10239823162555695
0.6444956660270691,0.5540616512298584,4.328765328409645e-07,0.5770196318626404,0.615061342716217,-0.05608780309557915,0.49096429347991943,0.6192637085914612,-0.08386962860822678,0.4147607982158661,0.587894856929779,-0.10508495569229126,0.34129706025123596,0.5802151560783386,-0.12564438581466675,0.4430774748325348,0.45495831966400146,-0.05067030340433121,0.3548123240470886,0.4069773256778717,-0.0845409631729126,0.30042558908462524,0.3794076442718506,-0.11205374449491501,0.25241443514823914,0.3494151532649994,-0.13248766958713531,0.4640072286128998,0.3978472650051117,-0.0457071028649807,0.3770260810852051,0.32151681184768677,-0.07462484389543533,0.32237112522125244,0.27739086747169495,-0.0986243262887001,0.27616721391677856,0.23745614290237427,-0.11724930256605148,0.49903422594070435,0.36281007528305054,-0.04769187793135643,0.42825138568878174,0.28451383113861084,-0.07606759667396545,0.38272184133529663,0.23944731056690216,-0.09435732662677765,0.34288012981414795,0.19970087707042694,-0.10807028412818909,0.5465741753578186,0.3369653820991516,-0.05505849048495293,0.4984787702560425,0.2666190266609192,-0.0799868032336235,0.4660662114620209,0.22446802258491516,-0.09258225560188293,0.4344173073768616,0.18555176258087158,-0.1022145077586174
0.6425793766975403,0.5645126700401306,4.966083793078724e-07,0.5763111710548401,0.6229597926139832,-0.0579436793923378,0.49578917026519775,0.6252811551094055,-0.08540596067905426,0.4242810308933258,0.5935207605361938,-0.10575848072767258,0.35363441705703735,0.5840612053871155,-0.12525244057178497,0.4428112208843231,0.4608834683895111,-0.04976165294647217,0.358029842376709,0.41091910004615784,-0.08209361135959625,0.30586230754852295,0.3831513822078705,-0.10866561532020569,0.25904396176338196,0.35318705439567566,-0.1285608410835266,0.46370169520378113,0.403396338224411,-0.04351033270359039,0.3795348107814789,0.32897862792015076,-0.07161540538072586,0.32556483149528503,0.2857385575771332,-0.09560398012399673,0.28000280261039734,0.24716217815876007,-0.11406886577606201,0.49938955903053284,0.3690459728240967,-0.04451144486665726,0.4324532747268677,0.29021114110946655,-0.07304595410823822,0.3886009454727173,0.24426011741161346,-0.09211903065443039,0.3490390479564667,0.2033253014087677,-0.10608742386102676,0.5466523766517639,0.34498387575149536,-0.05096515268087387,0.500615119934082,0.27576953172683716,-0.07674882560968399,0.46930527687072754,0.23398606479167938,-0.0899975597858429,0.4381369948387146,0.19415760040283203,-0.09977441281080246
0.6406594514846802,0.5673987865447998,5.163346941117197e-07,0.5752730369567871,0.6219920516014099,-0.058566682040691376,0.4965147376060486,0.6243177056312561,-0.08713091164827347,0.42464756965637207,0.5945188999176025,-0.10852538794279099,0.3534250855445862,0.5838903784751892,-0.1289738565683365,0.44301971793174744,0.46187686920166016,-0.05061965063214302,0.3566182255744934,0.41025272011756897,-0.08312055468559265,0.30383604764938354,0.38234859704971313,-0.1097383126616478,0.2566927373409271,0.35210639238357544,-0.1295437067747116,0.4643416702747345,0.4053575396537781,-0.04404965043067932,0.37884873151779175,0.3289848268032074,-0.07204513996839523,0.32497718930244446,0.2855997085571289,-0.09621892124414444,0.2797625958919525,0.2473626285791397,-0.11484762281179428,0.4998478889465332,0.3711935579776764,-0.04474573954939842,0.43286582827568054,0.29042115807533264,-0.07271017879247665,0.38838282227516174,0.24345232546329498,-0.09226619452238083,0.3484084904193878,0.20205160975456238,-0.10675857961177826,0.5464797019958496,0.34656640887260437,-0.050904277712106705,0.5005077123641968,0.27628806233406067,-0.07620078325271606,0.4688554108142853,0.2340894639492035,-0.08984171599149704,0.43760913610458374,0.19386664032936096,-0.10001020133495331
0.640186071395874,0.5995680093765259,4.6550795218536223e-07,0.5712569952011108,0.6507041454315186,-0.05575668066740036,0.4844367802143097,0.6460798382759094,-0.08198846131563187,0.4072180688381195,0.617275059223175,-0.10137172043323517,0.3352940082550049,0.6046575903892517,-0.12016380578279495,0.4462902545928955,0.49040618538856506,-0.05062378942966461,0.35890790820121765,0.43850797414779663,-0.08327344805002213,0.3056561052799225,0.40801307559013367,-0.10886631906032562,0.25963544845581055,0.37634509801864624,-0.1278584897518158,0.4707653224468231,0.4338502287864685,-0.04556959122419357,0.3876253366470337,0.35275977849960327,-0.0743405669927597,0.33400049805641174,0.3075658082962036,-0.09875230491161346,0.28662964701652527,0.2669453024864197,-0.117500439286232,0.5076974630355835,0.3994743227958679,-0.04731932282447815,0.4411183297634125,0.31344571709632874,-0.07732369750738144,0.3973718583583832,0.2653762996196747,-0.09739062190055847,0.3570594787597656,0.22438523173332214,-0.1116260290145874,0.55487060546875,0.3750677704811096,-0.053977224975824356,0.5102605819702148,0.298313170671463,-0.08073988556861877,0.4804348647594452,0.25115537643432617,-0.09445158392190933,0.4503912627696991,0.20891299843788147,-0.10445601493120193
0.6396371126174927,0.6054770946502686,4.762791832035873e-07,0.5657862424850464,0.6606919169425964,-0.054506611078977585,0.47532132267951965,0.6528601050376892,-0.07938212901353836,0.395980566740036,0.6263061761856079,-0.09775326400995255,0.3246074318885803,0.6135855913162231,-0.11566002666950226,0.4433964192867279,0.5004688501358032,-0.048618607223033905,0.35885363817214966,0.44626280665397644,-0.08131231367588043,0.30619698762893677,0.416593462228775,-0.10745730996131897,0.2595949172973633,0.38574299216270447,-0.12700127065181732,0.46869224309921265,0.44313400983810425,-0.04389098286628723,0.3856411278247833,0.36477231979370117,-0.07252252101898193,0.33177438378334045,0.3192574381828308,-0.09735547751188278,0.28502756357192993,0.2769281566143036,-0.11655902117490768,0.5062515735626221,0.4081568717956543,-0.04594986140727997,0.44055086374282837,0.32683247327804565,-0.07527091354131699,0.39592844247817993,0.28113067150115967,-0.09520073235034943,0.35538727045059204,0.24006128311157227,-0.10949704796075821,0.5539827346801758,0.38262149691581726,-0.052959419786930084,0.510374128818512,0.3085911273956299,-0.07906170189380646,0.4799599349498749,0.26328521966934204,-0.09288492053747177,0.4493320882320404,0.21985116600990295,-0.1030849888920784
0.6393042802810669,0.6048446893692017,4.936367190566671e-07,0.5662236213684082,0.6628320217132568,-0.05533251911401749,0.47633907198905945,0.6538271903991699,-0.0805763304233551,0.3976840376853943,0.624890923500061,-0.09895797073841095,0.3269622325897217,0.6115205883979797,-0.1167718768119812,0.4410291314125061,0.5010721683502197,-0.05166855826973915,0.35726305842399597,0.4446008503437042,-0.08497859537601471,0.3054009974002838,0.4140879511833191,-0.11106536537408829,0.25888535380363464,0.38402557373046875,-0.1303768903017044,0.46658432483673096,0.44293713569641113,-0.04646356776356697,0.3841375410556793,0.3629136085510254,-0.07516825199127197,0.3309885263442993,0.31765255331993103,-0.09905734658241272,0.28462669253349304,0.2778249680995941,-0.11731239408254623,0.5053536295890808,0.40768393874168396,-0.04787907376885414,0.4399457573890686,0.32441118359565735,-0.07724552601575851,0.39552563428878784,0.2777276635169983,-0.0957040786743164,0.3549498915672302,0.23714536428451538,-0.10883240401744843,0.5543833374977112,0.3829289376735687,-0.05426698550581932,0.5110324621200562,0.3085237741470337,-0.0812150314450264,0.48024696111679077,0.26183295249938965,-0.0944952592253685,0.4493386745452881,0.2178146243095398,-0.10380855947732925
0.6382119655609131,0.6415396332740784,4.789133072335972e-07,0.5694857239723206,0.6888525485992432,-0.05529724806547165,0.482586532831192,0.6817055940628052,-0.08168452233076096,0.4106360375881195,0.6521416902542114,-0.10085927695035934,0.34351617097854614,0.6308631300926208,-0.1194971576333046,0.45191434025764465,0.521845281124115,-0.059033527970314026,0.3667600750923157,0.4656227231025696,-0.0942879393696785,0.3118651509284973,0.43352341651916504,-0.12064698338508606,0.26468271017074585,0.402025431394577,-0.13984215259552002,0.4777933955192566,0.46628445386886597,-0.05448373779654503,0.3969815969467163,0.3825129270553589,-0.08539699018001556,0.3433619439601898,0.33336377143859863,-0.10991240292787552,0.2959173321723938,0.2902388572692871,-0.12848733365535736,0.5150849223136902,0.4336005449295044,-0.05606793612241745,0.4518282413482666,0.346481055021286,-0.08768412470817566,0.40896469354629517,0.2952190041542053,-0.1076245829463005,0.36935508251190186,0.25250571966171265,-0.121548131108284,0.5619823932647705,0.41262298822402954,-0.06238209828734398,0.5232119560241699,0.3320334255695343,-0.09049485623836517,0.495880126953125,0.2820033133029938,-0.10435882210731506,0.4681853950023651,0.23803555965423584,-0.11422926187515259
0.6357121467590332,0.6734567880630493,4.4324764303382835e-07,0.5711598992347717,0.7146282196044922,-0.05874219536781311,0.48007211089134216,0.7068208456039429,-0.08734462410211563,0.40021902322769165,0.6789750456809998,-0.10817889124155045,0.3377145826816559,0.6420481204986572,-0.1276484876871109,0.4535463750362396,0.5482569336891174,-0.05916179344058037,0.3716055154800415,0.4919292628765106,-0.0950951799750328,0.31948596239089966,0.46035030484199524,-0.12232618778944016,0.27445101737976074,0.4286758005619049,-0.1421145349740982,0.47997966408729553,0.49290359020233154,-0.05201960355043411,0.4023094177246094,0.4094102680683136,-0.0835145115852356,0.3512982726097107,0.3616939187049866,-0.10849127173423767,0.30477041006088257,0.316834032535553,-0.1271173059940338,0.5176544785499573,0.46054741740226746,-0.05133628100156784,0.4569654166698456,0.3744434714317322,-0.08304889500141144,0.416225790977478,0.32498666644096375,-0.102303147315979,0.3780268430709839,0.2828245162963867,-0.1152588352560997,0.564915120601654,0.44087380170822144,-0.05569048598408699,0.5263852477073669,0.3608572483062744,-0.08300335705280304,0.5002949237823486,0.30950480699539185,-0.09617989510297775,0.47367408871650696,0.2633045017719269,-0.10525312274694443
0.6375260949134827,0.6713597774505615,4.5106378365744604e-07,0.5708091855049133,0.7098586559295654,-0.0531323216855526,0.4856221377849579,0.7018747329711914,-0.08113808184862137,0.4107818007469177,0.6750869750976562,-0.10262521356344223,0.34657949209213257,0.6488032341003418,-0.12291676551103592,0.4501447379589081,0.5486068725585938,-0.05372592806816101,0.36882781982421875,0.49207714200019836,-0.08924267441034317,0.3179212808609009,0.46110785007476807,-0.11654641479253769,0.2730702757835388,0.4298942983150482,-0.13596835732460022,0.47611814737319946,0.4945504665374756,-0.04935770109295845,0.39745190739631653,0.4119507074356079,-0.08035951107740402,0.3470607399940491,0.3643110394477844,-0.10463397949934006,0.302335262298584,0.3215656876564026,-0.12199655920267105,0.515206515789032,0.46211153268814087,-0.05106649920344353,0.4534078538417816,0.37872374057769775,-0.08179054409265518,0.41084644198417664,0.33171671628952026,-0.10009989887475967,0.3713616132736206,0.29110488295555115,-0.11189848929643631,0.5644879937171936,0.4413982629776001,-0.05735056847333908,0.5245315432548523,0.3634202480316162,-0.08334717154502869,0.4968496561050415,0.3128592371940613,-0.09530992060899734,0.46900975704193115,0.26580771803855896,-0.10296545177698135
0.6436717510223389,0.6771770119667053,4.351979328021116e-07,0.5813811421394348,0.7218212485313416,-0.05374985933303833,0.5006552934646606,0.7227760553359985,-0.08211445808410645,0.43342193961143494,0.7010722756385803,-0.10405319929122925,0.3707762658596039,0.674880862236023,-0.1250787228345871,0.4587561786174774,0.5611975789070129,-0.05598977953195572,0.3752498924732208,0.5083495378494263,-0.09049485623836517,0.32443422079086304,0.4776892364025116,-0.11762883514165878,0.2809140682220459,0.4455966353416443,-0.13733366131782532,0.4832688271999359,0.5067217946052551,-0.05173706263303757,0.4044812321662903,0.42759257555007935,-0.08233517408370972,0.3546638488769531,0.3812410831451416,-0.10861428081989288,0.31066185235977173,0.33725371956825256,-0.12825408577919006,0.5197833776473999,0.47460049390792847,-0.053312644362449646,0.45891261100769043,0.3914864659309387,-0.08334800601005554,0.4197220206260681,0.344637393951416,-0.1038917526602745,0.3839183449745178,0.3053187131881714,-0.11825430393218994,0.5666617155075073,0.45566242933273315,-0.05952102318406105,0.5278200507164001,0.3790299892425537,-0.0851731225848198,0.5009061694145203,0.3313541114330292,-0.09819146245718002,0.47389981150627136,0.28813546895980835,-0.10743788629770279
0.6424300670623779,0.6806474328041077,4.795720656147751e-07,0.5778777003288269,0.7260373830795288,-0.05304179713129997,0.49505630135536194,0.722213864326477,-0.07978857308626175,0.4256207048892975,0.692782461643219,-0.10004864633083344,0.36206525564193726,0.6710100769996643,-0.11969877779483795,0.45588791370391846,0.5656494498252869,-0.05456455051898956,0.37564393877983093,0.5103245973587036,-0.088949054479599,0.3256574273109436,0.4782979190349579,-0.11574779450893402,0.28186970949172974,0.4448298513889313,-0.13521166145801544,0.48126038908958435,0.5113493204116821,-0.05037892609834671,0.4051603078842163,0.43076449632644653,-0.08055808395147324,0.3561374545097351,0.384354829788208,-0.10532180964946747,0.3130270838737488,0.3423375189304352,-0.12368826568126678,0.5187721848487854,0.47956767678260803,-0.052095405757427216,0.46069562435150146,0.3962482810020447,-0.08250343799591064,0.4210851192474365,0.349836528301239,-0.10116730630397797,0.3843805491924286,0.310740202665329,-0.113790363073349,0.5662159323692322,0.4601214528083801,-0.05840126425027847,0.5285549759864807,0.38415342569351196,-0.08481800556182861,0.5024652481079102,0.3357643783092499,-0.09701650589704514,0.47608888149261475,0.2914520800113678,-0.10524196922779083
0.6425689458847046,0.6797053813934326,4.838957465835847e-07,0.5774344801902771,0.7235902547836304,-0.05366610363125801,0.4962261915206909,0.7210781574249268,-0.08134571462869644,0.4272862374782562,0.6932400465011597,-0.10236743837594986,0.36296939849853516,0.6697948575019836,-0.12259795516729355,0.459703654050827,0.5648385286331177,-0.05597824975848198,0.3803255558013916,0.5080440044403076,-0.09035644680261612,0.33134812116622925,0.4767802059650421,-0.11664724349975586,0.28870445489883423,0.4442530870437622,-0.1355074644088745,0.4845844507217407,0.5113826394081116,-0.05145396664738655,0.4090026617050171,0.4286196529865265,-0.08127815276384354,0.3605393171310425,0.3823835551738739,-0.105170339345932,0.31892526149749756,0.34160828590393066,-0.1229364201426506,0.520911455154419,0.4801335632801056,-0.052870914340019226,0.46310850977897644,0.39436352252960205,-0.08234813809394836,0.4244953989982605,0.3472800850868225,-0.10008740425109863,0.3893164396286011,0.3084688186645508,-0.11230967193841934,0.5669160485267639,0.46145522594451904,-0.058991339057683945,0.5291172862052917,0.38593679666519165,-0.08475448936223984,0.5026729106903076,0.3379199206829071,-0.09663447737693787,0.47631558775901794,0.29457229375839233,-0.10470957309007645
0.6376696825027466,0.6750479936599731,5.345722229321836e-07,0.572464108467102,0.7224648594856262,-0.06193418800830841,0.49396175146102905,0.7166811227798462,-0.09121453762054443,0.425788551568985,0.6863337755203247,-0.11249570548534393,0.36215418577194214,0.6652368307113647,-0.13299444317817688,0.4568469822406769,0.5598312020301819,-0.057830438017845154,0.37904322147369385,0.5052298307418823,-0.09209150075912476,0.33099818229675293,0.47454965114593506,-0.11951407790184021,0.2883807122707367,0.4424005150794983,-0.1395825892686844,0.4821344017982483,0.5072380900382996,-0.048861004412174225,0.4076431691646576,0.42610952258110046,-0.07932300865650177,0.35934048891067505,0.3808608651161194,-0.10526455193758011,0.31745219230651855,0.340404748916626,-0.12476880848407745,0.5186290740966797,0.4775247573852539,-0.0468953512609005,0.462230384349823,0.3953661024570465,-0.07749350368976593,0.42340946197509766,0.3505357801914215,-0.09838325530290604,0.3877703547477722,0.31155267357826233,-0.11286471784114838,0.564336895942688,0.4586544632911682,-0.050361618399620056,0.526479959487915,0.38564327359199524,-0.07730293273925781,0.4993431866168976,0.34083646535873413,-0.09190677106380463,0.4716914892196655,0.2975037097930908,-0.10235971957445145
0.6340687274932861,0.6732625365257263,5.426844040812284e-07,0.571291446685791,0.7185497283935547,-0.0659278929233551,0.4930354356765747,0.7119280695915222,-0.09744442254304886,0.42462196946144104,0.6788984537124634,-0.12007888406515121,0.3621665835380554,0.6512385010719299,-0.141850546002388,0.4549236297607422,0.5609844326972961,-0.06380534917116165,0.3779391646385193,0.5040311813354492,-0.09965325146913528,0.33039718866348267,0.472048819065094,-0.12819012999534607,0.2882916033267975,0.4380965232849121,-0.1492917388677597,0.48059216141700745,0.5081092715263367,-0.053180545568466187,0.4066448211669922,0.4275068938732147,-0.0850653424859047,0.35970592498779297,0.3818351626396179,-0.11265715956687927,0.31775999069213867,0.33943498134613037,-0.1337668001651764,0.5172110795974731,0.4775339961051941,-0.04958561807870865,0.46050217747688293,0.39683234691619873,-0.08147943764925003,0.4219152629375458,0.3505189120769501,-0.10383415222167969,0.38708990812301636,0.31006988883018494,-0.11964666098356247,0.5629261136054993,0.4570944607257843,-0.05164298787713051,0.5244427919387817,0.3853969871997833,-0.07957708090543747,0.49752193689346313,0.339684396982193,-0.09536683559417725,0.4707992672920227,0.2958250045776367,-0.10704702138900757
0.6346635222434998,0.6696412563323975,5.173681074666092e-07,0.5668858885765076,0.7114337682723999,-0.056587833911180496,0.4879509210586548,0.699783205986023,-0.08366595953702927,0.4195854961872101,0.6692867279052734,-0.10367145389318466,0.3574357032775879,0.6474178433418274,-0.1228260025382042,0.4534672498703003,0.5528591871261597,-0.05234738811850548,0.37873536348342896,0.49352550506591797,-0.08520475775003433,0.3328925669193268,0.46155309677124023,-0.11141277849674225,0.29192155599594116,0.42984092235565186,-0.13070107996463776,0.48052293062210083,0.5021674036979675,-0.0456511527299881,0.4087788462638855,0.41979941725730896,-0.07476755231618881,0.3622804284095764,0.3735559582710266,-0.09959163516759872,0.3213641047477722,0.33335018157958984,-0.11825961619615555,0.518593430519104,0.47320351004600525,-0.0455881766974926,0.4634847342967987,0.39039885997772217,-0.07519589364528656,0.42527705430984497,0.34449678659439087,-0.09467430412769318,0.3904685974121094,0.30546683073043823,-0.10814843326807022,0.5657047629356384,0.45441314578056335,-0.05048287659883499,0.5293734073638916,0.3795369863510132,-0.07692459225654602,0.5026033520698547,0.3332926332950592,-0.09065210819244385,0.47523772716522217,0.28986695408821106,-0.10030178725719452
0.6344555020332336,0.6741156578063965,4.868791165790753e-07,0.5697306990623474,0.7151026725769043,-0.05751442536711693,0.48947080969810486,0.7020938396453857,-0.08394628763198853,0.42052704095840454,0.66978919506073,-0.10291150212287903,0.35880374908447266,0.6407886743545532,-0.12070873379707336,0.4579397737979889,0.551228940486908,-0.05233323946595192,0.3835557699203491,0.49224990606307983,-0.08516892790794373,0.3367338478565216,0.46036863327026367,-0.11138147860765457,0.29478490352630615,0.4292610287666321,-0.13071434199810028,0.4838780164718628,0.5002433061599731,-0.044787682592868805,0.41152259707450867,0.41791802644729614,-0.0732894018292427,0.3649725914001465,0.37164124846458435,-0.09750911593437195,0.3235268294811249,0.3314352035522461,-0.11575200408697128,0.5201635360717773,0.4714787006378174,-0.044023122638463974,0.4649004340171814,0.38924527168273926,-0.07318229228258133,0.42695820331573486,0.3423551321029663,-0.09225068241357803,0.3914845585823059,0.30205923318862915,-0.10555923730134964,0.5656736493110657,0.45335903763771057,-0.04839392751455307,0.5308404564857483,0.37913501262664795,-0.07443109899759293,0.5062234997749329,0.331981360912323,-0.08786394447088242,0.4806806743144989,0.2879627048969269,-0.0974082201719284
0.6354758739471436,0.6678540110588074,4.981591246178141e-07,0.5709238052368164,0.7091389298439026,-0.059172485023736954,0.49316126108169556,0.6995909214019775,-0.08810432255268097,0.42625701427459717,0.6701506972312927,-0.10934769362211227,0.3636953830718994,0.6456179618835449,-0.12970595061779022,0.45773908495903015,0.5501120090484619,-0.05735613778233528,0.38326987624168396,0.49146702885627747,-0.0915413424372673,0.33648890256881714,0.45891839265823364,-0.1185881718993187,0.2945404052734375,0.42664197087287903,-0.13836422562599182,0.4839155972003937,0.49837830662727356,-0.04952019453048706,0.41175684332847595,0.4161692261695862,-0.07962097972631454,0.3651016652584076,0.37005311250686646,-0.10502437502145767,0.32298511266708374,0.3290151357650757,-0.12426134943962097,0.5206832885742188,0.4689238965511322,-0.048258572816848755,0.4655470848083496,0.3873271346092224,-0.07841134816408157,0.42675432562828064,0.34236565232276917,-0.09886956214904785,0.390547513961792,0.30367177724838257,-0.11316873133182526,0.5666273236274719,0.45011112093925476,-0.05212599039077759,0.5308921337127686,0.3752729296684265,-0.07837052643299103,0.5053364038467407,0.32854223251342773,-0.09255839139223099,0.47855696082115173,0.2845245897769928,-0.1028081551194191
0.6297628879547119,0.6653295755386353,5.134697289577161e-07,0.5639868378639221,0.7069324254989624,-0.058714233338832855,0.48653462529182434,0.6953819394111633,-0.08762865513563156,0.4193766713142395,0.666350245475769,-0.1091637834906578,0.3567456603050232,0.6447110176086426,-0.13013043999671936,0.45473673939704895,0.5454313158988953,-0.05733436718583107,0.3797529339790344,0.48604336380958557,-0.091524638235569,0.3324156403541565,0.45436468720436096,-0.11872323602437973,0.2900381088256836,0.42313170433044434,-0.13887612521648407,0.48170027136802673,0.49511685967445374,-0.05045725777745247,0.4089619517326355,0.4132082164287567,-0.08053377270698547,0.3624582588672638,0.36755484342575073,-0.1067178025841713,0.3206358551979065,0.3269156813621521,-0.12694403529167175,0.5190279483795166,0.4664260745048523,-0.0501779243350029,0.46382537484169006,0.3857343792915344,-0.08034911006689072,0.4245004653930664,0.34069401025772095,-0.10185332596302032,0.3880392909049988,0.30115240812301636,-0.11742816865444183,0.5651571154594421,0.4477323889732361,-0.05502936989068985,0.5297994613647461,0.3740999102592468,-0.08161745965480804,0.5040202736854553,0.3271346092224121,-0.09682594239711761,0.47739195823669434,0.28192856907844543,-0.1083085760474205
0.631325900554657,0.6621222496032715,4.913183033750101e-07,0.564834475517273,0.7032880783081055,-0.055205751210451126,0.48796331882476807,0.6939668655395508,-0.08275913447141647,0.4222528636455536,0.6638721823692322,-0.10320889949798584,0.35947757959365845,0.6423326730728149,-0.12275855988264084,0.4529310464859009,0.5428047180175781,-0.05372265726327896,0.37811964750289917,0.48328420519828796,-0.0860537439584732,0.33154916763305664,0.450862854719162,-0.11135466396808624,0.2901350259780884,0.41979628801345825,-0.12985941767692566,0.4798654019832611,0.49293047189712524,-0.04763467237353325,0.4073890447616577,0.4112676680088043,-0.0762544721364975,0.36150482296943665,0.3649861216545105,-0.09984617680311203,0.3211181163787842,0.32521969079971313,-0.11753693222999573,0.5175683498382568,0.46447843313217163,-0.04791560769081116,0.46195897459983826,0.38358789682388306,-0.07722160965204239,0.4232305586338043,0.3377310633659363,-0.09673840552568436,0.38747358322143555,0.2981721758842468,-0.1103043258190155,0.5644055604934692,0.44571149349212646,-0.05293290689587593,0.5289328098297119,0.3710959851741791,-0.07896851003170013,0.504095733165741,0.3234374523162842,-0.0928228422999382,0.4783457815647125,0.27826327085494995,-0.10264039784669876
0.6264209747314453,0.6662753224372864,4.937767243973212e-07,0.5617945790290833,0.7069391012191772,-0.05589514225721359,0.4804902970790863,0.693683385848999,-0.08280763775110245,0.40999406576156616,0.6651232838630676,-0.10275408625602722,0.34848493337631226,0.6413514614105225,-0.12204594910144806,0.450650691986084,0.5432442426681519,-0.053163014352321625,0.3764713406562805,0.48456910252571106,-0.08675376325845718,0.3288305699825287,0.45259490609169006,-0.11318198591470718,0.2865610420703888,0.42098161578178406,-0.13276416063308716,0.47803932428359985,0.4918138086795807,-0.047244951128959656,0.40610629320144653,0.409316748380661,-0.07639657706022263,0.35952186584472656,0.36296021938323975,-0.10077250003814697,0.3175608813762665,0.32212626934051514,-0.1192835345864296,0.5161983370780945,0.4631732702255249,-0.047894541174173355,0.4622361361980438,0.3795737028121948,-0.07772807031869888,0.42360952496528625,0.33349883556365967,-0.09719490259885788,0.38732942938804626,0.2933347225189209,-0.11088993400335312,0.5632364153862,0.4452402889728546,-0.053469154983758926,0.5303235650062561,0.36939746141433716,-0.0800338014960289,0.5062054991722107,0.3201906085014343,-0.09401614218950272,0.4806877672672272,0.27367648482322693,-0.10409599542617798
0.6287904977798462,0.6679505109786987,4.772310262524115e-07,0.5585953593254089,0.7064157724380493,-0.052321821451187134,0.4751003384590149,0.6902258396148682,-0.07756003737449646,0.40273720026016235,0.661901593208313,-0.09664866328239441,0.34007859230041504,0.6425414681434631,-0.11510258913040161,0.44938158988952637,0.5427466034889221,-0.045785918831825256,0.37594592571258545,0.4843854010105133,-0.07722310721874237,0.32950711250305176,0.4527471661567688,-0.1029084101319313,0.2877121567726135,0.42097586393356323,-0.12228742986917496,0.4772733449935913,0.4925650358200073,-0.04140428081154823,0.4058385491371155,0.41048938035964966,-0.06926760822534561,0.3593786060810089,0.36338019371032715,-0.09371977299451828,0.31751129031181335,0.3217616677284241,-0.1123182401061058,0.5161919593811035,0.465412974357605,-0.04353544861078262,0.46156272292137146,0.3813062906265259,-0.07247821241617203,0.4229319989681244,0.33470216393470764,-0.09224765002727509,0.38662758469581604,0.2937717139720917,-0.1061440259218216,0.5639941096305847,0.4484449625015259,-0.05028970167040825,0.5311243534088135,0.37186795473098755,-0.0758841335773468,0.5065788626670837,0.32255032658576965,-0.08962924033403397,0.4807147681713104,0.27498817443847656,-0.09966765344142914
0.6214380860328674,0.6728898286819458,4.558045247904374e-07,0.5554901361465454,0.7079846262931824,-0.052126072347164154,0.4738561511039734,0.6948684453964233,-0.07786674052476883,0.4047090411186218,0.6640266180038452,-0.0971984937787056,0.34665557742118835,0.6297585368156433,-0.11559664458036423,0.4484472870826721,0.544971764087677,-0.051806069910526276,0.37327444553375244,0.48695558309555054,-0.085387222468853,0.32560861110687256,0.45485827326774597,-0.11122597754001617,0.2833661437034607,0.4224514365196228,-0.13024044036865234,0.47520139813423157,0.49426397681236267,-0.04757867008447647,0.4025922417640686,0.4120597839355469,-0.07700332999229431,0.3559010624885559,0.3648112118244171,-0.10074982047080994,0.3135805130004883,0.322265088558197,-0.11850091069936752,0.5137346386909485,0.4668259918689728,-0.04944984242320061,0.46069779992103577,0.381499320268631,-0.07988283038139343,0.42334431409835815,0.33216655254364014,-0.09861334413290024,0.38748008012771606,0.2892437279224396,-0.11130425333976746,0.5615850687026978,0.4513845443725586,-0.0558038167655468,0.5301972031593323,0.37316906452178955,-0.08283718675374985,0.5066883563995361,0.32182204723358154,-0.09602857381105423,0.481479287147522,0.27397024631500244,-0.10506011545658112
0.6212222576141357,0.6786028146743774,3.9304890719904506e-07,0.5545611381530762,0.7099475860595703,-0.043999265879392624,0.47153785824775696,0.6927381157875061,-0.06562551110982895,0.4027957022190094,0.6613922119140625,-0.08242066204547882,0.34635645151138306,0.6309756636619568,-0.09842618554830551,0.4465842843055725,0.5455088019371033,-0.04166115075349808,0.37213730812072754,0.48594236373901367,-0.07217704504728317,0.32420504093170166,0.4537643790245056,-0.09589515626430511,0.2832304835319519,0.42280030250549316,-0.1132621094584465,0.47307562828063965,0.49536335468292236,-0.04046029970049858,0.4018488824367523,0.4123722314834595,-0.06716766208410263,0.35489094257354736,0.36465078592300415,-0.08897873014211655,0.31431061029434204,0.32426321506500244,-0.1048460304737091,0.5116349458694458,0.4670039713382721,-0.04487248882651329,0.4584173262119293,0.3799329996109009,-0.07276356220245361,0.42130252718925476,0.33012354373931885,-0.09017181396484375,0.38646721839904785,0.2879388928413391,-0.10176235437393188,0.559408962726593,0.4516281485557556,-0.05312560871243477,0.5294669270515442,0.37275826930999756,-0.07829063385725021,0.5069613456726074,0.32087865471839905,-0.09030458331108093,0.48335954546928406,0.27371981739997864,-0.09814409166574478
0.6175476908683777,0.6718701124191284,4.280027496861294e-07,0.5506569743156433,0.7048477530479431,-0.04614463448524475,0.47059449553489685,0.6894381642341614,-0.06911095231771469,0.40625864267349243,0.6551883220672607,-0.08684340864419937,0.3474545478820801,0.6268350481987,-0.1040099486708641,0.4446347653865814,0.5419804453849792,-0.04648485407233238,0.3694964647293091,0.48107078671455383,-0.07775550335645676,0.3217584788799286,0.4470522999763489,-0.10156721621751785,0.28054627776145935,0.4140070378780365,-0.11909016221761703,0.47143709659576416,0.4928863048553467,-0.045104581862688065,0.39978232979774475,0.408285915851593,-0.0727543979883194,0.3541826009750366,0.3598737120628357,-0.09550722688436508,0.31456172466278076,0.31740397214889526,-0.11250794678926468,0.5097312927246094,0.46558478474617004,-0.04930153116583824,0.4572327435016632,0.37854671478271484,-0.07860001921653748,0.42010223865509033,0.3286364674568176,-0.09774822741746902,0.3852265477180481,0.2849835157394409,-0.11095361411571503,0.5576422810554504,0.45065736770629883,-0.05740415304899216,0.529864490032196,0.3705909252166748,-0.08423750102519989,0.5092207789421082,0.31717851758003235,-0.09787851572036743,0.4869566559791565,0.2676372528076172,-0.10727937519550323
0.612259030342102,0.6741682887077332,4.4115003561273625e-07,0.5445007681846619,0.7054924964904785,-0.047103915363550186,0.464063435792923,0.6886367201805115,-0.06974097341299057,0.3990384042263031,0.654869794845581,-0.08709532022476196,0.3410271108150482,0.6246037483215332,-0.1039554551243782,0.4425375461578369,0.5374171137809753,-0.044801127165555954,0.36898288130760193,0.4769357442855835,-0.0757129117846489,0.3218674659729004,0.44216388463974,-0.1002863198518753,0.281482070684433,0.40784287452697754,-0.11884447932243347,0.46976807713508606,0.4894108772277832,-0.04298790916800499,0.3985726237297058,0.40518248081207275,-0.07049714028835297,0.3533483147621155,0.35607901215553284,-0.09432263672351837,0.3137127161026001,0.31280839443206787,-0.1124858409166336,0.5083736777305603,0.4638214707374573,-0.04704827070236206,0.45560699701309204,0.37686818838119507,-0.07666279375553131,0.4182807207107544,0.32718294858932495,-0.09709300845861435,0.38325685262680054,0.2840208113193512,-0.11150991916656494,0.5572120547294617,0.4501427114009857,-0.05511922761797905,0.5305436849594116,0.36918726563453674,-0.08250775188207626,0.5099959373474121,0.3165743350982666,-0.09733252972364426,0.4874674677848816,0.2676231563091278,-0.10796083509922028
0.6190677285194397,0.6715534925460815,4.1215074020328757e-07,0.548839807510376,0.704555094242096,-0.045081038028001785,0.466287761926651,0.6864767074584961,-0.06593101471662521,0.39993804693222046,0.6450737714767456,-0.08166823536157608,0.3405036926269531,0.6072613000869751,-0.09614498913288116,0.4427916407585144,0.5382274985313416,-0.038069017231464386,0.3702361583709717,0.47583240270614624,-0.06682272255420685,0.3241270184516907,0.44086503982543945,-0.08976750820875168,0.2843298316001892,0.4062139689922333,-0.10700918734073639,0.46985697746276855,0.4895717203617096,-0.03623250126838684,0.39964526891708374,0.404202401638031,-0.06136796623468399,0.35455751419067383,0.35419559478759766,-0.08285253494977951,0.3159329891204834,0.31083738803863525,-0.09900058060884476,0.5083679556846619,0.46308284997940063,-0.040446676313877106,0.45493993163108826,0.3757374584674835,-0.06782399117946625,0.41875797510147095,0.3255276083946228,-0.08559603989124298,0.38501614332199097,0.2813882827758789,-0.09792614728212357,0.55707186460495,0.4483516216278076,-0.048708949238061905,0.5295853614807129,0.36865103244781494,-0.0745246633887291,0.5099124908447266,0.3158859312534332,-0.08762262761592865,0.4888288080692291,0.2665005028247833,-0.09653562307357788
0.6163797378540039,0.6713829636573792,4.3519412429304793e-07,0.5477856397628784,0.7055625915527344,-0.049804214388132095,0.4656711518764496,0.6864543557167053,-0.07318852096796036,0.399446576833725,0.6454282402992249,-0.09045697003602982,0.33961743116378784,0.6064873933792114,-0.10668087005615234,0.4450283944606781,0.5357502698898315,-0.049082957208156586,0.37070566415786743,0.4722155034542084,-0.08049415051937103,0.3231637477874756,0.436523973941803,-0.10444440692663193,0.2821251451969147,0.4014739990234375,-0.122257761657238,0.4721716046333313,0.4865823984146118,-0.045604415237903595,0.4009783864021301,0.40104860067367554,-0.0728776603937149,0.355440616607666,0.35201501846313477,-0.09544014185667038,0.31501099467277527,0.30885761976242065,-0.11261850595474243,0.5104379057884216,0.4602336585521698,-0.047991082072257996,0.4573504328727722,0.3732214868068695,-0.07691114395856857,0.42049556970596313,0.3236783742904663,-0.09552451968193054,0.3854420483112335,0.2804486155509949,-0.10868890583515167,0.5589703321456909,0.4457778334617615,-0.054708413779735565,0.531298816204071,0.36590251326560974,-0.08158418536186218,0.5102725625038147,0.3136414587497711,-0.09540092945098877,0.48767611384391785,0.26555395126342773,-0.1050519123673439
0.618320643901825,0.6694397926330566,4.306692744648899e-07,0.5494784116744995,0.7041618824005127,-0.048682160675525665,0.4680842161178589,0.6863024234771729,-0.07125738263130188,0.4021208584308624,0.6450469493865967,-0.08825454115867615,0.34250468015670776,0.6063030958175659,-0.10409069806337357,0.4446537494659424,0.5359311103820801,-0.04169671982526779,0.369203120470047,0.47568535804748535,-0.07195322960615158,0.32151955366134644,0.4410335421562195,-0.0962485820055008,0.28055131435394287,0.4063096046447754,-0.11427942663431168,0.47197210788726807,0.4865405261516571,-0.03857501968741417,0.399918794631958,0.40128517150878906,-0.06495489180088043,0.35359519720077515,0.3508594036102295,-0.0882456973195076,0.3136560022830963,0.30639445781707764,-0.10571867227554321,0.5100108981132507,0.459678053855896,-0.041749000549316406,0.4577508568763733,0.3720184564590454,-0.06984755396842957,0.42017921805381775,0.3214449882507324,-0.08928991109132767,0.38447314500808716,0.2773878872394562,-0.10279813408851624,0.5576429963111877,0.445033997297287,-0.049243200570344925,0.529686689376831,0.3653128743171692,-0.07491467893123627,0.5087157487869263,0.3135053217411041,-0.08834375441074371,0.48570767045021057,0.265632301568985,-0.0977250188589096
0.6133819818496704,0.6742977499961853,4.123553196677676e-07,0.5462854504585266,0.7084509134292603,-0.04854026064276695,0.46301525831222534,0.6892133951187134,-0.07046907395124435,0.39639586210250854,0.6481450200080872,-0.08652961254119873,0.33736586570739746,0.6102375984191895,-0.10168476402759552,0.4424933195114136,0.5353767275810242,-0.04468017816543579,0.36680442094802856,0.4774506390094757,-0.07502544671297073,0.31940943002700806,0.44361770153045654,-0.0988805890083313,0.2788270115852356,0.4096660614013672,-0.11684883385896683,0.46992042660713196,0.48639217019081116,-0.041688401252031326,0.39641889929771423,0.40254154801368713,-0.06879069656133652,0.35041970014572144,0.35319948196411133,-0.09209713339805603,0.3105936646461487,0.30902063846588135,-0.10965770483016968,0.5086225271224976,0.4601261019706726,-0.04472711309790611,0.45591312646865845,0.3727191686630249,-0.0740356594324112,0.4187207520008087,0.3229301869869232,-0.0938386619091034,0.38332319259643555,0.2794528007507324,-0.10751467943191528,0.5574324727058411,0.44581496715545654,-0.05192684754729271,0.5296550393104553,0.36528080701828003,-0.07883550226688385,0.5088050961494446,0.3126991391181946,-0.09301936626434326,0.48562753200531006,0.2642035186290741,-0.10295524448156357
0.6145565509796143,0.674328088760376,3.8061807572375983e-07,0.5475518107414246,0.7082651853561401,-0.04792182892560959,0.46436238288879395,0.6910387277603149,-0.0699295699596405,0.3970404863357544,0.6510442495346069,-0.08627738803625107,0.3389514684677124,0.6098329424858093,-0.10151426494121552,0.4426126778125763,0.5355198383331299,-0.042751338332891464,0.3664579689502716,0.4765337407588959,-0.07281578332185745,0.31837645173072815,0.44293251633644104,-0.09674135595560074,0.2774452269077301,0.4095434248447418,-0.11483346670866013,0.46994397044181824,0.48682355880737305,-0.04005598649382591,0.3956644535064697,0.4022030234336853,-0.06671623140573502,0.34960663318634033,0.35334745049476624,-0.08987067639827728,0.30964338779449463,0.31010282039642334,-0.10731923580169678,0.508800745010376,0.4608841836452484,-0.04344776272773743,0.455705851316452,0.3721170723438263,-0.07215508073568344,0.41917580366134644,0.32176822423934937,-0.09146822243928909,0.38417211174964905,0.2779022455215454,-0.10491272807121277,0.5582103133201599,0.4469286799430847,-0.051028721034526825,0.529787540435791,0.3659626245498657,-0.07753477990627289,0.5093441605567932,0.313279390335083,-0.09138582646846771,0.48655015230178833,0.26448115706443787,-0.10109489411115646
0.6148896217346191,0.6744218468666077,4.0337096152143204e-07,0.5487974882125854,0.7053044438362122,-0.04741135612130165,0.46821320056915283,0.6926946640014648,-0.07094476372003555,0.4016365706920624,0.6638506650924683,-0.08933724462985992,0.34425753355026245,0.6373401880264282,-0.10699836164712906,0.44014281034469604,0.5389795303344727,-0.04392240196466446,0.36428916454315186,0.4822395443916321,-0.07501213997602463,0.3164353370666504,0.44934090971946716,-0.10033881664276123,0.2752332091331482,0.41470474004745483,-0.11949680000543594,0.4674292802810669,0.4892255961894989,-0.04201896861195564,0.3950921893119812,0.40684524178504944,-0.06925294548273087,0.3490084707736969,0.3585369288921356,-0.09338192641735077,0.3079231381416321,0.3143192231655121,-0.11179202795028687,0.5067143440246582,0.46176931262016296,-0.04602721333503723,0.45462721586227417,0.37276899814605713,-0.074471615254879,0.41946184635162354,0.322208970785141,-0.09410730749368668,0.38597553968429565,0.2790259122848511,-0.10792197287082672,0.5559337735176086,0.4475526511669159,-0.054293714463710785,0.5277805328369141,0.3668205142021179,-0.07985636591911316,0.5066449046134949,0.3139232397079468,-0.09339644014835358,0.4834054410457611,0.26545655727386475,-0.10311758518218994
0.6149114370346069,0.6744421720504761,4.1271169948231545e-07,0.5496994853019714,0.7077503204345703,-0.0479244627058506,0.46807023882865906,0.691832959651947,-0.07034806907176971,0.3995116055011749,0.6606079339981079,-0.08744192123413086,0.34070807695388794,0.6341762542724609,-0.10363457351922989,0.4417869746685028,0.5416080355644226,-0.0424467995762825,0.3653950095176697,0.48510289192199707,-0.07279189676046371,0.3172289729118347,0.452404648065567,-0.09710843116044998,0.2763329744338989,0.41837555170059204,-0.11538530886173248,0.4674842059612274,0.4915819466114044,-0.0397193543612957,0.39346742630004883,0.40867745876312256,-0.0656789019703865,0.3479466438293457,0.35962986946105957,-0.08800164610147476,0.30868443846702576,0.315491259098053,-0.10488148778676987,0.5057194828987122,0.463725745677948,-0.043147120624780655,0.452196329832077,0.37586963176727295,-0.07085631042718887,0.4168871343135834,0.32517486810684204,-0.08926448225975037,0.383689284324646,0.28110918402671814,-0.10209626704454422,0.5542160272598267,0.44836246967315674,-0.05095934867858887,0.5266207456588745,0.368158757686615,-0.07617705315351486,0.5069717764854431,0.3156277537345886,-0.08911576867103577,0.48563432693481445,0.26665952801704407,-0.09827041625976562
0.6111053228378296,0.674178957939148,4.4025003376191307e-07,0.5392515659332275,0.7045801281929016,-0.042811084538698196,0.4540210962295532,0.6792871952056885,-0.061551813036203384,0.386381059885025,0.6402335166931152,-0.07578764110803604,0.32723870873451233,0.6161296963691711,-0.08913121372461319,0.4375968873500824,0.5308037400245667,-0.03582221642136574,0.3630716800689697,0.4685403108596802,-0.06420598924160004,0.31679588556289673,0.4320015609264374,-0.0864996463060379,0.2775132656097412,0.39711493253707886,-0.1031067967414856,0.46521198749542236,0.483283668756485,-0.034973014146089554,0.3945268392562866,0.3968123495578766,-0.05919955298304558,0.3500692844390869,0.3465498089790344,-0.07909504324197769,0.3122824430465698,0.30440402030944824,-0.0938027948141098,0.5052052736282349,0.45884591341018677,-0.04008156433701515,0.4525049328804016,0.3675166964530945,-0.06676121801137924,0.41736236214637756,0.31605419516563416,-0.08248700201511383,0.38426637649536133,0.2717263698577881,-0.09319272637367249,0.5552798509597778,0.4477774202823639,-0.049210235476493835,0.5314009189605713,0.3670072555541992,-0.07392942905426025,0.5122590661048889,0.3147011399269104,-0.08505879342556,0.4910387396812439,0.26575249433517456,-0.09245031327009201
0.6102019548416138,0.6809754371643066,3.9015662878227886e-07,0.5375433564186096,0.7067664861679077,-0.039706382900476456,0.45176371932029724,0.6797258853912354,-0.05706615373492241,0.3855865001678467,0.6386235952377319,-0.07052537798881531,0.3265816569328308,0.6147639155387878,-0.08338794857263565,0.4394782483577728,0.5295793414115906,-0.03242839127779007,0.36935263872146606,0.46546122431755066,-0.05929943174123764,0.3246519863605499,0.42843297123908997,-0.08103165775537491,0.28621673583984375,0.3926202654838562,-0.0976950004696846,0.46834173798561096,0.4821494221687317,-0.03341596573591232,0.401014506816864,0.39433610439300537,-0.05707338824868202,0.3572066128253937,0.3417377471923828,-0.07747458666563034,0.3196530342102051,0.29721832275390625,-0.09284302592277527,0.5084956884384155,0.45846107602119446,-0.040069445967674255,0.4596690237522125,0.36460089683532715,-0.06676049530506134,0.4268873333930969,0.3110373020172119,-0.08298121392726898,0.3949345350265503,0.26520997285842896,-0.09411100298166275,0.5576919317245483,0.4490275979042053,-0.050392184406518936,0.5347051024436951,0.36767321825027466,-0.07497340440750122,0.51729816198349,0.31464362144470215,-0.08585314452648163,0.49784842133522034,0.26607614755630493,-0.09324481338262558
0.6121335029602051,0.6789098381996155,4.249692437952035e-07,0.5383548736572266,0.7076059579849243,-0.04193929582834244,0.45313817262649536,0.6808711290359497,-0.06121739372611046,0.38783544301986694,0.6364059448242188,-0.07619868963956833,0.32857269048690796,0.6104181408882141,-0.09040560573339462,0.4409584701061249,0.5293727517127991,-0.03553790599107742,0.3718292713165283,0.4628567099571228,-0.06362748146057129,0.32864248752593994,0.42350539565086365,-0.08595529198646545,0.2915530502796173,0.3849024772644043,-0.10285121202468872,0.4701228141784668,0.48167839646339417,-0.03574609011411667,0.4049259424209595,0.3897475302219391,-0.06010467931628227,0.363017737865448,0.33548659086227417,-0.08035580068826675,0.32680439949035645,0.2886542081832886,-0.09553185105323792,0.5102565884590149,0.4582006335258484,-0.04170675575733185,0.4626308083534241,0.3625448942184448,-0.06856799870729446,0.4305168390274048,0.307603657245636,-0.08420626819133759,0.39955106377601624,0.2593754827976227,-0.09501326084136963,0.5594391226768494,0.44934386014938354,-0.05157977342605591,0.5385077595710754,0.36756807565689087,-0.07607575505971909,0.5226677060127258,0.31327661871910095,-0.08650447428226471,0.5050888061523438,0.2628677785396576,-0.09353559464216232
0.6062757968902588,0.6873413920402527,4.4315927993920923e-07,0.5318590998649597,0.7111374139785767,-0.041148606687784195,0.44972869753837585,0.6829497814178467,-0.06064685806632042,0.38643932342529297,0.638730525970459,-0.07593180984258652,0.3283122181892395,0.6048206090927124,-0.09052199125289917,0.4391656517982483,0.5294672846794128,-0.03548525273799896,0.37003839015960693,0.46004897356033325,-0.06334025412797928,0.3264928460121155,0.4193575382232666,-0.08558053523302078,0.290092796087265,0.38000428676605225,-0.1024116799235344,0.47076329588890076,0.48245877027511597,-0.03621158376336098,0.4061986804008484,0.3895038962364197,-0.06008819118142128,0.3640275001525879,0.33433976769447327,-0.08082805573940277,0.32766926288604736,0.28743380308151245,-0.09663749486207962,0.5121524930000305,0.4602891802787781,-0.04267159476876259,0.46607375144958496,0.36285144090652466,-0.06899137049913406,0.43389853835105896,0.3059239983558655,-0.0857807919383049,0.4027003347873688,0.25702959299087524,-0.09782616794109344,0.5614141821861267,0.4532615840435028,-0.05287156626582146,0.5417476892471313,0.37065035104751587,-0.07700815796852112,0.5262768864631653,0.31618332862854004,-0.08799614012241364,0.5088161826133728,0.2663284242153168,-0.09574663639068604
0.6065839529037476,0.6959105730056763,4.045431580834702e-07,0.5304040908813477,0.7151216268539429,-0.03845551609992981,0.4454863369464874,0.6779282093048096,-0.05555330589413643,0.3816039264202118,0.6299879550933838,-0.06915843486785889,0.32430773973464966,0.600418210029602,-0.08216647803783417,0.439548134803772,0.5294936895370483,-0.02948857843875885,0.3720812201499939,0.4596988260746002,-0.056175846606492996,0.32986342906951904,0.4185869097709656,-0.07827349752187729,0.29420536756515503,0.37825918197631836,-0.0951935201883316,0.4711480140686035,0.4839996099472046,-0.031051352620124817,0.4089950919151306,0.3898048996925354,-0.05480717867612839,0.3672903776168823,0.3327629566192627,-0.07622092217206955,0.3310643434524536,0.28359878063201904,-0.09236710518598557,0.5126143097877502,0.4631587266921997,-0.03828646242618561,0.4687630832195282,0.36479851603507996,-0.0646376982331276,0.43815210461616516,0.3076392412185669,-0.08177218586206436,0.408521831035614,0.2588779032230377,-0.09354957193136215,0.562129557132721,0.4570140242576599,-0.04910597205162048,0.5424953103065491,0.3710962235927582,-0.07287140190601349,0.5264495611190796,0.3157281279563904,-0.08401340991258621,0.508320689201355,0.26532894372940063,-0.09174419939517975
0.6060043573379517,0.6992489695549011,4.2402260191920504e-07,0.5341156125068665,0.7175366282463074,-0.04368467256426811,0.45161810517311096,0.6848083734512329,-0.06443179398775101,0.38711613416671753,0.6373980045318604,-0.08056755363941193,0.3283746540546417,0.6016393303871155,-0.09564419090747833,0.43990665674209595,0.5316520929336548,-0.0361192412674427,0.37256771326065063,0.46138796210289,-0.0644928365945816,0.3304315209388733,0.42002469301223755,-0.08743773400783539,0.2948697507381439,0.37860769033432007,-0.10489065200090408,0.47102034091949463,0.48632797598838806,-0.03558081015944481,0.4090826213359833,0.3914188742637634,-0.06090153008699417,0.3679168224334717,0.33488568663597107,-0.08259795606136322,0.33190953731536865,0.2856244444847107,-0.09886626154184341,0.5121473073959351,0.46546095609664917,-0.04100434109568596,0.4681304097175598,0.36852699518203735,-0.06841824948787689,0.4367237687110901,0.3123275637626648,-0.08546856045722961,0.4062642753124237,0.263816773891449,-0.09722984582185745,0.561658501625061,0.4593021273612976,-0.05046050623059273,0.5422604084014893,0.37409424781799316,-0.07524362951517105,0.5269498229026794,0.31813210248947144,-0.08689898252487183,0.5093603134155273,0.267352819442749,-0.09485971927642822
0.6023649573326111,0.7086846232414246,4.1867048139465624e-07,0.5295833349227905,0.7257351875305176,-0.043427903205156326,0.44713932275772095,0.6935254335403442,-0.06408824026584625,0.38268691301345825,0.6456208229064941,-0.08034691959619522,0.32570531964302063,0.6026341319084167,-0.09539724886417389,0.4385886490345001,0.5373190641403198,-0.03378796949982643,0.3691404461860657,0.46789607405662537,-0.062005724757909775,0.3260743319988251,0.4273703098297119,-0.08505361527204514,0.289900004863739,0.3868565857410431,-0.10238329321146011,0.47025996446609497,0.4915677011013031,-0.033045366406440735,0.40629056096076965,0.3966871201992035,-0.058162443339824677,0.36352676153182983,0.34078332781791687,-0.08073022216558456,0.3264666199684143,0.2920454144477844,-0.09745319932699203,0.5113968849182129,0.4696927070617676,-0.03836866095662117,0.4628128111362457,0.3756448030471802,-0.06529651582241058,0.4282761812210083,0.3213881552219391,-0.08344408869743347,0.39536595344543457,0.2748038172721863,-0.09587664902210236,0.5610827207565308,0.46167153120040894,-0.04769229516386986,0.5392851233482361,0.3780231773853302,-0.07169046998023987,0.5218667984008789,0.32336127758026123,-0.08363114297389984,0.502680242061615,0.27377331256866455,-0.09177683293819427
0.6057895421981812,0.7043040990829468,4.0680077972865547e-07,0.5365926623344421,0.7280051708221436,-0.05051320418715477,0.45257386565208435,0.7049977779388428,-0.07594713568687439,0.3842093050479889,0.6628761291503906,-0.09579681605100632,0.3295135200023651,0.6106388568878174,-0.11380381882190704,0.43595269322395325,0.5414929986000061,-0.041987042874097824,0.36574316024780273,0.4733388423919678,-0.07501635700464249,0.3205934166908264,0.43678438663482666,-0.1018003448843956,0.2815167009830475,0.4007623493671417,-0.12113728374242783,0.4661828577518463,0.49421927332878113,-0.03816446289420128,0.40124979615211487,0.3998713195323944,-0.06658098101615906,0.35786205530166626,0.34665149450302124,-0.09060446918010712,0.3194475471973419,0.2999323606491089,-0.10803955793380737,0.5067133903503418,0.47061631083488464,-0.04102834686636925,0.46041634678840637,0.3762502074241638,-0.06952102482318878,0.426765501499176,0.32549506425857544,-0.08733972907066345,0.39387279748916626,0.28286758065223694,-0.09913970530033112,0.5566815137863159,0.4626750946044922,-0.04863777756690979,0.5345648527145386,0.3786747455596924,-0.07344230264425278,0.5169113874435425,0.3252491354942322,-0.08550488203763962,0.49655309319496155,0.2771297097206116,-0.09335984289646149
0.6115645170211792,0.7042124271392822,4.1354647350999585e-07,0.5461679697036743,0.7301410436630249,-0.051882755011320114,0.4651159942150116,0.7165964841842651,-0.07997525483369827,0.39641624689102173,0.6832300424575806,-0.10221493989229202,0.3392757773399353,0.6384905576705933,-0.12243641912937164,0.4374554753303528,0.553236186504364,-0.04777802526950836,0.3619292378425598,0.49021613597869873,-0.08203855901956558,0.31449443101882935,0.45504873991012573,-0.10915005952119827,0.2736346423625946,0.41959133744239807,-0.1284797191619873,0.46461302042007446,0.5043565630912781,-0.04323824867606163,0.3955289125442505,0.41526496410369873,-0.07334853708744049,0.35038626194000244,0.36424511671066284,-0.09712081402540207,0.3101370334625244,0.31806129217147827,-0.11405917257070541,0.5033074021339417,0.4768015146255493,-0.04513442888855934,0.4521777331829071,0.38648468255996704,-0.07460055500268936,0.4161381125450134,0.3364351689815521,-0.09207147359848022,0.3824276328086853,0.29468974471092224,-0.10327447205781937,0.5517252087593079,0.4633745551109314,-0.051821235567331314,0.5247867107391357,0.37954169511795044,-0.07663832604885101,0.5043387413024902,0.3250090479850769,-0.08845704048871994,0.4823130965232849,0.27608856558799744,-0.09593476355075836
0.6149095892906189,0.6943731904029846,4.44307545421907e-07,0.5497227907180786,0.7327507734298706,-0.04952232912182808,0.4682873487472534,0.729187548160553,-0.07656971365213394,0.39949238300323486,0.7073463797569275,-0.09869297593832016,0.34030571579933167,0.6799492835998535,-0.11949256807565689,0.42829450964927673,0.5684781670570374,-0.044837675988674164,0.3475340008735657,0.5190285444259644,-0.07911259680986404,0.29905468225479126,0.48760470747947693,-0.10625135898590088,0.25820034742355347,0.45495811104774475,-0.12545529007911682,0.45393258333206177,0.5145495533943176,-0.04236018657684326,0.3803887963294983,0.4320191442966461,-0.07257436960935593,0.33297494053840637,0.38415858149528503,-0.0970483049750328,0.29098451137542725,0.3405582010746002,-0.11414534598588943,0.4925553500652313,0.4832317531108856,-0.04634558781981468,0.4351925849914551,0.398966521024704,-0.07628075033426285,0.39586755633354187,0.35262924432754517,-0.0950545147061348,0.35952192544937134,0.3126475214958191,-0.10682597011327744,0.5422319173812866,0.4658510386943817,-0.05490567907691002,0.5110667943954468,0.3859417140483856,-0.07998201251029968,0.48786553740501404,0.33396798372268677,-0.09218568354845047,0.4632285535335541,0.2864125967025757,-0.0997319445014
0.6164515614509583,0.6951905488967896,4.166190024079697e-07,0.5510666370391846,0.734950065612793,-0.04445453733205795,0.4652872681617737,0.7296808362007141,-0.06636262685060501,0.3952399492263794,0.7062016725540161,-0.08391307294368744,0.3365135192871094,0.6905394792556763,-0.1010316014289856,0.4279412031173706,0.5749671459197998,-0.04112814739346504,0.3456402122974396,0.5300979614257812,-0.07286600023508072,0.29412469267845154,0.5017468929290771,-0.09864596277475357,0.24956490099430084,0.4707672595977783,-0.11780056357383728,0.4522944688796997,0.5206310749053955,-0.04070756956934929,0.3758625388145447,0.4433329105377197,-0.0692419558763504,0.32587695121765137,0.3973049521446228,-0.09365163743495941,0.2812041640281677,0.35375452041625977,-0.11148733645677567,0.49005526304244995,0.48731279373168945,-0.04596836864948273,0.4304247200489044,0.4063836932182312,-0.07511811703443527,0.39085739850997925,0.3606303334236145,-0.09362401813268661,0.3540939688682556,0.32078465819358826,-0.1058177724480629,0.5389823913574219,0.4669601619243622,-0.05540267005562782,0.5041571259498596,0.3891381323337555,-0.0805136039853096,0.47938331961631775,0.3379272222518921,-0.09244831651449203,0.4540502727031708,0.2907443642616272,-0.10035565495491028
0.6143637299537659,0.693763792514801,4.6741826054130797e-07,0.5526292324066162,0.7364697456359863,-0.05146464705467224,0.4716178774833679,0.7314232587814331,-0.07631032913923264,0.40179792046546936,0.7083690762519836,-0.09544692188501358,0.34094393253326416,0.6912059783935547,-0.11354487389326096,0.42632395029067993,0.5778799057006836,-0.04421929270029068,0.34458208084106445,0.5351106524467468,-0.07593763619661331,0.2947774827480316,0.5088808536529541,-0.10188671201467514,0.2517605125904083,0.47895628213882446,-0.1211741715669632,0.45014631748199463,0.5220032334327698,-0.040562987327575684,0.37127864360809326,0.4470224678516388,-0.06885828077793121,0.32104915380477905,0.40144702792167664,-0.0934780091047287,0.2764747738838196,0.3581562042236328,-0.11167024075984955,0.48806822299957275,0.4889356791973114,-0.04347242787480354,0.4275982975959778,0.4079250991344452,-0.07321204245090485,0.38759180903434753,0.3627987205982208,-0.0927710235118866,0.3498295843601227,0.32320165634155273,-0.10579507052898407,0.5375676155090332,0.4678027629852295,-0.05108439549803734,0.5022891759872437,0.3896533250808716,-0.07709333300590515,0.4762296974658966,0.3392656445503235,-0.09024718403816223,0.4485349655151367,0.2922438085079193,-0.09918205440044403
0.6154255867004395,0.6937260031700134,4.3809922090076725e-07,0.5526127219200134,0.7359848618507385,-0.04635239765048027,0.46912652254104614,0.7317285537719727,-0.06914728879928589,0.3995628356933594,0.7088839411735535,-0.0870436429977417,0.340638667345047,0.6933144330978394,-0.104139544069767,0.4261053502559662,0.5765246152877808,-0.04140983521938324,0.3440842926502228,0.5342463850975037,-0.07220228761434555,0.2940014600753784,0.5089963674545288,-0.09714790433645248,0.2510514259338379,0.48081886768341064,-0.1156383603811264,0.4499761462211609,0.5215775966644287,-0.040157951414585114,0.37122780084609985,0.4466526508331299,-0.0678921714425087,0.32036224007606506,0.40123146772384644,-0.09170657396316528,0.275696337223053,0.35887056589126587,-0.10905878990888596,0.4880165755748749,0.4888536036014557,-0.04489141330122948,0.42733141779899597,0.4075178802013397,-0.07412310689687729,0.38689231872558594,0.3619384765625,-0.09291405230760574,0.34903907775878906,0.3224128484725952,-0.1052812933921814,0.5374268293380737,0.46866437792778015,-0.05383819341659546,0.5029491782188416,0.39011240005493164,-0.07958615571260452,0.47698432207107544,0.33924949169158936,-0.09196475148200989,0.44970953464508057,0.29248708486557007,-0.10012705624103546
0.6117559671401978,0.6903805136680603,4.5690433125855634e-07,0.5509239435195923,0.7321794033050537,-0.04887063801288605,0.46757644414901733,0.726768970489502,-0.07340048998594284,0.39659130573272705,0.7082725167274475,-0.09291072934865952,0.3369818925857544,0.7025906443595886,-0.11211633682250977,0.42363715171813965,0.5795238018035889,-0.045407675206661224,0.3381671905517578,0.5419794321060181,-0.07930555939674377,0.28523045778274536,0.5201154947280884,-0.10627186298370361,0.2404654324054718,0.4959662854671478,-0.12593615055084229,0.4471825659275055,0.5231968760490417,-0.043502047657966614,0.3674042522907257,0.44902971386909485,-0.0737835094332695,0.31639307737350464,0.4042057991027832,-0.09956958144903183,0.2699904441833496,0.36184942722320557,-0.11843737959861755,0.48473456501960754,0.48942118883132935,-0.04782920330762863,0.4249941110610962,0.4103085398674011,-0.07918617874383926,0.38412153720855713,0.3649689257144928,-0.10004063695669174,0.34530240297317505,0.32499217987060547,-0.11385193467140198,0.5338393449783325,0.4676622748374939,-0.05649057775735855,0.499801903963089,0.39014142751693726,-0.0830330178141594,0.47424206137657166,0.33852529525756836,-0.09654984623193741,0.4466918706893921,0.29031887650489807,-0.10596528649330139
0.6185343861579895,0.6806044578552246,4.4993961978434527e-07,0.5549596548080444,0.7291147708892822,-0.04603517800569534,0.46957141160964966,0.7283231019973755,-0.06810663640499115,0.3984590172767639,0.7101099491119385,-0.08547617495059967,0.3378068208694458,0.7036354541778564,-0.10215958207845688,0.4255404770374298,0.5763514041900635,-0.03973689302802086,0.34020453691482544,0.5399460196495056,-0.07062160223722458,0.28791171312332153,0.5178359746932983,-0.09582210332155228,0.24273790419101715,0.49343764781951904,-0.11452006548643112,0.44786468148231506,0.5212692022323608,-0.03865338861942291,0.3674449324607849,0.44835054874420166,-0.06633283197879791,0.31575241684913635,0.4042627811431885,-0.09036283940076828,0.26888394355773926,0.363278329372406,-0.10795321315526962,0.48443788290023804,0.48841458559036255,-0.04372816160321236,0.4238649308681488,0.40968409180641174,-0.07325586676597595,0.382624089717865,0.3651478588581085,-0.09298697113990784,0.3434787392616272,0.3260652422904968,-0.10605105757713318,0.5328745245933533,0.46704167127609253,-0.05298905447125435,0.5000216960906982,0.3884795308113098,-0.07916359603404999,0.4750754237174988,0.3370687663555145,-0.092304527759552,0.44782179594039917,0.28887951374053955,-0.10117073357105255
0.616729199886322,0.6811209917068481,4.5563524508906994e-07,0.5550689697265625,0.7320161461830139,-0.05175057426095009,0.471259206533432,0.7319398522377014,-0.07583765685558319,0.40117835998535156,0.7132634520530701,-0.09404663741588593,0.33858245611190796,0.7023919224739075,-0.11160524189472198,0.4275142252445221,0.5766052007675171,-0.04621720314025879,0.34654146432876587,0.5385710597038269,-0.07853575795888901,0.2967861294746399,0.5175858736038208,-0.10516748577356339,0.252960205078125,0.49439918994903564,-0.12506815791130066,0.4499090611934662,0.5205467343330383,-0.042933590710163116,0.3696957230567932,0.4495026469230652,-0.07199269533157349,0.31791698932647705,0.4067404866218567,-0.09767331928014755,0.2706682085990906,0.3664921522140503,-0.11706859618425369,0.4862797260284424,0.48744821548461914,-0.04621751978993416,0.4244728684425354,0.40888768434524536,-0.07790850847959518,0.38321012258529663,0.36557769775390625,-0.09947238117456436,0.34354060888290405,0.3273535966873169,-0.11416991055011749,0.5345632433891296,0.46505478024482727,-0.05401347205042839,0.5002433657646179,0.38718706369400024,-0.08279766142368317,0.4741276204586029,0.33671802282333374,-0.09798352420330048,0.44563859701156616,0.28891730308532715,-0.10863956809043884
0.6145952939987183,0.6799421310424805,4.491289189445524e-07,0.5520231127738953,0.7279941439628601,-0.0439564473927021,0.4686051905155182,0.7286897897720337,-0.06684524565935135,0.39907971024513245,0.7118200063705444,-0.08551786839962006,0.3391677439212799,0.7009682059288025,-0.1033395528793335,0.41940224170684814,0.5746051669120789,-0.037571895867586136,0.3373221457004547,0.5394881963729858,-0.07075478881597519,0.28918442130088806,0.5235817432403564,-0.0980028584599495,0.2500057816505432,0.5075872540473938,-0.11693864315748215,0.4425443112850189,0.5170026421546936,-0.03792620450258255,0.36379092931747437,0.444840669631958,-0.06537411361932755,0.31313860416412354,0.4022495746612549,-0.08938045799732208,0.2668623924255371,0.36357811093330383,-0.10700158774852753,0.48090583086013794,0.4828895032405853,-0.044777315109968185,0.4199855327606201,0.4041822552680969,-0.07412666082382202,0.37788125872612,0.3610279858112335,-0.09353294223546982,0.3372817039489746,0.32393187284469604,-0.10651510953903198,0.5314911007881165,0.4621811807155609,-0.05560348555445671,0.49874505400657654,0.38342076539993286,-0.08148912340402603,0.47316083312034607,0.33290719985961914,-0.0941506028175354,0.4447404742240906,0.28735512495040894,-0.10259299725294113
0.6134723424911499,0.6768233180046082,4.6968727929197485e-07,0.5522071719169617,0.724239706993103,-0.05031084641814232,0.4703415632247925,0.7256709337234497,-0.07499485462903976,0.4005337357521057,0.7071475982666016,-0.09407347440719604,0.3385029435157776,0.6903609037399292,-0.11211346089839935,0.42182251811027527,0.570815920829773,-0.044462259858846664,0.3401080071926117,0.5314063429832458,-0.07746360450983047,0.29057979583740234,0.5104467868804932,-0.10403504222631454,0.24779516458511353,0.48712557554244995,-0.1232604905962944,0.4440758526325226,0.5142920017242432,-0.04130173847079277,0.365315318107605,0.4413301944732666,-0.06969904154539108,0.3144703507423401,0.3986976146697998,-0.09344204515218735,0.2687108814716339,0.35973167419433594,-0.1108340173959732,0.4812459647655487,0.48035550117492676,-0.04476669058203697,0.4201371967792511,0.40297675132751465,-0.07495588064193726,0.37877100706100464,0.35935479402542114,-0.09388220310211182,0.3395755887031555,0.32099413871765137,-0.10639236122369766,0.5306175947189331,0.45824337005615234,-0.05279899761080742,0.497782826423645,0.3802207112312317,-0.07982414215803146,0.4725099205970764,0.329569935798645,-0.09289108961820602,0.44525840878486633,0.2822018265724182,-0.10150641947984695
0.613629162311554,0.6783092617988586,4.885116595687578e-07,0.5515561699867249,0.7245926856994629,-0.0494336262345314,0.4684707522392273,0.7253284454345703,-0.07325029373168945,0.3986976742744446,0.7047092318534851,-0.0914316475391388,0.337837815284729,0.6887795925140381,-0.10841204971075058,0.4199633002281189,0.5723406672477722,-0.0427691750228405,0.3374452292919159,0.5328295826911926,-0.07375092059373856,0.287896990776062,0.5093982219696045,-0.09864208102226257,0.2453046590089798,0.4833891987800598,-0.1168762594461441,0.4433166980743408,0.5154911875724792,-0.039727602154016495,0.36446335911750793,0.4428175985813141,-0.06676901131868362,0.3135465383529663,0.39941972494125366,-0.08976931124925613,0.2677866816520691,0.35957956314086914,-0.10657252371311188,0.48106124997138977,0.48135825991630554,-0.043165016919374466,0.4198736548423767,0.4039402902126312,-0.07247103005647659,0.37829065322875977,0.36007601022720337,-0.09147509932518005,0.3392224907875061,0.3219450116157532,-0.10396265238523483,0.5305691361427307,0.45847058296203613,-0.05103942006826401,0.49756693840026855,0.38058221340179443,-0.07752294093370438,0.4722214341163635,0.3294835090637207,-0.09060145169496536,0.44546061754226685,0.2820684313774109,-0.09915389120578766
0.6109092235565186,0.6751026511192322,5.163498713045556e-07,0.5499338507652283,0.7199584245681763,-0.052749358117580414,0.4686472713947296,0.7203269004821777,-0.07929866015911102,0.39964550733566284,0.7012515068054199,-0.09977830946445465,0.3371245265007019,0.6873791217803955,-0.11911549419164658,0.41896918416023254,0.5686606764793396,-0.04947945475578308,0.33727291226387024,0.5298811793327332,-0.08361323922872543,0.28748857975006104,0.5066906213760376,-0.11015255004167557,0.24409699440002441,0.4801633656024933,-0.12923471629619598,0.4420759677886963,0.5115330815315247,-0.04569442570209503,0.3637232184410095,0.4368099272251129,-0.0748821422457695,0.3135908246040344,0.39317774772644043,-0.09779779613018036,0.26787298917770386,0.35269537568092346,-0.11428616940975189,0.4803737699985504,0.4768717586994171,-0.04850543290376663,0.41790613532066345,0.3988648056983948,-0.07948265224695206,0.37640589475631714,0.3560329079627991,-0.09731398522853851,0.3365881145000458,0.3179863691329956,-0.1086660772562027,0.5307953357696533,0.4544883966445923,-0.05607801303267479,0.4970969557762146,0.37607666850090027,-0.08354698866605759,0.4720134437084198,0.32554447650909424,-0.09583341330289841,0.44508007168769836,0.2788790464401245,-0.10349060595035553
0.6117683053016663,0.662871778011322,5.097481334814802e-07,0.5474929809570312,0.7102134227752686,-0.0484577976167202,0.4683963358402252,0.7151387929916382,-0.0737573653459549,0.4036496579647064,0.6991859674453735,-0.09368015080690384,0.34378841519355774,0.6790422201156616,-0.11231698095798492,0.41417166590690613,0.558498203754425,-0.04433529078960419,0.33156493306159973,0.5171478390693665,-0.07649396359920502,0.2811778783798218,0.4925588369369507,-0.10232457518577576,0.23710201680660248,0.4659973680973053,-0.12098783999681473,0.4382770359516144,0.5018770694732666,-0.042316801846027374,0.35981154441833496,0.4275514781475067,-0.07020895183086395,0.3096770644187927,0.3833407163619995,-0.09384137392044067,0.2643280029296875,0.3428647518157959,-0.11099741607904434,0.47666871547698975,0.467186838388443,-0.04650484398007393,0.4153602123260498,0.3905318081378937,-0.07596762478351593,0.37319400906562805,0.34770846366882324,-0.09494456648826599,0.33261755108833313,0.30995580554008484,-0.1074051707983017,0.5269661545753479,0.4456050395965576,-0.054984137415885925,0.49247997999191284,0.36822396516799927,-0.08134777098894119,0.46728724241256714,0.31874197721481323,-0.09366858005523682,0.44010668992996216,0.2727236747741699,-0.10145450383424759
0.6132616400718689,0.6603533625602722,4.888736384600634e-07,0.5513609647750854,0.7091957330703735,-0.049503766000270844,0.4709577262401581,0.7169708013534546,-0.07502447068691254,0.40436017513275146,0.7008876800537109,-0.09489113092422485,0.3426550030708313,0.6802704930305481,-0.11341603845357895,0.4183068871498108,0.5580130219459534,-0.0471060574054718,0.3354138731956482,0.5181382894515991,-0.07993543148040771,0.2847530245780945,0.49393755197525024,-0.10594107955694199,0.24060209095478058,0.4669560492038727,-0.12475220859050751,0.44047656655311584,0.5018585324287415,-0.044697441160678864,0.3610023260116577,0.4296096861362457,-0.07338675856590271,0.3101688325405121,0.38513630628585815,-0.09658140689134598,0.26461026072502136,0.34379833936691284,-0.11337868124246597,0.4772496521472931,0.46718987822532654,-0.04853463172912598,0.4140085279941559,0.39066749811172485,-0.07913967221975327,0.37255293130874634,0.34671664237976074,-0.09764579683542252,0.3329550623893738,0.30792903900146484,-0.10963752120733261,0.5262023210525513,0.4445568323135376,-0.056807853281497955,0.4919527769088745,0.3660327196121216,-0.08462392538785934,0.4672972559928894,0.31516456604003906,-0.09738976508378983,0.4412570595741272,0.26821839809417725,-0.10533162951469421
0.610268235206604,0.6634907126426697,4.856075292991591e-07,0.5468618273735046,0.7109537124633789,-0.04689010977745056,0.4658156931400299,0.7166550755500793,-0.07075700908899307,0.399960458278656,0.6990988254547119,-0.08936592191457748,0.341814786195755,0.6751089096069336,-0.1069352999329567,0.41486838459968567,0.5585659742355347,-0.04446881636977196,0.3330317735671997,0.5162757039070129,-0.07630925625562668,0.28166109323501587,0.49090105295181274,-0.10142498463392258,0.23735231161117554,0.463998019695282,-0.11969902366399765,0.43822142481803894,0.5018024444580078,-0.043028831481933594,0.36033475399017334,0.4273092746734619,-0.07093823701143265,0.3100539743900299,0.3832997679710388,-0.09371662139892578,0.26516401767730713,0.3440544307231903,-0.11007172614336014,0.4760854244232178,0.46691465377807617,-0.04755053296685219,0.41428178548812866,0.3889290690422058,-0.0775768905878067,0.37253543734550476,0.3457803726196289,-0.09583331644535065,0.332570880651474,0.3084677457809448,-0.10757379978895187,0.5259387493133545,0.4448965787887573,-0.056192051619291306,0.49202772974967957,0.36648571491241455,-0.08348095417022705,0.46645909547805786,0.3161134123802185,-0.09590139985084534,0.43922558426856995,0.27009889483451843,-0.10351891070604324
0.6106008291244507,0.6604782342910767,4.6350945126505394e-07,0.5490071773529053,0.7098008394241333,-0.04848860204219818,0.46736544370651245,0.7173242568969727,-0.07341873645782471,0.4013693034648895,0.699357807636261,-0.09300366789102554,0.3424869775772095,0.6720698475837708,-0.11144937574863434,0.4162420928478241,0.5585991740226746,-0.04636351019144058,0.3324265480041504,0.5220939517021179,-0.07997272163629532,0.28000760078430176,0.5006173849105835,-0.10668056458234787,0.23473064601421356,0.4760952591896057,-0.12613047659397125,0.4387762248516083,0.5016434788703918,-0.04457860812544823,0.3593946099281311,0.430209219455719,-0.07377611100673676,0.3082164525985718,0.38636982440948486,-0.09757313132286072,0.2620077133178711,0.3457483649253845,-0.11500957608222961,0.47589346766471863,0.4664633274078369,-0.049089185893535614,0.4140399694442749,0.3898008465766907,-0.07977616041898727,0.371904581785202,0.34631723165512085,-0.09890047460794449,0.3312690258026123,0.3079134225845337,-0.11159031093120575,0.5255458950996399,0.4437955617904663,-0.05797836557030678,0.4913819134235382,0.36465710401535034,-0.08561244606971741,0.46552056074142456,0.3134273290634155,-0.09891921281814575,0.43770909309387207,0.2660236954689026,-0.10762576758861542
0.6111299991607666,0.6631795763969421,4.7158445681816374e-07,0.5482317805290222,0.7119921445846558,-0.04689190909266472,0.46539050340652466,0.7187779545783997,-0.0711137130856514,0.39899742603302,0.6991587281227112,-0.08998242020606995,0.3404298722743988,0.671410322189331,-0.10756945610046387,0.41591793298721313,0.5584091544151306,-0.04577834904193878,0.33098363876342773,0.519465446472168,-0.07831591367721558,0.27852940559387207,0.4970221221446991,-0.10371211916208267,0.23323911428451538,0.47275516390800476,-0.12198659032583237,0.43818068504333496,0.5006719827651978,-0.044421713799238205,0.35873162746429443,0.426912397146225,-0.07278483361005783,0.3068951964378357,0.38368040323257446,-0.0954815074801445,0.26060545444488525,0.3459945023059845,-0.11171084642410278,0.4748876094818115,0.4653022587299347,-0.048985082656145096,0.41149553656578064,0.3881450593471527,-0.0790170207619667,0.36922889947891235,0.3454449772834778,-0.09686300903558731,0.32913967967033386,0.3095068335533142,-0.10831698775291443,0.5237411260604858,0.4436050057411194,-0.057700641453266144,0.4891981780529022,0.3650476038455963,-0.08493271470069885,0.4638144075870514,0.3145674467086792,-0.0970645546913147,0.43747004866600037,0.26941952109336853,-0.10438847541809082
0.6112021207809448,0.6651507616043091,5.110007350594969e-07,0.5501296520233154,0.7131893038749695,-0.05367802828550339,0.46969613432884216,0.7178547978401184,-0.08010294288396835,0.4034729599952698,0.6991398930549622,-0.10016300529241562,0.3442329168319702,0.6691461801528931,-0.11839249730110168,0.41333869099617004,0.5606406927108765,-0.04647989571094513,0.3319244086742401,0.5201205611228943,-0.0796770453453064,0.28121417760849,0.49536940455436707,-0.10667654871940613,0.23725393414497375,0.4675920307636261,-0.126359760761261,0.43604153394699097,0.5016340017318726,-0.04162931814789772,0.35815128684043884,0.42847251892089844,-0.07008472084999084,0.3075973689556122,0.3847392201423645,-0.0940450057387352,0.26160138845443726,0.3446269631385803,-0.11154178529977798,0.4730972945690155,0.46560433506965637,-0.04367068409919739,0.4118424952030182,0.38895344734191895,-0.07403566688299179,0.3700927495956421,0.3463083505630493,-0.09320993721485138,0.3297640383243561,0.3094102740287781,-0.10577774047851562,0.5226448178291321,0.44257283210754395,-0.0505925752222538,0.4897230267524719,0.3643878698348999,-0.07798260450363159,0.46489280462265015,0.31402936577796936,-0.09122838079929352,0.4381021559238434,0.26764848828315735,-0.09970859438180923
0.6109312772750854,0.6665074825286865,5.03564479004126e-07,0.5505711436271667,0.7145934104919434,-0.05342204496264458,0.4696996510028839,0.7193747162818909,-0.07987065613269806,0.4025780260562897,0.7011588215827942,-0.09997542947530746,0.34176045656204224,0.6720236539840698,-0.11833988130092621,0.4137932360172272,0.5600957274436951,-0.04703444615006447,0.33191007375717163,0.5191020369529724,-0.08029931783676147,0.2804335951805115,0.49529433250427246,-0.1072896271944046,0.2357475310564041,0.4687908887863159,-0.12701210379600525,0.4361743927001953,0.5022116303443909,-0.04230381175875664,0.3578000068664551,0.42975395917892456,-0.07099030166864395,0.3070385754108429,0.38624173402786255,-0.09504199773073196,0.2608524560928345,0.34602445363998413,-0.1126445010304451,0.47281569242477417,0.4666934013366699,-0.044389620423316956,0.411435604095459,0.3897665739059448,-0.07489397376775742,0.36958885192871094,0.3462657630443573,-0.09420137852430344,0.3293103873729706,0.30850112438201904,-0.10694725811481476,0.5218788385391235,0.4436000883579254,-0.05132691562175751,0.4889068603515625,0.365150511264801,-0.07896111160516739,0.46419620513916016,0.31423333287239075,-0.09245952218770981,0.4377763271331787,0.2672855854034424,-0.10112989693880081
0.6102888584136963,0.662137508392334,5.134889420332911e-07,0.5506144762039185,0.7091575860977173,-0.05358527973294258,0.47110629081726074,0.7165693044662476,-0.0815952718257904,0.40531253814697266,0.6989197731018066,-0.10324529558420181,0.34793394804000854,0.6658526062965393,-0.12324081361293793,0.41549569368362427,0.5609412789344788,-0.05220109224319458,0.33136704564094543,0.5218387246131897,-0.08752066642045975,0.2802303433418274,0.4970989525318146,-0.11497743427753448,0.23707418143749237,0.4692229628562927,-0.1343766152858734,0.43772250413894653,0.501474142074585,-0.04760976880788803,0.35803139209747314,0.42841267585754395,-0.07767469435930252,0.30731847882270813,0.38393664360046387,-0.10150345414876938,0.2619544267654419,0.3431342840194702,-0.11859291046857834,0.47427478432655334,0.464699387550354,-0.04953308403491974,0.4116687476634979,0.38857364654541016,-0.08057095855474472,0.3702624440193176,0.3451284170150757,-0.09919782727956772,0.3310169577598572,0.30786585807800293,-0.11118767410516739,0.522930383682251,0.4419462978839874,-0.05622716620564461,0.48948103189468384,0.3644050359725952,-0.08401927351951599,0.4646981358528137,0.3137338161468506,-0.09692937135696411,0.43893522024154663,0.2676287591457367,-0.10487727075815201
0.6095952391624451,0.6634074449539185,5.216251111050951e-07,0.5460279583930969,0.7133386731147766,-0.04862406477332115,0.4631716310977936,0.7198623418807983,-0.07357989251613617,0.3964243531227112,0.695672869682312,-0.09287319332361221,0.33975398540496826,0.6624115705490112,-0.11101779341697693,0.4148763418197632,0.5587975382804871,-0.04896080121397972,0.3330897390842438,0.5126711130142212,-0.0821899026632309,0.28169772028923035,0.4838416576385498,-0.10791493207216263,0.2375553846359253,0.4530513286590576,-0.12655700743198395,0.4386923015117645,0.5005861520767212,-0.04714640974998474,0.36102044582366943,0.4211805760860443,-0.07623215019702911,0.3104744851589203,0.3737642168998718,-0.0992758646607399,0.2655756175518036,0.3311551809310913,-0.1158231869339943,0.4764106273651123,0.465434193611145,-0.051190778613090515,0.4147748053073883,0.38458532094955444,-0.08182135224342346,0.3738003373146057,0.33863401412963867,-0.09948211163282394,0.3349631428718567,0.2985297441482544,-0.11089037358760834,0.5258471965789795,0.4439566731452942,-0.05954589694738388,0.49209561944007874,0.36374104022979736,-0.08745861798524857,0.46726223826408386,0.3117706775665283,-0.0995817556977272,0.4415232539176941,0.26409006118774414,-0.10686460882425308
0.6069732904434204,0.6651920080184937,5.007797199141351e-07,0.544284999370575,0.7124236822128296,-0.05134456604719162,0.4614504873752594,0.7186403274536133,-0.0777892917394638,0.3937358260154724,0.6935784816741943,-0.09792663902044296,0.33660608530044556,0.6564905643463135,-0.1167682632803917,0.41426435112953186,0.5596480369567871,-0.05141907557845116,0.33262431621551514,0.5148043036460876,-0.0853145644068718,0.28234148025512695,0.4877992272377014,-0.1115686222910881,0.23889167606830597,0.4580456614494324,-0.1306222826242447,0.43835702538490295,0.5001953840255737,-0.04836695268750191,0.36042389273643494,0.42121779918670654,-0.07786929607391357,0.31024593114852905,0.3753650188446045,-0.10152123868465424,0.2649001479148865,0.33463579416275024,-0.11879787594079971,0.47599491477012634,0.46464985609054565,-0.0514376200735569,0.41683241724967957,0.3828405737876892,-0.08220464736223221,0.37584188580513,0.3349990248680115,-0.10071342438459396,0.3368587791919708,0.29458215832710266,-0.11302045732736588,0.5251384973526001,0.44312530755996704,-0.05899801850318909,0.4915524125099182,0.363331139087677,-0.08678372204303741,0.4662882685661316,0.31121399998664856,-0.09952783584594727,0.4397047460079193,0.264473021030426,-0.1076655462384224
0.6081200838088989,0.6632479429244995,4.85240434500156e-07,0.5447685718536377,0.7105560302734375,-0.050068944692611694,0.46085789799690247,0.7170619964599609,-0.07577608525753021,0.3922038674354553,0.6936240196228027,-0.09557323157787323,0.3346536159515381,0.6571421027183533,-0.11408711969852448,0.4147573411464691,0.5603325366973877,-0.048895202577114105,0.3327765464782715,0.5163353085517883,-0.08248144388198853,0.2820347547531128,0.48861977458000183,-0.1086387038230896,0.2385297566652298,0.4579292833805084,-0.12767203152179718,0.4385097026824951,0.5012810230255127,-0.04634762182831764,0.360958456993103,0.42356282472610474,-0.07564419507980347,0.3108775317668915,0.3778586983680725,-0.09908954799175262,0.2658368945121765,0.33691075444221497,-0.11616239696741104,0.47596997022628784,0.46524104475975037,-0.04998566582798958,0.41634583473205566,0.38373929262161255,-0.08045081049203873,0.37542086839675903,0.3363072872161865,-0.09870918095111847,0.33665311336517334,0.2961076498031616,-0.11080533266067505,0.5250611305236816,0.4431741535663605,-0.05806991085410118,0.49181342124938965,0.36313292384147644,-0.08554284274578094,0.46673494577407837,0.3106403946876526,-0.0982203558087349,0.4403248727321625,0.263518363237381,-0.1063138023018837
0.6085200309753418,0.6678817272186279,4.629500267583353e-07,0.544873833656311,0.7144778966903687,-0.047967392951250076,0.46281036734580994,0.718891441822052,-0.0728265792131424,0.39523187279701233,0.6975275278091431,-0.0921211987733841,0.336632639169693,0.6675453186035156,-0.11033935099840164,0.4170304238796234,0.5576290488243103,-0.048249244689941406,0.33398330211639404,0.512930154800415,-0.08222413808107376,0.2819656729698181,0.48544183373451233,-0.10895287245512009,0.2371123731136322,0.4561893045902252,-0.12812860310077667,0.43976065516471863,0.5016965270042419,-0.04624073579907417,0.36131751537323,0.4271385073661804,-0.07595323771238327,0.31000298261642456,0.38313886523246765,-0.0996210128068924,0.2642359137535095,0.34371960163116455,-0.1165960431098938,0.47599655389785767,0.4673226773738861,-0.05007809400558472,0.4160292446613312,0.3886563181877136,-0.08032573014497757,0.3747806251049042,0.34416094422340393,-0.09816914796829224,0.33545348048210144,0.30669790506362915,-0.10969110578298569,0.523885190486908,0.44634655117988586,-0.05824645608663559,0.4892268180847168,0.36848509311676025,-0.08538451045751572,0.46348950266838074,0.3191377520561218,-0.09750426560640335,0.4365563690662384,0.274912565946579,-0.10485273599624634
0.6089034676551819,0.6642553806304932,4.528936017322849e-07,0.544614851474762,0.7109729647636414,-0.046994805335998535,0.4634319841861725,0.7189459204673767,-0.07228691130876541,0.39703208208084106,0.6990630030632019,-0.0923977941274643,0.3388107717037201,0.6710377931594849,-0.11146895587444305,0.4154726564884186,0.5596998333930969,-0.047872595489025116,0.33223068714141846,0.5149722099304199,-0.081509530544281,0.28075456619262695,0.48756641149520874,-0.10783129185438156,0.23587863147258759,0.45835962891578674,-0.12669366598129272,0.4383188784122467,0.5045509934425354,-0.04634825140237808,0.35893046855926514,0.43072009086608887,-0.07628374546766281,0.30835723876953125,0.38589388132095337,-0.10030045360326767,0.2628205418586731,0.3434966802597046,-0.11752000451087952,0.474517822265625,0.4697861671447754,-0.05052735283970833,0.4125641882419586,0.3943367004394531,-0.08051688224077225,0.36972859501838684,0.3506385087966919,-0.09923407435417175,0.32903435826301575,0.3120601773262024,-0.11146822571754456,0.5232822299003601,0.4464661180973053,-0.05892615765333176,0.4856579601764679,0.3710627853870392,-0.08514416962862015,0.457741916179657,0.32296597957611084,-0.09758856147527695,0.42845284938812256,0.2785179018974304,-0.10544583201408386
0.6078928709030151,0.6635215282440186,4.793839138983458e-07,0.5433737635612488,0.7121967077255249,-0.04703905060887337,0.4620208144187927,0.7177740335464478,-0.07133200764656067,0.39669355750083923,0.6944617629051208,-0.0902557447552681,0.3387964367866516,0.6676801443099976,-0.10815766453742981,0.41229555010795593,0.5584989786148071,-0.04686940088868141,0.33048248291015625,0.5106208324432373,-0.0793011263012886,0.2805090546607971,0.4818245470523834,-0.10464485734701157,0.23712123930454254,0.4520891606807709,-0.1228565126657486,0.43630897998809814,0.5032961368560791,-0.0452304482460022,0.35773971676826477,0.4280865788459778,-0.07417727261781693,0.30761635303497314,0.38316065073013306,-0.0978035256266594,0.26236310601234436,0.34139835834503174,-0.114798903465271,0.4737655818462372,0.4693407416343689,-0.049279291182756424,0.4125005006790161,0.3932008147239685,-0.0791100412607193,0.37018314003944397,0.35069042444229126,-0.09761270135641098,0.32964807748794556,0.31312042474746704,-0.10968928784132004,0.523305356502533,0.44680726528167725,-0.05748968943953514,0.48592808842658997,0.37145400047302246,-0.08413345366716385,0.4584181606769562,0.3243343234062195,-0.09639006108045578,0.42925745248794556,0.2809808552265167,-0.10402121394872665
0.6112624406814575,0.6627388000488281,5.023236440138135e-07,0.5479021072387695,0.7126193046569824,-0.04915658384561539,0.46623656153678894,0.7213641405105591,-0.07519574463367462,0.39923936128616333,0.7019713521003723,-0.09542868286371231,0.3400324881076813,0.6765949130058289,-0.1146053597331047,0.41783618927001953,0.5623964071273804,-0.052243590354919434,0.3358430862426758,0.5164292454719543,-0.08642929047346115,0.2862599492073059,0.48822295665740967,-0.11255837976932526,0.24290648102760315,0.4586057960987091,-0.13129763305187225,0.4416051506996155,0.5050075054168701,-0.050484344363212585,0.3617441952228546,0.42717695236206055,-0.08103615790605545,0.31096458435058594,0.3808177709579468,-0.10464798659086227,0.26521074771881104,0.33887749910354614,-0.12148958444595337,0.4790114760398865,0.4701986610889435,-0.05445786565542221,0.4165089726448059,0.38873428106307983,-0.08636472374200821,0.3750656843185425,0.341856986284256,-0.10448808968067169,0.3353106379508972,0.30120936036109924,-0.11615431308746338,0.528424084186554,0.44787079095840454,-0.06261035054922104,0.4936860501766205,0.3676789402961731,-0.09097624570131302,0.4684098958969116,0.31687504053115845,-0.10297952592372894,0.4411667287349701,0.2708815932273865,-0.11032495647668839
0.6135484576225281,0.670139729976654,5.031644150221837e-07,0.5502538084983826,0.7184323072433472,-0.04948762059211731,0.46918541193008423,0.7258341312408447,-0.07567131519317627,0.4039519727230072,0.7041352987289429,-0.0960071012377739,0.3444981873035431,0.6804028153419495,-0.11544322967529297,0.421438068151474,0.5621040463447571,-0.051806699484586716,0.33958688378334045,0.5159302353858948,-0.0860639289021492,0.2891108989715576,0.48711344599723816,-0.11284013092517853,0.24527116119861603,0.4561145305633545,-0.13233806192874908,0.4454479217529297,0.5043675899505615,-0.05057187005877495,0.36624225974082947,0.4270361363887787,-0.08111931383609772,0.31473228335380554,0.3804628252983093,-0.10569961369037628,0.2685706913471222,0.33833420276641846,-0.12361728399991989,0.48318833112716675,0.4699500799179077,-0.055137619376182556,0.42128750681877136,0.38682132959365845,-0.08711369335651398,0.3796731233596802,0.34034404158592224,-0.10580609738826752,0.3398668169975281,0.30073174834251404,-0.11818955838680267,0.532650351524353,0.44919857382774353,-0.06396178156137466,0.4979727566242218,0.3690858483314514,-0.09261586517095566,0.472549706697464,0.3180132508277893,-0.10504063963890076,0.4453388452529907,0.27177467942237854,-0.11291974037885666
0.6106454133987427,0.6757130026817322,4.86098429064441e-07,0.5491853356361389,0.7185959815979004,-0.05016228184103966,0.46917352080345154,0.723264217376709,-0.07765072584152222,0.40362805128097534,0.7033870220184326,-0.0992760956287384,0.34403741359710693,0.6800251007080078,-0.12004250288009644,0.4231567084789276,0.5626933574676514,-0.05487240478396416,0.33956778049468994,0.5203904509544373,-0.09046722203493118,0.287840873003006,0.4930715262889862,-0.11774518340826035,0.24332201480865479,0.46236586570739746,-0.13756999373435974,0.4470163583755493,0.5057910680770874,-0.053332556039094925,0.3679867088794708,0.43020063638687134,-0.0853290781378746,0.31675654649734497,0.38472917675971985,-0.11071714013814926,0.27036237716674805,0.342313677072525,-0.12919293344020844,0.4846023619174957,0.47169095277786255,-0.05743734911084175,0.42408695816993713,0.39016568660736084,-0.09022144228219986,0.3835205137729645,0.3426963686943054,-0.10959106683731079,0.34456223249435425,0.30160069465637207,-0.12231922149658203,0.5336127877235413,0.45171186327934265,-0.06581638008356094,0.4998900592327118,0.3711424767971039,-0.09476711601018906,0.4749394655227661,0.3183016777038574,-0.1079355999827385,0.44831377267837524,0.2703689634799957,-0.11637333035469055
0.61302649974823,0.6741671562194824,4.76730775744727e-07,0.5516071319580078,0.7175279855728149,-0.04891156405210495,0.47046512365341187,0.7229932546615601,-0.07567253708839417,0.4030137062072754,0.7048927545547485,-0.09692329168319702,0.3431362807750702,0.682320237159729,-0.11719413846731186,0.42536747455596924,0.563517153263092,-0.052063483744859695,0.3407759666442871,0.5234311819076538,-0.0872809886932373,0.28842490911483765,0.4967706501483917,-0.11422938108444214,0.24299927055835724,0.4672139883041382,-0.13361485302448273,0.44823864102363586,0.5067701935768127,-0.0506274551153183,0.37013089656829834,0.4298878312110901,-0.0826360359787941,0.3186860680580139,0.38441920280456543,-0.10755596309900284,0.2719128131866455,0.34248000383377075,-0.12514224648475647,0.4852231740951538,0.47227320075035095,-0.05485742539167404,0.4260888993740082,0.3906269371509552,-0.08698100596666336,0.38510388135910034,0.34459322690963745,-0.1054636538028717,0.34574007987976074,0.3055015802383423,-0.1171150654554367,0.5340659618377686,0.4516167640686035,-0.0633338987827301,0.5009742975234985,0.370737761259079,-0.09074655920267105,0.47641441226005554,0.3180473744869232,-0.10263533890247345,0.45005491375923157,0.27124154567718506,-0.10988600552082062
0.6079645156860352,0.6750285625457764,5.016154318582267e-07,0.545291543006897,0.7169992327690125,-0.0479440912604332,0.46400219202041626,0.7221053838729858,-0.07425115257501602,0.3979150056838989,0.7036756873130798,-0.09512269496917725,0.33903804421424866,0.6807341575622559,-0.1150842159986496,0.42092159390449524,0.5644059181213379,-0.052033595740795135,0.33705320954322815,0.5214856266975403,-0.08643868565559387,0.28578275442123413,0.4940776824951172,-0.11233414709568024,0.24162445962429047,0.46408411860466003,-0.13080927729606628,0.44434699416160583,0.5087324380874634,-0.05087095871567726,0.3659653067588806,0.43146613240242004,-0.08208902180194855,0.31509682536125183,0.3852914571762085,-0.10620644688606262,0.2695126533508301,0.3425440192222595,-0.12325572967529297,0.481556236743927,0.47422343492507935,-0.0552397184073925,0.42165428400039673,0.39295119047164917,-0.0871005728840828,0.3798835873603821,0.3480430245399475,-0.10592595487833023,0.34000834822654724,0.30885499715805054,-0.11790699511766434,0.5301225781440735,0.4529990255832672,-0.06368082016706467,0.4980292320251465,0.37195122241973877,-0.09141483902931213,0.4738311171531677,0.3180292844772339,-0.10399648547172546,0.44787347316741943,0.26871275901794434,-0.11176241934299469
0.6051688194274902,0.6746373176574707,4.680125300637883e-07,0.5421210527420044,0.7199821472167969,-0.04564106836915016,0.4607080817222595,0.7261780500411987,-0.06995279341936111,0.39441704750061035,0.7071296572685242,-0.08899465948343277,0.3363083004951477,0.6832173466682434,-0.10703705996274948,0.415876179933548,0.5635932683944702,-0.047452010214328766,0.332587331533432,0.5199043154716492,-0.07974658161401749,0.281326025724411,0.49345076084136963,-0.10476452112197876,0.2370651662349701,0.46642524003982544,-0.12265249341726303,0.44019144773483276,0.5076876878738403,-0.04627455398440361,0.36273208260536194,0.43051373958587646,-0.07514099776744843,0.31184837222099304,0.38549062609672546,-0.09799724072217941,0.2664680778980255,0.34517914056777954,-0.11408805102109909,0.47787603735923767,0.4730444550514221,-0.05057278648018837,0.4188472032546997,0.3920994997024536,-0.08013387024402618,0.3776530921459198,0.3476293087005615,-0.09763024002313614,0.338290810585022,0.3094381093978882,-0.10872802138328552,0.5269147753715515,0.4516736567020416,-0.05885070934891701,0.49466437101364136,0.37151026725769043,-0.08507376909255981,0.4702341854572296,0.31995201110839844,-0.09643677622079849,0.4441412091255188,0.2731941342353821,-0.10310595482587814
0.6082646250724792,0.6722884774208069,4.726186944026267e-07,0.5439597964286804,0.7189978957176208,-0.04772613197565079,0.45981425046920776,0.725583553314209,-0.072504423558712,0.3909721374511719,0.7073078155517578,-0.09162633866071701,0.33379605412483215,0.6809277534484863,-0.10963413864374161,0.41686418652534485,0.5663655996322632,-0.050015948712825775,0.3331153094768524,0.5234275460243225,-0.08367662131786346,0.2818525433540344,0.49612975120544434,-0.10939852893352509,0.23748727142810822,0.4676945209503174,-0.12777383625507355,0.44047483801841736,0.5083150863647461,-0.047965336591005325,0.3625739812850952,0.4315190315246582,-0.07798776030540466,0.3116436302661896,0.38563817739486694,-0.10108314454555511,0.26583707332611084,0.34433501958847046,-0.11725885421037674,0.4779589772224426,0.47272682189941406,-0.051570456475019455,0.4182831645011902,0.3919469714164734,-0.08222149312496185,0.377372145652771,0.34635651111602783,-0.0996890589594841,0.33798548579216003,0.30742812156677246,-0.11059075593948364,0.5270700454711914,0.4512402415275574,-0.05932609736919403,0.4941280484199524,0.3714049458503723,-0.08643960952758789,0.4689418077468872,0.3203204274177551,-0.0980418473482132,0.4421345293521881,0.2743702530860901,-0.10481555014848709
0.5985732078552246,0.683025598526001,5.207132858231489e-07,0.5349793434143066,0.7267093062400818,-0.049205053597688675,0.4504348337650299,0.7269139289855957,-0.07558230310678482,0.3789095878601074,0.7075229287147522,-0.09668575972318649,0.3169376850128174,0.6847411394119263,-0.1164364442229271,0.406496524810791,0.5726845264434814,-0.04576437547802925,0.3227429986000061,0.5312584042549133,-0.08182939141988754,0.2728407680988312,0.5119596123695374,-0.10948013514280319,0.23293383419513702,0.4925926625728607,-0.1280554234981537,0.43089601397514343,0.5144456624984741,-0.0437152162194252,0.3533240258693695,0.4357762634754181,-0.07275164872407913,0.3023466467857361,0.3903542160987854,-0.09559056907892227,0.25658029317855835,0.35001951456069946,-0.11167610436677933,0.4702942669391632,0.4790668785572052,-0.04840732738375664,0.4119237959384918,0.3950929343700409,-0.0786905437707901,0.3719654083251953,0.3467022180557251,-0.09576449543237686,0.33256179094314575,0.30503425002098083,-0.10650910437107086,0.5209975838661194,0.4584909975528717,-0.05753058195114136,0.49094781279563904,0.37592193484306335,-0.08450274169445038,0.4676506519317627,0.32124894857406616,-0.09571883082389832,0.4416510760784149,0.2721506655216217,-0.10227149724960327
0.6015111804008484,0.6788018941879272,4.404910498578829e-07,0.5359950661659241,0.7235522866249084,-0.046576108783483505,0.4515020251274109,0.7235997319221497,-0.07163019478321075,0.38099950551986694,0.704964816570282,-0.09185032546520233,0.3200737535953522,0.6863595247268677,-0.11094711720943451,0.4109463691711426,0.5711502432823181,-0.04447658732533455,0.32435643672943115,0.531339168548584,-0.08212125301361084,0.2745347023010254,0.5145117044448853,-0.11086217314004898,0.23679062724113464,0.4991217851638794,-0.12938445806503296,0.43399742245674133,0.5130767822265625,-0.043385084718465805,0.3540210723876953,0.4346371293067932,-0.07316427677869797,0.3013649582862854,0.39018723368644714,-0.09619268029928207,0.2550979256629944,0.35262784361839294,-0.11223749071359634,0.47244584560394287,0.4777126908302307,-0.048933278769254684,0.41284075379371643,0.3938595652580261,-0.07970758527517319,0.37196725606918335,0.3445466160774231,-0.096971794962883,0.3330095410346985,0.3027542531490326,-0.10762811452150345,0.5224292278289795,0.4569658041000366,-0.05861736834049225,0.491163045167923,0.37457114458084106,-0.08525481075048447,0.4670107960700989,0.3204411268234253,-0.09604284912347794,0.4405592083930969,0.2716066837310791,-0.10237295925617218
0.5997083783149719,0.6797543168067932,5.350750598154264e-07,0.530055820941925,0.7214423418045044,-0.045260217040777206,0.4479110836982727,0.7189816236495972,-0.06921558827161789,0.3798215985298157,0.6959290504455566,-0.0886627659201622,0.31897008419036865,0.6770128011703491,-0.10710500925779343,0.4058089256286621,0.5610877275466919,-0.041029054671525955,0.32321038842201233,0.5130380392074585,-0.07461968809366226,0.2730023264884949,0.48436155915260315,-0.10072272270917892,0.23240850865840912,0.4543631076812744,-0.11875971406698227,0.43365010619163513,0.5047231912612915,-0.04098505154252052,0.35789012908935547,0.42327791452407837,-0.06926786154508591,0.3079947829246521,0.3738609552383423,-0.091913603246212,0.26366811990737915,0.32967397570610046,-0.10775540769100189,0.47439441084861755,0.47075289487838745,-0.04719124734401703,0.41882970929145813,0.3825312852859497,-0.07825559377670288,0.37952902913093567,0.33183372020721436,-0.09543345868587494,0.34102222323417664,0.2868655323982239,-0.1059202030301094,0.5258296132087708,0.45232218503952026,-0.05734056606888771,0.4986652135848999,0.36817795038223267,-0.08509588986635208,0.47811609506607056,0.3131664991378784,-0.09571650624275208,0.4548245966434479,0.26182982325553894,-0.10160183161497116
0.6002891659736633,0.6812670826911926,4.850882078244467e-07,0.5320404767990112,0.7209845781326294,-0.04746932163834572,0.4477729797363281,0.7200664281845093,-0.07179629802703857,0.3773948550224304,0.6995967030525208,-0.09080969542264938,0.3148708939552307,0.6822271347045898,-0.10852216184139252,0.4099658727645874,0.5601083040237427,-0.043362442404031754,0.32562392950057983,0.5177139639854431,-0.07531322538852692,0.27397340536117554,0.4892832338809967,-0.10075785964727402,0.23001974821090698,0.4575461447238922,-0.11937396228313446,0.4350946545600891,0.5026518702507019,-0.042032863944768906,0.3575056791305542,0.42628026008605957,-0.06952908635139465,0.3078857660293579,0.378505140542984,-0.09185481071472168,0.2642759680747986,0.3352969288825989,-0.10802793502807617,0.47456032037734985,0.46903783082962036,-0.04681620001792908,0.4178397059440613,0.38254937529563904,-0.07634377479553223,0.3799053132534027,0.33096349239349365,-0.09291541576385498,0.34285587072372437,0.2865087389945984,-0.10366421192884445,0.5252663493156433,0.4511054754257202,-0.05588499829173088,0.4983879625797272,0.36868536472320557,-0.08220387995243073,0.4776662588119507,0.3146808445453644,-0.09267371892929077,0.454733669757843,0.2656947374343872,-0.09897760301828384
0.59837806224823,0.6743531823158264,4.951184564561117e-07,0.5298804044723511,0.7111514806747437,-0.04483042657375336,0.4470365643501282,0.7113454937934875,-0.06877417117357254,0.3781631588935852,0.692104697227478,-0.08810199052095413,0.3186131715774536,0.6705010533332825,-0.1063140258193016,0.40754199028015137,0.5501413941383362,-0.04150230064988136,0.32642102241516113,0.5033436417579651,-0.07411780953407288,0.27564096450805664,0.4729325473308563,-0.09996380656957626,0.23274028301239014,0.4405810236930847,-0.1184888407588005,0.4348156154155731,0.4941079616546631,-0.04164903983473778,0.3600398898124695,0.41343235969543457,-0.06971341371536255,0.3118033707141876,0.36463797092437744,-0.09201057255268097,0.26962995529174805,0.3218490183353424,-0.1077062264084816,0.47559982538223267,0.46204832196235657,-0.04773372411727905,0.4213196635246277,0.37477216124534607,-0.07828467339277267,0.38394230604171753,0.3254004120826721,-0.09463094919919968,0.3475612998008728,0.2823163866996765,-0.10463973879814148,0.5273991227149963,0.4465377926826477,-0.05779561400413513,0.5016229748725891,0.36487165093421936,-0.08486922830343246,0.48138105869293213,0.3119519352912903,-0.09496121108531952,0.4588127136230469,0.26314419507980347,-0.1005210131406784
0.597466766834259,0.6673134565353394,4.3482526734806015e-07,0.5317429304122925,0.7036994695663452,-0.04384416341781616,0.4511995017528534,0.7056043148040771,-0.06797663867473602,0.385316401720047,0.6860450506210327,-0.08767484128475189,0.32888033986091614,0.6650597453117371,-0.10645252466201782,0.4121377468109131,0.5445547699928284,-0.04398807883262634,0.3272826075553894,0.5007674694061279,-0.0768272653222084,0.2743421792984009,0.4719037413597107,-0.10246841609477997,0.2296706885099411,0.44156062602996826,-0.12088906764984131,0.4378870725631714,0.48838087916374207,-0.044732462614774704,0.3607062101364136,0.411243736743927,-0.07298240065574646,0.31153059005737305,0.36402928829193115,-0.09552687406539917,0.2686592638492584,0.3222408592700958,-0.11158837378025055,0.4772647023200989,0.4560871124267578,-0.05102894455194473,0.4212845265865326,0.3706822991371155,-0.08088303357362747,0.3824666738510132,0.3209049701690674,-0.09785415232181549,0.34479406476020813,0.27780991792678833,-0.10878155380487442,0.5282333493232727,0.4396247863769531,-0.061240795999765396,0.5013300776481628,0.3593478798866272,-0.08763859421014786,0.47974300384521484,0.3070104718208313,-0.09814677387475967,0.45621657371520996,0.2590949535369873,-0.10439464449882507
0.599605143070221,0.6596667170524597,4.4443990532272437e-07,0.53341144323349,0.6988310813903809,-0.04396918788552284,0.4508644640445709,0.6989233493804932,-0.0672479197382927,0.38341447710990906,0.6771144866943359,-0.08586164563894272,0.3251977562904358,0.6595747470855713,-0.10379108786582947,0.413223534822464,0.5388019680976868,-0.04496639594435692,0.3289080262184143,0.49253013730049133,-0.07718880474567413,0.2761077582836151,0.46189749240875244,-0.1023687943816185,0.23156127333641052,0.430383563041687,-0.12062743306159973,0.4382329285144806,0.48297053575515747,-0.045409515500068665,0.36141809821128845,0.40440642833709717,-0.07292912155389786,0.3124575912952423,0.35650408267974854,-0.095032699406147,0.27036672830581665,0.3145574927330017,-0.11098714172840118,0.4770153760910034,0.45082253217697144,-0.051310595124959946,0.421271413564682,0.36670729517936707,-0.08035733550786972,0.38288038969039917,0.3163928687572479,-0.09789444506168365,0.3462373614311218,0.2723628282546997,-0.10958092659711838,0.5271444320678711,0.4337009787559509,-0.061136022210121155,0.5001767873764038,0.3543158769607544,-0.08750863373279572,0.4791451096534729,0.3015373945236206,-0.09893746674060822,0.4563405513763428,0.2527379095554352,-0.10603072494268417
0.6032437682151794,0.6537028551101685,4.416036745169549e-07,0.5394779443740845,0.6972711682319641,-0.04436686262488365,0.46071097254753113,0.7004222869873047,-0.06711766868829727,0.39701467752456665,0.6779118776321411,-0.0851905345916748,0.34097468852996826,0.6518624424934387,-0.10226351022720337,0.41397398710250854,0.5358477830886841,-0.040215134620666504,0.33312126994132996,0.4903266429901123,-0.07024193555116653,0.28167885541915894,0.4607197344303131,-0.09490828961133957,0.23822930455207825,0.43010687828063965,-0.1133597269654274,0.43874675035476685,0.4788798689842224,-0.04012824222445488,0.3625974655151367,0.40094536542892456,-0.06544999778270721,0.3144887089729309,0.3541370630264282,-0.08701454102993011,0.27328240871429443,0.3139159679412842,-0.10303602367639542,0.47747689485549927,0.44685447216033936,-0.04600277915596962,0.4213806390762329,0.3621372580528259,-0.07362399995326996,0.38365626335144043,0.31214839220046997,-0.0912417620420456,0.3477991819381714,0.2687002718448639,-0.10344700515270233,0.5276349782943726,0.4303268790245056,-0.05597895756363869,0.5001888275146484,0.35054945945739746,-0.08189216256141663,0.47961533069610596,0.2984260320663452,-0.09374072402715683,0.45708975195884705,0.24996677041053772,-0.1014496311545372
0.6041793823242188,0.6675690412521362,4.5323011477194086e-07,0.5400907397270203,0.704770028591156,-0.04881225526332855,0.45826083421707153,0.7077686190605164,-0.07517872750759125,0.38912326097488403,0.6929410696029663,-0.09614211320877075,0.33111029863357544,0.6664265394210815,-0.11591986566781998,0.42040732502937317,0.5413497090339661,-0.04791070520877838,0.33755064010620117,0.49867740273475647,-0.08217454701662064,0.28526389598846436,0.46987655758857727,-0.10970815271139145,0.24094010889530182,0.4375133514404297,-0.12986382842063904,0.444807767868042,0.4853822588920593,-0.046429213136434555,0.36969301104545593,0.40994760394096375,-0.07613332569599152,0.31998610496520996,0.3630997836589813,-0.10064401477575302,0.2760108709335327,0.32015177607536316,-0.11851146072149277,0.4832349717617035,0.4531018137931824,-0.050912100821733475,0.42730817198753357,0.36767810583114624,-0.08180467039346695,0.38978955149650574,0.3173334002494812,-0.10024936497211456,0.353983610868454,0.2750617563724518,-0.11234402656555176,0.5323082804679871,0.4375442862510681,-0.059758346527814865,0.5038642287254333,0.3567024767398834,-0.0870242491364479,0.482282817363739,0.3037053346633911,-0.09892548620700836,0.4600321054458618,0.2561931312084198,-0.10638698935508728
0.6026928424835205,0.6701709032058716,4.3171218067072914e-07,0.5377429127693176,0.7049607038497925,-0.04357948526740074,0.4588673710823059,0.7051281929016113,-0.06815990060567856,0.3933652639389038,0.6889148950576782,-0.08848026394844055,0.33837687969207764,0.6642041802406311,-0.10787466913461685,0.41949236392974854,0.5420021414756775,-0.04277873784303665,0.3359999358654022,0.4996878206729889,-0.07580992579460144,0.2833104133605957,0.47194284200668335,-0.1022631973028183,0.23867623507976532,0.44200053811073303,-0.12138168513774872,0.44371268153190613,0.4877651035785675,-0.04364370182156563,0.3682301938533783,0.40956565737724304,-0.07219620048999786,0.3190760016441345,0.3623811602592468,-0.09542929381132126,0.2758846879005432,0.32062140107154846,-0.11185124516487122,0.48182398080825806,0.45669078826904297,-0.050101716071367264,0.42737558484077454,0.37194567918777466,-0.07947549223899841,0.38975954055786133,0.32095760107040405,-0.09687266498804092,0.353426069021225,0.2769019603729248,-0.108015276491642,0.5313947200775146,0.4416569173336029,-0.0605473667383194,0.5039194226264954,0.3605867028236389,-0.08643339574337006,0.4822879135608673,0.3070540130138397,-0.0971178412437439,0.4588225483894348,0.25865575671195984,-0.1033962070941925
0.6135051250457764,0.7001268863677979,4.804300601790601e-07,0.5461284518241882,0.7411131262779236,-0.045996617525815964,0.4604227840900421,0.735471248626709,-0.0717330202460289,0.3884979486465454,0.7183691263198853,-0.09309303760528564,0.3245644271373749,0.7231807112693787,-0.11418125778436661,0.4227348268032074,0.578881025314331,-0.04620671644806862,0.3395804762840271,0.5307344794273376,-0.07977505028247833,0.28773796558380127,0.5003701448440552,-0.10616721957921982,0.24385088682174683,0.4690026640892029,-0.12539465725421906,0.4479559361934662,0.5218605995178223,-0.04732109233736992,0.3711051642894745,0.4404344856739044,-0.07860210537910461,0.32113656401634216,0.3895133137702942,-0.1039714515209198,0.2773132920265198,0.3438962697982788,-0.12178392708301544,0.4880106449127197,0.48915785551071167,-0.05402093753218651,0.43071407079696655,0.3981107473373413,-0.08766024559736252,0.3946417570114136,0.3454272150993347,-0.10838699340820312,0.35948804020881653,0.3012152910232544,-0.12122145295143127,0.5380188226699829,0.47220689058303833,-0.06445081532001495,0.509216845035553,0.3847911059856415,-0.09389304369688034,0.4883609414100647,0.32807761430740356,-0.10705888271331787,0.46539074182510376,0.2772207260131836,-0.11514036357402802
0.6129001379013062,0.7196317911148071,5.088438115308236e-07,0.5444858074188232,0.7623804807662964,-0.04580104723572731,0.4579339325428009,0.7538409233093262,-0.07054293900728226,0.38670796155929565,0.7361087203025818,-0.0908818170428276,0.323535680770874,0.7420065999031067,-0.11123432219028473,0.42016762495040894,0.5938451886177063,-0.04474593326449394,0.336373507976532,0.5453985333442688,-0.0780070498585701,0.28301170468330383,0.5173181891441345,-0.10467977821826935,0.23702757060527802,0.4893267750740051,-0.12450665980577469,0.4468212425708771,0.537767231464386,-0.04613048955798149,0.3707815706729889,0.4554775655269623,-0.07714362442493439,0.3186362087726593,0.4060073792934418,-0.10328548401594162,0.2719827890396118,0.3619638681411743,-0.12214186042547226,0.48805931210517883,0.5045763850212097,-0.05322554334998131,0.4303969144821167,0.4129061698913574,-0.08634692430496216,0.3915935754776001,0.36218518018722534,-0.10722925513982773,0.35382309556007385,0.3184589147567749,-0.1207803264260292,0.5393530130386353,0.48624294996261597,-0.06414325535297394,0.5109775066375732,0.3981209993362427,-0.09317253530025482,0.48946434259414673,0.3401159644126892,-0.10654617846012115,0.46511679887771606,0.2869526445865631,-0.11526989936828613
0.6086872816085815,0.7206313014030457,5.29252929482027e-07,0.5439896583557129,0.7622044086456299,-0.04754314571619034,0.4591056704521179,0.7564307451248169,-0.07341141998767853,0.3867360055446625,0.7425268292427063,-0.09441952407360077,0.32138413190841675,0.7465431690216064,-0.11536446958780289,0.41412195563316345,0.5986177325248718,-0.04616159945726395,0.33041658997535706,0.5523414611816406,-0.07823444902896881,0.2779039442539215,0.5249404907226562,-0.1041288673877716,0.23225820064544678,0.49496379494667053,-0.12392037361860275,0.44022607803344727,0.5415382981300354,-0.04664822667837143,0.36248934268951416,0.4597705602645874,-0.07581006735563278,0.3108064532279968,0.41068533062934875,-0.10148809850215912,0.26397740840911865,0.36638057231903076,-0.12074709683656693,0.4820184111595154,0.5086363554000854,-0.0529114194214344,0.424121230840683,0.4196842908859253,-0.08438528329133987,0.3850878179073334,0.3691798746585846,-0.10597962141036987,0.34600287675857544,0.32522282004356384,-0.12094486504793167,0.5335885286331177,0.49140316247940063,-0.06316450983285904,0.5054386854171753,0.406063437461853,-0.09182485193014145,0.4835204780101776,0.34853625297546387,-0.1063411608338356,0.45833584666252136,0.29522955417633057,-0.11642739921808243
0.6129227876663208,0.7163837552070618,5.162108891454409e-07,0.5457432866096497,0.7603981494903564,-0.04774358868598938,0.4588763117790222,0.751029372215271,-0.07229230552911758,0.3848786950111389,0.7328623533248901,-0.09208248555660248,0.3194209933280945,0.7390928268432617,-0.1115560382604599,0.41694122552871704,0.5953637957572937,-0.042178891599178314,0.33759868144989014,0.5483653545379639,-0.07462954521179199,0.2869652509689331,0.5194278955459595,-0.10127350687980652,0.24264320731163025,0.48798197507858276,-0.12151497602462769,0.4412810802459717,0.537141740322113,-0.04214702546596527,0.3628717064857483,0.4564048945903778,-0.07173049449920654,0.3114030361175537,0.4069666862487793,-0.09664106369018555,0.2654019892215729,0.36184245347976685,-0.11497456580400467,0.48202160000801086,0.5035022497177124,-0.04828359931707382,0.4229647219181061,0.41440480947494507,-0.08043333142995834,0.3832187354564667,0.36397984623908997,-0.10013318061828613,0.3441670536994934,0.319848895072937,-0.11323192715644836,0.5341408252716064,0.48527655005455017,-0.058574359863996506,0.5059036612510681,0.3989030122756958,-0.08641767501831055,0.48370039463043213,0.3427053391933441,-0.09901971369981766,0.45792829990386963,0.2907288670539856,-0.10761957615613937
0.6120576858520508,0.7152025103569031,5.1195712558183e-07,0.5458842515945435,0.7594014406204224,-0.04685157909989357,0.4592423737049103,0.7520735859870911,-0.07141989469528198,0.385479211807251,0.7352772951126099,-0.09144394099712372,0.3190304636955261,0.7392067909240723,-0.11121771484613419,0.41548463702201843,0.5950244069099426,-0.042112693190574646,0.33576032519340515,0.5490069389343262,-0.0741647258400917,0.28521519899368286,0.5209093689918518,-0.10055867582559586,0.24122054874897003,0.4888836443424225,-0.12072191387414932,0.43976882100105286,0.5354809761047363,-0.04276026040315628,0.36116522550582886,0.45635098218917847,-0.07147911936044693,0.30952131748199463,0.4071153402328491,-0.09640423953533173,0.26306918263435364,0.36129844188690186,-0.11516878008842468,0.48076552152633667,0.500870406627655,-0.04944451525807381,0.4221996068954468,0.41328057646751404,-0.08066803961992264,0.3836248815059662,0.3626481294631958,-0.1002083495259285,0.3453042805194855,0.31838271021842957,-0.11360031366348267,0.532806932926178,0.48182785511016846,-0.060256171971559525,0.5043662190437317,0.3963674306869507,-0.08769289404153824,0.48260459303855896,0.3394506275653839,-0.1001562625169754,0.4577115476131439,0.28709959983825684,-0.10878469794988632
0.6160407066345215,0.7057639956474304,5.463478487399698e-07,0.5473940968513489,0.7498505115509033,-0.04854988306760788,0.46048903465270996,0.7413524389266968,-0.07287149876356125,0.38608869910240173,0.7224380970001221,-0.09212014824151993,0.3221193552017212,0.7232558727264404,-0.11068817228078842,0.41658326983451843,0.5821335315704346,-0.041830360889434814,0.3345411419868469,0.5343151688575745,-0.07370380312204361,0.2837168276309967,0.5052629709243774,-0.09963084012269974,0.2395162433385849,0.47431454062461853,-0.11882209032773972,0.4440476596355438,0.5234735012054443,-0.040679559111595154,0.3661166727542877,0.4398351311683655,-0.06940718740224838,0.3142772912979126,0.38919514417648315,-0.0939309149980545,0.2676127851009369,0.3432914614677429,-0.11165637522935867,0.48571789264678955,0.48988157510757446,-0.04576994106173515,0.42788320779800415,0.40023159980773926,-0.07756762206554413,0.387649804353714,0.34981274604797363,-0.09707477688789368,0.3482199013233185,0.30510103702545166,-0.10953939706087112,0.5372228026390076,0.47116100788116455,-0.05501663312315941,0.5082619786262512,0.3849579691886902,-0.08228757977485657,0.4869233965873718,0.32963061332702637,-0.09393108636140823,0.4625532031059265,0.2777182459831238,-0.10140753537416458
0.6146673560142517,0.7093415856361389,5.066989956503676e-07,0.5479679107666016,0.7505894899368286,-0.04811839014291763,0.45914047956466675,0.7425159811973572,-0.07268884778022766,0.38468343019485474,0.7241154909133911,-0.09248629957437515,0.32173091173171997,0.7263299822807312,-0.11200225353240967,0.4174647927284241,0.5873124599456787,-0.04402972012758255,0.33479052782058716,0.5435759425163269,-0.07684141397476196,0.28323453664779663,0.5175123810768127,-0.10307357460260391,0.23906387388706207,0.4882177710533142,-0.12278386950492859,0.44377341866493225,0.5273697972297668,-0.04418636113405228,0.3654000759124756,0.44694048166275024,-0.07368385046720505,0.3143952488899231,0.3960263729095459,-0.09856542199850082,0.26831722259521484,0.3477801978588104,-0.11701415479183197,0.48548245429992676,0.4925231337547302,-0.05059778690338135,0.42846912145614624,0.4042637050151825,-0.083134725689888,0.39014989137649536,0.35062095522880554,-0.10353568196296692,0.3525918126106262,0.303121417760849,-0.11700820922851562,0.5375586748123169,0.4729369878768921,-0.06117025762796402,0.5091665387153625,0.3867465853691101,-0.08980874717235565,0.48768436908721924,0.32814356684684753,-0.1029108539223671,0.4633100926876068,0.27388644218444824,-0.11174716055393219
0.6337202191352844,0.7091905474662781,5.287451472213434e-07,0.5621755123138428,0.7595722079277039,-0.05420373007655144,0.4733339548110962,0.7538537383079529,-0.08133397996425629,0.3986734449863434,0.7342743873596191,-0.10259009152650833,0.3309113383293152,0.733329713344574,-0.12351641058921814,0.4322949945926666,0.5936537981033325,-0.051185350865125656,0.34837567806243896,0.5471011996269226,-0.08731276541948318,0.29530012607574463,0.5168230533599854,-0.11645524203777313,0.24822746217250824,0.4851161241531372,-0.138273224234581,0.45928993821144104,0.5314592123031616,-0.049499914050102234,0.3806803822517395,0.44889020919799805,-0.08319330960512161,0.3286645710468292,0.39623385667800903,-0.11184072494506836,0.2806926965713501,0.3484749495983124,-0.13301332294940948,0.5008934736251831,0.4962972402572632,-0.05445079505443573,0.4420090913772583,0.40611982345581055,-0.09171178936958313,0.4016265273094177,0.3542284369468689,-0.11602282524108887,0.3615766167640686,0.3091021180152893,-0.13188165426254272,0.5533912181854248,0.4771166741847992,-0.06378211081027985,0.5224104523658752,0.38832664489746094,-0.09634267538785934,0.500337541103363,0.3298855721950531,-0.11241640150547028,0.47523021697998047,0.27466335892677307,-0.12345122545957565
0.6382739543914795,0.7117400169372559,5.112961503073166e-07,0.5673162937164307,0.7570499181747437,-0.040761351585388184,0.47511494159698486,0.7486974000930786,-0.06128406152129173,0.4003724157810211,0.7300021052360535,-0.07825414836406708,0.33676594495773315,0.7360600829124451,-0.09503106027841568,0.4329855740070343,0.5906525254249573,-0.03462020680308342,0.3504379093647003,0.543470561504364,-0.06481119245290756,0.3006057143211365,0.5161411762237549,-0.08990950882434845,0.2579091489315033,0.48823925852775574,-0.10855169594287872,0.46085432171821594,0.5306926965713501,-0.03761278837919235,0.38182368874549866,0.44740983843803406,-0.0641564354300499,0.33058732748031616,0.3946413993835449,-0.08768680691719055,0.28435301780700684,0.3483312427997589,-0.10510289669036865,0.5032601356506348,0.49519670009613037,-0.046471670269966125,0.44364675879478455,0.40475332736968994,-0.07648399472236633,0.40415143966674805,0.3528475761413574,-0.0953865498304367,0.36492159962654114,0.30834412574768066,-0.10797208547592163,0.5559715628623962,0.4754021465778351,-0.05889210104942322,0.5265673398971558,0.3876340389251709,-0.08511745929718018,0.5054095983505249,0.3298894166946411,-0.0961923822760582,0.48118364810943604,0.2765112817287445,-0.10362138599157333
0.6378556489944458,0.7043272852897644,5.557832878366753e-07,0.5653045773506165,0.7410774230957031,-0.05118641257286072,0.47971123456954956,0.7267236113548279,-0.07699592411518097,0.4094525873661041,0.6970230937004089,-0.09740718454122543,0.3458922505378723,0.6805245280265808,-0.11676870286464691,0.43964412808418274,0.56390780210495,-0.047417059540748596,0.3533494174480438,0.5119750499725342,-0.08213818818330765,0.3002234101295471,0.48104727268218994,-0.10976292192935944,0.2540411651134491,0.4480249881744385,-0.12975943088531494,0.4695248305797577,0.5067944526672363,-0.04592001065611839,0.3925117552280426,0.42043164372444153,-0.07575191557407379,0.34236130118370056,0.3689771890640259,-0.10076215118169785,0.2974988520145416,0.3244066536426544,-0.11896423995494843,0.5123758316040039,0.4750750958919525,-0.050915367901325226,0.4553584158420563,0.38299471139907837,-0.0823168158531189,0.4151100218296051,0.3320229649543762,-0.10066629946231842,0.3757159113883972,0.28894636034965515,-0.11283348500728607,0.5660426020622253,0.458683043718338,-0.06056331843137741,0.5353836417198181,0.37129145860671997,-0.08742904663085938,0.5126742124557495,0.316477507352829,-0.09810133278369904,0.4870995283126831,0.26722314953804016,-0.10495929419994354
0.6373500823974609,0.7020571231842041,4.924420409224695e-07,0.5678938627243042,0.7390929460525513,-0.048822082579135895,0.47916388511657715,0.727292537689209,-0.07467729598283768,0.4049636125564575,0.7019464373588562,-0.09558124095201492,0.34013351798057556,0.6937392950057983,-0.11546948552131653,0.4404972493648529,0.5650321245193481,-0.044961728155612946,0.35062623023986816,0.516359806060791,-0.07827073335647583,0.29623228311538696,0.48723676800727844,-0.10466179996728897,0.24955414235591888,0.4557090401649475,-0.12404398620128632,0.4683951735496521,0.5078489780426025,-0.04447999596595764,0.38760730624198914,0.42275041341781616,-0.07457708567380905,0.33612966537475586,0.372702419757843,-0.09999497979879379,0.2904333770275116,0.328010618686676,-0.11814253032207489,0.5104758143424988,0.47488683462142944,-0.0500749871134758,0.4537324607372284,0.381639301776886,-0.08123376220464706,0.4146035313606262,0.32889866828918457,-0.10047383606433868,0.3774826228618622,0.28525224328041077,-0.11287576705217361,0.5631112456321716,0.4578965902328491,-0.059982772916555405,0.5328674912452698,0.3704107999801636,-0.08616629242897034,0.5102187991142273,0.3134229779243469,-0.0975482314825058,0.4851679503917694,0.262918621301651,-0.10485611855983734
0.631450355052948,0.6591835021972656,5.192794674258039e-07,0.5578905940055847,0.6975743174552917,-0.047609809786081314,0.47101426124572754,0.6864144206047058,-0.07258009165525436,0.3970000743865967,0.6589213013648987,-0.09271608293056488,0.33023861050605774,0.6433576941490173,-0.1117682233452797,0.4364688992500305,0.5242007970809937,-0.04362153261899948,0.3531280755996704,0.46822941303253174,-0.0745370015501976,0.30286210775375366,0.437454491853714,-0.09899067878723145,0.2585231065750122,0.40516287088394165,-0.11674071103334427,0.46476081013679504,0.4687790274620056,-0.042146261781454086,0.3846869170665741,0.38126814365386963,-0.06802162528038025,0.3340594470500946,0.3313830494880676,-0.08974362909793854,0.2906455993652344,0.28858256340026855,-0.10586406290531158,0.5074898600578308,0.43747687339782715,-0.046685121953487396,0.4492258131504059,0.34512025117874146,-0.07430091500282288,0.4088945686817169,0.29343801736831665,-0.09141132235527039,0.37025266885757446,0.24951058626174927,-0.10305995494127274,0.5602589845657349,0.4194185733795166,-0.05550387129187584,0.5298671722412109,0.3308253884315491,-0.08046786487102509,0.5068783164024353,0.2759878933429718,-0.09141486883163452,0.4820731282234192,0.2269485592842102,-0.09833620488643646
0.6346094012260437,0.6593825221061707,4.704791933818342e-07,0.5628721714019775,0.6958130598068237,-0.049509745091199875,0.47400912642478943,0.6868758797645569,-0.07432475686073303,0.3985881805419922,0.6615110635757446,-0.09379582107067108,0.33153241872787476,0.6435266733169556,-0.11202525347471237,0.4386548101902008,0.5284959077835083,-0.04375467449426651,0.3555116653442383,0.4730992615222931,-0.07581688463687897,0.30389225482940674,0.4409037232398987,-0.10145341604948044,0.2593902349472046,0.40651780366897583,-0.12037235498428345,0.4660296142101288,0.47214481234550476,-0.04199300333857536,0.3867684006690979,0.38804197311401367,-0.06963851302862167,0.33544227480888367,0.33767980337142944,-0.09256923943758011,0.2908840775489807,0.29282647371292114,-0.10951565951108932,0.5075325965881348,0.43879398703575134,-0.046708352863788605,0.4493667781352997,0.34653404355049133,-0.07632412761449814,0.4109208583831787,0.2928907871246338,-0.09406647831201553,0.37409698963165283,0.24724453687667847,-0.10587554425001144,0.559428334236145,0.41932412981987,-0.05591408163309097,0.5286303162574768,0.3318813741207123,-0.08196248859167099,0.5064609050750732,0.27536630630493164,-0.09330303966999054,0.48242759704589844,0.224967360496521,-0.10073394328355789
0.6241437792778015,0.6290755271911621,5.120356831866957e-07,0.5492448210716248,0.672030508518219,-0.044749900698661804,0.45976296067237854,0.6622645258903503,-0.0675010159611702,0.3858593702316284,0.6318732500076294,-0.08577587455511093,0.31899410486221313,0.6191560626029968,-0.1036003902554512,0.4269096255302429,0.4989093542098999,-0.04087444394826889,0.34468013048171997,0.44486963748931885,-0.0708770826458931,0.2941114902496338,0.41450950503349304,-0.09551970660686493,0.24903999269008636,0.3825508654117584,-0.11397119611501694,0.4549148976802826,0.44468265771865845,-0.04082289710640907,0.3769649863243103,0.35955092310905457,-0.06647932529449463,0.3279523253440857,0.3093107342720032,-0.08858106285333633,0.28587228059768677,0.2650426924228668,-0.10540996491909027,0.4968058168888092,0.4145805537700653,-0.04665864259004593,0.44062918424606323,0.3239229619503021,-0.07405448704957962,0.4003966152667999,0.2725059390068054,-0.0918288379907608,0.3617705702781677,0.22658786177635193,-0.1044863909482956,0.5489126443862915,0.3975352942943573,-0.056549813598394394,0.517950177192688,0.312602162361145,-0.08169224113225937,0.4950924217700958,0.2580241560935974,-0.0932110920548439,0.47008490562438965,0.20675215125083923,-0.10104982554912567
