0.5843915343284607,0.8561734557151794,-3.291786185855017e-07,0.4990062117576599,0.83795166015625,-0.02816142328083515,0.419647216796875,0.7825220227241516,-0.052096448838710785,0.35358044505119324,0.7251351475715637,-0.08011661469936371,0.3151487112045288,0.6640807390213013,-0.1051643043756485,0.4272025525569916,0.6069633364677429,-0.011684207245707512,0.35978925228118896,0.5352563858032227,-0.06444650143384933,0.3306874930858612,0.5654014348983765,-0.10688647627830505,0.32375025749206543,0.6125302314758301,-0.12947160005569458,0.4642521142959595,0.5612895488739014,-0.020977389067411423,0.4026294946670532,0.4342191815376282,-0.057308875024318695,0.36155620217323303,0.35432010889053345,-0.08654839545488358,0.32553577423095703,0.28919997811317444,-0.10680382698774338,0.5144633650779724,0.5463429689407349,-0.038825396448373795,0.46915706992149353,0.42616719007492065,-0.06932135671377182,0.4406953454017639,0.34799444675445557,-0.08903834223747253,0.41236448287963867,0.2775209844112396,-0.1008944883942604,0.5710082054138184,0.5566985011100769,-0.06047482788562775,0.5571033358573914,0.4546247720718384,-0.07757066190242767,0.5420072674751282,0.3875022530555725,-0.08393212407827377,0.5232939124107361,0.32672303915023804,-0.08794748038053513
0.5854526162147522,0.8366919159889221,1.9671740858484554e-07,0.49650049209594727,0.8218284845352173,-0.024533646181225777,0.41394945979118347,0.7663384675979614,-0.045075222849845886,0.34996217489242554,0.7195534706115723,-0.06919978559017181,0.30535560846328735,0.6609411835670471,-0.09056226909160614,0.41340845823287964,0.5993848443031311,-0.002507350407540798,0.3470132350921631,0.5400233864784241,-0.05525129288434982,0.31909799575805664,0.5691105723381042,-0.09890227764844894,0.31356748938560486,0.6137451529502869,-0.11986923962831497,0.4506184160709381,0.547056257724762,-0.01318251620978117,0.39416027069091797,0.4187760353088379,-0.041916001588106155,0.35343897342681885,0.3411869704723358,-0.06458788365125656,0.3194795250892639,0.2811168432235718,-0.07847733050584793,0.5015057325363159,0.5294015407562256,-0.03336517885327339,0.4603617787361145,0.40788865089416504,-0.05849283188581467,0.43135350942611694,0.33095282316207886,-0.07041468471288681,0.40194857120513916,0.2666124701499939,-0.07573124766349792,0.5601761937141418,0.5427721738815308,-0.05728262662887573,0.5416111946105957,0.4390362799167633,-0.07169908285140991,0.5249133706092834,0.37210702896118164,-0.07044989615678787,0.5058836936950684,0.31439968943595886,-0.06705483794212341
0.5868117213249207,0.8448567390441895,1.4606071374601015e-07,0.5005671381950378,0.8265458941459656,-0.02535804733633995,0.41825947165489197,0.7693836092948914,-0.046185728162527084,0.3540951609611511,0.7263867855072021,-0.07042712718248367,0.3118199110031128,0.6679409742355347,-0.09205937385559082,0.41735517978668213,0.6015461087226868,-0.005031189881265163,0.3483424782752991,0.5412980914115906,-0.056506916880607605,0.320412814617157,0.5709437727928162,-0.09866750240325928,0.3162270784378052,0.6170246005058289,-0.11910920590162277,0.4526739716529846,0.5491982102394104,-0.01564265415072441,0.39333635568618774,0.42445486783981323,-0.04280303046107292,0.350006639957428,0.3480093777179718,-0.06523148715496063,0.31574100255966187,0.2922513782978058,-0.07990780472755432,0.5023224353790283,0.5315020680427551,-0.035585470497608185,0.4607681334018707,0.4129016399383545,-0.05975634977221489,0.4307631850242615,0.33670228719711304,-0.07191567867994308,0.40103405714035034,0.274586021900177,-0.0785004198551178,0.5601953864097595,0.5440598130226135,-0.059388890862464905,0.542629599571228,0.4417285919189453,-0.07439039647579193,0.5260010957717896,0.3748433589935303,-0.07392927259206772,0.5069623589515686,0.31911128759384155,-0.07172931730747223
0.5785884857177734,0.823920488357544,1.7041563182829123e-07,0.49121955037117004,0.8111441135406494,-0.02239920012652874,0.40849483013153076,0.7505903840065002,-0.041142310947179794,0.34493011236190796,0.7029500007629395,-0.06384854018688202,0.3045756220817566,0.6457454562187195,-0.08415539562702179,0.40788576006889343,0.5870733857154846,0.00038790679536759853,0.3421099781990051,0.5235836505889893,-0.051996178925037384,0.3141635060310364,0.5513490438461304,-0.0969715267419815,0.30825963616371155,0.5950261950492859,-0.119186170399189,0.4427078664302826,0.535186231136322,-0.011397264897823334,0.3823302686214447,0.40743571519851685,-0.03830815106630325,0.339367151260376,0.3324066698551178,-0.061411913484334946,0.3043873906135559,0.2744288444519043,-0.07628308236598969,0.4927252531051636,0.517367959022522,-0.032598935067653656,0.4522785246372223,0.39757609367370605,-0.056166961789131165,0.42429232597351074,0.32132136821746826,-0.0679449588060379,0.39586514234542847,0.25750479102134705,-0.07385257631540298,0.5512815713882446,0.5293704271316528,-0.05754292011260986,0.5304678678512573,0.4265396296977997,-0.07037575542926788,0.5141671299934387,0.3606191575527191,-0.06814586371183395,0.49555283784866333,0.3029066324234009,-0.0648137629032135
0.5793898105621338,0.8315353989601135,1.502422293242489e-07,0.4945911169052124,0.814573347568512,-0.0250810869038105,0.41312864422798157,0.7549887895584106,-0.045176371932029724,0.35030868649482727,0.709138810634613,-0.06865915656089783,0.30699461698532104,0.6493489146232605,-0.08950124680995941,0.4114057421684265,0.5868464112281799,-0.0024562112521380186,0.344707727432251,0.525059700012207,-0.05441783741116524,0.31336915493011475,0.5512241721153259,-0.09889364242553711,0.3031131327152252,0.5931155681610107,-0.12131716310977936,0.4445461332798004,0.5359528064727783,-0.013222547248005867,0.3836502432823181,0.4104146361351013,-0.0401865653693676,0.3399108052253723,0.33281081914901733,-0.06351133435964584,0.30513763427734375,0.27508077025413513,-0.0789366066455841,0.49339449405670166,0.5190802216529846,-0.03353356197476387,0.4521144926548004,0.40188997983932495,-0.05717351660132408,0.4244140386581421,0.3256078064441681,-0.06946934759616852,0.3961668610572815,0.26314347982406616,-0.07619798928499222,0.5509860515594482,0.5318639874458313,-0.05791035294532776,0.5325242280960083,0.4300636649131775,-0.07191301137208939,0.5162072777748108,0.3637818694114685,-0.07090624421834946,0.4968986511230469,0.30836182832717896,-0.06865080446004868
0.5777798295021057,0.8103005886077881,1.7358694037739042e-07,0.48878782987594604,0.7972970008850098,-0.019930696114897728,0.40317997336387634,0.7329429388046265,-0.03529816120862961,0.3385438024997711,0.68351149559021,-0.05528309568762779,0.29776889085769653,0.6272451281547546,-0.07242771983146667,0.40410348773002625,0.5746995806694031,0.007495494093745947,0.33650898933410645,0.5106246471405029,-0.04212391376495361,0.30827903747558594,0.5366680026054382,-0.08437588810920715,0.30281269550323486,0.5787525177001953,-0.10453148186206818,0.43767595291137695,0.522885799407959,-0.004535183776170015,0.37547385692596436,0.39632436633110046,-0.030128473415970802,0.33112186193466187,0.31849032640457153,-0.051649145781993866,0.29584020376205444,0.2584787905216217,-0.0648319199681282,0.48653674125671387,0.5044822692871094,-0.026180068030953407,0.44510164856910706,0.3877027630805969,-0.049065347760915756,0.4161962866783142,0.3135174810886383,-0.059731122106313705,0.3869096636772156,0.25184381008148193,-0.0641535073518753,0.5446174740791321,0.5140224695205688,-0.051531728357076645,0.5240093469619751,0.4118468165397644,-0.0633326917886734,0.5078818202018738,0.3469333052635193,-0.06046703830361366,0.48912733793258667,0.2906268537044525,-0.05639423429965973
0.577266275882721,0.8128371834754944,1.4959718441787118e-07,0.4887807071208954,0.7965788245201111,-0.022183895111083984,0.4049474895000458,0.7347235083580017,-0.0390094593167305,0.34365543723106384,0.684568464756012,-0.05993826314806938,0.29978764057159424,0.6258437037467957,-0.07820150256156921,0.4044674038887024,0.5730672478675842,0.004242965020239353,0.33849120140075684,0.5111523270606995,-0.04598644748330116,0.3089182674884796,0.5382775068283081,-0.08928690105676651,0.3006035089492798,0.5806946754455566,-0.11061237752437592,0.4379625618457794,0.521839439868927,-0.007153685204684734,0.3774862289428711,0.3981468379497528,-0.03209209442138672,0.3338378965854645,0.3206280767917633,-0.05399208143353462,0.2997475564479828,0.2623025178909302,-0.06823796778917313,0.4867514669895172,0.504692018032074,-0.028303058817982674,0.4446743428707123,0.3904750347137451,-0.051076095551252365,0.41630518436431885,0.3176289200782776,-0.062024135142564774,0.38758474588394165,0.25801461935043335,-0.06740593910217285,0.5451494455337524,0.5154447555541992,-0.05339837074279785,0.5258834958076477,0.41546469926834106,-0.06710796803236008,0.5091793537139893,0.3508538007736206,-0.06542957574129105,0.4892791211605072,0.29603761434555054,-0.06234756484627724
0.5735396146774292,0.7950038313865662,1.753997764808446e-07,0.48481646180152893,0.780656099319458,-0.020621201023459435,0.4007931351661682,0.7175063490867615,-0.036378998309373856,0.33693698048591614,0.6689130067825317,-0.056569378823041916,0.2947539687156677,0.6116784811019897,-0.07389502227306366,0.40094617009162903,0.5626190304756165,0.007645079400390387,0.33657383918762207,0.49640607833862305,-0.04236586019396782,0.30989497900009155,0.5233500599861145,-0.08530773222446442,0.30503666400909424,0.5671632289886475,-0.10589395463466644,0.4343017339706421,0.5127213597297668,-0.0037749758921563625,0.37211617827415466,0.38702481985092163,-0.027530252933502197,0.32925671339035034,0.30991053581237793,-0.04852651432156563,0.29512637853622437,0.24977344274520874,-0.06211332231760025,0.483022540807724,0.49578556418418884,-0.02515341527760029,0.441292941570282,0.38294118642807007,-0.04655715823173523,0.41344717144966125,0.31010159850120544,-0.057311031967401505,0.3845444917678833,0.24931448698043823,-0.06267082691192627,0.541541337966919,0.5054495930671692,-0.050403956323862076,0.5207388997077942,0.40596139430999756,-0.06173297390341759,0.5047113299369812,0.3429851531982422,-0.05918806046247482,0.48550570011138916,0.2880289852619171,-0.056022148579359055
0.5728686451911926,0.7986742258071899,1.6975270966668177e-07,0.4855453073978424,0.7798588275909424,-0.02229168266057968,0.40311717987060547,0.7191442847251892,-0.040149442851543427,0.3409278988838196,0.6708953380584717,-0.06249077618122101,0.2978721857070923,0.609557569026947,-0.08203130960464478,0.4009937047958374,0.5619786381721497,0.005225158762186766,0.3370339572429657,0.4974953830242157,-0.04782560467720032,0.3085123300552368,0.5245840549468994,-0.09275216609239578,0.30124878883361816,0.5685682892799377,-0.11431945860385895,0.43409979343414307,0.5119410753250122,-0.005657061003148556,0.3745611310005188,0.3888263702392578,-0.03145073354244232,0.33224067091941833,0.3116171658039093,-0.05249058082699776,0.2986997067928314,0.2528400719165802,-0.06552301347255707,0.4830504059791565,0.4949420392513275,-0.02680741809308529,0.44102323055267334,0.3826081156730652,-0.049874912947416306,0.41268616914749146,0.31008273363113403,-0.05939976125955582,0.38397958874702454,0.25063642859458923,-0.0632304772734642,0.5415812134742737,0.5055996775627136,-0.05205206200480461,0.5215593576431274,0.4063339829444885,-0.06527890264987946,0.5049440860748291,0.3423982262611389,-0.06256422400474548,0.4859882891178131,0.2873801290988922,-0.058381229639053345
0.5645313858985901,0.7931841015815735,1.8443648741595098e-07,0.4771971106529236,0.7719787359237671,-0.021716270595788956,0.39703837037086487,0.7060940265655518,-0.038764588534832,0.33719485998153687,0.6514844298362732,-0.06011015176773071,0.29650676250457764,0.5880898833274841,-0.07855147123336792,0.399702250957489,0.5527750849723816,0.005176077131181955,0.3370393216609955,0.4835137724876404,-0.046793218702077866,0.30720433592796326,0.5141649842262268,-0.09088239818811417,0.29926732182502747,0.5616365075111389,-0.11159393936395645,0.4332485496997833,0.5055411458015442,-0.004969232715666294,0.37677931785583496,0.37791404128074646,-0.027856139466166496,0.33628565073013306,0.3002055585384369,-0.046609047800302505,0.3039117753505707,0.24050700664520264,-0.05831416696310043,0.48188334703445435,0.4906933307647705,-0.02517092600464821,0.4409620463848114,0.37618914246559143,-0.045315638184547424,0.41349565982818604,0.3046693801879883,-0.052136633545160294,0.38533368706703186,0.24700888991355896,-0.054343391209840775,0.5399978756904602,0.5011924505233765,-0.049589090049266815,0.5208792686462402,0.4006913900375366,-0.06090424209833145,0.5058192014694214,0.3371261656284332,-0.05648111179471016,0.488130658864975,0.2824563980102539,-0.051017578691244125
0.5629080533981323,0.7904752492904663,1.6863921814547211e-07,0.4765620529651642,0.770000159740448,-0.025141743943095207,0.3974255323410034,0.7082873582839966,-0.04432246834039688,0.3386211395263672,0.6542907357215881,-0.06721729785203934,0.29863685369491577,0.5894720554351807,-0.08704451471567154,0.3988589942455292,0.550413966178894,0.0019364230101928115,0.33651554584503174,0.4805893301963806,-0.05121203139424324,0.3076478838920593,0.5076282620429993,-0.0959463119506836,0.29977861046791077,0.5517054200172424,-0.11733875423669815,0.4334862232208252,0.5022571086883545,-0.007073407527059317,0.37673550844192505,0.37781816720962524,-0.033111028373241425,0.3357386589050293,0.3012278079986572,-0.05410098284482956,0.3021613359451294,0.2420344352722168,-0.06703688949346542,0.4821913540363312,0.48682230710983276,-0.026323722675442696,0.4438839852809906,0.374424546957016,-0.049482010304927826,0.4168928563594818,0.301973432302475,-0.058823466300964355,0.3883286714553833,0.24182891845703125,-0.062371592968702316,0.5398614406585693,0.4977406859397888,-0.04983816295862198,0.5220597982406616,0.3998170793056488,-0.0627831444144249,0.5063663125038147,0.33801180124282837,-0.05972210317850113,0.4877625107765198,0.28476500511169434,-0.055148594081401825
0.5569248199462891,0.798162579536438,1.9895591663043888e-07,0.47185954451560974,0.7703068852424622,-0.022264808416366577,0.39654970169067383,0.6980630159378052,-0.039374034851789474,0.3404817283153534,0.6416822671890259,-0.06124929338693619,0.3049243986606598,0.5783039331436157,-0.08032700419425964,0.4026319980621338,0.5449026226997375,0.008629340678453445,0.3429078459739685,0.47367480397224426,-0.043963298201560974,0.3110855221748352,0.49838531017303467,-0.08909282088279724,0.3009057641029358,0.5420672297477722,-0.11036425828933716,0.4380437731742859,0.4989379644393921,-0.0014611345250159502,0.3877439498901367,0.37193983793258667,-0.024393266066908836,0.3487113118171692,0.29221969842910767,-0.042815085500478745,0.31795060634613037,0.23379382491111755,-0.053755614906549454,0.48708200454711914,0.48674455285072327,-0.02220078371465206,0.4534517228603363,0.37055712938308716,-0.04249056801199913,0.42775002121925354,0.2976532578468323,-0.04787491261959076,0.4015519917011261,0.24038290977478027,-0.04852598160505295,0.5437886714935303,0.5016221404075623,-0.04744277894496918,0.5300292372703552,0.4009685516357422,-0.05911032855510712,0.5163965225219727,0.33662742376327515,-0.053986720740795135,0.4996300935745239,0.28172069787979126,-0.04747992381453514
0.5547403693199158,0.7926022410392761,1.8411508051485725e-07,0.4699253439903259,0.7671781182289124,-0.023165123537182808,0.3949751853942871,0.6975852251052856,-0.04138366878032684,0.33742010593414307,0.6408593654632568,-0.06422489881515503,0.3034980297088623,0.5764009952545166,-0.08404948562383652,0.40187638998031616,0.5414741039276123,0.008141448721289635,0.3429274260997772,0.4692995548248291,-0.04454204440116882,0.3136504888534546,0.491657555103302,-0.08930417895317078,0.30533283948898315,0.5320335626602173,-0.11029989272356033,0.43798893690109253,0.4961478114128113,-0.0014328549150377512,0.3878685534000397,0.36911091208457947,-0.02602677047252655,0.34896257519721985,0.29026174545288086,-0.045454200357198715,0.3164697289466858,0.22827386856079102,-0.05678897351026535,0.4867699444293976,0.4833815395832062,-0.02163931354880333,0.45292186737060547,0.36939871311187744,-0.04248419404029846,0.42861124873161316,0.29693037271499634,-0.04925478622317314,0.4027694761753082,0.2366279661655426,-0.0507797934114933,0.5425513386726379,0.4975372552871704,-0.046405136585235596,0.5272555947303772,0.39864903688430786,-0.05646488070487976,0.513435959815979,0.336866557598114,-0.05129691958427429,0.49740415811538696,0.2829809784889221,-0.04510023817420006
0.5426715016365051,0.8044530749320984,1.9006881757377414e-07,0.45784127712249756,0.7670472264289856,-0.023761656135320663,0.38626670837402344,0.6869741678237915,-0.03911969065666199,0.33122938871383667,0.6207915544509888,-0.05863352119922638,0.3026157021522522,0.548547625541687,-0.0756300687789917,0.4079691767692566,0.5382699370384216,0.01370294764637947,0.35333526134490967,0.46018391847610474,-0.03811074048280716,0.3210287392139435,0.4740508496761322,-0.08412482589483261,0.3071996569633484,0.5112431645393372,-0.10644947737455368,0.44611674547195435,0.4955957233905792,0.00510812271386385,0.40521103143692017,0.36247318983078003,-0.01864347606897354,0.3707527816295624,0.28315144777297974,-0.040791355073451996,0.34239691495895386,0.22588962316513062,-0.054519642144441605,0.49527063965797424,0.4869135916233063,-0.014292445965111256,0.4703628122806549,0.3691782057285309,-0.03674965724349022,0.44866943359375,0.29780539870262146,-0.045808371156454086,0.42538711428642273,0.24050596356391907,-0.04873095080256462,0.5503261089324951,0.5055185556411743,-0.03801651671528816,0.5425701141357422,0.4060850739479065,-0.049880772829055786,0.5341213941574097,0.34441307187080383,-0.045564278960227966,0.5216269493103027,0.29052096605300903,-0.04008016362786293
0.5418997406959534,0.8032981157302856,1.452087872166885e-07,0.4572910666465759,0.7664152383804321,-0.02354205586016178,0.38569414615631104,0.6851191520690918,-0.03904251009225845,0.3322060704231262,0.6166397929191589,-0.05845336988568306,0.30256518721580505,0.545601487159729,-0.07478471100330353,0.4087445139884949,0.5351184606552124,0.012349429540336132,0.35788580775260925,0.45063647627830505,-0.0375497005879879,0.3257775604724884,0.46463921666145325,-0.08194171637296677,0.31123775243759155,0.5026978254318237,-0.10340781509876251,0.44698232412338257,0.49410584568977356,0.0044511593878269196,0.4068162739276886,0.3609921932220459,-0.018493538722395897,0.37343138456344604,0.28073129057884216,-0.03966335207223892,0.3456622362136841,0.21991640329360962,-0.0529952235519886,0.49599623680114746,0.48667892813682556,-0.013992922380566597,0.4711299538612366,0.3687562942504883,-0.03400544077157974,0.4514210820198059,0.29618361592292786,-0.042405448853969574,0.4305073022842407,0.23634731769561768,-0.04544884338974953,0.550861656665802,0.5059970617294312,-0.03692952170968056,0.5409138202667236,0.4045550525188446,-0.04650891572237015,0.5309340953826904,0.34355008602142334,-0.041848599910736084,0.5178250074386597,0.2898971736431122,-0.036469317972660065
0.5304540991783142,0.8079342842102051,1.7558426179675735e-07,0.4493836760520935,0.7661138772964478,-0.025883113965392113,0.3811449408531189,0.6794934868812561,-0.04281388223171234,0.32769685983657837,0.6082618236541748,-0.06337384879589081,0.29790815711021423,0.53423011302948,-0.08106562495231628,0.4109073579311371,0.5322048664093018,0.01086582150310278,0.3619881272315979,0.447875052690506,-0.04092424362897873,0.32706257700920105,0.45889970660209656,-0.0868668481707573,0.30896276235580444,0.4928228259086609,-0.10948266834020615,0.44880157709121704,0.49403005838394165,0.0036396016366779804,0.41240739822387695,0.3603820204734802,-0.018019383773207664,0.38314104080200195,0.2770993113517761,-0.0373910591006279,0.3600263297557831,0.21302127838134766,-0.04984527453780174,0.49780210852622986,0.4904630780220032,-0.014808687381446362,0.4765162467956543,0.37127435207366943,-0.0340307280421257,0.45865410566329956,0.29646867513656616,-0.040646497160196304,0.4396471679210663,0.23399293422698975,-0.043073929846286774,0.5514591932296753,0.5145812034606934,-0.03819136694073677,0.5462891459465027,0.4158242344856262,-0.04874757304787636,0.5403352379798889,0.35271668434143066,-0.04424404725432396,0.5306199789047241,0.29520317912101746,-0.039216481149196625
0.5314871072769165,0.8065465688705444,1.2632564505565824e-07,0.4491307735443115,0.7628817558288574,-0.022956551983952522,0.38105976581573486,0.6748379468917847,-0.03703184798359871,0.3277219831943512,0.6013936400413513,-0.054923564195632935,0.2971913814544678,0.5276089310646057,-0.06987438350915909,0.4128201901912689,0.5331004858016968,0.01583145186305046,0.3650951385498047,0.4491737484931946,-0.031403206288814545,0.3305736780166626,0.45585036277770996,-0.07438519597053528,0.3112911581993103,0.4833136200904846,-0.09583492577075958,0.45090344548225403,0.49496614933013916,0.0077594369649887085,0.41274333000183105,0.36193960905075073,-0.014257890172302723,0.38351330161094666,0.2789041996002197,-0.0347781740128994,0.3603955805301666,0.21310469508171082,-0.04766698181629181,0.49956125020980835,0.49112793803215027,-0.010953705757856369,0.47767186164855957,0.3737221658229828,-0.031191762536764145,0.4609009623527527,0.29866933822631836,-0.040520455688238144,0.44255244731903076,0.23393115401268005,-0.04427499324083328,0.5530974268913269,0.5138243436813354,-0.03404396027326584,0.5466906428337097,0.41437584161758423,-0.04395014047622681,0.5394672751426697,0.3525993824005127,-0.040353864431381226,0.5288043022155762,0.29648786783218384,-0.0361696295440197
0.5216937065124512,0.8038851022720337,1.6653183365633595e-07,0.4395047724246979,0.7593785524368286,-0.020438948646187782,0.37301743030548096,0.67076575756073,-0.03346957266330719,0.3195660710334778,0.5961101651191711,-0.050946470350027084,0.29141849279403687,0.5220258831977844,-0.06569180637598038,0.40722912549972534,0.5278013348579407,0.0210085678845644,0.3617130219936371,0.44306400418281555,-0.02477382868528366,0.32717299461364746,0.44939324259757996,-0.06703994423151016,0.3075495958328247,0.476850688457489,-0.08812995254993439,0.44568297266960144,0.49252140522003174,0.012247477658092976,0.4133719205856323,0.3580191731452942,-0.008233830332756042,0.38714998960494995,0.27570611238479614,-0.02811243012547493,0.36541828513145447,0.20868980884552002,-0.04071372002363205,0.4938574731349945,0.4904492497444153,-0.007157118991017342,0.4745253622531891,0.37297359108924866,-0.025456959381699562,0.4599752724170685,0.29917025566101074,-0.03365027531981468,0.44345980882644653,0.23461726307868958,-0.03696750849485397,0.545789361000061,0.5143288969993591,-0.030909588560461998,0.5401467084884644,0.4156073331832886,-0.03881928697228432,0.5353425145149231,0.3551401197910309,-0.0340709313750267,0.5279463529586792,0.29920467734336853,-0.029393795877695084
0.5215016603469849,0.8041749000549316,1.658679025240417e-07,0.43932822346687317,0.7592423558235168,-0.023617008700966835,0.3720298409461975,0.6706650257110596,-0.039250317960977554,0.31879812479019165,0.5953737497329712,-0.059184588491916656,0.2898778021335602,0.5196257829666138,-0.07614648342132568,0.4058757722377777,0.5292590260505676,0.017870236188173294,0.36136847734451294,0.44286948442459106,-0.030714798718690872,0.32768529653549194,0.44900748133659363,-0.07466983050107956,0.31006574630737305,0.47997769713401794,-0.09628907591104507,0.4439829885959625,0.4931740164756775,0.010052409954369068,0.4115371108055115,0.3591720759868622,-0.010565201751887798,0.3852316439151764,0.276293009519577,-0.029720548540353775,0.36407405138015747,0.21043044328689575,-0.04187927395105362,0.49249711632728577,0.49139314889907837,-0.00904229748994112,0.4738639295101166,0.3721587061882019,-0.02746191993355751,0.4592357873916626,0.2979828119277954,-0.03467641770839691,0.44296926259994507,0.2346266806125641,-0.037497248500585556,0.5449240803718567,0.5164275169372559,-0.0328800305724144,0.540135383605957,0.4177584648132324,-0.042098674923181534,0.5345697402954102,0.3563957214355469,-0.03771005570888519,0.5262125134468079,0.29984575510025024,-0.0330602265894413
0.5099986791610718,0.8013898134231567,1.798809279307534e-07,0.42785072326660156,0.753117024898529,-0.020811880007386208,0.3607253432273865,0.6597258448600769,-0.033333297818899155,0.30623841285705566,0.5832492113113403,-0.05069178342819214,0.2789100110530853,0.5049863457679749,-0.06517009437084198,0.40121859312057495,0.5215568542480469,0.0259077250957489,0.3569488525390625,0.4365770220756531,-0.01850329339504242,0.32121503353118896,0.4389285445213318,-0.05961533263325691,0.2992575764656067,0.4631540775299072,-0.07967526465654373,0.43893301486968994,0.48858076333999634,0.017703188583254814,0.4098919630050659,0.35562559962272644,0.0016903921496123075,0.3850148618221283,0.2744811177253723,-0.014335640706121922,0.3640575408935547,0.20867139101028442,-0.024532804265618324,0.48617497086524963,0.4891832172870636,-0.0020699063315987587,0.46980971097946167,0.3722837567329407,-0.016695598140358925,0.4556896388530731,0.2972407937049866,-0.022065546363592148,0.4398995637893677,0.23226559162139893,-0.02412969060242176,0.5368445515632629,0.5140321850776672,-0.026661569252610207,0.534011960029602,0.4173828065395355,-0.03353799134492874,0.5305442810058594,0.35646331310272217,-0.028736621141433716,0.5236577391624451,0.2990727126598358,-0.024205407127738
0.5081453323364258,0.798859715461731,1.6641102718040202e-07,0.42574945092201233,0.7525889277458191,-0.022009409964084625,0.36023929715156555,0.6592315435409546,-0.03597356379032135,0.3072434067726135,0.5818852186203003,-0.05465330183506012,0.2777394652366638,0.504596471786499,-0.07042720913887024,0.3997972011566162,0.5229905247688293,0.02098526991903782,0.35522496700286865,0.43765461444854736,-0.026014363393187523,0.3193221986293793,0.4426729381084442,-0.06804050505161285,0.2998911738395691,0.47205430269241333,-0.08790628612041473,0.4379904866218567,0.4890715479850769,0.013080502860248089,0.4092614948749542,0.3548211455345154,-0.00485369423404336,0.384487509727478,0.27217715978622437,-0.020315079018473625,0.36435672640800476,0.20682385563850403,-0.02937379479408264,0.4855635464191437,0.4892657995223999,-0.00628294050693512,0.468403697013855,0.3705385625362396,-0.022380709648132324,0.4543903172016144,0.2960866689682007,-0.025641510263085365,0.43868422508239746,0.23278167843818665,-0.02530665695667267,0.5360873341560364,0.5149394273757935,-0.03053240105509758,0.5325646996498108,0.4167553782463074,-0.038508228957653046,0.5291223526000977,0.355399489402771,-0.03221660479903221,0.5231564044952393,0.2984831929206848,-0.02562495693564415
0.4951185882091522,0.796076774597168,1.8355370912104263e-07,0.41549253463745117,0.743844747543335,-0.02121056616306305,0.35158538818359375,0.6473796367645264,-0.03473241999745369,0.30005118250846863,0.5670155882835388,-0.05270490422844887,0.27559831738471985,0.48604846000671387,-0.0680721327662468,0.3973240256309509,0.5129228234291077,0.0214843712747097,0.3542037010192871,0.42638707160949707,-0.023963801562786102,0.3178589940071106,0.42965248227119446,-0.06533995270729065,0.29777082800865173,0.45646482706069946,-0.085521399974823,0.43559181690216064,0.48326659202575684,0.01355960313230753,0.41161733865737915,0.3474486470222473,-0.004028515890240669,0.38889479637145996,0.26727381348609924,-0.020826268941164017,0.37071987986564636,0.20327594876289368,-0.03134459629654884,0.4828975796699524,0.4872429668903351,-0.005336127709597349,0.4703868329524994,0.3673124313354492,-0.021369731053709984,0.4573039710521698,0.29519546031951904,-0.02611130103468895,0.44256532192230225,0.23315396904945374,-0.027446042746305466,0.5324256420135498,0.5163102746009827,-0.028785021975636482,0.5331743359565735,0.41940852999687195,-0.037121061235666275,0.5319400429725647,0.3591596484184265,-0.03187602013349533,0.527678370475769,0.30210694670677185,-0.026509525254368782
0.4952479302883148,0.7975001335144043,1.677483396633761e-07,0.4151301980018616,0.7465513944625854,-0.022431567311286926,0.3532450199127197,0.650844931602478,-0.03755801171064377,0.30195239186286926,0.5691221952438354,-0.05768781900405884,0.2760942578315735,0.488211452960968,-0.07472895830869675,0.39859089255332947,0.5160095691680908,0.024144306778907776,0.3550258278846741,0.4297583997249603,-0.023147668689489365,0.3181508183479309,0.4324501156806946,-0.06591949611902237,0.29815903306007385,0.4601665139198303,-0.08619396388530731,0.4367067813873291,0.48489832878112793,0.016536185517907143,0.41227686405181885,0.35065731406211853,-0.000914611155167222,0.38956791162490845,0.26878905296325684,-0.01638612523674965,0.3717347979545593,0.20380499958992004,-0.025344587862491608,0.48382726311683655,0.4875708222389221,-0.002878534607589245,0.4714584946632385,0.36842918395996094,-0.01828584633767605,0.4601624011993408,0.29420968890190125,-0.0210778396576643,0.44745975732803345,0.2313610017299652,-0.020396500825881958,0.5328140258789062,0.515647292137146,-0.027348818257451057,0.5330301523208618,0.41842594742774963,-0.03442065790295601,0.5318077206611633,0.35758471488952637,-0.027704229578375816,0.5283313989639282,0.3012225329875946,-0.020802335813641548
0.4817501902580261,0.8009264469146729,2.0625988383926597e-07,0.4065207839012146,0.7364574074745178,-0.020929014310240746,0.34649527072906494,0.6347732543945312,-0.03475014492869377,0.2959752678871155,0.5500455498695374,-0.053498562425374985,0.2771548628807068,0.4627695679664612,-0.06977579742670059,0.40205785632133484,0.5072605609893799,0.026302149519324303,0.362790584564209,0.42053407430648804,-0.019300417974591255,0.3247827887535095,0.41887643933296204,-0.06109660863876343,0.301906019449234,0.4406193792819977,-0.08168921619653702,0.4416169226169586,0.48229485750198364,0.018092812970280647,0.4251377284526825,0.3460984230041504,-0.0009452076046727598,0.40556275844573975,0.2649793028831482,-0.019347047433257103,0.38860437273979187,0.19833707809448242,-0.03065170720219612,0.48756277561187744,0.49064934253692627,-0.0014384188689291477,0.4813576340675354,0.3724657893180847,-0.020064467564225197,0.4709659218788147,0.2975216507911682,-0.027025476098060608,0.4576661288738251,0.23168182373046875,-0.02912290394306183,0.5340906381607056,0.5234996676445007,-0.025259239599108696,0.5412137508392334,0.42745867371559143,-0.03485291823744774,0.5438770055770874,0.3667219877243042,-0.030962832272052765,0.5421355366706848,0.30889272689819336,-0.026469511911273003
0.4783826172351837,0.7993090152740479,1.6428353433184384e-07,0.4033348858356476,0.7365936040878296,-0.02308618277311325,0.3454302251338959,0.6389353275299072,-0.03944197669625282,0.2979722023010254,0.5521106123924255,-0.060478586703538895,0.27922454476356506,0.46635276079177856,-0.07880332320928574,0.4000263512134552,0.5059290528297424,0.022034887224435806,0.3607941269874573,0.4155511260032654,-0.02474815398454666,0.324231892824173,0.41551315784454346,-0.06776989996433258,0.30376923084259033,0.4416356682777405,-0.089051753282547,0.43992772698402405,0.4807310998439789,0.01462177187204361,0.42353758215904236,0.3452179431915283,-0.004069645423442125,0.4055193364620209,0.26523229479789734,-0.022451799362897873,0.3908320665359497,0.19905024766921997,-0.034397054463624954,0.4864027798175812,0.48934581875801086,-0.0041944836266338825,0.48220980167388916,0.37034064531326294,-0.021729914471507072,0.47458407282829285,0.2961311638355255,-0.02915121801197529,0.46453914046287537,0.23177745938301086,-0.03237046301364899,0.5326300263404846,0.5234696865081787,-0.027631111443042755,0.5401651859283447,0.42726367712020874,-0.036597296595573425,0.5424342155456543,0.3664247989654541,-0.033153995871543884,0.5412843227386475,0.3086943030357361,-0.029410921037197113
0.4722822606563568,0.806800127029419,1.854905065101775e-07,0.3978629410266876,0.7410656213760376,-0.022974958643317223,0.34172168374061584,0.6410242319107056,-0.03952353447675705,0.2952727675437927,0.5539553761482239,-0.0609058141708374,0.27952486276626587,0.4663763642311096,-0.07963249087333679,0.4012327790260315,0.5064610838890076,0.02352980524301529,0.3629530072212219,0.4151338040828705,-0.02325701341032982,0.3232528269290924,0.41129910945892334,-0.06666942685842514,0.30026715993881226,0.4335211217403412,-0.08820368349552155,0.44187667965888977,0.4824584424495697,0.015898220241069794,0.42855915427207947,0.34748631715774536,-0.0013431694824248552,0.4135829508304596,0.2641485035419464,-0.018355628475546837,0.40254494547843933,0.19605344533920288,-0.02925717644393444,0.48836395144462585,0.4928627014160156,-0.003404070157557726,0.485100120306015,0.3724747896194458,-0.01996876671910286,0.47900283336639404,0.2959553003311157,-0.0261228010058403,0.470807284116745,0.2302248179912567,-0.028465034440159798,0.5345262289047241,0.5293503403663635,-0.027469955384731293,0.5446659326553345,0.43427836894989014,-0.03668587654829025,0.5486920475959778,0.3729051351547241,-0.032913707196712494,0.5496894121170044,0.31517380475997925,-0.028626177459955215
0.47049230337142944,0.8060572147369385,1.7425750797883666e-07,0.39625561237335205,0.7392046451568604,-0.02254185453057289,0.3413882851600647,0.6389784812927246,-0.03887857496738434,0.2947441339492798,0.5527324080467224,-0.06029653176665306,0.2749820947647095,0.46801093220710754,-0.07918763905763626,0.4003039300441742,0.5064144730567932,0.023219307884573936,0.3627380430698395,0.41453906893730164,-0.02376442775130272,0.32343995571136475,0.41124746203422546,-0.06703568994998932,0.3004903495311737,0.43456441164016724,-0.08834555745124817,0.4415333569049835,0.48227939009666443,0.015385858714580536,0.42976677417755127,0.3474313020706177,-0.002928387373685837,0.4148064851760864,0.26492446660995483,-0.02032129280269146,0.40338945388793945,0.19625812768936157,-0.03139118105173111,0.48800456523895264,0.49291905760765076,-0.004017783794552088,0.48572874069213867,0.3731900751590729,-0.02089991420507431,0.4806722402572632,0.297577440738678,-0.027163192629814148,0.4734448194503784,0.23235619068145752,-0.029459290206432343,0.5330833196640015,0.5294902324676514,-0.028189798817038536,0.5435934662818909,0.4338054955005646,-0.03663450852036476,0.5478240251541138,0.3723413646221161,-0.03255876526236534,0.5494750738143921,0.31445375084877014,-0.02817084640264511
0.4628177583217621,0.8154622316360474,1.5997703428638488e-07,0.3892687261104584,0.7488796710968018,-0.02505132183432579,0.33519279956817627,0.6474424600601196,-0.042326319962739944,0.2922501564025879,0.5602043867111206,-0.06364621222019196,0.2681363821029663,0.4745171368122101,-0.08228784799575806,0.3962387442588806,0.5142924785614014,0.01594972237944603,0.3607969880104065,0.4211973547935486,-0.030061932280659676,0.31971925497055054,0.41770970821380615,-0.07280158251523972,0.2909891605377197,0.4385838806629181,-0.09484952688217163,0.4369797706604004,0.4909197688102722,0.0086608175188303,0.4253952205181122,0.3550723195075989,-0.011530781164765358,0.41101425886154175,0.2697908580303192,-0.03114159218966961,0.39932388067245483,0.1978638768196106,-0.04440198466181755,0.4826849400997162,0.5014575123786926,-0.009642128832638264,0.48026037216186523,0.37941521406173706,-0.028300829231739044,0.47602561116218567,0.3019382357597351,-0.03728139027953148,0.46904078125953674,0.23376408219337463,-0.04190674051642418,0.5284616947174072,0.5370187163352966,-0.032682061195373535,0.5381307005882263,0.43763625621795654,-0.04297982528805733,0.5420894622802734,0.37392064929008484,-0.04090850427746773,0.5423038601875305,0.31519952416419983,-0.038452185690402985
0.46268269419670105,0.8154923915863037,1.3510243945802358e-07,0.3883504271507263,0.7461209893226624,-0.020747927948832512,0.3352070748806,0.6429530382156372,-0.035681042820215225,0.2896724045276642,0.5592697262763977,-0.05549000948667526,0.2634817957878113,0.4778622090816498,-0.07295471429824829,0.3967594802379608,0.5129674077033997,0.01897684670984745,0.358935683965683,0.42005547881126404,-0.027622312307357788,0.31746581196784973,0.4219089448451996,-0.07108242809772491,0.2906513810157776,0.448469877243042,-0.09302119165658951,0.437041699886322,0.4903724193572998,0.010144012048840523,0.4251260757446289,0.35289207100868225,-0.009680606424808502,0.4102209508419037,0.2686408460140228,-0.02878539264202118,0.3984391987323761,0.19863882660865784,-0.04145121946930885,0.48256993293762207,0.5020112991333008,-0.00940710213035345,0.48092126846313477,0.3809759318828583,-0.026773329824209213,0.47618451714515686,0.30341067910194397,-0.03444766253232956,0.4690319895744324,0.2362242341041565,-0.037945039570331573,0.5268754959106445,0.5387219190597534,-0.0334513857960701,0.5370094776153564,0.4390659034252167,-0.041961487382650375,0.540765106678009,0.37524381279945374,-0.038161180913448334,0.5414891242980957,0.31621357798576355,-0.03427347168326378
0.4628069996833801,0.8271946907043457,1.6143209791152913e-07,0.38681793212890625,0.7597218751907349,-0.02241189405322075,0.3310259282588959,0.6560604572296143,-0.0380520299077034,0.2860586643218994,0.5689056515693665,-0.058320775628089905,0.25782421231269836,0.48410117626190186,-0.07569712400436401,0.3920595943927765,0.5236849188804626,0.01907833106815815,0.3555178642272949,0.4276711344718933,-0.02493724785745144,0.3141460120677948,0.42656171321868896,-0.06571827828884125,0.2847174406051636,0.44978055357933044,-0.08621425181627274,0.4326220154762268,0.5005088448524475,0.010867525823414326,0.42006731033325195,0.3612041473388672,-0.008578997105360031,0.404157817363739,0.2738742530345917,-0.026934707537293434,0.3907436430454254,0.20200496912002563,-0.03859918192028999,0.4773280918598175,0.5112157464027405,-0.008031154982745647,0.4733515977859497,0.38819923996925354,-0.0255717970430851,0.4679402709007263,0.3083285689353943,-0.0327766053378582,0.4602122902870178,0.2391340434551239,-0.03560887277126312,0.5220906734466553,0.5469072461128235,-0.03150684013962746,0.5314964056015015,0.4469468891620636,-0.040216170251369476,0.5344732999801636,0.3822047710418701,-0.03613461181521416,0.5341020226478577,0.32419371604919434,-0.03177827596664429
0.4600541591644287,0.8277322053909302,1.4654669655556063e-07,0.3842102289199829,0.7606075406074524,-0.01956760510802269,0.3310556411743164,0.6525048017501831,-0.03278690576553345,0.28472548723220825,0.567939043045044,-0.05147882550954819,0.25601726770401,0.4880621135234833,-0.0676271915435791,0.3916039764881134,0.5195273160934448,0.02431095577776432,0.3536868393421173,0.4268382787704468,-0.02094363234937191,0.3118843138217926,0.4309867024421692,-0.06344166398048401,0.2853659391403198,0.46059155464172363,-0.08423297107219696,0.4311336576938629,0.49641212821006775,0.01522929035127163,0.4184882938861847,0.35763949155807495,-0.0017390081193298101,0.40206924080848694,0.2714901566505432,-0.018403571099042892,0.38886553049087524,0.20185056328773499,-0.028923066332936287,0.47644856572151184,0.5081638097763062,-0.004968917928636074,0.4729495346546173,0.38646697998046875,-0.019903864711523056,0.4665505290031433,0.30800122022628784,-0.024844825267791748,0.4578816294670105,0.2413720190525055,-0.02618531882762909,0.5210920572280884,0.5446128249168396,-0.02990134246647358,0.5296322703361511,0.44455528259277344,-0.03721700608730316,0.5324379801750183,0.38022664189338684,-0.031766377389431,0.5323507785797119,0.3215036690235138,-0.026130784302949905
0.45988884568214417,0.8312699794769287,1.7096959936679923e-07,0.38280150294303894,0.7636374831199646,-0.019909821450710297,0.3292592465877533,0.6592838168144226,-0.034797701984643936,0.2822314500808716,0.5761412978172302,-0.05519767850637436,0.24849016964435577,0.4967848062515259,-0.07281753420829773,0.3886866569519043,0.5253685712814331,0.022046320140361786,0.35117051005363464,0.4310358166694641,-0.023088006302714348,0.30670827627182007,0.433621883392334,-0.06441099941730499,0.2764161229133606,0.4607948660850525,-0.08409798890352249,0.4271240234375,0.5035207867622375,0.01304304227232933,0.41302403807640076,0.362218976020813,-0.003733876859769225,0.3972545266151428,0.27482637763023376,-0.017539381980895996,0.38431689143180847,0.20150449872016907,-0.025366956368088722,0.47124654054641724,0.5149542689323425,-0.0070318193174898624,0.4646804928779602,0.39212554693222046,-0.020834024995565414,0.4595286250114441,0.3126521706581116,-0.02187541499733925,0.4524158537387848,0.24400007724761963,-0.020053796470165253,0.515232264995575,0.5496810078620911,-0.032132476568222046,0.5199896097183228,0.44787874817848206,-0.037455346435308456,0.5229321122169495,0.3832884728908539,-0.028801579028367996,0.5243832468986511,0.32567858695983887,-0.020557275041937828
0.46167293190956116,0.8310093879699707,1.6824466797515925e-07,0.38399484753608704,0.7692825794219971,-0.019999589771032333,0.330178827047348,0.6626139283180237,-0.0341765359044075,0.28107360005378723,0.5790438652038574,-0.05431700497865677,0.25178205966949463,0.5000085830688477,-0.07133947312831879,0.38619929552078247,0.5275472402572632,0.025132032111287117,0.3483908176422119,0.43446600437164307,-0.021797416731715202,0.3066323399543762,0.4372395873069763,-0.06425561755895615,0.28100091218948364,0.46815064549446106,-0.08382856845855713,0.4238447844982147,0.5027663111686707,0.01596873067319393,0.408947616815567,0.36342155933380127,0.0010904503287747502,0.39340686798095703,0.2748928368091583,-0.010733058676123619,0.382642537355423,0.20490115880966187,-0.01712467148900032,0.4686223566532135,0.513094425201416,-0.0051141842268407345,0.4638124704360962,0.39036452770233154,-0.01700022630393505,0.45788776874542236,0.31123507022857666,-0.015351887792348862,0.4509357511997223,0.24512329697608948,-0.011771653778851032,0.5132406949996948,0.5475226640701294,-0.031711239367723465,0.5190197825431824,0.44678476452827454,-0.03715725988149643,0.5219764113426208,0.3817991316318512,-0.02821122482419014,0.5232756733894348,0.32245635986328125,-0.019305983558297157
0.46318337321281433,0.8316956162452698,2.0563318514632556e-07,0.3852812647819519,0.7719625234603882,-0.02282540313899517,0.32898440957069397,0.6690956950187683,-0.038951631635427475,0.27811795473098755,0.5869698524475098,-0.06047729775309563,0.24569058418273926,0.5083272457122803,-0.07877017557621002,0.3835839033126831,0.5309426188468933,0.022766679525375366,0.34405726194381714,0.44030457735061646,-0.02531025931239128,0.3005668520927429,0.44109517335891724,-0.06863030046224594,0.2725045084953308,0.46848827600479126,-0.08882828801870346,0.4210582375526428,0.5046042799949646,0.014793857000768185,0.4049933850765228,0.3654477596282959,-0.000987192033790052,0.3899555504322052,0.27692896127700806,-0.013013160787522793,0.37908124923706055,0.20493006706237793,-0.019199520349502563,0.4657840430736542,0.5131955146789551,-0.005307828076183796,0.4592171907424927,0.39245712757110596,-0.01794636994600296,0.4538000822067261,0.313416063785553,-0.015709973871707916,0.4465714991092682,0.2471882700920105,-0.011387916281819344,0.5103870630264282,0.5458272695541382,-0.031186355277895927,0.5133492946624756,0.4474736452102661,-0.03689172491431236,0.5155266523361206,0.3838561773300171,-0.02720709890127182,0.5156919360160828,0.32633864879608154,-0.017513949424028397
0.4626917839050293,0.8315036296844482,2.0797538979877572e-07,0.3841906487941742,0.7740077972412109,-0.020969035103917122,0.32776594161987305,0.6697786450386047,-0.0351727157831192,0.2781978249549866,0.587735116481781,-0.05466650798916817,0.2471964955329895,0.5094951391220093,-0.07129893451929092,0.3815563917160034,0.5326069593429565,0.02263818308711052,0.340666800737381,0.44266217947006226,-0.02468005195260048,0.29632270336151123,0.4450984001159668,-0.0679529532790184,0.26878267526626587,0.4736931324005127,-0.08856234699487686,0.4189658463001251,0.5059297680854797,0.013708996586501598,0.40276721119880676,0.3642197847366333,-0.003384827170521021,0.38806742429733276,0.2746928036212921,-0.01781279593706131,0.37777945399284363,0.2038199007511139,-0.02587810717523098,0.46389222145080566,0.5147663354873657,-0.006742744240909815,0.4574536681175232,0.3926103711128235,-0.021579036489129066,0.4526177644729614,0.31375718116760254,-0.02246222272515297,0.4453461766242981,0.24817469716072083,-0.020142989233136177,0.5089866518974304,0.548566460609436,-0.032377179712057114,0.5131064653396606,0.4491027593612671,-0.04003508761525154,0.516092836856842,0.38503313064575195,-0.03204359859228134,0.5168601274490356,0.3272033929824829,-0.023621097207069397
0.4626051187515259,0.832782506942749,1.93706739537447e-07,0.3826135993003845,0.7733656167984009,-0.021529287099838257,0.32530677318573,0.6710184216499329,-0.03633581101894379,0.27420908212661743,0.5906029343605042,-0.05668315291404724,0.24285003542900085,0.5125237703323364,-0.0742167979478836,0.3806891143321991,0.5346617102622986,0.02435569278895855,0.3389178514480591,0.445331871509552,-0.022773507982492447,0.2940012812614441,0.4460007846355438,-0.06629914790391922,0.2655484080314636,0.4710157811641693,-0.0873071551322937,0.41785940527915955,0.5069283246994019,0.015435196459293365,0.3994031548500061,0.3677859306335449,-0.0009407680481672287,0.3825709819793701,0.27903908491134644,-0.015521458350121975,0.37036094069480896,0.20753073692321777,-0.02405855804681778,0.4627508819103241,0.5137697458267212,-0.005287517793476582,0.45424988865852356,0.3914516866207123,-0.019250843673944473,0.44740909337997437,0.31268587708473206,-0.020161112770438194,0.4389544129371643,0.24765515327453613,-0.01828981377184391,0.5079473257064819,0.5450772047042847,-0.031418327242136,0.510144829750061,0.44576382637023926,-0.03835269808769226,0.5118089318275452,0.381416916847229,-0.03052406758069992,0.5116725564002991,0.3238627314567566,-0.022512946277856827
0.4621769189834595,0.8314623832702637,1.9974943654688104e-07,0.3828132152557373,0.7742369174957275,-0.019882356747984886,0.32546743750572205,0.671255350112915,-0.033442363142967224,0.27454206347465515,0.5906983017921448,-0.052632734179496765,0.2447054088115692,0.5124407410621643,-0.06887387484312057,0.3791601359844208,0.5351608395576477,0.02478484809398651,0.3376533091068268,0.4457484185695648,-0.021995745599269867,0.29418662190437317,0.44734740257263184,-0.06443596631288528,0.26800182461738586,0.47561657428741455,-0.08407586067914963,0.4161488115787506,0.5073062777519226,0.015874262899160385,0.3981492519378662,0.3669717311859131,-0.0005142341833561659,0.3816625475883484,0.278030127286911,-0.0139320008456707,0.3698391914367676,0.2086113691329956,-0.020969333127141,0.46087050437927246,0.5132924318313599,-0.0045943474397063255,0.4528155028820038,0.3904711604118347,-0.01849495992064476,0.4461512565612793,0.3119511306285858,-0.018363721668720245,0.43742990493774414,0.2485094964504242,-0.015012144111096859,0.5058327913284302,0.5437803268432617,-0.030236953869462013,0.5096158385276794,0.44374048709869385,-0.036525871604681015,0.5121801495552063,0.3793271780014038,-0.027868036180734634,0.5128288269042969,0.3227813243865967,-0.01872095838189125
0.4654005765914917,0.8323636054992676,1.8715007854552823e-07,0.3852085471153259,0.7761703729629517,-0.018450910225510597,0.32859498262405396,0.6726966500282288,-0.031102629378437996,0.27714642882347107,0.5935749411582947,-0.049902837723493576,0.24147523939609528,0.519826352596283,-0.06619268655776978,0.3802272081375122,0.5379849672317505,0.027760695666074753,0.34039103984832764,0.44955509901046753,-0.018526501953601837,0.29669177532196045,0.45094627141952515,-0.06156804785132408,0.26923346519470215,0.47762879729270935,-0.0820714458823204,0.4161372780799866,0.5100277066230774,0.01729442924261093,0.3978123962879181,0.36936867237091064,0.0014514470240101218,0.3805328905582428,0.2789296507835388,-0.012974933721125126,0.368054062128067,0.20681864023208618,-0.021228933706879616,0.46031108498573303,0.5167622566223145,-0.004828031174838543,0.45106425881385803,0.3939477205276489,-0.01875758171081543,0.4440521001815796,0.3150588274002075,-0.020161135122179985,0.43533697724342346,0.25043779611587524,-0.018401697278022766,0.505123496055603,0.5479137301445007,-0.03207939863204956,0.5063737034797668,0.44777077436447144,-0.03899455815553665,0.5071625113487244,0.38321489095687866,-0.03130510076880455,0.5064051747322083,0.3251134157180786,-0.02338484115898609
0.46572619676589966,0.8333220481872559,1.8828494319222955e-07,0.3860776722431183,0.7777791023254395,-0.01924729533493519,0.32820048928260803,0.6742266416549683,-0.03194999322295189,0.27648434042930603,0.5947718620300293,-0.050405796617269516,0.2418462634086609,0.5207703709602356,-0.06617467850446701,0.3792886734008789,0.5364159345626831,0.02617880329489708,0.3381298780441284,0.44680875539779663,-0.020095504820346832,0.2943079173564911,0.45244768261909485,-0.06268546730279922,0.26849842071533203,0.4840999245643616,-0.082607202231884,0.4158208966255188,0.5090950131416321,0.01683203876018524,0.39712199568748474,0.36952149868011475,0.0008818772039376199,0.37966829538345337,0.2809479534626007,-0.013114865869283676,0.3670065999031067,0.21084380149841309,-0.02088923752307892,0.46016421914100647,0.5158370733261108,-0.004064456094056368,0.4511328637599945,0.39415955543518066,-0.01805291697382927,0.4437341094017029,0.3152509927749634,-0.019039925187826157,0.4343193471431732,0.25092414021492004,-0.016714774072170258,0.50496906042099,0.5469092130661011,-0.030032847076654434,0.5065475702285767,0.4466542899608612,-0.03671349212527275,0.5073533058166504,0.3825228810310364,-0.028519874438643456,0.5066771507263184,0.3253619968891144,-0.01993175968527794
0.4679757058620453,0.8351938724517822,1.7318997436177597e-07,0.3900189697742462,0.7789064645767212,-0.019399186596274376,0.3332444429397583,0.675242006778717,-0.03242569789290428,0.2833618223667145,0.5939446091651917,-0.051040470600128174,0.24973082542419434,0.5168470740318298,-0.06697671860456467,0.382845401763916,0.5387226343154907,0.02421717159450054,0.3416045010089874,0.44864338636398315,-0.021906236186623573,0.2986014187335968,0.45344290137290955,-0.06417974084615707,0.2738378643989563,0.4841015338897705,-0.08415839821100235,0.4194431006908417,0.5114269256591797,0.014452126808464527,0.39919424057006836,0.37085390090942383,-0.0022287797182798386,0.3819705545902252,0.282068133354187,-0.01718086190521717,0.3701406717300415,0.21251246333122253,-0.025859566405415535,0.4636690020561218,0.5189283490180969,-0.006601599510759115,0.4528461694717407,0.3979797959327698,-0.021168140694499016,0.4453413784503937,0.31884610652923584,-0.023138750344514847,0.4362662434577942,0.2540700137615204,-0.021807441487908363,0.5083287954330444,0.5510050654411316,-0.03260347619652748,0.5068099498748779,0.45121121406555176,-0.03965984284877777,0.5054255127906799,0.3870368003845215,-0.031922973692417145,0.502744197845459,0.3303132653236389,-0.02397635579109192
0.46872860193252563,0.8357412815093994,1.92087199479829e-07,0.3893829584121704,0.7777596712112427,-0.020443405956029892,0.33258506655693054,0.6734514832496643,-0.03422031179070473,0.28180748224258423,0.5906680822372437,-0.05380161479115486,0.24713289737701416,0.5136432647705078,-0.07066410034894943,0.38291552662849426,0.5359138250350952,0.026094699278473854,0.3426800072193146,0.4446140229701996,-0.020637664943933487,0.2994840145111084,0.45023801922798157,-0.06366472691297531,0.27466750144958496,0.48335814476013184,-0.08385194838047028,0.4196770191192627,0.5098769068717957,0.0170297771692276,0.40183699131011963,0.3708934187889099,0.0013850644463673234,0.3845463991165161,0.28183868527412415,-0.01316959410905838,0.372391015291214,0.21204665303230286,-0.02176184579730034,0.4639662504196167,0.517761766910553,-0.0038700061850249767,0.4550401568412781,0.39567703008651733,-0.017503822222352028,0.4477871060371399,0.3172171115875244,-0.01881955936551094,0.4390083849430084,0.2543596923351288,-0.017162568867206573,0.5081464052200317,0.5488225221633911,-0.03001367300748825,0.5077077150344849,0.4487317204475403,-0.03728802502155304,0.5070699453353882,0.38445401191711426,-0.030147051438689232,0.5055649280548096,0.3274725675582886,-0.02246696874499321
0.47312095761299133,0.8365664482116699,1.6885041986824945e-07,0.39285963773727417,0.780260443687439,-0.017337976023554802,0.3372935950756073,0.673012375831604,-0.029003329575061798,0.288806289434433,0.5889133214950562,-0.047357283532619476,0.2553805112838745,0.5096460580825806,-0.06272831559181213,0.38859865069389343,0.5377195477485657,0.031617421656847,0.3481007516384125,0.4465984106063843,-0.013019693084061146,0.30334529280662537,0.4517366290092468,-0.05422552675008774,0.2775086462497711,0.4830470085144043,-0.07319372147321701,0.42459192872047424,0.5116571187973022,0.02079618349671364,0.40424948930740356,0.37100163102149963,0.006812429521232843,0.38682764768600464,0.28120312094688416,-0.005580560304224491,0.3754146099090576,0.20917180180549622,-0.012317592278122902,0.46848952770233154,0.5198993682861328,-0.0019859541207551956,0.45645034313201904,0.3984720706939697,-0.014013120904564857,0.44823867082595825,0.31846630573272705,-0.012907612137496471,0.43840479850769043,0.2533487379550934,-0.009377474896609783,0.5131924748420715,0.5496928095817566,-0.03005748800933361,0.5081627368927002,0.44648316502571106,-0.03621910512447357,0.5044636726379395,0.38007646799087524,-0.02762158401310444,0.4998117983341217,0.32103973627090454,-0.018746942281723022
0.4737021327018738,0.8375790119171143,1.8808674440151663e-07,0.39356234669685364,0.7812545299530029,-0.019829701632261276,0.33702948689460754,0.6758970618247986,-0.03389621153473854,0.28708532452583313,0.5906030535697937,-0.05435336381196976,0.2541118860244751,0.5107108950614929,-0.0714925229549408,0.3894033432006836,0.5380058288574219,0.02857765555381775,0.3490219712257385,0.442674458026886,-0.017115425318479538,0.3030731678009033,0.45041459798812866,-0.05836652219295502,0.27728787064552307,0.4861626923084259,-0.07698272168636322,0.4250386953353882,0.5130030512809753,0.019447872415184975,0.40644022822380066,0.37197408080101013,0.005362377502024174,0.38883665204048157,0.2818605899810791,-0.005923502147197723,0.37737324833869934,0.20891284942626953,-0.011853881180286407,0.46825993061065674,0.5210522413253784,-0.0018714996986091137,0.4577135443687439,0.3967742919921875,-0.01309472881257534,0.4503641128540039,0.31729254126548767,-0.009906535968184471,0.44155874848365784,0.25333601236343384,-0.004966428503394127,0.5123883485794067,0.5499112606048584,-0.028835885226726532,0.5074146389961243,0.4454890489578247,-0.03436911106109619,0.5046225190162659,0.37874630093574524,-0.02490227483212948,0.5017777681350708,0.319557785987854,-0.01521432027220726
0.4750117063522339,0.8318872451782227,1.6719280893084942e-07,0.39512479305267334,0.77436363697052,-0.017559845000505447,0.33925488591194153,0.6712715029716492,-0.02988441102206707,0.29099154472351074,0.5885196924209595,-0.04873755946755409,0.26015931367874146,0.508503258228302,-0.06477092951536179,0.39129185676574707,0.5354315042495728,0.030291670933365822,0.351288378238678,0.4460836946964264,-0.01406832505017519,0.3067080080509186,0.4530829191207886,-0.055210426449775696,0.2810800075531006,0.48452863097190857,-0.07422276586294174,0.4269494414329529,0.5096027851104736,0.02006833255290985,0.40824830532073975,0.3701636791229248,0.006498122122138739,0.39074423909187317,0.2818293869495392,-0.00592810707166791,0.3787307143211365,0.20945724844932556,-0.01308758370578289,0.4701434075832367,0.5170897245407104,-0.0019716406241059303,0.45987117290496826,0.3960903286933899,-0.01332880463451147,0.4518994390964508,0.3169867992401123,-0.012936104089021683,0.44196006655693054,0.2521926462650299,-0.010308483615517616,0.5139027237892151,0.5462133288383484,-0.02923223376274109,0.5097981095314026,0.4440840780735016,-0.03472708910703659,0.5063685178756714,0.3788607716560364,-0.02654673531651497,0.5016281008720398,0.3211941123008728,-0.018308043479919434
0.47390979528427124,0.8318241834640503,1.8451567029842408e-07,0.39557084441185,0.7748901844024658,-0.02037525177001953,0.3393915295600891,0.6741198301315308,-0.03551388904452324,0.29039788246154785,0.5909467339515686,-0.05667223408818245,0.2601826786994934,0.5101446509361267,-0.07479919493198395,0.39027881622314453,0.5387557148933411,0.024815833196043968,0.35128340125083923,0.44742003083229065,-0.022671042010188103,0.3071278929710388,0.4521225094795227,-0.06486116349697113,0.28205209970474243,0.48398125171661377,-0.08403731882572174,0.4264388680458069,0.5123348832130432,0.015605039894580841,0.4083617031574249,0.3731232285499573,-0.000853117264341563,0.3914319574832916,0.28390398621559143,-0.013259840197861195,0.37963372468948364,0.21102669835090637,-0.019765371456742287,0.4701249599456787,0.5190480351448059,-0.005608787760138512,0.46092283725738525,0.3976007103919983,-0.019192837178707123,0.4540902078151703,0.3177230954170227,-0.01793966256082058,0.44491639733314514,0.25272202491760254,-0.01400625891983509,0.5139567255973816,0.5482045412063599,-0.032214727252721786,0.5109100341796875,0.445476770401001,-0.03904317319393158,0.507792592048645,0.37905651330947876,-0.030693108215928078,0.5034739971160889,0.3209783434867859,-0.021808378398418427
0.4752715528011322,0.8297324180603027,1.8227002840376372e-07,0.39729559421539307,0.7744255065917969,-0.019180551171302795,0.3412216901779175,0.6690967679023743,-0.032548945397138596,0.29142990708351135,0.5868534445762634,-0.05189531669020653,0.2605127990245819,0.5075300931930542,-0.0684344694018364,0.3923390805721283,0.5340824127197266,0.025873633101582527,0.35292378067970276,0.4438188076019287,-0.02001010626554489,0.3092573285102844,0.44713136553764343,-0.061391592025756836,0.28371715545654297,0.47683894634246826,-0.08044188469648361,0.42858338356018066,0.5078837871551514,0.015981052070856094,0.4096435606479645,0.3691251873970032,0.000242042078753002,0.3925667703151703,0.28018277883529663,-0.012726499699056149,0.38089367747306824,0.20880067348480225,-0.019909385591745377,0.47231847047805786,0.5163031816482544,-0.00567241944372654,0.46108874678611755,0.3956547975540161,-0.01905972696840763,0.4527401924133301,0.3159254789352417,-0.019282327964901924,0.44285842776298523,0.25038233399391174,-0.016721384599804878,0.5163063406944275,0.5469107627868652,-0.032491885125637054,0.5114274621009827,0.444392591714859,-0.03950365260243416,0.5073824524879456,0.3789442777633667,-0.032177042216062546,0.5022802948951721,0.3209090232849121,-0.024392807856202126
0.47496721148490906,0.8297500610351562,1.735217551868118e-07,0.39744263887405396,0.7731565237045288,-0.01828475296497345,0.34189802408218384,0.6686219573020935,-0.031812526285648346,0.29205068945884705,0.586687445640564,-0.05159248784184456,0.26077207922935486,0.5076460242271423,-0.0683131292462349,0.3926539719104767,0.5352943539619446,0.025819553062319756,0.35351473093032837,0.44429296255111694,-0.020531663671135902,0.30931350588798523,0.4487326443195343,-0.0616314597427845,0.28409966826438904,0.4805586338043213,-0.08017879724502563,0.4280758500099182,0.5091952681541443,0.015700476244091988,0.40930047631263733,0.37029141187667847,-0.00020129999029450119,0.3929665982723236,0.28047189116477966,-0.011646192520856857,0.38237103819847107,0.20798975229263306,-0.01737404242157936,0.4711233675479889,0.5168833136558533,-0.006190255284309387,0.46086153388023376,0.3955032527446747,-0.019170211628079414,0.4543853998184204,0.31556248664855957,-0.017017744481563568,0.4460577070713043,0.2502167224884033,-0.012449684552848339,0.5145279765129089,0.5469602942466736,-0.033332709223032,0.510330319404602,0.4439760446548462,-0.03969312831759453,0.5072667002677917,0.3778937757015228,-0.030833909288048744,0.5033016204833984,0.3197742700576782,-0.02159760519862175
0.4754047691822052,0.8267587423324585,1.6238307409821573e-07,0.3974789083003998,0.7703627347946167,-0.01909823529422283,0.34099411964416504,0.6665064096450806,-0.032710961997509,0.2915981411933899,0.5830409526824951,-0.05236421898007393,0.26260867714881897,0.5010398030281067,-0.06901689618825912,0.3927033841609955,0.5306569933891296,0.026576589792966843,0.3529116213321686,0.4390908479690552,-0.019058620557188988,0.3097613453865051,0.445473849773407,-0.060407985001802444,0.2855644226074219,0.4775141179561615,-0.07958619296550751,0.42925602197647095,0.505200982093811,0.016778184100985527,0.4101400375366211,0.36713746190071106,0.0016422440530732274,0.3930070698261261,0.2794305980205536,-0.011368125677108765,0.38127413392066956,0.20885661244392395,-0.019035998731851578,0.47282326221466064,0.5137087106704712,-0.004829760640859604,0.4627020061016083,0.39398252964019775,-0.01763218082487583,0.45489880442619324,0.3150532841682434,-0.017736384645104408,0.4451008141040802,0.2509963810443878,-0.015441865660250187,0.5165010094642639,0.5440545678138733,-0.03163275495171547,0.5118750333786011,0.44221389293670654,-0.03831613063812256,0.5077755451202393,0.3772566318511963,-0.031044283881783485,0.5023625493049622,0.3197641670703888,-0.023506080731749535
0.47505638003349304,0.8266830444335938,1.4606193587951566e-07,0.39793869853019714,0.7701858282089233,-0.017958421260118484,0.3424754738807678,0.6659083366394043,-0.031015845015645027,0.2936362028121948,0.583367109298706,-0.05030066892504692,0.26344993710517883,0.5033892393112183,-0.06678004562854767,0.39339572191238403,0.5331706404685974,0.025804778560996056,0.35417160391807556,0.4423397183418274,-0.020030098035931587,0.3101576566696167,0.4469309151172638,-0.061274949461221695,0.2845296263694763,0.4768208861351013,-0.08037599176168442,0.42935389280319214,0.5073264837265015,0.015380759723484516,0.4101451337337494,0.369345486164093,-0.00045002641854807734,0.393203467130661,0.2801140248775482,-0.013106903061270714,0.3816651999950409,0.2079925239086151,-0.020193757489323616,0.472625732421875,0.5151109099388123,-0.006629406940191984,0.4623349905014038,0.39427322149276733,-0.02007327228784561,0.45461758971214294,0.31485050916671753,-0.01966964080929756,0.44480249285697937,0.2501903474330902,-0.016600776463747025,0.516232967376709,0.545007586479187,-0.033735793083906174,0.5113842487335205,0.4416736662387848,-0.041110482066869736,0.507148802280426,0.37502384185791016,-0.0337139330804348,0.5015637874603271,0.316162109375,-0.025755388662219048
0.47751957178115845,0.8230558633804321,1.6619560483377427e-07,0.3980388939380646,0.7663143873214722,-0.018393272534012794,0.3420421779155731,0.6645737290382385,-0.03230360150337219,0.29433590173721313,0.5808896422386169,-0.05276475101709366,0.267620325088501,0.4981081485748291,-0.07011768966913223,0.394650399684906,0.5315492153167725,0.02826475165784359,0.35676145553588867,0.4393918514251709,-0.01676030084490776,0.31260383129119873,0.4433429539203644,-0.05746692046523094,0.2876596450805664,0.47452473640441895,-0.07608985900878906,0.4302319288253784,0.5066603422164917,0.018389074131846428,0.4123029112815857,0.36959704756736755,0.0046084304340183735,0.3951084315776825,0.2809135317802429,-0.006611342541873455,0.3838466703891754,0.2082189917564392,-0.012976400554180145,0.47266116738319397,0.5141441226005554,-0.003421257948502898,0.46205729246139526,0.39182281494140625,-0.01432114653289318,0.4535709619522095,0.31172752380371094,-0.0119551382958889,0.4436784088611603,0.24720007181167603,-0.008185897022485733,0.5159578919410706,0.5427981019020081,-0.03067735768854618,0.5101882815361023,0.4409922957420349,-0.03669404983520508,0.504690408706665,0.3743870258331299,-0.02870524488389492,0.4981507658958435,0.3155800700187683,-0.020507384091615677
0.4770764708518982,0.8227430582046509,1.6394328383739776e-07,0.3972911536693573,0.7662916779518127,-0.017867837101221085,0.3418419361114502,0.6640928387641907,-0.031138697639107704,0.29500117897987366,0.5804641246795654,-0.05095766857266426,0.267884224653244,0.4981761574745178,-0.06792577356100082,0.3951433300971985,0.5319433212280273,0.02927202545106411,0.35791581869125366,0.43982794880867004,-0.015399415045976639,0.3136375844478607,0.4431893825531006,-0.05621492117643356,0.28787797689437866,0.4726385474205017,-0.07511510699987411,0.43066099286079407,0.507099986076355,0.01907593198120594,0.41183239221572876,0.37014666199684143,0.005186496768146753,0.39426764845848083,0.2818151116371155,-0.0069327340461313725,0.3825097680091858,0.2091655433177948,-0.01399351004511118,0.4734114110469818,0.5146048665046692,-0.0029727891087532043,0.46232637763023376,0.39319342374801636,-0.014543487690389156,0.45328280329704285,0.313545286655426,-0.013683434575796127,0.44274380803108215,0.2489175796508789,-0.010905556380748749,0.5168241262435913,0.5428783893585205,-0.03029031865298748,0.5107388496398926,0.4409107267856598,-0.03709841147065163,0.5051027536392212,0.3744698464870453,-0.030082520097494125,0.4985857307910919,0.31545400619506836,-0.022637231275439262
0.47845423221588135,0.8212666511535645,1.6438383454442373e-07,0.3992014229297638,0.7659103274345398,-0.01848551630973816,0.3433007597923279,0.6637012958526611,-0.03195944055914879,0.29632359743118286,0.5795266628265381,-0.05183302238583565,0.2681445777416229,0.4970284700393677,-0.0686945989727974,0.3948923647403717,0.5308423638343811,0.028491562232375145,0.3573000133037567,0.4390277862548828,-0.01569817215204239,0.31364208459854126,0.4420332908630371,-0.055861879140138626,0.2886304557323456,0.4713120460510254,-0.07418940961360931,0.43027281761169434,0.5063899755477905,0.018907001242041588,0.41089269518852234,0.37148335576057434,0.005678635556250811,0.3941774368286133,0.2835056781768799,-0.005159090738743544,0.3836459517478943,0.21107208728790283,-0.011193821206688881,0.47285696864128113,0.5136753916740417,-0.0025812978856265545,0.46052685379981995,0.39242827892303467,-0.013363453559577465,0.45081648230552673,0.31408292055130005,-0.01089315302670002,0.44008907675743103,0.25106409192085266,-0.006881353911012411,0.5167016983032227,0.5413069725036621,-0.029523607343435287,0.5094761848449707,0.439452588558197,-0.03568589687347412,0.503777801990509,0.373878538608551,-0.027860956266522408,0.49772921204566956,0.3161506652832031,-0.019627543166279793
0.4776409864425659,0.8216830492019653,1.6568434091368545e-07,0.39889031648635864,0.7662757635116577,-0.01816106215119362,0.34312593936920166,0.6642586588859558,-0.0316908024251461,0.29688510298728943,0.5800089836120605,-0.05165192112326622,0.2698005735874176,0.4966697692871094,-0.06866514682769775,0.39509978890419006,0.5312532186508179,0.028308603912591934,0.3580518662929535,0.4386567175388336,-0.0157758966088295,0.3138321042060852,0.44184884428977966,-0.05582683905959129,0.2881163954734802,0.4714125096797943,-0.07409927248954773,0.430237740278244,0.507060170173645,0.018561409786343575,0.4112448990345001,0.3714078664779663,0.005521649494767189,0.39395150542259216,0.28371521830558777,-0.005320252384990454,0.38268253207206726,0.21093302965164185,-0.011395715177059174,0.4726204574108124,0.5142956972122192,-0.003019503317773342,0.460175096988678,0.39234665036201477,-0.013716466724872589,0.4502827227115631,0.31377214193344116,-0.011672992259263992,0.43938103318214417,0.25010064244270325,-0.008035063743591309,0.516187310218811,0.5414083003997803,-0.02997404709458351,0.5087564587593079,0.43882203102111816,-0.03632018715143204,0.5025543570518494,0.37287428975105286,-0.028892848640680313,0.49599188566207886,0.31470543146133423,-0.020979393273591995
0.4778314232826233,0.8208315372467041,1.5102069994554768e-07,0.3994506597518921,0.7628248929977417,-0.017251204699277878,0.3437318801879883,0.6616010665893555,-0.030727094039320946,0.2967982590198517,0.5778611302375793,-0.05111565813422203,0.27037256956100464,0.4939432740211487,-0.0684807151556015,0.3964691460132599,0.5301830172538757,0.03163640573620796,0.359205424785614,0.4375976324081421,-0.011552455835044384,0.31476497650146484,0.44255530834198,-0.051241595298051834,0.2896976172924042,0.47354477643966675,-0.06946085393428802,0.43033450841903687,0.507203996181488,0.021584143862128258,0.41017845273017883,0.37291955947875977,0.010593223385512829,0.39345356822013855,0.2865180969238281,0.0007309801294468343,0.3834240138530731,0.21394264698028564,-0.0051182834431529045,0.4720779061317444,0.5144599676132202,-0.0005399899673648179,0.4582405090332031,0.3934922218322754,-0.009696145541965961,0.4481359124183655,0.3146277070045471,-0.006928774528205395,0.4377902150154114,0.25088173151016235,-0.003391029080376029,0.515824556350708,0.5405380129814148,-0.02813691832125187,0.5069450736045837,0.43946412205696106,-0.03406719118356705,0.5007895827293396,0.3738664984703064,-0.02659015730023384,0.49438297748565674,0.3153899312019348,-0.018908586353063583
0.4773983359336853,0.8182694911956787,1.586269320341671e-07,0.3995799720287323,0.7621650099754333,-0.018338894471526146,0.34372395277023315,0.6616414189338684,-0.03243819251656532,0.29695335030555725,0.5777636766433716,-0.0529642179608345,0.27050039172172546,0.49394214153289795,-0.07065087556838989,0.3957800567150116,0.530040979385376,0.028615359216928482,0.358292818069458,0.438396692276001,-0.014484773389995098,0.3146185278892517,0.4425908625125885,-0.05437440425157547,0.2900141477584839,0.47203803062438965,-0.07318206131458282,0.42985430359840393,0.5071337819099426,0.019002193585038185,0.4098093807697296,0.37220263481140137,0.00697507057338953,0.3931950628757477,0.28620094060897827,-0.004463492427021265,0.38313668966293335,0.21338969469070435,-0.011745966970920563,0.4715617597103119,0.5144349932670593,-0.0023358960170298815,0.45732077956199646,0.39332616329193115,-0.012322655878961086,0.4472689926624298,0.31498897075653076,-0.01136312447488308,0.4370032250881195,0.250983327627182,-0.00942869670689106,0.5152267217636108,0.5407729148864746,-0.029014645144343376,0.5061303973197937,0.439838171005249,-0.03545519337058067,0.5004029870033264,0.3741137385368347,-0.028950586915016174,0.4944148063659668,0.3148382902145386,-0.022401900961995125
0.47999686002731323,0.8193858861923218,1.76509288962734e-07,0.3995155096054077,0.7621952891349792,-0.01631205901503563,0.34372496604919434,0.6620453000068665,-0.02955097146332264,0.2987293601036072,0.5767531991004944,-0.05046387016773224,0.2723892629146576,0.49096500873565674,-0.06812898069620132,0.3951322138309479,0.5318851470947266,0.03698168322443962,0.359270304441452,0.44105130434036255,-0.004906489513814449,0.31589293479919434,0.44420263171195984,-0.04330497235059738,0.29150575399398804,0.4741223454475403,-0.06028929725289345,0.4291560649871826,0.508392870426178,0.02628013864159584,0.40854746103286743,0.3752053380012512,0.01720939762890339,0.39216527342796326,0.28831642866134644,0.009901769459247589,0.3828229010105133,0.21455121040344238,0.006241828668862581,0.470865398645401,0.5150496363639832,0.002901834901422262,0.4567529261112213,0.3950220048427582,-0.0045430720783770084,0.44683974981307983,0.31725364923477173,0.0008465409628115594,0.43730074167251587,0.2549745738506317,0.00640125572681427,0.5151485800743103,0.5391545295715332,-0.02630269154906273,0.5049636363983154,0.4380866289138794,-0.031570907682180405,0.49684369564056396,0.3718375563621521,-0.023386932909488678,0.489162415266037,0.3125589191913605,-0.01488057803362608
0.4801594316959381,0.8200860023498535,1.7832887522217789e-07,0.4001491665840149,0.7638193368911743,-0.01488313265144825,0.34386515617370605,0.6626428365707397,-0.026879092678427696,0.2980741262435913,0.5773250460624695,-0.04658446088433266,0.2733182907104492,0.4915177822113037,-0.06316360086202621,0.39645230770111084,0.5319859385490417,0.039301369339227676,0.36058664321899414,0.4407336711883545,-0.000833366357255727,0.3171369433403015,0.4442448019981384,-0.03831859678030014,0.2925475835800171,0.47376421093940735,-0.05496571585536003,0.42986825108528137,0.5091047883033752,0.028551146388053894,0.4099608063697815,0.3748934268951416,0.02040134370326996,0.39343148469924927,0.2887779772281647,0.012596064247190952,0.38329067826271057,0.21427366137504578,0.008459634147584438,0.4711066484451294,0.5155590176582336,0.005409676115959883,0.4570356607437134,0.3947269320487976,-0.0016560365911573172,0.4466645121574402,0.31668737530708313,0.0022157439962029457,0.43618977069854736,0.2532171607017517,0.0066220564767718315,0.5149266123771667,0.5389670729637146,-0.023240188136696815,0.5048779249191284,0.437063604593277,-0.02812824957072735,0.49707460403442383,0.3710130453109741,-0.02055264078080654,0.4895169734954834,0.3113695979118347,-0.012697109952569008
0.4798619747161865,0.819401204586029,1.5559777466478408e-07,0.40126389265060425,0.7614743709564209,-0.015982801094651222,0.3447223901748657,0.6617352962493896,-0.02870262786746025,0.2988847494125366,0.5770717859268188,-0.048628710210323334,0.27457213401794434,0.49202200770378113,-0.06561899930238724,0.39648595452308655,0.5296370387077332,0.036165717989206314,0.36079317331314087,0.43580886721611023,-0.004767288453876972,0.3184847831726074,0.440381795167923,-0.0434836745262146,0.29548734426498413,0.47040867805480957,-0.06122761219739914,0.43039238452911377,0.5078548192977905,0.02626734972000122,0.4102659821510315,0.3752959966659546,0.017563853412866592,0.39402052760124207,0.29071563482284546,0.007848752662539482,0.3844403028488159,0.21759793162345886,0.001707676099613309,0.4719136357307434,0.51584792137146,0.004239256028085947,0.4581603407859802,0.39587336778640747,-0.003458210499957204,0.44816040992736816,0.3181403875350952,-0.0017023043474182487,0.43876975774765015,0.2547725737094879,0.0006958213052712381,0.51579749584198,0.5413740277290344,-0.023142198100686073,0.505397617816925,0.44075289368629456,-0.028949692845344543,0.4971100687980652,0.37514299154281616,-0.022783378139138222,0.48966720700263977,0.31496769189834595,-0.01625579409301281
0.4800921082496643,0.8187227249145508,1.653989869510042e-07,0.4009554386138916,0.759678065776825,-0.015866462141275406,0.3446716368198395,0.6603440046310425,-0.028863081708550453,0.2988201975822449,0.5759792327880859,-0.049323637038469315,0.27403223514556885,0.4911229908466339,-0.06684456020593643,0.3964584171772003,0.5301596522331238,0.03684414550662041,0.3614780604839325,0.43751007318496704,-0.004721730016171932,0.3186396658420563,0.4413248300552368,-0.04372958466410637,0.2948809266090393,0.47144532203674316,-0.06138753518462181,0.4304189682006836,0.5083718299865723,0.026671359315514565,0.41106685996055603,0.3763582110404968,0.018084680661559105,0.39497339725494385,0.29127904772758484,0.009113810956478119,0.3853132724761963,0.2176426649093628,0.0036690218839794397,0.47179141640663147,0.5160333514213562,0.004152293317019939,0.45808544754981995,0.3959331512451172,-0.0032284713815897703,0.4478590190410614,0.31776162981987,-0.00037324579898267984,0.43833303451538086,0.25457414984703064,0.0028990397695451975,0.5155206918716431,0.5410536527633667,-0.023870371282100677,0.5052855610847473,0.4405999779701233,-0.02946576103568077,0.4971770942211151,0.37450075149536133,-0.022784452885389328,0.48995035886764526,0.31440991163253784,-0.015732694417238235
0.4809879660606384,0.8154563903808594,1.6299745198011806e-07,0.4017452597618103,0.7559875249862671,-0.014518635347485542,0.3464260995388031,0.657902717590332,-0.02582942694425583,0.3010272979736328,0.5749785900115967,-0.04484490677714348,0.2770366966724396,0.49250173568725586,-0.06100083142518997,0.3968683183193207,0.5308310985565186,0.040483392775058746,0.36199358105659485,0.43844980001449585,0.0008019910310395062,0.3207077980041504,0.44156163930892944,-0.0375073067843914,0.2983452379703522,0.47102993726730347,-0.05496843531727791,0.43056491017341614,0.5079558491706848,0.030305447056889534,0.4124131202697754,0.37615966796875,0.022943224757909775,0.3964148163795471,0.2921329438686371,0.013666130602359772,0.38658979535102844,0.21952936053276062,0.007837600074708462,0.4714329242706299,0.5136137008666992,0.00789105799049139,0.4578604996204376,0.393818199634552,0.0018085535848513246,0.44681021571159363,0.31540846824645996,0.004104736261069775,0.4368031620979309,0.25246554613113403,0.006732910871505737,0.5149472951889038,0.536424994468689,-0.01997155137360096,0.5049468874931335,0.43671876192092896,-0.024228395894169807,0.49563857913017273,0.37101614475250244,-0.017429159954190254,0.48692476749420166,0.31124866008758545,-0.010577715002000332
0.48174434900283813,0.8148612380027771,1.7744132208008523e-07,0.40179315209388733,0.7559087872505188,-0.01579967699944973,0.345750629901886,0.6583484411239624,-0.028188887983560562,0.30068501830101013,0.5739811062812805,-0.048129502683877945,0.2783304452896118,0.4893069267272949,-0.06510934978723526,0.3967142701148987,0.5319272875785828,0.03939938172698021,0.36236703395843506,0.43857356905937195,-0.001529767643660307,0.3208492398262024,0.44073203206062317,-0.04027975723147392,0.29799890518188477,0.4706178903579712,-0.05772516131401062,0.43070852756500244,0.5091956257820129,0.029723066836595535,0.41231924295425415,0.37705251574516296,0.02157174050807953,0.39632943272590637,0.2928512394428253,0.01226268894970417,0.3863702416419983,0.21951079368591309,0.006687413901090622,0.47183194756507874,0.5146946310997009,0.007590536493808031,0.4576982259750366,0.3944559693336487,0.0007571381283923984,0.446365624666214,0.3162361979484558,0.0031807522755116224,0.435986191034317,0.25325319170951843,0.006182587705552578,0.5155747532844543,0.5369330048561096,-0.020079053938388824,0.5047438740730286,0.43671631813049316,-0.025098193436861038,0.4954099655151367,0.3704226016998291,-0.01858794130384922,0.486739844083786,0.3101321756839752,-0.011693906038999557
0.48329079151153564,0.807986319065094,1.775136553305856e-07,0.40399935841560364,0.7536945343017578,-0.01615300215780735,0.3468517065048218,0.6557760238647461,-0.02842336893081665,0.30161988735198975,0.5720261335372925,-0.047420669347047806,0.2822485864162445,0.48739466071128845,-0.0634995549917221,0.39697763323783875,0.5258427262306213,0.0351872444152832,0.361441969871521,0.4347195029258728,-0.00394565612077713,0.3218008875846863,0.4392459988594055,-0.041352033615112305,0.3015483617782593,0.4691038727760315,-0.058728646486997604,0.4313177764415741,0.5034670829772949,0.025712719187140465,0.4115183651447296,0.37063753604888916,0.017301227897405624,0.3949044346809387,0.28810688853263855,0.006898532155901194,0.3846292495727539,0.21712136268615723,-2.6714040359365754e-05,0.4726787805557251,0.5102463960647583,0.004472292959690094,0.45962217450141907,0.3913550078868866,-0.003045002929866314,0.4488261342048645,0.31613844633102417,-0.003013929817825556,0.4383857250213623,0.2544628381729126,-0.002211310900747776,0.5162116289138794,0.5344504117965698,-0.021895188838243484,0.5061080455780029,0.4355355501174927,-0.027069205418229103,0.4972042143344879,0.3718850016593933,-0.021670393645763397,0.4885426163673401,0.31285160779953003,-0.016319038346409798
0.4845159649848938,0.8099188804626465,1.7629714932354545e-07,0.4041507840156555,0.7537084221839905,-0.014349278062582016,0.34776771068573,0.6574380993843079,-0.02658303640782833,0.3020870089530945,0.5749290585517883,-0.04646279290318489,0.2802696228027344,0.4898234009742737,-0.06359437853097916,0.3987971544265747,0.5287521481513977,0.03801899403333664,0.36423006653785706,0.43777185678482056,-0.0017359734047204256,0.32219958305358887,0.43957677483558655,-0.03903805837035179,0.29914024472236633,0.46758541464805603,-0.05589749664068222,0.4317080080509186,0.5055718421936035,0.027139656245708466,0.41055572032928467,0.37246739864349365,0.018402816727757454,0.39299577474594116,0.2882729470729828,0.00933887716382742,0.3823579251766205,0.2163693606853485,0.004087542183697224,0.4728151857852936,0.5110920667648315,0.004269510507583618,0.45850297808647156,0.39156991243362427,-0.0035337272565811872,0.448162317276001,0.31563717126846313,-0.0018085046904161572,0.4380978047847748,0.25374048948287964,0.0008889717282727361,0.5161545276641846,0.5332401990890503,-0.023764899000525475,0.505679190158844,0.4340149760246277,-0.029201405122876167,0.49687665700912476,0.369911789894104,-0.022998802363872528,0.4885067939758301,0.31188836693763733,-0.016430383548140526
0.48500972986221313,0.8042163848876953,1.6066154273630673e-07,0.4076768755912781,0.7473483681678772,-0.01508252415806055,0.35172438621520996,0.651699960231781,-0.027398517355322838,0.3045843839645386,0.5706508755683899,-0.04674967750906944,0.28193509578704834,0.4871876835823059,-0.06338353455066681,0.4000716805458069,0.5212385654449463,0.03611975908279419,0.363410621881485,0.4331532120704651,-0.004292170517146587,0.3222030997276306,0.438616007566452,-0.042932622134685516,0.30047038197517395,0.4678019881248474,-0.0610627606511116,0.4337758421897888,0.49889418482780457,0.025982310995459557,0.4125581383705139,0.3687792122364044,0.016581788659095764,0.3954560160636902,0.2868069112300873,0.00569315068423748,0.3846958875656128,0.2162715196609497,-0.0015202787471935153,0.47541123628616333,0.5057480335235596,0.004047973081469536,0.46156245470046997,0.38982439041137695,-0.004244240932166576,0.4511130154132843,0.3141530752182007,-0.004401004873216152,0.44061610102653503,0.25183409452438354,-0.0035266082268208265,0.518966794013977,0.5308859348297119,-0.022901281714439392,0.5091488361358643,0.43433618545532227,-0.027791164815425873,0.5010277032852173,0.37278175354003906,-0.021789981052279472,0.49295276403427124,0.31619617342948914,-0.015995381399989128
0.4854494035243988,0.803924024105072,1.7519248274311394e-07,0.4077935218811035,0.7485975027084351,-0.01811101846396923,0.351367324590683,0.6528009176254272,-0.03269296512007713,0.3047482371330261,0.5696709752082825,-0.05403970554471016,0.2815297245979309,0.48446112871170044,-0.07267678529024124,0.400033563375473,0.5252427458763123,0.03221080079674721,0.36549094319343567,0.435918390750885,-0.010639523155987263,0.3233632743358612,0.4372722804546356,-0.0505397729575634,0.29892006516456604,0.46414273977279663,-0.0691954493522644,0.4334820508956909,0.5019803047180176,0.02291053906083107,0.4126896262168884,0.3709879517555237,0.012095347978174686,0.3958287239074707,0.28742608428001404,0.001209030277095735,0.38532009720802307,0.21482595801353455,-0.005726906470954418,0.47520461678504944,0.5076253414154053,0.0014842015225440264,0.46010562777519226,0.3886738419532776,-0.007703880779445171,0.44954803586006165,0.31302446126937866,-0.00691093597561121,0.43917110562324524,0.25047919154167175,-0.005188001319766045,0.5193381309509277,0.530872106552124,-0.025338705629110336,0.508625328540802,0.43212032318115234,-0.03113008290529251,0.5012717247009277,0.36866700649261475,-0.025124527513980865,0.49406614899635315,0.31070223450660706,-0.01911432482302189
0.4874860644340515,0.7920268774032593,1.412789742971654e-07,0.41134288907051086,0.7363981008529663,-0.018246443942189217,0.3533150553703308,0.6441256403923035,-0.032527465373277664,0.3045559525489807,0.5661996603012085,-0.05219364911317825,0.2800227701663971,0.48644697666168213,-0.06926527619361877,0.39815792441368103,0.5170210003852844,0.02279714308679104,0.3589641749858856,0.42986035346984863,-0.022615963593125343,0.3193063735961914,0.4375854730606079,-0.06418944150209427,0.29819202423095703,0.4682731032371521,-0.08427620679140091,0.43175479769706726,0.4924164116382599,0.014138503931462765,0.4073900878429413,0.36019670963287354,-0.003581189550459385,0.3892741799354553,0.27870121598243713,-0.02010978013277054,0.3773737847805023,0.208552747964859,-0.030623847618699074,0.47423699498176575,0.49790191650390625,-0.005154455546289682,0.4583919644355774,0.3792611360549927,-0.01996646262705326,0.44752347469329834,0.30485230684280396,-0.02406718209385872,0.4362998306751251,0.24266159534454346,-0.024900857359170914,0.519345760345459,0.5242825746536255,-0.028896670788526535,0.5099343657493591,0.425304651260376,-0.036328185349702835,0.5011512041091919,0.3626343011856079,-0.03106563724577427,0.492093950510025,0.30552080273628235,-0.02552284672856331
0.4906933605670929,0.7931486368179321,1.2474498589654104e-07,0.41217896342277527,0.738814115524292,-0.016163330525159836,0.3541789650917053,0.6465676426887512,-0.029076069593429565,0.30659985542297363,0.5702698230743408,-0.047782380133867264,0.28177130222320557,0.49191737174987793,-0.06415603309869766,0.39987608790397644,0.5173889994621277,0.02521190047264099,0.3623393476009369,0.42967310547828674,-0.01871776022017002,0.3207225799560547,0.4356805682182312,-0.060211338102817535,0.2953968644142151,0.46403318643569946,-0.08087828755378723,0.4327927827835083,0.49280470609664917,0.015022631734609604,0.41026484966278076,0.3624280095100403,-0.0014827507548034191,0.39181163907051086,0.2794313430786133,-0.018243132159113884,0.37923523783683777,0.21049970388412476,-0.029330642893910408,0.47455117106437683,0.4980177879333496,-0.005680753383785486,0.4582686126232147,0.3810964822769165,-0.01947641745209694,0.44730597734451294,0.3057670593261719,-0.023759331554174423,0.435859352350235,0.24265679717063904,-0.025157302618026733,0.5186551809310913,0.5234786868095398,-0.030785925686359406,0.5095361471176147,0.42613402009010315,-0.03809986263513565,0.5019962787628174,0.36414510011672974,-0.032951053231954575,0.49421799182891846,0.30863261222839355,-0.027784794569015503
0.5001130104064941,0.7609502077102661,1.7701300691896904e-07,0.42341500520706177,0.7098137140274048,-0.01798314042389393,0.3624269664287567,0.6234477162361145,-0.03185059875249863,0.3095630407333374,0.5569456815719604,-0.050581738352775574,0.2749541997909546,0.4900473356246948,-0.06722505390644073,0.3928190767765045,0.5024879574775696,0.01516310591250658,0.34675052762031555,0.4278498888015747,-0.03403274342417717,0.3041626214981079,0.43121591210365295,-0.07820908725261688,0.27613943815231323,0.45448601245880127,-0.10010863095521927,0.42370420694351196,0.47322767972946167,0.0054784477688372135,0.3953317403793335,0.3431720733642578,-0.01937158592045307,0.3738805651664734,0.26303449273109436,-0.0394936166703701,0.3574775755405426,0.19638341665267944,-0.05096302554011345,0.46589258313179016,0.4743320345878601,-0.013885990716516972,0.4455343186855316,0.35743603110313416,-0.03455191105604172,0.4316917657852173,0.2866794764995575,-0.039339881390333176,0.4168737232685089,0.2265288233757019,-0.03870458900928497,0.5129808187484741,0.4981447756290436,-0.03733566403388977,0.5021491050720215,0.3998796343803406,-0.047253504395484924,0.493295818567276,0.33831363916397095,-0.04085765779018402,0.4831481873989105,0.28337642550468445,-0.033438000828027725
0.5009816884994507,0.7615790367126465,1.6440836247966217e-07,0.42429253458976746,0.7092612981796265,-0.01755210943520069,0.3630675673484802,0.6235882043838501,-0.03081664629280567,0.31152233481407166,0.5576914548873901,-0.04902632161974907,0.27301907539367676,0.49284881353378296,-0.0656052753329277,0.3949924409389496,0.4998166561126709,0.01820135861635208,0.3499790132045746,0.42440465092658997,-0.02982180565595627,0.3074870705604553,0.42998412251472473,-0.07411138713359833,0.2781289517879486,0.45385032892227173,-0.09675846993923187,0.4252976179122925,0.47120341658592224,0.007561730686575174,0.39589357376098633,0.3419276177883148,-0.015522808767855167,0.3719662129878998,0.2629859447479248,-0.036907196044921875,0.3530191481113434,0.19830498099327087,-0.050106070935726166,0.4669587314128876,0.47338393330574036,-0.013025123625993729,0.4466455280780792,0.3574522137641907,-0.033779244869947433,0.434047132730484,0.28498345613479614,-0.041942719370126724,0.42049795389175415,0.22321200370788574,-0.04437504708766937,0.5125899314880371,0.49757447838783264,-0.03753276169300079,0.5024387240409851,0.400752454996109,-0.0488586351275444,0.494144082069397,0.340411514043808,-0.04507283866405487,0.4837857782840729,0.28672274947166443,-0.04021481052041054
0.5196478962898254,0.7258628606796265,1.529093935914716e-07,0.4411030411720276,0.6819362640380859,-0.019135363399982452,0.3774976134300232,0.5948235988616943,-0.030438916757702827,0.3209916353225708,0.5275814533233643,-0.045925576239824295,0.2693585753440857,0.48351070284843445,-0.05933522805571556,0.3951849937438965,0.4821520149707794,0.02213049679994583,0.34225818514823914,0.4232889413833618,-0.0222797691822052,0.29716435074806213,0.4287817180156708,-0.06450602412223816,0.26558035612106323,0.44901469349861145,-0.08662799745798111,0.4229062795639038,0.44744229316711426,0.01340988464653492,0.3829597234725952,0.32621461153030396,-0.01153507735580206,0.3522517681121826,0.25240275263786316,-0.03329530358314514,0.32745054364204407,0.18942159414291382,-0.045783478766679764,0.46361005306243896,0.4435805678367615,-0.004962693899869919,0.43423447012901306,0.33081236481666565,-0.02764543890953064,0.4145605266094208,0.26304537057876587,-0.034714262932538986,0.39554455876350403,0.20411962270736694,-0.03521318361163139,0.5122418999671936,0.46157076954841614,-0.02726851962506771,0.49419528245925903,0.36799079179763794,-0.03656274452805519,0.4808458685874939,0.3109230101108551,-0.029970476403832436,0.46651914715766907,0.25948160886764526,-0.0231004785746336
0.5222522616386414,0.7282694578170776,1.415122881098796e-07,0.44126495718955994,0.6829590201377869,-0.015249127522110939,0.37508711218833923,0.5921435356140137,-0.02290322072803974,0.3197174668312073,0.5269024968147278,-0.03556177020072937,0.26826417446136475,0.4829203486442566,-0.04687491059303284,0.39872220158576965,0.4836873412132263,0.027624763548374176,0.34538379311561584,0.42547985911369324,-0.014605354517698288,0.3010241389274597,0.43270888924598694,-0.05611233785748482,0.2687516212463379,0.45248734951019287,-0.07797776907682419,0.42576324939727783,0.44802042841911316,0.017397161573171616,0.3842880427837372,0.3308532238006592,-0.004420093260705471,0.3519948720932007,0.2542194724082947,-0.02649248018860817,0.3260667324066162,0.18987980484962463,-0.039912253618240356,0.4662659466266632,0.44235485792160034,-0.00246805720962584,0.4332793056964874,0.33398187160491943,-0.022852249443531036,0.41276001930236816,0.26511356234550476,-0.03178011626005173,0.39246317744255066,0.2060663402080536,-0.03428186476230621,0.513814389705658,0.4566330015659332,-0.026065673679113388,0.4952690601348877,0.36290284991264343,-0.0350106842815876,0.48198211193084717,0.30525505542755127,-0.030187619850039482,0.4668877422809601,0.2554088830947876,-0.025027871131896973
0.5448681712150574,0.6788997650146484,1.2097000023914006e-07,0.46424999833106995,0.6478772163391113,-0.017273053526878357,0.39641067385673523,0.5635030269622803,-0.023656589910387993,0.3372355103492737,0.5024646520614624,-0.03409583866596222,0.28123271465301514,0.47942835092544556,-0.042334966361522675,0.4046688675880432,0.4562634229660034,0.029886474832892418,0.3462238609790802,0.4122229218482971,-0.009060848504304886,0.3033464848995209,0.42271673679351807,-0.04752381891012192,0.27541837096214294,0.44736194610595703,-0.0673266276717186,0.4279469847679138,0.4163680076599121,0.021711014211177826,0.37662604451179504,0.30657482147216797,0.0009523206390440464,0.34035390615463257,0.2394459843635559,-0.019050614908337593,0.3108198642730713,0.18109256029129028,-0.03065679222345352,0.4648043215274811,0.4045991897583008,0.0038041172083467245,0.4303542673587799,0.3008747696876526,-0.016681641340255737,0.4049712121486664,0.23798900842666626,-0.02565850131213665,0.3795958161354065,0.18308401107788086,-0.02799416147172451,0.511633038520813,0.4127104580402374,-0.017833169549703598,0.49038052558898926,0.324421763420105,-0.02428811602294445,0.47562140226364136,0.27233874797821045,-0.018235759809613228,0.457973837852478,0.22679898142814636,-0.012683097273111343
0.5452545285224915,0.6731435060501099,1.2794191661669174e-07,0.4622553288936615,0.6365519762039185,-0.010272289626300335,0.392502099275589,0.557153582572937,-0.013570093549787998,0.3371126353740692,0.5007573366165161,-0.022166723385453224,0.28499943017959595,0.47382909059524536,-0.029682785272598267,0.40705761313438416,0.45123091340065,0.03431399166584015,0.3484932780265808,0.40972086787223816,-0.0020356683526188135,0.3049907684326172,0.423846572637558,-0.03996121883392334,0.27311497926712036,0.44940057396888733,-0.05989231541752815,0.4298518896102905,0.41351568698883057,0.023381590843200684,0.37966957688331604,0.3063528537750244,0.005106798838824034,0.34323814511299133,0.23690946400165558,-0.016504963859915733,0.312761127948761,0.1767474114894867,-0.029903704300522804,0.466589093208313,0.401835173368454,0.0036883980501443148,0.42936649918556213,0.30312198400497437,-0.014326459728181362,0.4049951434135437,0.23876868188381195,-0.02535131387412548,0.3809634745121002,0.18432044982910156,-0.02967221662402153,0.5117402076721191,0.4089670479297638,-0.019062990322709084,0.48889490962028503,0.3235977292060852,-0.02457495965063572,0.4746595621109009,0.27092182636260986,-0.019270529970526695,0.4587979018688202,0.22660990059375763,-0.01458769477903843
0.5641964673995972,0.6306647062301636,1.6689652682089218e-07,0.48270684480667114,0.6014257669448853,-0.015227063558995724,0.41402673721313477,0.5264744758605957,-0.02084624022245407,0.36039745807647705,0.46779415011405945,-0.031100250780582428,0.3088037371635437,0.45019325613975525,-0.039495084434747696,0.40946775674819946,0.4352656602859497,0.030272837728261948,0.34948012232780457,0.39985501766204834,-0.006372498348355293,0.30927422642707825,0.4085093140602112,-0.04293784126639366,0.28224343061447144,0.43103253841400146,-0.061981044709682465,0.4337610900402069,0.3927103579044342,0.020588183775544167,0.37779396772384644,0.29022449254989624,0.00036178503069095314,0.3398900032043457,0.22634363174438477,-0.021117284893989563,0.30906999111175537,0.1731107234954834,-0.034122999757528305,0.47143828868865967,0.37599948048591614,0.0016606886638328433,0.433845192193985,0.27892839908599854,-0.0198553167283535,0.405701220035553,0.22071392834186554,-0.03224950656294823,0.37826743721961975,0.17381256818771362,-0.03717048093676567,0.5196917057037354,0.3772267699241638,-0.02046210505068302,0.49548694491386414,0.2954608201980591,-0.028611795976758003,0.4785600006580353,0.24639829993247986,-0.025220371782779694,0.45834285020828247,0.20614531636238098,-0.021896157413721085
0.5658195614814758,0.6318854093551636,1.649359830935282e-07,0.486267626285553,0.5981377363204956,-0.011240159161388874,0.41593390703201294,0.5217374563217163,-0.01527318637818098,0.36455488204956055,0.46351543068885803,-0.024119414389133453,0.31244558095932007,0.4458550214767456,-0.03228135406970978,0.41444146633148193,0.42919814586639404,0.02783268317580223,0.3576355576515198,0.3905448019504547,-0.005831889808177948,0.3205563724040985,0.39930489659309387,-0.04003430902957916,0.29201388359069824,0.4204801023006439,-0.05867968872189522,0.43831348419189453,0.3885594308376312,0.015644580125808716,0.3812689781188965,0.2896212637424469,-0.004464391153305769,0.3413975238800049,0.22608862817287445,-0.028875678777694702,0.3079124689102173,0.1727893054485321,-0.044756557792425156,0.4759851098060608,0.3733825087547302,-0.00427706353366375,0.4369710385799408,0.2787984013557434,-0.026428384706377983,0.41029995679855347,0.21741041541099548,-0.041992608457803726,0.3831791281700134,0.1678014099597931,-0.05007500201463699,0.5219033360481262,0.37669792771339417,-0.02651962637901306,0.49640586972236633,0.29767388105392456,-0.03737728297710419,0.47880032658576965,0.24884450435638428,-0.03657323867082596,0.457465797662735,0.20907597243785858,-0.035606592893600464
0.5873037576675415,0.6022549867630005,1.611537925327866e-07,0.5051991939544678,0.5780515670776367,-0.014208847656846046,0.43510422110557556,0.508384108543396,-0.01984117366373539,0.3839021921157837,0.4494614005088806,-0.03005054034292698,0.3328968286514282,0.4269695580005646,-0.03883599862456322,0.42590782046318054,0.41701066493988037,0.027844145894050598,0.36875537037849426,0.3769739270210266,-0.007037365343421698,0.3334108591079712,0.3830568194389343,-0.042033206671476364,0.3090209662914276,0.4015163779258728,-0.06095686927437782,0.4503885507583618,0.3734701871871948,0.016551829874515533,0.39325618743896484,0.2765430808067322,-0.0027143529150635004,0.3540969789028168,0.21522405743598938,-0.025855209678411484,0.3220134973526001,0.16258865594863892,-0.041153572499752045,0.487934410572052,0.3553396463394165,-0.0033805174753069878,0.449175626039505,0.2604947090148926,-0.02487690933048725,0.4216282367706299,0.20365531742572784,-0.039321865886449814,0.39505505561828613,0.1570855975151062,-0.0468689426779747,0.5349305868148804,0.35475900769233704,-0.026182692497968674,0.5071085095405579,0.2774007022380829,-0.037226397544145584,0.48881712555885315,0.22964097559452057,-0.0363176167011261,0.46851906180381775,0.18912164866924286,-0.035158343613147736
0.586523175239563,0.5985885858535767,1.7146189179584326e-07,0.507299542427063,0.5740354657173157,-0.013187755830585957,0.43799638748168945,0.505732536315918,-0.017754938453435898,0.3892267942428589,0.4478735327720642,-0.02656552381813526,0.3401789367198944,0.4226488471031189,-0.03415477275848389,0.4284399449825287,0.4150531589984894,0.02693684585392475,0.3723413944244385,0.3761236071586609,-0.00811014324426651,0.335685133934021,0.38339999318122864,-0.04290276765823364,0.3087303638458252,0.40413784980773926,-0.06144576892256737,0.4515991508960724,0.3717987537384033,0.01542609091848135,0.3921000361442566,0.27546626329421997,-0.004253028426319361,0.3519493341445923,0.21653132140636444,-0.02803998626768589,0.31886768341064453,0.1672278791666031,-0.04350452497601509,0.48833951354026794,0.3525371253490448,-0.004273349419236183,0.4479280114173889,0.25981664657592773,-0.025813927873969078,0.42091742157936096,0.20276983082294464,-0.039988014847040176,0.3941000998020172,0.15671344101428986,-0.047274716198444366,0.5344132781028748,0.350768506526947,-0.026651687920093536,0.505384624004364,0.2754058837890625,-0.03741628676652908,0.4875561594963074,0.2285974770784378,-0.03583690524101257,0.4664561152458191,0.1895311325788498,-0.03418847918510437
0.5992333292961121,0.5869808197021484,2.0038615389239567e-07,0.5209386944770813,0.5627142190933228,-0.014904278330504894,0.4520350396633148,0.4934183359146118,-0.020314253866672516,0.40281423926353455,0.42975693941116333,-0.029462890699505806,0.3514421582221985,0.4000512957572937,-0.0371997132897377,0.4427347183227539,0.4056888520717621,0.0235745832324028,0.38821548223495483,0.35964664816856384,-0.007144009694457054,0.35276728868484497,0.3561457693576813,-0.03757273033261299,0.3260645866394043,0.3628194034099579,-0.05498986318707466,0.46505266427993774,0.36397072672843933,0.01325913891196251,0.40689486265182495,0.26834404468536377,-0.006973946932703257,0.36920595169067383,0.20759150385856628,-0.02948044426739216,0.3380233645439148,0.15511058270931244,-0.04398166388273239,0.5014165639877319,0.34578651189804077,-0.004774680361151695,0.46070051193237305,0.2524009943008423,-0.02722293883562088,0.43482914566993713,0.19490182399749756,-0.04091537371277809,0.4092777371406555,0.1469288170337677,-0.047865837812423706,0.5471545457839966,0.34424152970314026,-0.025421427562832832,0.5191848278045654,0.2689949870109558,-0.03841577097773552,0.5003297924995422,0.22104282677173615,-0.038461167365312576,0.4793776273727417,0.17949219048023224,-0.037771448493003845
0.5989831686019897,0.5813536047935486,1.7053332612704253e-07,0.5210191607475281,0.5590994954109192,-0.012467566877603531,0.451288640499115,0.4904242157936096,-0.015428214333951473,0.40335962176322937,0.428473562002182,-0.02248070202767849,0.3539629280567169,0.3994145691394806,-0.028308967128396034,0.4447178244590759,0.3997153639793396,0.02866978570818901,0.3927105665206909,0.3571799099445343,-0.0008140294812619686,0.3591982126235962,0.3583495020866394,-0.031123630702495575,0.3335103392601013,0.36926746368408203,-0.04827585816383362,0.4661412537097931,0.3588405251502991,0.017748583108186722,0.4074459969997406,0.26627928018569946,-0.0006402168655768037,0.36767613887786865,0.2088041752576828,-0.02311534434556961,0.3334174156188965,0.15882666409015656,-0.03770960867404938,0.5017420053482056,0.34101903438568115,-0.0008437170763500035,0.46057185530662537,0.252254456281662,-0.02194269932806492,0.43351536989212036,0.19631439447402954,-0.035739511251449585,0.4061796963214874,0.149470254778862,-0.0429120697081089,0.5471011400222778,0.33881762623786926,-0.021955905482172966,0.5185315012931824,0.2655937373638153,-0.033863648772239685,0.499578595161438,0.21917939186096191,-0.033602043986320496,0.4775385558605194,0.17881232500076294,-0.032873403280973434
0.6022603511810303,0.5798457264900208,2.2323932569179306e-07,0.5260100960731506,0.5567305088043213,-0.016003640368580818,0.45817697048187256,0.48815590143203735,-0.02088896557688713,0.4099727272987366,0.42512476444244385,-0.028920883312821388,0.36076223850250244,0.39004388451576233,-0.03543708845973015,0.44792819023132324,0.40104612708091736,0.022776929661631584,0.396542489528656,0.35587698221206665,-0.006090008188039064,0.3634062111377716,0.34974876046180725,-0.03497995436191559,0.3374914526939392,0.35162636637687683,-0.05183203145861626,0.4701583683490753,0.3582112491130829,0.013855628669261932,0.4133717715740204,0.2646945118904114,-0.006147691514343023,0.3774307370185852,0.20457734167575836,-0.02803725004196167,0.3469204306602478,0.15109005570411682,-0.04197060316801071,0.5066244602203369,0.3397235870361328,-0.0025964092928916216,0.46900826692581177,0.24866768717765808,-0.024544579908251762,0.4450397491455078,0.19037026166915894,-0.03778863325715065,0.4202617406845093,0.1407591700553894,-0.04436798766255379,0.5519460439682007,0.3377487361431122,-0.021754637360572815,0.5250144004821777,0.2636185884475708,-0.03398144617676735,0.5065057277679443,0.21737629175186157,-0.033662740141153336,0.48557791113853455,0.17695662379264832,-0.032788075506687164
0.6021132469177246,0.5763763785362244,2.0744114692661242e-07,0.5244162082672119,0.5571907758712769,-0.015502728521823883,0.45638328790664673,0.4877372682094574,-0.01905778981745243,0.4087681174278259,0.4231434464454651,-0.026268774643540382,0.3596400320529938,0.38770973682403564,-0.0319550447165966,0.4488312602043152,0.3967028260231018,0.029886607080698013,0.3990676999092102,0.35189706087112427,0.002333603333681822,0.3670976161956787,0.3489629030227661,-0.026771187782287598,0.3419528901576996,0.3527851700782776,-0.043989475816488266,0.471780002117157,0.3550754189491272,0.020504672080278397,0.4146859645843506,0.26297709345817566,0.0032812287099659443,0.3778098225593567,0.20494960248470306,-0.01858091913163662,0.3457135856151581,0.15290893614292145,-0.033123891800642014,0.5081081986427307,0.3377624452114105,0.002838165033608675,0.46915319561958313,0.24964600801467896,-0.018509458750486374,0.4442936182022095,0.19270004332065582,-0.03319428861141205,0.418528288602829,0.14390788972377777,-0.04119613766670227,0.5535783767700195,0.3353535830974579,-0.0176202654838562,0.5255775451660156,0.26346999406814575,-0.03096345253288746,0.5063387751579285,0.21857887506484985,-0.032475803047418594,0.4835800230503082,0.1780785769224167,-0.03321464732289314
0.6013895273208618,0.5770134925842285,2.1809172778830543e-07,0.5237919092178345,0.5572643876075745,-0.016624940559267998,0.4568580687046051,0.4896931052207947,-0.02029150351881981,0.4109888970851898,0.4249279797077179,-0.027426982298493385,0.36558112502098083,0.383930504322052,-0.03288742154836655,0.4482786953449249,0.4000675678253174,0.02944782003760338,0.3989422023296356,0.3543799817562103,0.0041735111735761166,0.3673195242881775,0.34763041138648987,-0.02293010987341404,0.34306976199150085,0.34571191668510437,-0.039278946816921234,0.4719957411289215,0.3585323095321655,0.021175120025873184,0.41528600454330444,0.26802387833595276,0.005836289841681719,0.37932634353637695,0.21094194054603577,-0.014293843880295753,0.3485562801361084,0.15909583866596222,-0.02789171226322651,0.5086255669593811,0.34005552530288696,0.004614874720573425,0.47031715512275696,0.25342750549316406,-0.014827120117843151,0.44554489850997925,0.19912107288837433,-0.028325479477643967,0.4204798638820648,0.15301652252674103,-0.03587561473250389,0.5542466640472412,0.3357759416103363,-0.015015529468655586,0.5267894268035889,0.26427292823791504,-0.02756310999393463,0.5076515674591064,0.21971406042575836,-0.0292663536965847,0.4854510426521301,0.179855078458786,-0.030221277847886086
0.6013679504394531,0.5768776535987854,2.3539004700978694e-07,0.5239832401275635,0.5580053925514221,-0.016423271968960762,0.45766183733940125,0.4892735183238983,-0.020247768610715866,0.4110827147960663,0.4238174557685852,-0.02776932902634144,0.364802747964859,0.3842514753341675,-0.0337359793484211,0.4504978656768799,0.39911380410194397,0.03194712474942207,0.40215325355529785,0.3539654612541199,0.006961688864976168,0.3696058988571167,0.3478730022907257,-0.02039082907140255,0.34471654891967773,0.3472192585468292,-0.03678378835320473,0.4733457565307617,0.358866423368454,0.023647723719477654,0.41650718450546265,0.2678154706954956,0.00977854710072279,0.3801215589046478,0.20986352860927582,-0.009644763544201851,0.34903308749198914,0.157673642039299,-0.022830741479992867,0.5093775391578674,0.34150728583335876,0.006790926214307547,0.4703039526939392,0.2535465955734253,-0.01146035548299551,0.4449940025806427,0.19835203886032104,-0.02475355565547943,0.4200512170791626,0.15198484063148499,-0.0323561392724514,0.5546375513076782,0.33744534850120544,-0.013204358518123627,0.5265424251556396,0.2658988833427429,-0.02522735483944416,0.5068692564964294,0.22102949023246765,-0.026993224397301674,0.4845089912414551,0.1807580143213272,-0.02807515300810337
0.5992001295089722,0.5819894671440125,2.540671459883015e-07,0.5212633013725281,0.5602705478668213,-0.016887539997696877,0.4549962878227234,0.4917012155056,-0.020822810009121895,0.4090467393398285,0.42704328894615173,-0.028092574328184128,0.36177748441696167,0.39168500900268555,-0.03344785422086716,0.4465225338935852,0.40534982085227966,0.0308943260461092,0.3993069529533386,0.35749518871307373,0.005690047983080149,0.3698003888130188,0.3505062460899353,-0.021565746515989304,0.3456532061100006,0.3495674431324005,-0.03780681639909744,0.47046178579330444,0.3648928105831146,0.0227844025939703,0.41423165798187256,0.2730327546596527,0.007054622285068035,0.3786723017692566,0.21495278179645538,-0.0136505626142025,0.347769558429718,0.16363714635372162,-0.027179863303899765,0.5072066783905029,0.3468434810638428,0.006357208825647831,0.46939459443092346,0.259922057390213,-0.01341964676976204,0.4447292685508728,0.2046573907136917,-0.02670491300523281,0.41980114579200745,0.1583935171365738,-0.03359008580446243,0.5530352592468262,0.34178704023361206,-0.013119972310960293,0.5261245965957642,0.2696390748023987,-0.02490362524986267,0.5080592036247253,0.22549200057983398,-0.025357626378536224,0.48699334263801575,0.1865999698638916,-0.02517680451273918
0.5992969274520874,0.5824549794197083,2.3234552770645678e-07,0.5211661458015442,0.5618306398391724,-0.0160441342741251,0.4542955458164215,0.49218815565109253,-0.019336864352226257,0.40768322348594666,0.4278802275657654,-0.026120731607079506,0.3609158992767334,0.3898630142211914,-0.03119322471320629,0.44880205392837524,0.4031175673007965,0.03195977583527565,0.4021163880825043,0.3557736873626709,0.00686277961358428,0.37180233001708984,0.35059770941734314,-0.020900024101138115,0.3469173312187195,0.35095641016960144,-0.03750161826610565,0.4724391996860504,0.36364057660102844,0.02379176765680313,0.41679924726486206,0.27256903052330017,0.009054022841155529,0.38077694177627563,0.21439339220523834,-0.011577079072594643,0.34963464736938477,0.16276472806930542,-0.025410139933228493,0.5088547468185425,0.3464382290840149,0.007294987794011831,0.4710131585597992,0.25957822799682617,-0.01124448049813509,0.44547247886657715,0.2044418752193451,-0.024586839601397514,0.41985177993774414,0.15817201137542725,-0.03191988542675972,0.5540146827697754,0.34243717789649963,-0.012251418083906174,0.5270155668258667,0.27089500427246094,-0.0236822422593832,0.5081297159194946,0.2264026254415512,-0.024547656998038292,0.4861806631088257,0.18696509301662445,-0.024814890697598457
0.5952402353286743,0.5897670984268188,2.755932086984103e-07,0.5181031227111816,0.568641185760498,-0.01981409639120102,0.4513857364654541,0.4991708993911743,-0.025778068229556084,0.40351971983909607,0.43352752923965454,-0.03493886440992355,0.35483551025390625,0.4005866050720215,-0.042112015187740326,0.4418102204799652,0.41259467601776123,0.0307545717805624,0.395194947719574,0.3667004406452179,0.003857204457744956,0.364774227142334,0.361672967672348,-0.024925129488110542,0.3403875231742859,0.3628842234611511,-0.041906461119651794,0.4656319320201874,0.37202948331832886,0.023698920384049416,0.4105507433414459,0.2813529074192047,0.008273613639175892,0.37512439489364624,0.22199660539627075,-0.012068024836480618,0.34414300322532654,0.16817039251327515,-0.02551170252263546,0.5026953816413879,0.3540743589401245,0.007575316820293665,0.4657228887081146,0.2675398588180542,-0.012112192809581757,0.4409223198890686,0.21157972514629364,-0.025388609617948532,0.41618889570236206,0.16520027816295624,-0.03235918655991554,0.5485277771949768,0.3493514657020569,-0.012041892856359482,0.5212997794151306,0.27735447883605957,-0.02424761839210987,0.5026165246963501,0.23267263174057007,-0.02543657273054123,0.4815599322319031,0.1933564394712448,-0.02583557926118374
0.595129668712616,0.5890623331069946,2.4911454943321587e-07,0.5182061791419983,0.5693983435630798,-0.01709580048918724,0.4509689509868622,0.5011683106422424,-0.021198198199272156,0.40430811047554016,0.43737730383872986,-0.028470218181610107,0.3571811020374298,0.40019264817237854,-0.03423004597425461,0.44481006264686584,0.41085365414619446,0.028184065595269203,0.3966599106788635,0.3647804260253906,0.002960531273856759,0.36552533507347107,0.35842910408973694,-0.02446240745484829,0.3393579125404358,0.35700270533561707,-0.04116671904921532,0.4692226052284241,0.37059485912323,0.02010129764676094,0.4138829708099365,0.27964597940444946,0.0034222665708512068,0.3779730200767517,0.22078682482242584,-0.018667319789528847,0.34629884362220764,0.16782686114311218,-0.033448535948991776,0.5059624314308167,0.35401007533073425,0.004054411314427853,0.4690268337726593,0.26685211062431335,-0.016712401062250137,0.44434210658073425,0.21067750453948975,-0.03175076097249985,0.41875675320625305,0.16280153393745422,-0.04000060632824898,0.550777792930603,0.3518034517765045,-0.014798588119447231,0.5246577262878418,0.2802719473838806,-0.027842940762639046,0.5060314536094666,0.23557180166244507,-0.029787106439471245,0.48431071639060974,0.19554468989372253,-0.030793318524956703
0.5892846584320068,0.5943981409072876,2.699394485716766e-07,0.5131486058235168,0.5755103826522827,-0.019763734191656113,0.4454368054866791,0.5063222050666809,-0.025613833218812943,0.3964942693710327,0.44097670912742615,-0.03447071462869644,0.34759634733200073,0.4097355902194977,-0.04123608022928238,0.43385523557662964,0.418793648481369,0.030136089771986008,0.3871263265609741,0.37251949310302734,0.001337005291134119,0.3592427372932434,0.37014806270599365,-0.02871933951973915,0.3372781276702881,0.3756473958492279,-0.04582103714346886,0.4587976634502411,0.3762066662311554,0.023212848231196404,0.4038170874118805,0.2852246165275574,0.006332773249596357,0.36885225772857666,0.22671154141426086,-0.014805199578404427,0.33845704793930054,0.1744580715894699,-0.028452564030885696,0.49717751145362854,0.35760974884033203,0.007230834569782019,0.4608091115951538,0.2714614272117615,-0.0136727811768651,0.43614983558654785,0.21598997712135315,-0.02657310478389263,0.4117280840873718,0.16936896741390228,-0.032821089029312134,0.5438228845596313,0.35364070534706116,-0.012092447839677334,0.5157045125961304,0.2827640175819397,-0.024468373507261276,0.4970839321613312,0.23968356847763062,-0.024513594806194305,0.4763890504837036,0.20134258270263672,-0.02376958355307579
0.5902715921401978,0.5952126979827881,2.3507098489972122e-07,0.5138520002365112,0.5772505402565002,-0.017801638692617416,0.44573724269866943,0.5073363780975342,-0.021924763917922974,0.3978325128555298,0.44325822591781616,-0.028957247734069824,0.34937340021133423,0.4111407697200775,-0.03424174338579178,0.43936997652053833,0.41810548305511475,0.028203148394823074,0.3904065787792206,0.372591108083725,0.0011006862623617053,0.3586156666278839,0.3679538071155548,-0.027474461123347282,0.3334670662879944,0.3706429600715637,-0.04428170621395111,0.4632660448551178,0.37583914399147034,0.020589930936694145,0.40666666626930237,0.2846500873565674,0.003175199730321765,0.3707890212535858,0.22585350275039673,-0.0186318289488554,0.33995485305786133,0.17337922751903534,-0.032861582934856415,0.5006675720214844,0.35817766189575195,0.00472224922850728,0.46285203099250793,0.2707996964454651,-0.016535574570298195,0.43801188468933105,0.21397185325622559,-0.030828485265374184,0.41243112087249756,0.16521504521369934,-0.03825812786817551,0.5464119911193848,0.35584089159965515,-0.014054554514586926,0.5196243524551392,0.2846132218837738,-0.026682589203119278,0.5010892748832703,0.24053266644477844,-0.027623651549220085,0.47955378890037537,0.20084719359874725,-0.027817362919449806
0.5863633155822754,0.599825918674469,2.980546298658737e-07,0.507728099822998,0.5814546346664429,-0.022950302809476852,0.43993696570396423,0.5114622712135315,-0.03045971505343914,0.3883087635040283,0.4454261064529419,-0.041269686073064804,0.337235689163208,0.4134281575679779,-0.049678195267915726,0.4311608076095581,0.4227257966995239,0.03514736890792847,0.38322827219963074,0.3769345283508301,0.005797124467790127,0.35231977701187134,0.3757873773574829,-0.02531914971768856,0.32943204045295715,0.3835470378398895,-0.04265676438808441,0.45579805970191956,0.38112524151802063,0.030349373817443848,0.4006425738334656,0.29124632477760315,0.01632940210402012,0.36478662490844727,0.23276440799236298,-0.0030160422902554274,0.33246350288391113,0.17827725410461426,-0.01582639105618,0.4939611256122589,0.3619557023048401,0.015126127749681473,0.4565519392490387,0.275077760219574,-0.002855623373761773,0.43090036511421204,0.2198856770992279,-0.014755341224372387,0.4055703282356262,0.1742369532585144,-0.020929811522364616,0.540155291557312,0.355848103761673,-0.004250195808708668,0.5123143196105957,0.28500476479530334,-0.014619510620832443,0.4939502775669098,0.24123863875865936,-0.015006492845714092,0.47392645478248596,0.20200465619564056,-0.01490744762122631
0.5856639742851257,0.6001883745193481,2.7003278546544607e-07,0.5086682438850403,0.5816890001296997,-0.018332015722990036,0.4414709210395813,0.5140550136566162,-0.022769054397940636,0.39331039786338806,0.44973453879356384,-0.030295468866825104,0.34409788250923157,0.41657137870788574,-0.03592587634921074,0.43302491307258606,0.424727201461792,0.030186375603079796,0.38325023651123047,0.3824063241481781,0.00353670003823936,0.3513667583465576,0.3781283497810364,-0.024489618837833405,0.3259226679801941,0.3803485035896301,-0.04096432775259018,0.45794057846069336,0.38097813725471497,0.022928090766072273,0.4016958475112915,0.29037392139434814,0.00463466439396143,0.36640751361846924,0.23199135065078735,-0.017047490924596786,0.33493804931640625,0.17817609012126923,-0.030751824378967285,0.49555066227912903,0.3628357946872711,0.007165232673287392,0.4587993025779724,0.2755012512207031,-0.015330293215811253,0.43398770689964294,0.21928967535495758,-0.02946130372583866,0.40781235694885254,0.1707868129014969,-0.036127541214227676,0.5413851737976074,0.3602186441421509,-0.011541626416146755,0.5150929689407349,0.28865817189216614,-0.02428896725177765,0.49725204706192017,0.24505749344825745,-0.024880941957235336,0.4767468273639679,0.2058369219303131,-0.024572260677814484
0.5824425220489502,0.6012319922447205,3.420022665068245e-07,0.5050920248031616,0.583166241645813,-0.022800184786319733,0.4381563663482666,0.5146411657333374,-0.029578329995274544,0.3883485794067383,0.4497280716896057,-0.039579059928655624,0.33863329887390137,0.41244807839393616,-0.047263190150260925,0.4284323453903198,0.4244347810745239,0.033596474677324295,0.3793480396270752,0.38269296288490295,0.008971716277301311,0.3448541462421417,0.37640655040740967,-0.017315834760665894,0.31770437955856323,0.3765197694301605,-0.032729875296354294,0.4540691077709198,0.3820798099040985,0.028461117297410965,0.3973211348056793,0.2909865379333496,0.015084326267242432,0.3617067039012909,0.23328790068626404,-0.0021108905784785748,0.3289306163787842,0.18011753261089325,-0.012884779833257198,0.4926872253417969,0.363576740026474,0.013407913036644459,0.45446521043777466,0.27592307329177856,-0.005474547855556011,0.4294150173664093,0.21972936391830444,-0.017400803044438362,0.4035126566886902,0.1732192188501358,-0.023027019575238228,0.5386288166046143,0.3585844337940216,-0.0055133383721113205,0.5110904574394226,0.28659379482269287,-0.016966816037893295,0.49258318543434143,0.24245072901248932,-0.01800951361656189,0.47208526730537415,0.20328277349472046,-0.01814812421798706
0.5819883942604065,0.6024219989776611,3.0559627361981256e-07,0.5055192708969116,0.5837490558624268,-0.021927760913968086,0.43813595175743103,0.5139645934104919,-0.028617404401302338,0.3877967894077301,0.44954392313957214,-0.03849015757441521,0.33712613582611084,0.4164712131023407,-0.04624668508768082,0.42999619245529175,0.42671793699264526,0.03082893416285515,0.3813702464103699,0.38412219285964966,0.0038812016136944294,0.3477151393890381,0.3778046667575836,-0.023735286667943,0.3214547336101532,0.37836578488349915,-0.03968730941414833,0.455088347196579,0.3835894465446472,0.024951154366135597,0.39859262108802795,0.2919815182685852,0.008897947147488594,0.3627489507198334,0.23364466428756714,-0.009560935199260712,0.33047914505004883,0.17987677454948425,-0.02089119702577591,0.4935380816459656,0.36461955308914185,0.009506739675998688,0.45504769682884216,0.27536559104919434,-0.01118532009422779,0.4298417866230011,0.21892188489437103,-0.02317475713789463,0.40353140234947205,0.17136655747890472,-0.02851121872663498,0.539474606513977,0.36040645837783813,-0.009588399901986122,0.5125426650047302,0.2884441614151001,-0.02161870338022709,0.4940609335899353,0.24499493837356567,-0.021974727511405945,0.47320684790611267,0.20643502473831177,-0.021492311730980873
0.5830098390579224,0.6073611378669739,3.5022705446863256e-07,0.5018981099128723,0.5870189666748047,-0.023046696558594704,0.43369102478027344,0.5167109966278076,-0.030505143105983734,0.3821679353713989,0.4508299231529236,-0.041627317667007446,0.3303065598011017,0.41408276557922363,-0.05052093788981438,0.4279554784297943,0.42680594325065613,0.03688894957304001,0.37821823358535767,0.3825564980506897,0.011184950359165668,0.3427392840385437,0.3779480457305908,-0.016962677240371704,0.3145294785499573,0.3805205225944519,-0.03329578787088394,0.45362311601638794,0.3855207860469818,0.03201969340443611,0.39930614829063416,0.29387375712394714,0.0202122014015913,0.36341211199760437,0.23496641218662262,0.0026771011762320995,0.32971644401550293,0.1801990568637848,-0.008827468380331993,0.49253419041633606,0.3679737150669098,0.01670505478978157,0.4552692770957947,0.2782963812351227,5.594205049419543e-06,0.43000727891921997,0.22100619971752167,-0.012038727290928364,0.40388935804367065,0.17396429181098938,-0.01844511181116104,0.5386291146278381,0.36427420377731323,-0.0027567851357162,0.512684166431427,0.29223430156707764,-0.012857194058597088,0.4934385120868683,0.24778437614440918,-0.014095964841544628,0.47206711769104004,0.20869536697864532,-0.0147201893851161
0.5816410183906555,0.6082944869995117,3.0986691967882507e-07,0.5031001567840576,0.5888615250587463,-0.02143133617937565,0.43482422828674316,0.5210126042366028,-0.026910224929451942,0.3854427933692932,0.4548776149749756,-0.0351257286965847,0.3344998061656952,0.41697704792022705,-0.04153971001505852,0.42862096428871155,0.42845603823661804,0.029756862670183182,0.3776123821735382,0.38913726806640625,0.004843676462769508,0.34215906262397766,0.3822769522666931,-0.022070035338401794,0.31248608231544495,0.3792012631893158,-0.03873094543814659,0.45426082611083984,0.3846615254878998,0.023718049749732018,0.39943212270736694,0.29286909103393555,0.006871022284030914,0.36438241600990295,0.23397301137447357,-0.014117402024567127,0.33236512541770935,0.17900852859020233,-0.027637485414743423,0.4923116862773895,0.3674294352531433,0.008782309480011463,0.4556155204772949,0.2785113453865051,-0.01353263296186924,0.4313931465148926,0.22145481407642365,-0.028550557792186737,0.40537741780281067,0.17193928360939026,-0.03607739135622978,0.5381186008453369,0.3658660650253296,-0.009349766187369823,0.5123621821403503,0.29363828897476196,-0.023482544347643852,0.49466633796691895,0.24908536672592163,-0.025887643918395042,0.4739697277545929,0.2088048905134201,-0.026858434081077576
0.5739734172821045,0.6236320734024048,3.241895853989263e-07,0.49476131796836853,0.5962218046188354,-0.021434415131807327,0.4278258979320526,0.526427686214447,-0.02823728136718273,0.3772876262664795,0.460632860660553,-0.038134295493364334,0.32683247327804565,0.41771653294563293,-0.046102676540613174,0.4270460307598114,0.42886579036712646,0.0303012877702713,0.37500855326652527,0.38495445251464844,0.0029517097864300013,0.337593138217926,0.3811548352241516,-0.02676314488053322,0.30682384967803955,0.38214343786239624,-0.044590484350919724,0.45300260186195374,0.39039358496665955,0.024464810267090797,0.4004642963409424,0.29660356044769287,0.007353612221777439,0.36509907245635986,0.23549941182136536,-0.014811282977461815,0.33379414677619934,0.1805693507194519,-0.029272951185703278,0.49181222915649414,0.3763873279094696,0.009537633508443832,0.456845760345459,0.2830193042755127,-0.011620650067925453,0.43336981534957886,0.22313734889030457,-0.02627139538526535,0.40868544578552246,0.1737443059682846,-0.033530957996845245,0.5374389886856079,0.37816792726516724,-0.008796713314950466,0.5146902799606323,0.30128443241119385,-0.02193618193268776,0.4979854226112366,0.25389230251312256,-0.023800091817975044,0.47874054312705994,0.21318811178207397,-0.024129953235387802
0.5727927684783936,0.6205407977104187,2.4474778115290974e-07,0.49485108256340027,0.5969418883323669,-0.01991172507405281,0.4274720549583435,0.5266085863113403,-0.02523336559534073,0.3784511983394623,0.46050140261650085,-0.03343008831143379,0.3283705413341522,0.4198438227176666,-0.039961520582437515,0.43009379506111145,0.430675745010376,0.02687937580049038,0.3796917498111725,0.3879702687263489,-0.0007333787507377565,0.34277063608169556,0.3824377954006195,-0.029939420521259308,0.31191813945770264,0.38229674100875854,-0.047664742916822433,0.4550245702266693,0.3911348879337311,0.01995905302464962,0.40256601572036743,0.2971530854701996,0.0002906815498135984,0.3669789731502533,0.23732291162014008,-0.022629790008068085,0.3351280987262726,0.18241311609745026,-0.037383414804935455,0.49266570806503296,0.377368688583374,0.004631855990737677,0.458492249250412,0.2848605513572693,-0.01914556697010994,0.4351480305194855,0.22666269540786743,-0.033998217433691025,0.4097968339920044,0.17626029253005981,-0.040956854820251465,0.5380290746688843,0.38062405586242676,-0.013688858598470688,0.515159010887146,0.3042513132095337,-0.028181495144963264,0.49868059158325195,0.2573736310005188,-0.02977176010608673,0.47923725843429565,0.21580635011196136,-0.029858898371458054
0.5553044080734253,0.6604008674621582,2.6534456765148207e-07,0.4789733588695526,0.6175413131713867,-0.02173660509288311,0.41858524084091187,0.538856565952301,-0.02891716919839382,0.36984333395957947,0.46759164333343506,-0.03929750621318817,0.31747591495513916,0.42015936970710754,-0.04839634895324707,0.43401190638542175,0.44316694140434265,0.02972598187625408,0.38534218072891235,0.3953055739402771,0.00034330051857978106,0.34372514486312866,0.386540949344635,-0.03089081309735775,0.31032681465148926,0.38532698154449463,-0.049799732863903046,0.4603290259838104,0.407669335603714,0.02317718043923378,0.41196301579475403,0.30706173181533813,0.005720037035644054,0.37860432267189026,0.2428346425294876,-0.017082734033465385,0.3507990539073944,0.18569909036159515,-0.03244389221072197,0.49871742725372314,0.3974143862724304,0.007403690833598375,0.46801283955574036,0.2947048842906952,-0.015349007211625576,0.4478013515472412,0.23205700516700745,-0.030652577057480812,0.42668217420578003,0.1820540577173233,-0.038397613912820816,0.5434492826461792,0.4054616093635559,-0.01167546771466732,0.5265544652938843,0.3225063681602478,-0.027243347838521004,0.5134756565093994,0.2708400785923004,-0.03021039068698883,0.49647215008735657,0.228899747133255,-0.031168324872851372
0.5548436641693115,0.6574450731277466,2.0514804077720328e-07,0.4751807749271393,0.6176717281341553,-0.018543027341365814,0.4149553179740906,0.537438690662384,-0.023265283554792404,0.36726605892181396,0.46720099449157715,-0.03180281072854996,0.31831902265548706,0.42250075936317444,-0.03880207985639572,0.43047240376472473,0.44197115302085876,0.03571702539920807,0.38232487440109253,0.3946877121925354,0.007000670302659273,0.34295815229415894,0.3826100826263428,-0.02393159084022045,0.31150683760643005,0.3792058825492859,-0.04204148054122925,0.45863786339759827,0.4050213694572449,0.02833656035363674,0.41332751512527466,0.30356934666633606,0.010405606590211391,0.3811049461364746,0.2401999831199646,-0.01096379105001688,0.35384589433670044,0.18355384469032288,-0.024165134876966476,0.49779045581817627,0.39500901103019714,0.011600548401474953,0.4694879651069641,0.2920411229133606,-0.010694567114114761,0.449056476354599,0.23025842010974884,-0.0240196380764246,0.4279126226902008,0.17841023206710815,-0.029335670173168182,0.5441614389419556,0.4037947356700897,-0.00836679432541132,0.5271814465522766,0.3191669285297394,-0.021019602194428444,0.5140215158462524,0.2691377103328705,-0.02106606401503086,0.49839645624160767,0.22768622636795044,-0.019484329968690872
0.536346971988678,0.6983679533004761,1.8787800115660502e-07,0.4616956114768982,0.6494126319885254,-0.01652519218623638,0.40560203790664673,0.5571964383125305,-0.0200276467949152,0.36185121536254883,0.48074185848236084,-0.027056097984313965,0.3174181580543518,0.4230031669139862,-0.032602205872535706,0.434305340051651,0.45808249711990356,0.031863875687122345,0.38968873023986816,0.40191760659217834,0.003141421591863036,0.350494921207428,0.388621985912323,-0.027286777272820473,0.3185492157936096,0.3843939006328583,-0.04534696042537689,0.4638268053531647,0.42553645372390747,0.022730741649866104,0.4221162497997284,0.3152499198913574,0.005845030769705772,0.3931806981563568,0.24573224782943726,-0.014987418428063393,0.36935314536094666,0.1863023042678833,-0.028303802013397217,0.5040599703788757,0.42140132188796997,0.004938577767461538,0.4837389588356018,0.31383827328681946,-0.016511010006070137,0.4678276777267456,0.24943380057811737,-0.028827808797359467,0.4485761821269989,0.19533860683441162,-0.03423205018043518,0.5499106645584106,0.43842843174934387,-0.0158331710845232,0.5426073670387268,0.3518623113632202,-0.02947845682501793,0.5354821681976318,0.2991655468940735,-0.02891595847904682,0.5227702856063843,0.25373658537864685,-0.027030348777770996
0.5346693992614746,0.6982123851776123,1.3266264886624413e-07,0.4586791396141052,0.648400604724884,-0.016879139468073845,0.40423882007598877,0.5600793361663818,-0.020790277048945427,0.3628784418106079,0.48495763540267944,-0.02830289863049984,0.3212752938270569,0.43005797266960144,-0.03430285304784775,0.43094947934150696,0.4553411304950714,0.032939616590738297,0.3843689262866974,0.39996886253356934,0.003499906277284026,0.34599974751472473,0.3863508403301239,-0.028177794069051743,0.31551018357276917,0.38102400302886963,-0.04641387611627579,0.4635719358921051,0.4226498007774353,0.02435223013162613,0.42427006363868713,0.31380367279052734,0.006299084518104792,0.3955312967300415,0.2454957515001297,-0.01558299083262682,0.3724048137664795,0.18620499968528748,-0.02933984249830246,0.5046396255493164,0.418851375579834,0.006966690998524427,0.48568060994148254,0.3125786781311035,-0.014324133284389973,0.46867626905441284,0.24999119341373444,-0.02716170996427536,0.4493379592895508,0.1961790919303894,-0.03241966664791107,0.5505322217941284,0.4363684058189392,-0.013532128185033798,0.5417179465293884,0.347995400428772,-0.024360431358218193,0.5333876013755798,0.29584017395973206,-0.02267288789153099,0.5208294987678528,0.2513774335384369,-0.02002321183681488
0.5190547108650208,0.7265490293502808,1.15786846777155e-07,0.4467312693595886,0.6730233430862427,-0.018867533653974533,0.39437729120254517,0.5834115743637085,-0.02727508917450905,0.35197389125823975,0.5073472857475281,-0.03930224850773811,0.3168128728866577,0.43881624937057495,-0.05007416009902954,0.43769365549087524,0.4781346321105957,0.025105290114879608,0.39244598150253296,0.4227890074253082,-0.009954268112778664,0.35226961970329285,0.4093729555606842,-0.04520663991570473,0.32193008065223694,0.4075409471988678,-0.06515835225582123,0.4697854220867157,0.447518914937973,0.016663921996951103,0.43376386165618896,0.33264589309692383,-0.0018580970354378223,0.4074149429798126,0.26081323623657227,-0.02251196838915348,0.38653257489204407,0.19987502694129944,-0.035849202424287796,0.5118608474731445,0.4441775977611542,-0.0008010417222976685,0.49761027097702026,0.33361512422561646,-0.021745311096310616,0.4840541183948517,0.2676208019256592,-0.032591696828603745,0.466755211353302,0.21146979928016663,-0.03728644177317619,0.558142364025116,0.46449169516563416,-0.021675387397408485,0.5615670680999756,0.3773877024650574,-0.03399086371064186,0.560249388217926,0.322007417678833,-0.03251539543271065,0.551992654800415,0.27378958463668823,-0.02998994290828705
0.5152717232704163,0.7243589758872986,8.683441166112971e-08,0.4452041685581207,0.669421911239624,-0.017788266763091087,0.39348435401916504,0.5837281942367554,-0.02685948647558689,0.35194534063339233,0.5110515356063843,-0.03955729305744171,0.3170241415500641,0.44797417521476746,-0.05098842456936836,0.43486765027046204,0.4723772704601288,0.022435933351516724,0.3887490928173065,0.4136812388896942,-0.012439938262104988,0.3483339548110962,0.40032804012298584,-0.047243356704711914,0.31852519512176514,0.39925798773765564,-0.06691272556781769,0.46791911125183105,0.4432048797607422,0.013538696803152561,0.4320932626724243,0.33088791370391846,-0.006144457031041384,0.4057263135910034,0.26132863759994507,-0.02728458121418953,0.3854321539402008,0.20266002416610718,-0.04095292463898659,0.5105665326118469,0.4433036744594574,-0.003906879108399153,0.4971206486225128,0.33595362305641174,-0.025548767298460007,0.4833233654499054,0.27123117446899414,-0.03724396601319313,0.46714940667152405,0.21501308679580688,-0.042453546077013016,0.5572162866592407,0.4674212634563446,-0.0245065875351429,0.561517596244812,0.3801884651184082,-0.03704652190208435,0.5607985854148865,0.325490802526474,-0.03630174696445465,0.5535826086997986,0.2769390344619751,-0.03427931293845177
0.5049132704734802,0.7463103532791138,9.76440333033679e-08,0.4366225302219391,0.6876187920570374,-0.02055690810084343,0.3878059685230255,0.5964767336845398,-0.031179437413811684,0.3465307056903839,0.5191417336463928,-0.0449553057551384,0.3164486289024353,0.4487241506576538,-0.057654257863759995,0.4392111003398895,0.4934215843677521,0.016626793891191483,0.3950057625770569,0.4353809952735901,-0.022456126287579536,0.3557470440864563,0.4184707999229431,-0.060126807540655136,0.32433560490608215,0.4143594205379486,-0.0817597359418869,0.4749496877193451,0.46464574337005615,0.007680241484194994,0.4454909563064575,0.3476371169090271,-0.014895841479301453,0.4243137240409851,0.2733970880508423,-0.0381854847073555,0.40655869245529175,0.21064653992652893,-0.05364985764026642,0.5195454359054565,0.46634629368782043,-0.009895609691739082,0.5164507031440735,0.3588124215602875,-0.0347900353372097,0.5115624070167542,0.29411840438842773,-0.0473829060792923,0.5010731220245361,0.23731020092964172,-0.053105808794498444,0.5659962296485901,0.4942939579486847,-0.030662132427096367,0.5814536809921265,0.41224783658981323,-0.045758746564388275,0.5900494456291199,0.359346866607666,-0.04530196264386177,0.5904576778411865,0.312137633562088,-0.043549321591854095
0.5033724308013916,0.7437917590141296,8.26226056460655e-08,0.4354783594608307,0.6842270493507385,-0.017190515995025635,0.38677719235420227,0.5939990282058716,-0.027010159566998482,0.3469695448875427,0.5190123915672302,-0.040637291967868805,0.3148719072341919,0.4532321095466614,-0.053288474678993225,0.43887507915496826,0.48631948232650757,0.021007349714636803,0.39464062452316284,0.4310150742530823,-0.014370321296155453,0.3546310067176819,0.41692987084388733,-0.04970590025186539,0.3248786926269531,0.4150930345058441,-0.06998595595359802,0.47432640194892883,0.46010613441467285,0.010825073346495628,0.44433924555778503,0.3455689549446106,-0.008772880770266056,0.4223978519439697,0.2726093530654907,-0.030318733304739,0.40700483322143555,0.21018752455711365,-0.04487384110689163,0.5188580751419067,0.4642752408981323,-0.007755861151963472,0.5148455500602722,0.35555171966552734,-0.029912998899817467,0.5065506100654602,0.2907080054283142,-0.042659152299165726,0.49505284428596497,0.23310619592666626,-0.0491897352039814,0.56563401222229,0.49445047974586487,-0.02932102233171463,0.5807817578315735,0.41173824667930603,-0.04275313392281532,0.5876584053039551,0.3578914999961853,-0.04291164502501488,0.5867787003517151,0.30740371346473694,-0.04198608919978142
0.4976140558719635,0.7585025429725647,9.122495470137437e-08,0.4322850704193115,0.6981170177459717,-0.022256137803196907,0.383892297744751,0.6026093363761902,-0.034365687519311905,0.34367138147354126,0.5245459079742432,-0.04904145374894142,0.31159061193466187,0.45458245277404785,-0.06281863898038864,0.44273290038108826,0.5000693798065186,0.011204522103071213,0.3968248665332794,0.4425392746925354,-0.02737756073474884,0.3545835614204407,0.4257622957229614,-0.06437302380800247,0.3191041350364685,0.42165711522102356,-0.08600546419620514,0.4808928370475769,0.4730129837989807,0.0021736319176852703,0.45433977246284485,0.3532792925834656,-0.020540757104754448,0.43669700622558594,0.27749544382095337,-0.04408082365989685,0.42353934049606323,0.21258190274238586,-0.05997726693749428,0.5264950394630432,0.4793691337108612,-0.015164424665272236,0.5268571376800537,0.3711950182914734,-0.04149786755442619,0.5259785056114197,0.3052830100059509,-0.05573489889502525,0.5199059247970581,0.24651119112968445,-0.062835693359375,0.5730016231536865,0.5130356550216675,-0.03544190153479576,0.591709554195404,0.43397611379623413,-0.052095379680395126,0.6030538082122803,0.3828992545604706,-0.05246895179152489,0.6052533984184265,0.33567512035369873,-0.05150197446346283
0.4958452880382538,0.7603286504745483,6.49040998723649e-08,0.43185558915138245,0.6986158490180969,-0.021502792835235596,0.3846088647842407,0.6022053360939026,-0.033941641449928284,0.345531702041626,0.5237748622894287,-0.04922504723072052,0.31232205033302307,0.4564301371574402,-0.06372106820344925,0.4425746202468872,0.4998787045478821,0.012290800921618938,0.3961731493473053,0.4433571994304657,-0.02697163261473179,0.35419929027557373,0.42714551091194153,-0.06471791118383408,0.3197946548461914,0.4222955107688904,-0.08666211366653442,0.4808928072452545,0.4733123183250427,0.0027921737637370825,0.4530313014984131,0.35419517755508423,-0.020972363650798798,0.4346989691257477,0.2783737778663635,-0.04522755369544029,0.42196622490882874,0.21182802319526672,-0.061463870108127594,0.5269544124603271,0.480108380317688,-0.015015639364719391,0.5272797346115112,0.37284016609191895,-0.04160616546869278,0.52468341588974,0.30622398853302,-0.056039128452539444,0.5177326202392578,0.24489042162895203,-0.06313396990299225,0.573978066444397,0.5144234895706177,-0.035815007984638214,0.592610239982605,0.4353216290473938,-0.051884036511182785,0.6030828952789307,0.3837101459503174,-0.05208370462059975,0.6044037342071533,0.3347765803337097,-0.050938576459884644
0.4944445788860321,0.7662568092346191,1.0924110682708488e-07,0.4316149950027466,0.7037090063095093,-0.02367592789232731,0.38531947135925293,0.6042430996894836,-0.03621527552604675,0.34512537717819214,0.5240909457206726,-0.05152261629700661,0.31236135959625244,0.45564964413642883,-0.06590202450752258,0.44635605812072754,0.5040690302848816,0.013801618479192257,0.40090999007225037,0.4484945237636566,-0.024121621623635292,0.3574555516242981,0.43042755126953125,-0.06150418892502785,0.32114580273628235,0.4241979718208313,-0.08376184850931168,0.48508280515670776,0.4799090325832367,0.005310550797730684,0.4609425365924835,0.3599929213523865,-0.017115766182541847,0.44431713223457336,0.28310802578926086,-0.04142671450972557,0.43258512020111084,0.21553942561149597,-0.05805591121315956,0.5307213068008423,0.4886348843574524,-0.011866872198879719,0.532252848148346,0.38147038221359253,-0.03831535577774048,0.532707691192627,0.3164796829223633,-0.05291687697172165,0.5290130972862244,0.2570624053478241,-0.06024623289704323,0.576417088508606,0.5238561630249023,-0.03227882459759712,0.5965757369995117,0.4461188316345215,-0.04919375851750374,0.6112085580825806,0.3967324197292328,-0.05002766475081444,0.6178781390190125,0.34911879897117615,-0.049381501972675323
0.4945638179779053,0.7652652263641357,1.0373132397489826e-07,0.43166178464889526,0.7031599283218384,-0.023086898028850555,0.3854908347129822,0.6049694418907166,-0.03560207784175873,0.3459506630897522,0.524993360042572,-0.05102290213108063,0.31244713068008423,0.45831504464149475,-0.06555911898612976,0.44589999318122864,0.5048459768295288,0.014878861606121063,0.400412380695343,0.44968774914741516,-0.022344490513205528,0.3579842448234558,0.43024003505706787,-0.05909539759159088,0.32291287183761597,0.4220517873764038,-0.08098447322845459,0.4847413897514343,0.4802396297454834,0.005973884370177984,0.4588121473789215,0.3606596291065216,-0.016179533675312996,0.4423093795776367,0.28397512435913086,-0.040034741163253784,0.4315198063850403,0.21534913778305054,-0.0562240332365036,0.5307825207710266,0.4885402023792267,-0.011583621613681316,0.5319144129753113,0.381794810295105,-0.03773706778883934,0.5315595865249634,0.3168834149837494,-0.05206332355737686,0.5274986624717712,0.2566224932670593,-0.05916880816221237,0.5768888592720032,0.5236863493919373,-0.03242694213986397,0.596188485622406,0.4468275308609009,-0.048964161425828934,0.6098636388778687,0.3979816436767578,-0.04965999722480774,0.6157317161560059,0.3503970801830292,-0.04888191446661949
0.4922056496143341,0.7691737413406372,1.46448130067256e-07,0.42924511432647705,0.7057846784591675,-0.02413841150701046,0.38489484786987305,0.6048856377601624,-0.03675117343664169,0.3468618392944336,0.5229071378707886,-0.051961272954940796,0.3123493194580078,0.4556873142719269,-0.06645102798938751,0.4463100731372833,0.5092647075653076,0.012324446812272072,0.4030662775039673,0.4521678686141968,-0.024239473044872284,0.361494243144989,0.43291324377059937,-0.06015194579958916,0.3262937068939209,0.4249797463417053,-0.08175619691610336,0.48658159375190735,0.4855480194091797,0.003637883346527815,0.46529364585876465,0.3640516996383667,-0.018841702491044998,0.45066654682159424,0.2859460115432739,-0.04340788722038269,0.44094809889793396,0.21665415167808533,-0.06023387610912323,0.5327689051628113,0.4958227276802063,-0.013522561639547348,0.5372228026390076,0.3877384662628174,-0.04089696705341339,0.540852427482605,0.3218865990638733,-0.05652862787246704,0.5404735207557678,0.26139822602272034,-0.06456688791513443,0.5779406428337097,0.5325824022293091,-0.03369817137718201,0.599841296672821,0.4551542401313782,-0.051780231297016144,0.6166719198226929,0.40633806586265564,-0.053289663046598434,0.6258357167243958,0.3587615489959717,-0.05315673351287842
0.49041441082954407,0.7679824829101562,1.336436952215081e-07,0.42849013209342957,0.7028409242630005,-0.023094769567251205,0.384583055973053,0.6037749648094177,-0.036047760397195816,0.3460891842842102,0.5240487456321716,-0.05178790166974068,0.31229013204574585,0.4581015706062317,-0.06696972995996475,0.4461780786514282,0.5099989771842957,0.01175190694630146,0.4018305242061615,0.45440465211868286,-0.026309536769986153,0.3598281741142273,0.43468794226646423,-0.0630466565489769,0.324874609708786,0.42665550112724304,-0.08475857973098755,0.48595529794692993,0.486028254032135,0.0024867590982466936,0.46370333433151245,0.3645802438259125,-0.02084152214229107,0.44963303208351135,0.2861132025718689,-0.045229531824588776,0.4409239888191223,0.2161262035369873,-0.061570510268211365,0.5321226119995117,0.49595731496810913,-0.015127405524253845,0.5367211103439331,0.3883567452430725,-0.04250824451446533,0.5397107005119324,0.322445809841156,-0.05741057172417641,0.5385198593139648,0.2610987722873688,-0.06468043476343155,0.5771299004554749,0.5329922437667847,-0.03575150668621063,0.598736047744751,0.4567023515701294,-0.05305108428001404,0.6155179142951965,0.4080718755722046,-0.05347440019249916,0.6248691082000732,0.36046302318573,-0.05238804966211319
0.48824337124824524,0.7698591947555542,1.3336341453396017e-07,0.42462918162345886,0.7069131135940552,-0.024343742057681084,0.3824613094329834,0.60205078125,-0.036065250635147095,0.3453090190887451,0.5186845064163208,-0.05012737214565277,0.3089848458766937,0.4535163640975952,-0.0637894943356514,0.4460563361644745,0.5118634104728699,0.01157015934586525,0.4005439281463623,0.45415791869163513,-0.024276887997984886,0.35862940549850464,0.4316052198410034,-0.05916755273938179,0.3237990438938141,0.42060762643814087,-0.0801200196146965,0.4874001145362854,0.48727646470069885,0.0031545599922537804,0.4675566852092743,0.3662353456020355,-0.018763259053230286,0.4545685052871704,0.2881106734275818,-0.04234130308032036,0.44670894742012024,0.218448668718338,-0.05837645381689072,0.5337504148483276,0.4981065094470978,-0.013646368868649006,0.5396191477775574,0.39088141918182373,-0.04096265509724617,0.5444223284721375,0.3249894380569458,-0.05643075704574585,0.5453723669052124,0.26342883706092834,-0.06422405689954758,0.5777687430381775,0.5362465381622314,-0.033440250903367996,0.5996251106262207,0.46056705713272095,-0.05144983157515526,0.6179675459861755,0.4135165512561798,-0.05265618488192558,0.6293638944625854,0.36760228872299194,-0.05226701498031616
0.4885289967060089,0.7683423757553101,1.2975910124168877e-07,0.4250723123550415,0.7051881551742554,-0.02375136688351631,0.3826376795768738,0.601834774017334,-0.03550903499126434,0.3458552658557892,0.5189695358276367,-0.049638278782367706,0.30980047583580017,0.4546244740486145,-0.06322941929101944,0.4465388059616089,0.5105493664741516,0.011708839796483517,0.40026766061782837,0.45235443115234375,-0.02380026876926422,0.3584979176521301,0.4293859601020813,-0.05834922939538956,0.3240887522697449,0.41765105724334717,-0.07903837412595749,0.4875071346759796,0.48584383726119995,0.003319225739687681,0.46645766496658325,0.36484482884407043,-0.018243085592985153,0.45419541001319885,0.2878131568431854,-0.04110297933220863,0.44751134514808655,0.2191295027732849,-0.056519947946071625,0.5335111618041992,0.4966902434825897,-0.013329648412764072,0.5387697219848633,0.3903684616088867,-0.04005581885576248,0.5437099933624268,0.3254801034927368,-0.05456910654902458,0.5449925661087036,0.2642727792263031,-0.06166629493236542,0.5775709748268127,0.5348708033561707,-0.03299437090754509,0.5993552803993225,0.46004658937454224,-0.05027618259191513,0.6175551414489746,0.4136039614677429,-0.05075841769576073,0.6288170218467712,0.36789780855178833,-0.049761317670345306
0.4839797914028168,0.7668377161026001,1.383163947821231e-07,0.42239096760749817,0.7010046243667603,-0.023409204557538033,0.3802640736103058,0.5975430607795715,-0.03560206666588783,0.3430454730987549,0.5153325796127319,-0.050067927688360214,0.30760258436203003,0.45050370693206787,-0.06411519646644592,0.44486525654792786,0.509367823600769,0.009389965794980526,0.39920538663864136,0.45025819540023804,-0.026972655206918716,0.35755109786987305,0.4267221987247467,-0.06189583241939545,0.32284778356552124,0.41487428545951843,-0.08280041068792343,0.48650896549224854,0.48584118485450745,0.000873301993124187,0.467120885848999,0.3653046190738678,-0.02188967540860176,0.4553457200527191,0.2874165177345276,-0.045672230422496796,0.44877034425735474,0.21743518114089966,-0.0618770606815815,0.5327398777008057,0.4973430931568146,-0.015613185241818428,0.5405141115188599,0.39083153009414673,-0.04281862825155258,0.5464996695518494,0.32510751485824585,-0.05769188329577446,0.5488597750663757,0.2631455659866333,-0.06516518443822861,0.5765037536621094,0.5356088280677795,-0.034952562302351,0.5999091863632202,0.4612617492675781,-0.052055779844522476,0.6190091967582703,0.41520529985427856,-0.05238635092973709,0.6315520405769348,0.36993545293807983,-0.05147465318441391
0.4847128987312317,0.7655074596405029,1.4913656798398733e-07,0.42283979058265686,0.7023985385894775,-0.02450490929186344,0.38027358055114746,0.5994327664375305,-0.037361644208431244,0.3421953618526459,0.5166602730751038,-0.05224011093378067,0.3072907030582428,0.451542466878891,-0.06645795702934265,0.44406935572624207,0.5094494223594666,0.008540616370737553,0.3992859423160553,0.44997894763946533,-0.02814815752208233,0.35782405734062195,0.42676177620887756,-0.06349875032901764,0.32343345880508423,0.41517364978790283,-0.08452274650335312,0.48567888140678406,0.48614224791526794,0.0008705213549546897,0.46693816781044006,0.36486929655075073,-0.021753069013357162,0.4559308886528015,0.28647440671920776,-0.045198921114206314,0.4502464830875397,0.2162027657032013,-0.061014555394649506,0.5322684645652771,0.497571736574173,-0.014861089177429676,0.5396488308906555,0.3908673822879791,-0.04163115844130516,0.5458805561065674,0.3250000774860382,-0.05588175356388092,0.5486561059951782,0.26337382197380066,-0.06272631138563156,0.5766516923904419,0.5352520942687988,-0.03358493000268936,0.599579930305481,0.4600781202316284,-0.0501093789935112,0.6184914708137512,0.41362136602401733,-0.049932874739170074,0.6309583187103271,0.3682050108909607,-0.048475481569767
0.4761885702610016,0.7624192237854004,1.5918382700874645e-07,0.4173109531402588,0.6957857012748718,-0.023321501910686493,0.37633997201919556,0.5929636359214783,-0.035739440470933914,0.33900946378707886,0.5111135840415955,-0.05054008960723877,0.3041877746582031,0.44611459970474243,-0.0650138333439827,0.4432138204574585,0.5056872367858887,0.010249800980091095,0.39592188596725464,0.44790661334991455,-0.025529837235808372,0.35331088304519653,0.42242157459259033,-0.060181666165590286,0.3181505799293518,0.4082748591899872,-0.08117661625146866,0.4848701059818268,0.48291340470314026,0.0013111598091199994,0.4652882516384125,0.3612356185913086,-0.021506380289793015,0.4539421796798706,0.28279709815979004,-0.04545430466532707,0.44757550954818726,0.21258631348609924,-0.061702895909547806,0.5306856632232666,0.49546512961387634,-0.015619330108165741,0.5401623845100403,0.3890566825866699,-0.04370309039950371,0.5474463105201721,0.32245171070098877,-0.05920025706291199,0.5505695939064026,0.2594834566116333,-0.06689605861902237,0.5735087990760803,0.534970760345459,-0.035308435559272766,0.5980964303016663,0.46092405915260315,-0.053672902286052704,0.6181583404541016,0.4142489433288574,-0.05476433411240578,0.6312625408172607,0.3676877021789551,-0.05423327535390854
0.4765768349170685,0.7625036239624023,1.5737295200324297e-07,0.41814008355140686,0.6963407397270203,-0.0229488592594862,0.37685808539390564,0.5952228903770447,-0.03607740253210068,0.3396657407283783,0.5129815340042114,-0.051990363746881485,0.3043653666973114,0.44701528549194336,-0.06735636293888092,0.44419988989830017,0.5019980072975159,0.013687924481928349,0.39791741967201233,0.44288021326065063,-0.020230432972311974,0.3548824191093445,0.4183976650238037,-0.05470834672451019,0.3193644881248474,0.4039635956287384,-0.07603593170642853,0.48510807752609253,0.48151591420173645,0.004547701217234135,0.464131623506546,0.3589004874229431,-0.01639115996658802,0.45253899693489075,0.2802099883556366,-0.04043041914701462,0.44655653834342957,0.20894652605056763,-0.057308029383420944,0.530449628829956,0.4956190586090088,-0.012706756591796875,0.5388413667678833,0.38876640796661377,-0.03938549757003784,0.5459685325622559,0.32205259799957275,-0.05543585866689682,0.5492087602615356,0.25996655225753784,-0.06404069811105728,0.5734565854072571,0.5354244709014893,-0.03278301656246185,0.5977013111114502,0.46116095781326294,-0.05085761472582817,0.6174740791320801,0.41404902935028076,-0.052846282720565796,0.6305522918701172,0.3667251467704773,-0.05321282893419266
0.4685761332511902,0.7597522735595703,1.3858442571290652e-07,0.4120631814002991,0.6938156485557556,-0.02502785250544548,0.3720136880874634,0.5899885296821594,-0.03859478980302811,0.3353588581085205,0.506023645401001,-0.054115988314151764,0.30145740509033203,0.4398304224014282,-0.06916356831789017,0.4386448264122009,0.5009688138961792,0.007153475657105446,0.39173147082328796,0.4435192942619324,-0.029128309339284897,0.3489949703216553,0.4169970154762268,-0.06417320668697357,0.3143540918827057,0.40035659074783325,-0.08564065396785736,0.4801467955112457,0.478966623544693,-0.001225765678100288,0.46096575260162354,0.3577615022659302,-0.024452373385429382,0.4502589702606201,0.279051810503006,-0.048506930470466614,0.4448128044605255,0.2083488404750824,-0.06507635116577148,0.5255329608917236,0.4918263256549835,-0.017598146572709084,0.5363322496414185,0.3870411515235901,-0.04588567465543747,0.5440725088119507,0.32227450609207153,-0.06158667802810669,0.5472721457481384,0.2605654299259186,-0.06959829479455948,0.5680648684501648,0.5314252376556396,-0.036929454654455185,0.5942167639732361,0.45839768648147583,-0.05570574849843979,0.6151911020278931,0.41292762756347656,-0.05752972140908241,0.6286352872848511,0.36746931076049805,-0.05761687457561493
0.4706420302391052,0.7604584693908691,1.5146191856274527e-07,0.41235053539276123,0.6948883533477783,-0.024811407551169395,0.37152594327926636,0.592430055141449,-0.038802340626716614,0.33481237292289734,0.5076108574867249,-0.05523271858692169,0.2996468245983124,0.43995192646980286,-0.07089363038539886,0.44063887000083923,0.4993579089641571,0.01223731692880392,0.39525455236434937,0.4383057653903961,-0.02250816859304905,0.3518107533454895,0.4121912717819214,-0.05751064047217369,0.3159139156341553,0.39692816138267517,-0.07911209017038345,0.4819747805595398,0.4790956377983093,0.003875902621075511,0.4613702893257141,0.3566552698612213,-0.01754981093108654,0.45020535588264465,0.27806103229522705,-0.04177532345056534,0.44497498869895935,0.20670977234840393,-0.05882846191525459,0.5272344350814819,0.4930458962917328,-0.012852201238274574,0.536178708076477,0.3871658146381378,-0.04003113880753517,0.5438745617866516,0.32127636671066284,-0.05612138286232948,0.5476139187812805,0.25986790657043457,-0.06471510976552963,0.569986879825592,0.532443106174469,-0.03262011706829071,0.5946526527404785,0.45899733901023865,-0.05117127671837807,0.6148423552513123,0.4127647578716278,-0.053606461733579636,0.6281065344810486,0.3665085434913635,-0.054252613335847855
0.46224328875541687,0.7551486492156982,1.4315507712581166e-07,0.40519049763679504,0.690253734588623,-0.02583242580294609,0.3650343418121338,0.5873132348060608,-0.03982286527752876,0.32903414964675903,0.5027324557304382,-0.05543747544288635,0.2950318455696106,0.43553757667541504,-0.07048002630472183,0.4323131740093231,0.49758046865463257,0.005081187468022108,0.3856276869773865,0.43704754114151,-0.031193813309073448,0.3430124521255493,0.40922003984451294,-0.06567578762769699,0.30759021639823914,0.3920479416847229,-0.08667705953121185,0.474987268447876,0.4760405421257019,-0.002825518138706684,0.45789241790771484,0.35398349165916443,-0.026687242090702057,0.4476946294307709,0.2762371599674225,-0.05078590661287308,0.4415993094444275,0.20707634091377258,-0.06723974645137787,0.520886242389679,0.4898885190486908,-0.018588446080684662,0.5338178873062134,0.385566771030426,-0.047569237649440765,0.5420406460762024,0.32090407609939575,-0.06341160833835602,0.5447999238967896,0.2589104473590851,-0.07141020148992538,0.563686728477478,0.5305532217025757,-0.037220943719148636,0.5911944508552551,0.4577580392360687,-0.05619307979941368,0.612287163734436,0.4124448299407959,-0.057893749326467514,0.6250549554824829,0.36692938208580017,-0.05791310593485832
0.4636945426464081,0.7551903128623962,1.3224406814060785e-07,0.4050157368183136,0.6917630434036255,-0.02601807378232479,0.36520060896873474,0.586950957775116,-0.039747316390275955,0.3285686671733856,0.5013789534568787,-0.05525050684809685,0.2949199676513672,0.43343019485473633,-0.06988022476434708,0.4316871166229248,0.49747204780578613,0.007939901202917099,0.3879828453063965,0.43580731749534607,-0.028573084622621536,0.3457965552806854,0.40966489911079407,-0.06364035606384277,0.31001389026641846,0.3948920965194702,-0.08465174585580826,0.474199503660202,0.47642889618873596,0.00037018288276158273,0.4581499397754669,0.3541259169578552,-0.022373730316758156,0.448169469833374,0.27692699432373047,-0.04574482515454292,0.44295522570610046,0.20777148008346558,-0.06151300668716431,0.5207592248916626,0.49080410599708557,-0.015434044413268566,0.5317856073379517,0.385337233543396,-0.043110981583595276,0.5399161577224731,0.32016628980636597,-0.05748701095581055,0.5438404679298401,0.25851815938949585,-0.06433495134115219,0.564186692237854,0.5313811898231506,-0.0343145988881588,0.5895096063613892,0.4569404721260071,-0.051827844232320786,0.6109318137168884,0.41144001483917236,-0.05202241986989975,0.6251133680343628,0.3663069009780884,-0.0508175790309906
0.4568513035774231,0.7571483850479126,1.1314655523619876e-07,0.3995031714439392,0.6890997886657715,-0.024147087708115578,0.35977470874786377,0.5821701884269714,-0.036603037267923355,0.32237786054611206,0.49767032265663147,-0.05121169611811638,0.2877148389816284,0.4320729374885559,-0.06529506295919418,0.4285616874694824,0.4969795346260071,0.009383069351315498,0.38342756032943726,0.43659234046936035,-0.026948941871523857,0.341480016708374,0.40959036350250244,-0.06207400560379028,0.305858850479126,0.39357709884643555,-0.083241306245327,0.47096899151802063,0.4756155014038086,0.001067846780642867,0.45499756932258606,0.3556784689426422,-0.022068003192543983,0.44517284631729126,0.2790616750717163,-0.045669905841350555,0.4399620592594147,0.21082139015197754,-0.06142130121588707,0.5175416469573975,0.4902411997318268,-0.015253320336341858,0.528063178062439,0.38502776622772217,-0.043409060686826706,0.5352742075920105,0.3204745054244995,-0.05785823613405228,0.5383176207542419,0.2591080665588379,-0.06451354920864105,0.5609235763549805,0.5315179824829102,-0.03443332016468048,0.5865763425827026,0.45729219913482666,-0.05223982781171799,0.607144832611084,0.41149061918258667,-0.05234908685088158,0.6203781962394714,0.3658860921859741,-0.050923898816108704
0.45822954177856445,0.759009599685669,1.0499365998839494e-07,0.40003502368927,0.6924960613250732,-0.024494655430316925,0.3609636127948761,0.5843270421028137,-0.03750205785036087,0.3243408203125,0.497626930475235,-0.05272369459271431,0.2886331081390381,0.43070879578590393,-0.06739867478609085,0.42845332622528076,0.4976983368396759,0.009482949040830135,0.384553998708725,0.4353410601615906,-0.027408545836806297,0.34240201115608215,0.40825310349464417,-0.06292073428630829,0.30640968680381775,0.39294448494911194,-0.08427713066339493,0.4712628126144409,0.4763542711734772,0.0011711908737197518,0.4561495780944824,0.3568810820579529,-0.022761156782507896,0.4456484317779541,0.27952659130096436,-0.04696906358003616,0.439966082572937,0.20995554327964783,-0.06319119036197662,0.5178142786026001,0.4911779463291168,-0.015264601446688175,0.529662549495697,0.3869810700416565,-0.04382564127445221,0.5368650555610657,0.32131627202033997,-0.05865916237235069,0.5401517748832703,0.25876444578170776,-0.06567277759313583,0.5605842471122742,0.5323781371116638,-0.034593675285577774,0.586442768573761,0.45856398344039917,-0.052733130753040314,0.6065803170204163,0.4116787314414978,-0.05334683507680893,0.6190304756164551,0.3644840717315674,-0.05233388766646385
0.454806387424469,0.7579917907714844,1.2060628762355918e-07,0.3975690007209778,0.6923143267631531,-0.025440096855163574,0.35854583978652954,0.58371502161026,-0.038728054612874985,0.32165440917015076,0.49662280082702637,-0.054060474038124084,0.2859320640563965,0.4309338927268982,-0.06869305670261383,0.42568328976631165,0.49837395548820496,0.00978036131709814,0.3810705840587616,0.43908748030662537,-0.026993118226528168,0.3384808599948883,0.4104888439178467,-0.06258583068847656,0.3030247092247009,0.3932906985282898,-0.08422461897134781,0.4677532911300659,0.4774545729160309,0.0017051922623068094,0.4505998194217682,0.3570363521575928,-0.021052204072475433,0.44090524315834045,0.2794988453388214,-0.0440310537815094,0.4363573491573334,0.2096136510372162,-0.05954340845346451,0.5138835906982422,0.49180173873901367,-0.014860088005661964,0.5252556204795837,0.3859339952468872,-0.043075982481241226,0.5332397818565369,0.32042545080184937,-0.05754074081778526,0.5366526246070862,0.25817960500717163,-0.06435997039079666,0.5570242404937744,0.5326464176177979,-0.03451785072684288,0.5831851363182068,0.45802879333496094,-0.05312478169798851,0.6044203042984009,0.41143983602523804,-0.054183345288038254,0.617741584777832,0.3645806908607483,-0.05351058766245842
0.4554433524608612,0.7591596245765686,1.0869128175272635e-07,0.3979869782924652,0.6938488483428955,-0.026036005467176437,0.3594190180301666,0.5847164392471313,-0.039566658437252045,0.3230085074901581,0.49678918719291687,-0.05498160049319267,0.2867278754711151,0.4306064248085022,-0.06964223086833954,0.42671021819114685,0.4993042051792145,0.00875828042626381,0.3826049268245697,0.43825554847717285,-0.02829701639711857,0.34006449580192566,0.4093363583087921,-0.06390831619501114,0.3037868142127991,0.39140793681144714,-0.08551033586263657,0.468694806098938,0.4777167737483978,0.0010742881568148732,0.45175474882125854,0.3580772876739502,-0.022098613902926445,0.4418017864227295,0.2805425524711609,-0.04502125829458237,0.43745338916778564,0.21023699641227722,-0.06038681045174599,0.5148483514785767,0.4924672245979309,-0.01502175908535719,0.5264676809310913,0.38719263672828674,-0.04327048733830452,0.5340788960456848,0.3209933638572693,-0.05714983865618706,0.5376927256584167,0.25804969668388367,-0.0635591521859169,0.5576523542404175,0.5338510870933533,-0.03426768630743027,0.5834372043609619,0.4604547321796417,-0.05265985056757927,0.6037900447845459,0.41296207904815674,-0.053173601627349854,0.6164557337760925,0.36511796712875366,-0.052074361592531204
0.4529143273830414,0.7562023401260376,1.3245571039988135e-07,0.3967007100582123,0.689698338508606,-0.024071983993053436,0.35931190848350525,0.5827009677886963,-0.03643018752336502,0.3237607479095459,0.4956051707267761,-0.05131394416093826,0.2874074876308441,0.42926502227783203,-0.06541463732719421,0.4272058606147766,0.49839815497398376,0.014060109853744507,0.3824442923069,0.43814200162887573,-0.020890118554234505,0.3389372229576111,0.4095151424407959,-0.05530563369393349,0.30228257179260254,0.3927561938762665,-0.07620906829833984,0.46861496567726135,0.4780336618423462,0.006017992738634348,0.4502500593662262,0.3570013642311096,-0.015731820836663246,0.4403848946094513,0.27964603900909424,-0.038362111896276474,0.4359830915927887,0.2092125117778778,-0.053643353283405304,0.5146251916885376,0.4929623007774353,-0.010515482164919376,0.5257741808891296,0.3886134624481201,-0.037971898913383484,0.5341490507125854,0.323891282081604,-0.052002400159835815,0.5379949808120728,0.26257193088531494,-0.05844928324222565,0.5578407049179077,0.5335417985916138,-0.030087890103459358,0.5838117003440857,0.4609289765357971,-0.04767309129238129,0.6046715378761292,0.41542139649391174,-0.04827708750963211,0.6178625822067261,0.3692774772644043,-0.047374941408634186
0.45286282896995544,0.756637692451477,1.2205185839775368e-07,0.39601942896842957,0.6902843713760376,-0.02391945943236351,0.3581435978412628,0.5824865102767944,-0.03618510812520981,0.32205110788345337,0.4953429400920868,-0.051182933151721954,0.2861979007720947,0.42932257056236267,-0.06537912786006927,0.42550379037857056,0.49973616003990173,0.01459825225174427,0.3818047344684601,0.43905210494995117,-0.02109787054359913,0.3389480412006378,0.4102694094181061,-0.05628328397870064,0.30279892683029175,0.39325767755508423,-0.07758983969688416,0.4673576056957245,0.4791398346424103,0.0062031736597418785,0.44987812638282776,0.3578629195690155,-0.01578204147517681,0.4404512345790863,0.27980661392211914,-0.03886117786169052,0.4365338981151581,0.2085876166820526,-0.05433785170316696,0.5140373110771179,0.49353814125061035,-0.010761899873614311,0.5253189206123352,0.3889980614185333,-0.03821268677711487,0.5340451598167419,0.32536017894744873,-0.05210767686367035,0.5381780862808228,0.26485729217529297,-0.05831635743379593,0.5579529404640198,0.5334829688072205,-0.030830949544906616,0.5839731097221375,0.4605811834335327,-0.04819314181804657,0.6049975156784058,0.41575026512145996,-0.04841539263725281,0.6182569861412048,0.37029922008514404,-0.04712141677737236
0.4554708003997803,0.7577107548713684,1.2987362651983858e-07,0.3974553942680359,0.6911120414733887,-0.023726223036646843,0.3606220781803131,0.5830813050270081,-0.03551557660102844,0.3249584436416626,0.4951852262020111,-0.04999803379178047,0.28633102774620056,0.4303233325481415,-0.06393340975046158,0.4280266761779785,0.49755704402923584,0.016059450805187225,0.3815493583679199,0.4390299916267395,-0.017778433859348297,0.33857959508895874,0.4094529151916504,-0.051842525601387024,0.3024483621120453,0.39051228761672974,-0.07292306423187256,0.4697883427143097,0.47651708126068115,0.007291683927178383,0.45138874650001526,0.3564411401748657,-0.013430459424853325,0.44162681698799133,0.2807956337928772,-0.0355716198682785,0.4372469484806061,0.21193301677703857,-0.05045086890459061,0.5158039331436157,0.49256062507629395,-0.010012676008045673,0.5269635319709778,0.3873409032821655,-0.037421878427267075,0.5352752208709717,0.3221525251865387,-0.051578376442193985,0.5388999581336975,0.26032590866088867,-0.05813907831907272,0.5583637952804565,0.5351835489273071,-0.030339378863573074,0.5849480032920837,0.46416154503822327,-0.0483236163854599,0.6059060096740723,0.4194566309452057,-0.04893452301621437,0.6187407970428467,0.37420642375946045,-0.047981832176446915
0.4547256827354431,0.7592902779579163,1.4078256072025397e-07,0.3970940411090851,0.6912906169891357,-0.024011896923184395,0.3602653741836548,0.5818324089050293,-0.03575679287314415,0.32421767711639404,0.4933590888977051,-0.05029166862368584,0.2860471308231354,0.4285719692707062,-0.06411970406770706,0.42859193682670593,0.4973990023136139,0.01747789978981018,0.38186123967170715,0.43860289454460144,-0.016926847398281097,0.33783215284347534,0.4090544581413269,-0.05172920972108841,0.30132293701171875,0.3910483121871948,-0.0729701891541481,0.469988077878952,0.47699156403541565,0.009221176616847515,0.45173972845077515,0.3560749590396881,-0.011007330380380154,0.44227930903434753,0.28003716468811035,-0.032892078161239624,0.43844354152679443,0.2109268605709076,-0.04754173383116722,0.516103208065033,0.49264541268348694,-0.007838962599635124,0.526025652885437,0.38714659214019775,-0.034192487597465515,0.5343722105026245,0.32284867763519287,-0.04744970053434372,0.5384491086006165,0.26273033022880554,-0.05331600084900856,0.5590139031410217,0.5342221856117249,-0.028154684230685234,0.5846568942070007,0.4614090621471405,-0.04454529657959938,0.6061243414878845,0.41723600029945374,-0.04406358674168587,0.6203082203865051,0.3733997344970703,-0.04234815761446953
0.4586336612701416,0.7599055171012878,1.408318439644063e-07,0.40114346146583557,0.6947550773620605,-0.027340302243828773,0.36434391140937805,0.5843029618263245,-0.040992774069309235,0.32740187644958496,0.49514544010162354,-0.05663725361227989,0.28616073727607727,0.43157655000686646,-0.07149303704500198,0.42869019508361816,0.4990054666996002,0.010915203019976616,0.3827354907989502,0.43893706798553467,-0.025780556723475456,0.3390226662158966,0.4084095060825348,-0.061940744519233704,0.30202409625053406,0.3880598843097687,-0.08407434076070786,0.4705791175365448,0.477806955575943,0.004313936922699213,0.4545842111110687,0.35983115434646606,-0.017799992114305496,0.44768258929252625,0.2843446731567383,-0.040302302688360214,0.44645562767982483,0.21483466029167175,-0.055507760494947433,0.5172398686408997,0.49362751841545105,-0.011008456349372864,0.5271821022033691,0.3907100558280945,-0.03812657296657562,0.536597728729248,0.3281659483909607,-0.05036533623933792,0.5422539710998535,0.26846036314964294,-0.055578701198101044,0.5614045262336731,0.5347107648849487,-0.029873616993427277,0.5856165885925293,0.46227872371673584,-0.04626542702317238,0.6069896221160889,0.41902315616607666,-0.04470977932214737,0.6217278838157654,0.37607887387275696,-0.04222297668457031
0.45743176341056824,0.7595889568328857,1.6115933476612554e-07,0.39991164207458496,0.6930626630783081,-0.02314443700015545,0.3630622327327728,0.5817919969558716,-0.0336637943983078,0.32737573981285095,0.4947410523891449,-0.04665117710828781,0.2866264283657074,0.43307679891586304,-0.059099193662405014,0.42854639887809753,0.49862140417099,0.015562489628791809,0.3819883465766907,0.4386104941368103,-0.016227561980485916,0.33931058645248413,0.4075316786766052,-0.04882746562361717,0.30347323417663574,0.3864835500717163,-0.06927574425935745,0.47082585096359253,0.4779050946235657,0.007590009830892086,0.4536646008491516,0.3589528799057007,-0.01169426180422306,0.4465409219264984,0.282571017742157,-0.03339700400829315,0.4448006749153137,0.2134181261062622,-0.04842768982052803,0.5173511505126953,0.4935324192047119,-0.008482666686177254,0.527873158454895,0.3910520672798157,-0.03358245640993118,0.537716269493103,0.32794490456581116,-0.04664977639913559,0.5435836315155029,0.26862600445747375,-0.05298198387026787,0.5611610412597656,0.5336893796920776,-0.027610212564468384,0.5856391191482544,0.4620130956172943,-0.04307164251804352,0.6069979667663574,0.41898640990257263,-0.04225658252835274,0.6218476295471191,0.37626466155052185,-0.040719419717788696
0.46014660596847534,0.7578548192977905,1.569351155694676e-07,0.40114691853523254,0.6909626722335815,-0.024092670530080795,0.36454927921295166,0.5830004215240479,-0.03614361956715584,0.32893168926239014,0.49594420194625854,-0.05050298571586609,0.2894376218318939,0.4326651394367218,-0.0642005056142807,0.43198081851005554,0.4980694651603699,0.013405156321823597,0.38547247648239136,0.43786007165908813,-0.0206415094435215,0.34256115555763245,0.40717971324920654,-0.054723240435123444,0.30694565176963806,0.3874330520629883,-0.07562734186649323,0.47422778606414795,0.4776734709739685,0.0058874101378023624,0.45767030119895935,0.35799509286880493,-0.014455760829150677,0.4500980079174042,0.2818865180015564,-0.03595495969057083,0.4475958049297333,0.2135104537010193,-0.05059107020497322,0.5204570889472961,0.493870347738266,-0.009847116656601429,0.5302358269691467,0.39017707109451294,-0.0352044515311718,0.5397326350212097,0.32760775089263916,-0.04728320986032486,0.5450504422187805,0.2689441442489624,-0.05271691456437111,0.563513457775116,0.5359174013137817,-0.028780071064829826,0.5877623558044434,0.4635659158229828,-0.04400279372930527,0.6081554293632507,0.4204683005809784,-0.04237131401896477,0.6219609975814819,0.3776393532752991,-0.040019046515226364
0.45958295464515686,0.7572513222694397,1.611869748785466e-07,0.40105313062667847,0.6910432577133179,-0.024768667295575142,0.3635987937450409,0.5823789834976196,-0.03687584772706032,0.3274245262145996,0.4946630001068115,-0.051286742091178894,0.28763920068740845,0.4316021203994751,-0.06494265794754028,0.43122056126594543,0.4978143572807312,0.014369881711900234,0.38465115427970886,0.43752673268318176,-0.019900089129805565,0.34152036905288696,0.4068504571914673,-0.05412415787577629,0.3060055673122406,0.38809967041015625,-0.07495282590389252,0.4734656810760498,0.4777378439903259,0.006922778207808733,0.456475168466568,0.3580872416496277,-0.013869473710656166,0.4489266872406006,0.28162193298339844,-0.03587398678064346,0.4471418261528015,0.21268367767333984,-0.05061136558651924,0.5197835564613342,0.49379321932792664,-0.00899739284068346,0.5299624800682068,0.391273558139801,-0.03537832573056221,0.5389978885650635,0.3288949728012085,-0.048220038414001465,0.544110894203186,0.27009230852127075,-0.05373983830213547,0.5629463195800781,0.5350723266601562,-0.028109664097428322,0.5870324969291687,0.4629550874233246,-0.044233307242393494,0.6080102324485779,0.41965872049331665,-0.04319128766655922,0.6226928234100342,0.37654978036880493,-0.041019320487976074
0.4606546461582184,0.7574290037155151,1.3036144252964732e-07,0.4016115665435791,0.6917669773101807,-0.02523748017847538,0.3640732765197754,0.5842820405960083,-0.03799975663423538,0.32838234305381775,0.49658411741256714,-0.0529402531683445,0.29103884100914,0.4311355948448181,-0.06726621836423874,0.431052029132843,0.5004762411117554,0.011213589459657669,0.38717982172966003,0.4395628869533539,-0.024903295561671257,0.34497520327568054,0.40989601612091064,-0.0603092759847641,0.3090161383152008,0.39077168703079224,-0.08182429522275925,0.47417062520980835,0.4791465103626251,0.0038806188385933638,0.45950886607170105,0.3611518144607544,-0.01844707690179348,0.4513370990753174,0.2849096655845642,-0.04126729071140289,0.4481946527957916,0.21614176034927368,-0.05664516240358353,0.5211628675460815,0.49443894624710083,-0.011772126890718937,0.5329158306121826,0.3906019330024719,-0.03885820508003235,0.5421761274337769,0.3271779716014862,-0.05163784697651863,0.5474056005477905,0.26778799295425415,-0.05725923553109169,0.5645225644111633,0.5357832908630371,-0.030589571222662926,0.5898932218551636,0.46395108103752136,-0.047020722180604935,0.6109575629234314,0.4198930263519287,-0.0458136647939682,0.6254498362541199,0.3765067160129547,-0.04355715587735176
0.45919716358184814,0.7561935782432556,1.611924744793214e-07,0.40185463428497314,0.6898462176322937,-0.02455787919461727,0.36324137449264526,0.5827391743659973,-0.037325989454984665,0.3273431956768036,0.4965370297431946,-0.05236973240971565,0.290489137172699,0.4316597878932953,-0.06676898896694183,0.4306078553199768,0.49907925724983215,0.011852267198264599,0.38512545824050903,0.4390031397342682,-0.02267560176551342,0.3428480625152588,0.40904849767684937,-0.0568443201482296,0.30711549520492554,0.38919222354888916,-0.07787767052650452,0.4741344153881073,0.47837552428245544,0.0040243640542030334,0.45799851417541504,0.35952168703079224,-0.0181087926030159,0.4495161771774292,0.2824421226978302,-0.04117072746157646,0.44638973474502563,0.2120894491672516,-0.05679142475128174,0.521166980266571,0.49385303258895874,-0.011895309202373028,0.5328494310379028,0.39097151160240173,-0.039053529500961304,0.5416184067726135,0.32779166102409363,-0.052266925573349,0.5463465452194214,0.26813805103302,-0.05821932479739189,0.5649577379226685,0.5348460674285889,-0.03086092509329319,0.5903407335281372,0.4624633193016052,-0.047536347061395645,0.6111190319061279,0.41830652952194214,-0.04667680338025093,0.6251047253608704,0.37432849407196045,-0.04473388195037842
0.4628743529319763,0.7571278810501099,1.220860923467626e-07,0.40237897634506226,0.6928947567939758,-0.026367779821157455,0.3625860810279846,0.5896568298339844,-0.040910299867391586,0.3291003704071045,0.5025352835655212,-0.05725935474038124,0.2951110601425171,0.4338527023792267,-0.07294637709856033,0.4310453534126282,0.49950191378593445,0.0063848416320979595,0.38656678795814514,0.43535172939300537,-0.03081420809030533,0.3436731696128845,0.4073275327682495,-0.0660136416554451,0.3067605495452881,0.3926485776901245,-0.08694726228713989,0.47459834814071655,0.4778069853782654,-0.0012884483439847827,0.45781242847442627,0.3578006625175476,-0.024759240448474884,0.44646376371383667,0.28091710805892944,-0.04854360222816467,0.4401136040687561,0.21112066507339478,-0.06454049795866013,0.5215163826942444,0.49187272787094116,-0.01715448498725891,0.5325359106063843,0.38556092977523804,-0.0460854209959507,0.5398101210594177,0.3183880150318146,-0.0613868273794651,0.5437299013137817,0.254479318857193,-0.068854920566082,0.5650621056556702,0.5326417088508606,-0.035988230258226395,0.5913408994674683,0.4592741131782532,-0.055639930069446564,0.6129666566848755,0.4132619798183441,-0.05724067986011505,0.6277896165847778,0.36712175607681274,-0.05674466863274574
0.4610196352005005,0.7569193243980408,1.287417745743369e-07,0.40212684869766235,0.6910889148712158,-0.02601548656821251,0.36299988627433777,0.5883271098136902,-0.040281783789396286,0.3290885388851166,0.5023924112319946,-0.05643177777528763,0.29464709758758545,0.4341232180595398,-0.07201220095157623,0.4312865138053894,0.4997192323207855,0.006419655401259661,0.38656291365623474,0.43593186140060425,-0.0309333186596632,0.3434964120388031,0.40786778926849365,-0.06620627641677856,0.30597275495529175,0.3926292359828949,-0.08717957139015198,0.47469717264175415,0.47820064425468445,-0.0012104695197194815,0.4578404724597931,0.35751187801361084,-0.025272516533732414,0.44709011912345886,0.2810426950454712,-0.049322742968797684,0.4411661624908447,0.2116236686706543,-0.0654093399643898,0.5215915441513062,0.49252480268478394,-0.01691441237926483,0.5328648686408997,0.3872235417366028,-0.04612808674573898,0.540973424911499,0.3213386833667755,-0.06111231446266174,0.5453160405158997,0.25871995091438293,-0.06816865503787994,0.565078854560852,0.5330959558486938,-0.03553839772939682,0.5914294719696045,0.45950064063072205,-0.05461785942316055,0.6130684614181519,0.41421931982040405,-0.055434681475162506,0.6277822852134705,0.36895379424095154,-0.054408468306064606
0.4694373309612274,0.7559590339660645,-1.2983976560576593e-08,0.4060923159122467,0.694217324256897,-0.02329237386584282,0.36113953590393066,0.5974706411361694,-0.03912988305091858,0.32401949167251587,0.5170246362686157,-0.05721180513501167,0.2982221841812134,0.4462544918060303,-0.07447976619005203,0.4337637722492218,0.4959620237350464,0.002769806422293186,0.39249110221862793,0.42551735043525696,-0.03802979364991188,0.3473251163959503,0.40428465604782104,-0.07537167519330978,0.30862560868263245,0.40099525451660156,-0.09653278440237045,0.47385671734809875,0.47420838475227356,-0.006315657403320074,0.4535154700279236,0.3539147675037384,-0.03037247620522976,0.43297484517097473,0.27831369638442993,-0.05350886657834053,0.4155152142047882,0.21273207664489746,-0.06906352192163467,0.5200715065002441,0.48576807975769043,-0.02345716767013073,0.5274069905281067,0.3731541335582733,-0.05045262724161148,0.5287401080131531,0.2993387281894684,-0.065719373524189,0.5276042222976685,0.2309296429157257,-0.07389430701732635,0.5644751787185669,0.5240237712860107,-0.04347338527441025,0.592115044593811,0.44413408637046814,-0.06273195147514343,0.6108444333076477,0.3892984986305237,-0.06611509621143341,0.6222070455551147,0.33532750606536865,-0.06696993112564087
0.468006432056427,0.7601667642593384,2.1850219411589933e-08,0.4063621759414673,0.6952163577079773,-0.02337167225778103,0.36250245571136475,0.5955548286437988,-0.03784913569688797,0.3261127471923828,0.5152872204780579,-0.0544404573738575,0.2997699975967407,0.4446257948875427,-0.07022935897111893,0.43488946557044983,0.4982315003871918,0.0032882054802030325,0.39083966612815857,0.4268460273742676,-0.03663574159145355,0.3455258309841156,0.40438199043273926,-0.07312275469303131,0.3069031834602356,0.39961332082748413,-0.09408241510391235,0.47526976466178894,0.4765661656856537,-0.0058227768167853355,0.4537461996078491,0.3535293936729431,-0.03125779703259468,0.4343430697917938,0.27655160427093506,-0.05639105290174484,0.419211208820343,0.20926478505134583,-0.0733814537525177,0.5213249921798706,0.4877111613750458,-0.022793283686041832,0.5274724960327148,0.3729897141456604,-0.05208851769566536,0.5276654362678528,0.29885709285736084,-0.07000909000635147,0.5251193642616272,0.23026075959205627,-0.0797346755862236,0.5662209987640381,0.525615394115448,-0.04235708713531494,0.5938690900802612,0.4440287947654724,-0.06308934837579727,0.6121104955673218,0.38922175765037537,-0.0677679181098938,0.6221048831939697,0.33521199226379395,-0.06962171196937561
0.47587406635284424,0.7623969912528992,-5.275793313330723e-08,0.4104883372783661,0.6968878507614136,-0.022275809198617935,0.3593780994415283,0.6054136753082275,-0.040623169392347336,0.319017231464386,0.5251283645629883,-0.06176915764808655,0.307896226644516,0.4453299939632416,-0.08104029297828674,0.43754446506500244,0.49196043610572815,-0.0013648571912199259,0.4037252366542816,0.407083660364151,-0.04508607089519501,0.3603409230709076,0.3962177336215973,-0.08292590826749802,0.32610881328582764,0.407249391078949,-0.10336318612098694,0.47836926579475403,0.47240710258483887,-0.010552149266004562,0.4556041359901428,0.3505098223686218,-0.03586338832974434,0.4298529624938965,0.27129533886909485,-0.05710785090923309,0.4065200090408325,0.20414143800735474,-0.07131978869438171,0.5242679119110107,0.4838833808898926,-0.027928384020924568,0.5289745926856995,0.36624985933303833,-0.05278244614601135,0.5250294804573059,0.28990209102630615,-0.06487534195184708,0.5178776979446411,0.22141441702842712,-0.07127882540225983,0.5677381157875061,0.5212733745574951,-0.04843278229236603,0.5945560932159424,0.4346843957901001,-0.06678833812475204,0.6090729832649231,0.3732544183731079,-0.07003885507583618,0.616381049156189,0.3147258162498474,-0.07036857306957245
0.475589781999588,0.7673745155334473,-3.840133189214612e-08,0.40975242853164673,0.7004551291465759,-0.023252569139003754,0.3586846888065338,0.6082223057746887,-0.042411696165800095,0.31794601678848267,0.5278410911560059,-0.06447795778512955,0.30701497197151184,0.4470318555831909,-0.08466384559869766,0.43758541345596313,0.49240753054618835,-0.0008175380644388497,0.4023260474205017,0.4064478278160095,-0.045807965099811554,0.3582272231578827,0.39608487486839294,-0.08468139171600342,0.323868989944458,0.40796974301338196,-0.10556919127702713,0.4781658351421356,0.47310519218444824,-0.009837845340371132,0.4556634724140167,0.3503117859363556,-0.035502657294273376,0.4302741289138794,0.2715889513492584,-0.056925639510154724,0.4073563814163208,0.20515862107276917,-0.07104235142469406,0.5241944789886475,0.4851151704788208,-0.027330875396728516,0.5284226536750793,0.3674399256706238,-0.05225292593240738,0.5244705677032471,0.2896074056625366,-0.06376316398382187,0.5170713067054749,0.2198333442211151,-0.06971927732229233,0.5679433345794678,0.5234915018081665,-0.04813770577311516,0.5934479832649231,0.4371386170387268,-0.06636291742324829,0.6070579290390015,0.3754473626613617,-0.06881805509328842,0.613539457321167,0.3168469965457916,-0.06844262778759003
0.4821264445781708,0.7682302594184875,2.941226107111561e-08,0.41340795159339905,0.706809937953949,-0.02616877481341362,0.3591655492782593,0.6197717189788818,-0.048412106931209564,0.3147447109222412,0.5405532717704773,-0.07399150729179382,0.3076658248901367,0.459868848323822,-0.09717299789190292,0.4350198209285736,0.490436315536499,0.0019515292951837182,0.4036230146884918,0.40236836671829224,-0.0453178696334362,0.3624950349330902,0.39557576179504395,-0.08625075966119766,0.33440470695495605,0.4136582911014557,-0.10729873925447464,0.4750652611255646,0.4711776673793793,-0.005658409092575312,0.4559204578399658,0.34601056575775146,-0.029880186542868614,0.4351486265659332,0.26589375734329224,-0.04940228909254074,0.41804826259613037,0.19599127769470215,-0.06187056005001068,0.5207960605621338,0.48177412152290344,-0.022892478853464127,0.5237510204315186,0.3639746904373169,-0.044382818043231964,0.5209426283836365,0.28661972284317017,-0.05267110839486122,0.5150107741355896,0.21775922179222107,-0.05637778341770172,0.5642170310020447,0.5185239911079407,-0.04438191279768944,0.5841578841209412,0.42726439237594604,-0.05815925449132919,0.5952619314193726,0.36535486578941345,-0.05736665055155754,0.6012923717498779,0.3077284097671509,-0.05464395880699158
0.48435428738594055,0.7696864008903503,6.397075935637986e-08,0.4128580391407013,0.7073764801025391,-0.02511567249894142,0.35860109329223633,0.6195573806762695,-0.045146696269512177,0.3159407675266266,0.5383108854293823,-0.06837093830108643,0.30884623527526855,0.4562843143939972,-0.08875996619462967,0.4331969618797302,0.4906415343284607,0.006648820824921131,0.40092888474464417,0.402934193611145,-0.03847396746277809,0.35917556285858154,0.3924078643321991,-0.07787343114614487,0.32978400588035583,0.40566325187683105,-0.09799696505069733,0.47316667437553406,0.47027164697647095,-0.0010096488986164331,0.45411089062690735,0.34250110387802124,-0.023243440315127373,0.43548494577407837,0.26299741864204407,-0.040503207594156265,0.4205986261367798,0.195280522108078,-0.05097869783639908,0.5195139646530151,0.4807084798812866,-0.018581939861178398,0.522037148475647,0.36391234397888184,-0.039522480219602585,0.5191137790679932,0.28618350625038147,-0.04639750346541405,0.5130453705787659,0.21697300672531128,-0.048733171075582504,0.5649861097335815,0.5166581273078918,-0.040424905717372894,0.584406852722168,0.42697998881340027,-0.054010652005672455,0.5954326391220093,0.36589694023132324,-0.052617721259593964,0.6016629338264465,0.3085481524467468,-0.0492626316845417
0.489348828792572,0.7728263139724731,9.222920027696091e-08,0.41666996479034424,0.7139004468917847,-0.02613646164536476,0.3599470853805542,0.6284831762313843,-0.047742150723934174,0.31428611278533936,0.547466516494751,-0.07320185005664825,0.31058749556541443,0.4674238860607147,-0.09582225978374481,0.42962846159935,0.4949042797088623,0.00973775889724493,0.39700818061828613,0.4065423011779785,-0.035383228212594986,0.35666459798812866,0.3947185277938843,-0.07564840465784073,0.32897865772247314,0.4094054698944092,-0.09630395472049713,0.4705974757671356,0.47190144658088684,0.0028198992367833853,0.4503895044326782,0.34687340259552,-0.017268911004066467,0.4326905608177185,0.26725324988365173,-0.03451202064752579,0.4192189574241638,0.20153003931045532,-0.045559562742710114,0.5181737542152405,0.4794389605522156,-0.01438309159129858,0.5181670188903809,0.3647998571395874,-0.032007742673158646,0.5161021947860718,0.2904303967952728,-0.037059396505355835,0.5101092457771301,0.22641083598136902,-0.03882836550474167,0.5647507905960083,0.5127768516540527,-0.03634759411215782,0.581168532371521,0.42337679862976074,-0.046988923102617264,0.5900102853775024,0.36391276121139526,-0.04380045831203461,0.5944821238517761,0.30912378430366516,-0.0394848994910717
0.4899735450744629,0.7724381685256958,1.0190039034796428e-07,0.4174962043762207,0.7126469612121582,-0.024829521775245667,0.36070626974105835,0.6277599334716797,-0.04590296745300293,0.3157281279563904,0.547395646572113,-0.07072945684194565,0.3133133053779602,0.46770110726356506,-0.0925828218460083,0.42835360765457153,0.4949108958244324,0.007214521989226341,0.39288389682769775,0.4049203395843506,-0.04016871005296707,0.35279980301856995,0.3971810042858124,-0.08050069212913513,0.3266177177429199,0.41500580310821533,-0.10065016895532608,0.46935567259788513,0.4719962179660797,-0.000407636835006997,0.4482801556587219,0.3452605903148651,-0.023170648142695427,0.4310811758041382,0.26633191108703613,-0.04001932963728905,0.41763776540756226,0.19951146841049194,-0.04997629672288895,0.5172010660171509,0.48068881034851074,-0.01821077987551689,0.5181716084480286,0.3681918978691101,-0.03901636227965355,0.5162353515625,0.29259437322616577,-0.04407816380262375,0.5105656981468201,0.22592514753341675,-0.04492621496319771,0.5640002489089966,0.5152775049209595,-0.04042050614953041,0.5808702111244202,0.4270962178707123,-0.05357502028346062,0.590580403804779,0.36658501625061035,-0.05084041878581047,0.5958282351493835,0.309453547000885,-0.04622577503323555
0.492475301027298,0.7758733630180359,8.941200491108248e-08,0.41763395071029663,0.7156710028648376,-0.025533810257911682,0.3596043884754181,0.630082905292511,-0.046128325164318085,0.3143792748451233,0.5491437315940857,-0.07060106098651886,0.3140254616737366,0.46830618381500244,-0.09207521378993988,0.4277702271938324,0.49943509697914124,0.010005533695220947,0.3924994170665741,0.4116170108318329,-0.03680138662457466,0.351158082485199,0.4015064239501953,-0.077499620616436,0.3232373595237732,0.4168364703655243,-0.0981941819190979,0.4688788056373596,0.47439610958099365,0.002888777293264866,0.4459865391254425,0.3507198691368103,-0.019003644585609436,0.4276758134365082,0.2714765965938568,-0.03611753508448601,0.41337159276008606,0.20478090643882751,-0.046511221677064896,0.5173780918121338,0.4809194505214691,-0.014679870568215847,0.5176674127578735,0.36938345432281494,-0.03483274579048157,0.5152060389518738,0.29514747858047485,-0.03938647732138634,0.5082958936691284,0.23071953654289246,-0.04000883549451828,0.5648212432861328,0.5140161514282227,-0.03686656430363655,0.5816717743873596,0.42767879366874695,-0.04979146271944046,0.5902993083000183,0.36864355206489563,-0.04666644334793091,0.5940520167350769,0.3131482005119324,-0.0417824424803257
0.491650253534317,0.7751049995422363,1.0138955985894427e-07,0.4179815649986267,0.7157192826271057,-0.025463886559009552,0.35983431339263916,0.6300704479217529,-0.046825360506772995,0.3136388957500458,0.5497203469276428,-0.07211385667324066,0.31334787607192993,0.4691191017627716,-0.09431559592485428,0.4265829920768738,0.4979654550552368,0.00864134170114994,0.3907926082611084,0.4086475968360901,-0.04020880162715912,0.3504331707954407,0.4010147750377655,-0.08157514780759811,0.32433241605758667,0.4202018976211548,-0.10214132815599442,0.4675491750240326,0.47431516647338867,0.0012769150780513883,0.4444349408149719,0.3484564423561096,-0.02197297103703022,0.4263954758644104,0.2699594497680664,-0.03880497068166733,0.41226792335510254,0.20306602120399475,-0.04850401729345322,0.5166921615600586,0.48161551356315613,-0.01664329692721367,0.5169764161109924,0.36928272247314453,-0.037898413836956024,0.5150254964828491,0.29410696029663086,-0.04216638579964638,0.5088453888893127,0.22804811596870422,-0.042180437594652176,0.564866840839386,0.5157042145729065,-0.039141930639743805,0.581684410572052,0.42867979407310486,-0.052625857293605804,0.5903812050819397,0.3690391480922699,-0.049438949674367905,0.5939412713050842,0.31249332427978516,-0.04424136132001877
0.49173155426979065,0.7749043703079224,1.5856825541504804e-07,0.4183979034423828,0.7176639437675476,-0.02836301550269127,0.3604031205177307,0.6328686475753784,-0.05121631175279617,0.3137781023979187,0.5521764755249023,-0.07795695215463638,0.3136717975139618,0.47007936239242554,-0.10151282697916031,0.4258407652378082,0.4974738359451294,0.010333971120417118,0.39020049571990967,0.4111340045928955,-0.0375920869410038,0.3490266501903534,0.4008124768733978,-0.07849808037281036,0.32209429144859314,0.4181726574897766,-0.09855238348245621,0.4663144052028656,0.47290998697280884,0.004326456226408482,0.4444178342819214,0.34815436601638794,-0.016173291951417923,0.42668429017066956,0.2697085738182068,-0.030653338879346848,0.412869393825531,0.20323863625526428,-0.03859791159629822,0.5149381756782532,0.4799489676952362,-0.013011284172534943,0.515484631061554,0.3690072000026703,-0.03185098245739937,0.5129151344299316,0.29509609937667847,-0.034205637872219086,0.5059735178947449,0.2309958040714264,-0.03295837342739105,0.5622570514678955,0.5138746500015259,-0.035550110042095184,0.578287661075592,0.42804867029190063,-0.04736999049782753,0.5872063040733337,0.36978697776794434,-0.04325491935014725,0.5915772914886475,0.31516098976135254,-0.037367504090070724
0.4928974509239197,0.7749041318893433,1.7173412913962238e-07,0.4189318120479584,0.717042088508606,-0.02965683303773403,0.360699862241745,0.6329339146614075,-0.05300787091255188,0.3135073184967041,0.5519826412200928,-0.07992861419916153,0.3120614290237427,0.4702798128128052,-0.10367313772439957,0.42503732442855835,0.497246116399765,0.010241067968308926,0.38971102237701416,0.4108152389526367,-0.03794911131262779,0.34901177883148193,0.40134596824645996,-0.07961146533489227,0.32234418392181396,0.4191643297672272,-0.10035987198352814,0.46605226397514343,0.47287264466285706,0.004742312710732222,0.44408851861953735,0.3468753695487976,-0.01573377661406994,0.4266323447227478,0.2689531743526459,-0.030971361324191093,0.41302818059921265,0.20247572660446167,-0.039791591465473175,0.515181839466095,0.48051491379737854,-0.012301639653742313,0.5153712630271912,0.3697569966316223,-0.03126467391848564,0.5137664079666138,0.29521167278289795,-0.03465863689780235,0.5077703595161438,0.23019704222679138,-0.034463949501514435,0.5630849599838257,0.5147096514701843,-0.03463578596711159,0.5783212780952454,0.42817097902297974,-0.046498436480760574,0.5869418978691101,0.37024950981140137,-0.042801644653081894,0.5909224152565002,0.31576305627822876,-0.0375865139067173
0.4932357966899872,0.7730138301849365,1.6153514081906906e-07,0.4180333614349365,0.7162250280380249,-0.02717961184680462,0.35961785912513733,0.6329174041748047,-0.04867606237530708,0.31341588497161865,0.5525632500648499,-0.0740579292178154,0.3106626868247986,0.47191745042800903,-0.09646381437778473,0.42349711060523987,0.49766382575035095,0.012429649010300636,0.38748666644096375,0.4136238396167755,-0.033622097223997116,0.34661027789115906,0.4031909704208374,-0.07384742051362991,0.3194112181663513,0.41804391145706177,-0.09389174729585648,0.4648875594139099,0.47198668122291565,0.006029197014868259,0.4431234896183014,0.3461538553237915,-0.012725538574159145,0.42587795853614807,0.26858603954315186,-0.027043739333748817,0.4123779535293579,0.20239442586898804,-0.035365547984838486,0.5144558548927307,0.4787256717681885,-0.011558270081877708,0.5139166712760925,0.3674616813659668,-0.029408130794763565,0.5121371746063232,0.29407167434692383,-0.032242223620414734,0.5058386921882629,0.2300819456577301,-0.03180120512843132,0.5631653666496277,0.5122002363204956,-0.03419213742017746,0.5779330134391785,0.4256289601325989,-0.04545586183667183,0.5865316390991211,0.368637353181839,-0.041169360280036926,0.5903370380401611,0.31494706869125366,-0.035587843507528305
0.4945093095302582,0.7734309434890747,1.5991184909580625e-07,0.4190824627876282,0.716733455657959,-0.026535088196396828,0.3602959215641022,0.632927656173706,-0.04730095714330673,0.3136664628982544,0.5524335503578186,-0.07197856158018112,0.31055498123168945,0.4717615842819214,-0.09374964982271194,0.4235464334487915,0.4986649453639984,0.013596081174910069,0.38767677545547485,0.4143613874912262,-0.03235847130417824,0.3474562168121338,0.4032934308052063,-0.07285396754741669,0.320390522480011,0.41738981008529663,-0.09313686192035675,0.4649297893047333,0.4723556339740753,0.00700796814635396,0.4433313012123108,0.34638863801956177,-0.011819269508123398,0.4261740744113922,0.268972247838974,-0.02675710804760456,0.41242748498916626,0.20351621508598328,-0.035587430000305176,0.5145105123519897,0.47853827476501465,-0.01071140542626381,0.5137723684310913,0.36778706312179565,-0.028479047119617462,0.512179970741272,0.29457616806030273,-0.03189457580447197,0.5061840415000916,0.23093244433403015,-0.031941819936037064,0.5631824135780334,0.5113329291343689,-0.03340670093894005,0.5774005055427551,0.4246514141559601,-0.044338125735521317,0.5858487486839294,0.3678881525993347,-0.04011570289731026,0.5896382927894592,0.3146468997001648,-0.03473323583602905
0.49247607588768005,0.773504376411438,1.8371564181052236e-07,0.417780339717865,0.7154306769371033,-0.027123043313622475,0.3587631583213806,0.6330650448799133,-0.04884504899382591,0.3111960291862488,0.5532864928245544,-0.07471562176942825,0.3099508583545685,0.47241878509521484,-0.0975094735622406,0.42276155948638916,0.49793076515197754,0.014657179825007915,0.38655802607536316,0.41318899393081665,-0.03193904086947441,0.3463953733444214,0.40318986773490906,-0.07257597893476486,0.32023879885673523,0.4200383722782135,-0.09257593750953674,0.46379733085632324,0.4719819724559784,0.008367251604795456,0.44215521216392517,0.34664303064346313,-0.010719642043113708,0.4245768189430237,0.26911526918411255,-0.025211555883288383,0.4105128049850464,0.20360451936721802,-0.03348585218191147,0.5129650831222534,0.47800952196121216,-0.009371904656291008,0.5124741196632385,0.36839407682418823,-0.026837315410375595,0.510238766670227,0.2954474091529846,-0.029259786009788513,0.5036420226097107,0.23257723450660706,-0.028430191799998283,0.5608280301094055,0.5107752680778503,-0.03228290379047394,0.5753541588783264,0.4247269034385681,-0.042190585285425186,0.5839937925338745,0.36809495091438293,-0.037097059190273285,0.5884127616882324,0.315395712852478,-0.03104233928024769
0.49429869651794434,0.7734972834587097,1.69975791664001e-07,0.4186507761478424,0.7167091965675354,-0.0271714199334383,0.3591545522212982,0.6325872540473938,-0.048215340822935104,0.3123949468135834,0.5506990551948547,-0.07335419207811356,0.3105728030204773,0.4704577922821045,-0.09519930183887482,0.4224664568901062,0.49823087453842163,0.015489943325519562,0.3862597942352295,0.4127180278301239,-0.03044482320547104,0.3478662371635437,0.4034859240055084,-0.07043883949518204,0.3239351212978363,0.4216313362121582,-0.08996768295764923,0.4635796844959259,0.4718904495239258,0.009590036235749722,0.4410030245780945,0.34767067432403564,-0.008811356499791145,0.42354515194892883,0.27067869901657104,-0.023050904273986816,0.410432368516922,0.2056686282157898,-0.031184015795588493,0.5130326747894287,0.47752535343170166,-0.007784847170114517,0.5116015076637268,0.3683793842792511,-0.024967001751065254,0.5096594095230103,0.2954099774360657,-0.027486195787787437,0.5040146708488464,0.23311856389045715,-0.02673334814608097,0.5617724657058716,0.5096951127052307,-0.03032832220196724,0.5763459205627441,0.4250434637069702,-0.0402425155043602,0.5847550630569458,0.3687375783920288,-0.03546831011772156,0.5890783071517944,0.3162887394428253,-0.029573820531368256
0.49232396483421326,0.7720887660980225,1.6030953986501117e-07,0.4174511730670929,0.7169489860534668,-0.02732987515628338,0.35876578092575073,0.6317759156227112,-0.0483018234372139,0.3110290765762329,0.5519051551818848,-0.07303920388221741,0.30999821424484253,0.47318047285079956,-0.09460923820734024,0.4223061203956604,0.497551828622818,0.01273629441857338,0.38686490058898926,0.41073328256607056,-0.033944129943847656,0.3487910032272339,0.4028604030609131,-0.0744737908244133,0.324957013130188,0.4219508469104767,-0.09454933553934097,0.4635169506072998,0.4719948172569275,0.0066703734919428825,0.44128772616386414,0.34647560119628906,-0.012991532683372498,0.42434975504875183,0.26915597915649414,-0.02849220111966133,0.4113176465034485,0.20459377765655518,-0.03776837885379791,0.5125398635864258,0.4788370430469513,-0.010610022582113743,0.511994481086731,0.3689441680908203,-0.028936801478266716,0.5107113122940063,0.29600805044174194,-0.03260597214102745,0.505337119102478,0.2330850064754486,-0.03279891610145569,0.5606520175933838,0.5120701193809509,-0.03288590908050537,0.5750088691711426,0.42632049322128296,-0.043844278901815414,0.5833722352981567,0.3706015348434448,-0.03970194235444069,0.5873952507972717,0.31825271248817444,-0.03443698585033417
0.4932038486003876,0.7720414996147156,1.5325345259498135e-07,0.4178943932056427,0.7159495949745178,-0.02748020738363266,0.3590417802333832,0.6311525106430054,-0.04829855263233185,0.3121170401573181,0.5499227046966553,-0.07283210754394531,0.3112342357635498,0.470647931098938,-0.09421922266483307,0.42290425300598145,0.4979549050331116,0.013841943815350533,0.38779130578041077,0.4113222658634186,-0.03239099308848381,0.349605917930603,0.4019525349140167,-0.07301882654428482,0.32516705989837646,0.4194411039352417,-0.09332025796175003,0.46366503834724426,0.4723043739795685,0.008006016723811626,0.44141843914985657,0.3467881381511688,-0.011493667028844357,0.4242832064628601,0.26970189809799194,-0.027269799262285233,0.411097913980484,0.20522263646125793,-0.03677113726735115,0.5124321579933167,0.4787914752960205,-0.009104423224925995,0.5116676092147827,0.36825668811798096,-0.02754807472229004,0.5104917287826538,0.2951837182044983,-0.031703364104032516,0.5051984190940857,0.23219189047813416,-0.03223050385713577,0.5608160495758057,0.511472225189209,-0.031203772872686386,0.575126051902771,0.4253959059715271,-0.04223472252488136,0.5832834839820862,0.3696780800819397,-0.03844117745757103,0.5868189334869385,0.3174094259738922,-0.03348975256085396
0.49409952759742737,0.772218644618988,1.6094443822112225e-07,0.41986703872680664,0.713870644569397,-0.024675797671079636,0.36077338457107544,0.6293807029724121,-0.044240646064281464,0.3128642439842224,0.5490658283233643,-0.06796445697546005,0.3125559687614441,0.47121983766555786,-0.08836708962917328,0.42409950494766235,0.49608927965164185,0.016362251713871956,0.3880466818809509,0.4097774028778076,-0.02880655974149704,0.35081925988197327,0.4019469916820526,-0.0684022307395935,0.328177809715271,0.4214681386947632,-0.08792031556367874,0.4647451937198639,0.4704674780368805,0.009615967981517315,0.44256919622421265,0.3447701632976532,-0.009602110832929611,0.42570817470550537,0.2679227888584137,-0.02511490322649479,0.41268983483314514,0.2046472430229187,-0.03424302488565445,0.5139233469963074,0.4767143726348877,-0.008082840591669083,0.5117872357368469,0.3662042021751404,-0.02597501315176487,0.5099359750747681,0.2943751811981201,-0.029641082510352135,0.5039692521095276,0.23341071605682373,-0.02967754192650318,0.5631216764450073,0.5090603828430176,-0.030494559556245804,0.5778363347053528,0.4224984645843506,-0.040134113281965256,0.5862681269645691,0.36724308133125305,-0.03528745844960213,0.5902110934257507,0.31596440076828003,-0.029577108100056648
0.49334385991096497,0.7717891335487366,1.6571465266679297e-07,0.41910848021507263,0.7130730748176575,-0.02460825815796852,0.3610389232635498,0.6291287541389465,-0.04390965402126312,0.3136986494064331,0.5496441125869751,-0.06757447868585587,0.3127880096435547,0.4712401330471039,-0.0879427045583725,0.4241030216217041,0.49573859572410583,0.018196534365415573,0.38911741971969604,0.4102659523487091,-0.026090728119015694,0.35142263770103455,0.40167927742004395,-0.06509280949831009,0.32765012979507446,0.4196373224258423,-0.08409392833709717,0.46477192640304565,0.4697670638561249,0.01139839831739664,0.44302862882614136,0.3439018130302429,-0.006090449634939432,0.4260842502117157,0.2666151821613312,-0.02010004036128521,0.41256022453308105,0.20279058814048767,-0.02815667726099491,0.5138088464736938,0.4760092496871948,-0.006607736460864544,0.5122305750846863,0.3663540184497833,-0.023178063333034515,0.5105040669441223,0.29492756724357605,-0.025803042575716972,0.504288375377655,0.23424503207206726,-0.025102030485868454,0.5623746514320374,0.5080962181091309,-0.029501013457775116,0.5770239233970642,0.42160335183143616,-0.03868498280644417,0.5855803489685059,0.3663673400878906,-0.03351037576794624,0.5897731781005859,0.3148393929004669,-0.02744785137474537
0.49520745873451233,0.7717701196670532,1.4107745016644913e-07,0.42095282673835754,0.7138568758964539,-0.025431973859667778,0.36234089732170105,0.6299854516983032,-0.045290712267160416,0.31498685479164124,0.549896240234375,-0.0691884458065033,0.3180670738220215,0.47376757860183716,-0.0899636521935463,0.42613449692726135,0.4961602985858917,0.015493286773562431,0.39037564396858215,0.4111604690551758,-0.030071694403886795,0.35205504298210144,0.40223631262779236,-0.07051243633031845,0.32771915197372437,0.41966408491134644,-0.09089799225330353,0.467333048582077,0.47001615166664124,0.008720692247152328,0.44469690322875977,0.34532976150512695,-0.010961847379803658,0.4277399778366089,0.2674274146556854,-0.027687449008226395,0.4145657420158386,0.20259663462638855,-0.0380343422293663,0.5165269374847412,0.47578907012939453,-0.008996034041047096,0.5161332488059998,0.3669070601463318,-0.02740887552499771,0.5150579214096069,0.29448866844177246,-0.032421234995126724,0.509215235710144,0.23294201493263245,-0.03361605107784271,0.5649183988571167,0.508298933506012,-0.03147401288151741,0.5799041986465454,0.42344385385513306,-0.04165443405508995,0.5880168676376343,0.36878231167793274,-0.03755204379558563,0.5909841656684875,0.31838902831077576,-0.032610829919576645
0.49494409561157227,0.7703434228897095,1.6135180658238824e-07,0.4202180802822113,0.713251531124115,-0.025040753185749054,0.3617052435874939,0.629754364490509,-0.04473450407385826,0.314123272895813,0.5504728555679321,-0.06851017475128174,0.3168554902076721,0.4726007580757141,-0.08912667632102966,0.4257667064666748,0.4962092936038971,0.01571796089410782,0.3896315097808838,0.4123755693435669,-0.028766268864274025,0.35103440284729004,0.40200915932655334,-0.06795847415924072,0.3266197741031647,0.41719773411750793,-0.08750185370445251,0.4668857157230377,0.4700421988964081,0.008881638757884502,0.4441465437412262,0.3446153998374939,-0.009866907261312008,0.4276633560657501,0.2663653492927551,-0.02501455321907997,0.4151085317134857,0.20167791843414307,-0.03392142802476883,0.5161792039871216,0.47608745098114014,-0.00886722281575203,0.5144529342651367,0.36779046058654785,-0.026341581717133522,0.5130175352096558,0.2958919405937195,-0.03005482628941536,0.5069839954376221,0.23436158895492554,-0.03015398606657982,0.5647230744361877,0.5085224509239197,-0.0314335897564888,0.5791578888893127,0.4238755702972412,-0.04111345857381821,0.5869345664978027,0.36915111541748047,-0.036583494395017624,0.5900188684463501,0.3182104825973511,-0.031097743660211563
0.49744147062301636,0.7725311517715454,1.7336212465579592e-07,0.4214966595172882,0.714885950088501,-0.025859057903289795,0.361952543258667,0.6306777596473694,-0.04628618434071541,0.31369197368621826,0.550525426864624,-0.07097888737916946,0.3199087977409363,0.47416412830352783,-0.09233677387237549,0.4260815978050232,0.4963396191596985,0.017260437831282616,0.3914288282394409,0.4101216793060303,-0.028327571228146553,0.3546825349330902,0.40218353271484375,-0.06851775199174881,0.3317432403564453,0.42229336500167847,-0.08836178481578827,0.4677310287952423,0.4702758193016052,0.01083595585078001,0.4457601010799408,0.3454934358596802,-0.008086636662483215,0.4288444221019745,0.26728981733322144,-0.023959120735526085,0.4157956838607788,0.20311740040779114,-0.03343101218342781,0.5174121856689453,0.4766560196876526,-0.0068421377800405025,0.516494870185852,0.3674755096435547,-0.02437165379524231,0.5152453780174255,0.2953522801399231,-0.02843226119875908,0.5096747875213623,0.23455321788787842,-0.028836287558078766,0.5660883188247681,0.5096715092658997,-0.029408905655145645,0.580552339553833,0.4253268837928772,-0.03873399272561073,0.5879837870597839,0.37044066190719604,-0.03398510813713074,0.5910634994506836,0.3198939263820648,-0.02840745635330677
0.49625858664512634,0.7720309495925903,1.5104041040103766e-07,0.42131122946739197,0.7155603170394897,-0.02530919574201107,0.36245906352996826,0.6310102939605713,-0.04563336446881294,0.31483161449432373,0.5521693229675293,-0.07023591548204422,0.3197469115257263,0.4773865342140198,-0.09171191602945328,0.42573854327201843,0.4961450695991516,0.014896945096552372,0.3903213143348694,0.41052475571632385,-0.03170749917626381,0.35368284583091736,0.4044967293739319,-0.0725700631737709,0.3313440680503845,0.4256947338581085,-0.09294499456882477,0.4674992859363556,0.4697970747947693,0.007808726280927658,0.4454994201660156,0.3453153967857361,-0.01213017012923956,0.42847129702568054,0.26762568950653076,-0.02865814045071602,0.4153238534927368,0.20353662967681885,-0.038767412304878235,0.5171613693237305,0.47623685002326965,-0.01028483361005783,0.5167228579521179,0.3671703338623047,-0.02874724566936493,0.5152114629745483,0.29515957832336426,-0.03318937495350838,0.509392261505127,0.23395130038261414,-0.0339987576007843,0.5656948685646057,0.5098541975021362,-0.03314987197518349,0.5807267427444458,0.425857275724411,-0.04334248602390289,0.5886603593826294,0.37102174758911133,-0.03884770721197128,0.5918006896972656,0.32023683190345764,-0.033544570207595825
0.4982501268386841,0.7696967124938965,1.6323706120147108e-07,0.4224398732185364,0.7159055471420288,-0.026409553363919258,0.3612343668937683,0.6328840255737305,-0.04739899933338165,0.31262171268463135,0.5537460446357727,-0.07231876254081726,0.320432186126709,0.47796422243118286,-0.0934523269534111,0.42529934644699097,0.49538183212280273,0.01269206590950489,0.38908112049102783,0.4085654616355896,-0.033906713128089905,0.3531036972999573,0.4047539532184601,-0.07317977398633957,0.33232584595680237,0.42962661385536194,-0.09166150540113449,0.4674358665943146,0.46896418929100037,0.006756313145160675,0.44539710879325867,0.3436955213546753,-0.012156739830970764,0.4283819794654846,0.26569098234176636,-0.025587286800146103,0.41520625352859497,0.20328453183174133,-0.032812342047691345,0.517249584197998,0.47551417350769043,-0.01031202357262373,0.5145975947380066,0.3679039478302002,-0.02710132859647274,0.5124698877334595,0.2965868413448334,-0.027960605919361115,0.506578266620636,0.2376043200492859,-0.025669939815998077,0.5659309029579163,0.5090257525444031,-0.032451361417770386,0.5790072083473206,0.4245110750198364,-0.041082508862018585,0.5858224630355835,0.3706038296222687,-0.03433139994740486,0.5890370011329651,0.3216004967689514,-0.026645787060260773
0.4998864233493805,0.7710918188095093,1.4461711828062107e-07,0.42391064763069153,0.7169868350028992,-0.0259891077876091,0.36221563816070557,0.6342340111732483,-0.04672616347670555,0.31290602684020996,0.5539901256561279,-0.07139503955841064,0.32136672735214233,0.47910594940185547,-0.09248917549848557,0.42639684677124023,0.497794508934021,0.013886377215385437,0.39032649993896484,0.409415602684021,-0.03290753439068794,0.3553242087364197,0.40441712737083435,-0.0731530413031578,0.33572161197662354,0.4292459487915039,-0.0927177295088768,0.4680668115615845,0.4709484875202179,0.007566785905510187,0.4452107548713684,0.34575915336608887,-0.012621615082025528,0.42780831456184387,0.26823750138282776,-0.028918737545609474,0.41480451822280884,0.20596611499786377,-0.038659512996673584,0.5176041722297668,0.4765835702419281,-0.009731936268508434,0.5166093111038208,0.36644136905670166,-0.028337668627500534,0.5148785710334778,0.29390257596969604,-0.03253469243645668,0.5092162489891052,0.2339063286781311,-0.03295271471142769,0.5664207339286804,0.5097869634628296,-0.031738534569740295,0.5806678533554077,0.4252118170261383,-0.04165828973054886,0.5880329608917236,0.3708219528198242,-0.036739781498909,0.5912436842918396,0.32116732001304626,-0.030932357534766197
0.4986996352672577,0.772982120513916,1.6457305207495665e-07,0.4235449731349945,0.7180050611495972,-0.02665959671139717,0.36210179328918457,0.6353081464767456,-0.0477001778781414,0.3119186758995056,0.5568198561668396,-0.07266093790531158,0.32172518968582153,0.48267126083374023,-0.09405066817998886,0.42710885405540466,0.49944764375686646,0.014515530318021774,0.39066970348358154,0.41095006465911865,-0.03219100087881088,0.3557415008544922,0.40703365206718445,-0.07269987463951111,0.3357829451560974,0.4324260652065277,-0.09246205538511276,0.46847325563430786,0.472591757774353,0.008590234443545341,0.44470036029815674,0.34673288464546204,-0.01158691942691803,0.42759326100349426,0.2686271071434021,-0.028406444936990738,0.4149482846260071,0.20601105690002441,-0.038547102361917496,0.5180660486221313,0.4777521789073944,-0.00844294112175703,0.5161629915237427,0.36819082498550415,-0.026710188016295433,0.5142996311187744,0.2954970598220825,-0.03136051818728447,0.5087745785713196,0.2352760136127472,-0.032095085829496384,0.5669867992401123,0.5098633766174316,-0.03029811941087246,0.5799927115440369,0.42481786012649536,-0.03916049748659134,0.587087869644165,0.37055376172065735,-0.033926043659448624,0.5900657176971436,0.3211694657802582,-0.028108224272727966
0.4984738528728485,0.7730166912078857,1.6295058458126732e-07,0.42359209060668945,0.7174667716026306,-0.027349572628736496,0.362061083316803,0.6346442103385925,-0.04906648024916649,0.3116513788700104,0.5563501119613647,-0.07472151517868042,0.3222077488899231,0.4836999475955963,-0.09681756794452667,0.4269910156726837,0.4976014792919159,0.013961263000965118,0.3908824026584625,0.40901249647140503,-0.03383630886673927,0.3560262620449066,0.40628015995025635,-0.07546119391918182,0.3360430598258972,0.43305420875549316,-0.09595125913619995,0.4682537317276001,0.47147831320762634,0.008211817592382431,0.44494858384132385,0.34597378969192505,-0.01259306725114584,0.4279269278049469,0.2682308554649353,-0.030118823051452637,0.4153834879398346,0.20499777793884277,-0.04083883762359619,0.5178514122962952,0.47740477323532104,-0.008755294606089592,0.5164147615432739,0.3679538071155548,-0.027270885184407234,0.5148719549179077,0.29564231634140015,-0.03219440206885338,0.5095775127410889,0.23528194427490234,-0.03318900242447853,0.5667704343795776,0.5105794072151184,-0.030652323737740517,0.5800659656524658,0.42554324865341187,-0.03942204639315605,0.5871554613113403,0.37134790420532227,-0.034173306077718735,0.5900359153747559,0.3215683698654175,-0.028443166986107826
0.49777752161026,0.7732067108154297,1.3786986130526202e-07,0.423822820186615,0.7164304256439209,-0.02605220302939415,0.3617333173751831,0.6328785419464111,-0.04708252102136612,0.3108983039855957,0.5552017688751221,-0.07219992578029633,0.3241594433784485,0.48472991585731506,-0.09371434152126312,0.42695116996765137,0.4963362514972687,0.013617030344903469,0.3903374969959259,0.4079139530658722,-0.0340544618666172,0.35537683963775635,0.40724363923072815,-0.0750412568449974,0.33602380752563477,0.43636101484298706,-0.09483405947685242,0.4684329032897949,0.470763623714447,0.0077473754063248634,0.44567739963531494,0.3460116982460022,-0.01242620125412941,0.4284695088863373,0.26844990253448486,-0.028780318796634674,0.41573306918144226,0.20583975315093994,-0.03859144076704979,0.5182591676712036,0.4772826135158539,-0.009142587892711163,0.5160536170005798,0.36755210161209106,-0.027001233771443367,0.5136451721191406,0.2955136299133301,-0.030996056273579597,0.5078067779541016,0.2361849844455719,-0.031199892982840538,0.567197859287262,0.5109485983848572,-0.030854178592562675,0.5806974172592163,0.42508211731910706,-0.03912578523159027,0.5878021121025085,0.3705914616584778,-0.033504292368888855,0.590869128704071,0.32072117924690247,-0.02729923278093338
0.4969385266304016,0.7730778455734253,1.393000985672188e-07,0.42327362298965454,0.7163867950439453,-0.026452964171767235,0.36150071024894714,0.6329483985900879,-0.04793323948979378,0.3108362555503845,0.5545781254768372,-0.07351430505514145,0.3245426416397095,0.4837999939918518,-0.09545648843050003,0.4269872009754181,0.49626424908638,0.013423309661448002,0.390163779258728,0.4077160954475403,-0.034384503960609436,0.3553616404533386,0.40732118487358093,-0.07534177601337433,0.33633798360824585,0.436481237411499,-0.09507718682289124,0.4686158299446106,0.4707275331020355,0.0076849800534546375,0.446094274520874,0.3460652530193329,-0.012673298828303814,0.42869314551353455,0.26852479577064514,-0.028953351080417633,0.415770947933197,0.20551595091819763,-0.03862976282835007,0.5183451771736145,0.47725343704223633,-0.009129154495894909,0.5164712071418762,0.36791035532951355,-0.027071036398410797,0.5141544938087463,0.29602569341659546,-0.03084496222436428,0.5083531141281128,0.236586332321167,-0.03079603798687458,0.5669991970062256,0.5109980702400208,-0.030822908505797386,0.5804280042648315,0.425128698348999,-0.039038851857185364,0.5873342752456665,0.3705877959728241,-0.03329276666045189,0.5902550220489502,0.32068824768066406,-0.026928173378109932
0.5012348294258118,0.7738437056541443,1.2591085862823093e-07,0.42628124356269836,0.7189602255821228,-0.02475409023463726,0.36540132761001587,0.6338682174682617,-0.044259022921323776,0.3175716996192932,0.5555192828178406,-0.06790980696678162,0.327939510345459,0.48561298847198486,-0.08793088793754578,0.4272999167442322,0.49655163288116455,0.014617550186812878,0.39093974232673645,0.40829411149024963,-0.032072920352220535,0.35701102018356323,0.40621545910835266,-0.07222874462604523,0.3381745517253876,0.43309664726257324,-0.09160859882831573,0.46973150968551636,0.4702179431915283,0.0077349175699055195,0.446913480758667,0.34562447667121887,-0.012486446648836136,0.42966049909591675,0.2677314579486847,-0.028891844674944878,0.41682004928588867,0.20469796657562256,-0.03855683282017708,0.5199309587478638,0.47643595933914185,-0.009937482886016369,0.5183250904083252,0.3677385449409485,-0.02802140824496746,0.5166144967079163,0.29586151242256165,-0.031558163464069366,0.5113272666931152,0.2357058823108673,-0.031318701803684235,0.5689975023269653,0.5103359818458557,-0.03233422711491585,0.5821480751037598,0.4261501133441925,-0.04081352800130844,0.5893906354904175,0.372346967458725,-0.034664951264858246,0.5927915573120117,0.3228858709335327,-0.02792486548423767
0.5020851492881775,0.7742558121681213,1.4721109664606047e-07,0.4258762001991272,0.7188727259635925,-0.025463977828621864,0.3640889823436737,0.6341938972473145,-0.04558872431516647,0.3142309784889221,0.5547608733177185,-0.06979519128799438,0.32478320598602295,0.4811992347240448,-0.09052333235740662,0.42721033096313477,0.49949905276298523,0.01495850458741188,0.39074185490608215,0.4119400382041931,-0.031568270176649094,0.35764217376708984,0.40742409229278564,-0.07185214012861252,0.33957237005233765,0.4303843379020691,-0.09167484194040298,0.47009772062301636,0.47179973125457764,0.008159814402461052,0.44683030247688293,0.3473089337348938,-0.012315562926232815,0.4301549792289734,0.26925522089004517,-0.02946007065474987,0.41801536083221436,0.20556366443634033,-0.039913859218358994,0.5203301906585693,0.4770360291004181,-0.009579373523592949,0.519222617149353,0.3688352108001709,-0.028318123891949654,0.5176021456718445,0.2969259023666382,-0.03325111046433449,0.5124176144599915,0.23610058426856995,-0.03421643376350403,0.5690576434135437,0.5097969174385071,-0.031999219208955765,0.5818348526954651,0.42581796646118164,-0.0414622463285923,0.5887909531593323,0.37188246846199036,-0.03660237044095993,0.5918736457824707,0.32191935181617737,-0.031064996495842934
0.5004321336746216,0.7710229158401489,1.2351939915333787e-07,0.4259500503540039,0.7154231667518616,-0.02500070258975029,0.36498159170150757,0.6312246322631836,-0.04516390711069107,0.31489601731300354,0.5519049167633057,-0.06935765594244003,0.32655102014541626,0.4804784655570984,-0.0901571586728096,0.42834973335266113,0.4960367977619171,0.014679742977023125,0.39292246103286743,0.40828782320022583,-0.032435882836580276,0.3594255745410919,0.40637898445129395,-0.07328928261995316,0.34186816215515137,0.43281227350234985,-0.09352120757102966,0.4701364040374756,0.46963396668434143,0.008272334933280945,0.4473307132720947,0.3460531234741211,-0.012809853069484234,0.4301324486732483,0.27033892273902893,-0.030134689062833786,0.4174567461013794,0.20892074704170227,-0.04083133488893509,0.5201442241668701,0.47542837262153625,-0.00897288229316473,0.5203838348388672,0.3666103482246399,-0.02821025252342224,0.5192994475364685,0.29511553049087524,-0.0329786017537117,0.5141990780830383,0.23505887389183044,-0.03380454704165459,0.569165050983429,0.5085086226463318,-0.030777541920542717,0.5833556056022644,0.42419514060020447,-0.04006119444966316,0.5906901955604553,0.3714052438735962,-0.034833334386348724,0.593191921710968,0.32295161485671997,-0.0291448961943388
0.5010753870010376,0.7705928087234497,1.3489918160303205e-07,0.4264242649078369,0.7149909138679504,-0.02462964504957199,0.36500704288482666,0.6319198608398438,-0.04495437443256378,0.31516003608703613,0.5536448955535889,-0.06936352699995041,0.3263179659843445,0.48200109601020813,-0.09043586999177933,0.4285265803337097,0.4969203472137451,0.014137955382466316,0.39295101165771484,0.409793496131897,-0.03252120688557625,0.3583683371543884,0.40608450770378113,-0.07317186146974564,0.3385906517505646,0.4301692247390747,-0.09345781058073044,0.4704896807670593,0.4703187644481659,0.007133481092751026,0.4480166435241699,0.3462942838668823,-0.01425574254244566,0.43120479583740234,0.2691183090209961,-0.03191789239645004,0.4184274971485138,0.20635637640953064,-0.042753905057907104,0.5202719569206238,0.4758535623550415,-0.010532715357840061,0.5202442407608032,0.366929829120636,-0.029825283214449883,0.5190377235412598,0.2948169410228729,-0.03496621921658516,0.5135104060173035,0.23430192470550537,-0.036034829914569855,0.5689525604248047,0.5087306499481201,-0.032706841826438904,0.5830237865447998,0.4240161180496216,-0.04214240610599518,0.5902266502380371,0.3702642321586609,-0.03705931827425957,0.5926050543785095,0.3211866319179535,-0.0314389243721962
0.5030858516693115,0.7693418264389038,1.5399456287923385e-07,0.42797958850860596,0.7136837840080261,-0.02542697638273239,0.36719605326652527,0.6290472149848938,-0.045092400163412094,0.31721794605255127,0.5493670105934143,-0.06873656809329987,0.3266845941543579,0.47606682777404785,-0.08890540897846222,0.43021753430366516,0.4945642948150635,0.016509143635630608,0.3937550187110901,0.4083293378353119,-0.029476599767804146,0.35850629210472107,0.4023993909358978,-0.06944749504327774,0.33866384625434875,0.42486894130706787,-0.08911039680242538,0.4715142548084259,0.4681036174297333,0.010465518571436405,0.44920262694358826,0.34445804357528687,-0.009555712342262268,0.4332513213157654,0.26833316683769226,-0.025664150714874268,0.4217478334903717,0.2062217891216278,-0.03509844094514847,0.5211453437805176,0.4739344120025635,-0.006667301524430513,0.5208331942558289,0.36542123556137085,-0.02530701272189617,0.5200455784797668,0.29370036721229553,-0.029601113870739937,0.515231728553772,0.23302343487739563,-0.029825065284967422,0.569881796836853,0.507024884223938,-0.028493603691458702,0.5838034152984619,0.4232177436351776,-0.0378323569893837,0.5917823910713196,0.3703979253768921,-0.032726820558309555,0.5955283641815186,0.3215082585811615,-0.02684086747467518
0.5038953423500061,0.769517183303833,1.664413105118001e-07,0.4279569089412689,0.7141013145446777,-0.025782577693462372,0.36637258529663086,0.6297788619995117,-0.046187616884708405,0.3154628276824951,0.5495097041130066,-0.07064972817897797,0.3254055678844452,0.47528454661369324,-0.09164097905158997,0.4297465980052948,0.4949812591075897,0.015998098999261856,0.3925130367279053,0.407992959022522,-0.029958441853523254,0.35691601037979126,0.4029267430305481,-0.06972064822912216,0.33684828877449036,0.4265580177307129,-0.0891360491514206,0.47161146998405457,0.46857938170433044,0.010028302669525146,0.44946417212486267,0.3444545865058899,-0.009228859096765518,0.4334307610988617,0.26800626516342163,-0.024892449378967285,0.42173632979393005,0.2055467665195465,-0.034177228808403015,0.5215055346488953,0.47457799315452576,-0.007058995775878429,0.5206078290939331,0.36598119139671326,-0.024498986080288887,0.5191197395324707,0.2938510775566101,-0.02836311236023903,0.5139416456222534,0.23278477787971497,-0.02866240218281746,0.5702462196350098,0.5076133012771606,-0.028948618099093437,0.5836162567138672,0.4236906170845032,-0.03752337768673897,0.5910942554473877,0.3697642683982849,-0.03226674720644951,0.5948215126991272,0.31972160935401917,-0.026441466063261032
0.5021612644195557,0.7698347568511963,1.4378871071585309e-07,0.4272519648075104,0.7124365568161011,-0.02426033653318882,0.3682480454444885,0.6257983446121216,-0.042926739901304245,0.31931769847869873,0.5459365844726562,-0.06576614826917648,0.3249596357345581,0.47149914503097534,-0.08552123606204987,0.43221160769462585,0.49397963285446167,0.018348397687077522,0.39625903964042664,0.40985506772994995,-0.02704639732837677,0.361162006855011,0.40139275789260864,-0.06721127033233643,0.3412454128265381,0.4197812080383301,-0.08729908615350723,0.4731801748275757,0.46761345863342285,0.01160783227533102,0.4505193829536438,0.3446747660636902,-0.007774018216878176,0.4344208836555481,0.26874688267707825,-0.023987939581274986,0.42243751883506775,0.20597738027572632,-0.03385021165013313,0.5223347544670105,0.47373199462890625,-0.006195717956870794,0.5231401324272156,0.36507850885391235,-0.02477307803928852,0.5222018957138062,0.29370447993278503,-0.029410652816295624,0.5165444016456604,0.23296016454696655,-0.030155254527926445,0.5705518126487732,0.5068570971488953,-0.028575967997312546,0.5854845643043518,0.42332881689071655,-0.037966564297676086,0.5937906503677368,0.3705868721008301,-0.03314051404595375,0.596977710723877,0.3217150568962097,-0.027795100584626198
0.5015823841094971,0.7697370052337646,1.6008701209102583e-07,0.4270620048046112,0.7114731073379517,-0.024216817691922188,0.3669779896736145,0.6250370740890503,-0.043429963290691376,0.31775251030921936,0.5443755984306335,-0.06689085811376572,0.3270648717880249,0.471480131149292,-0.08714407682418823,0.43200668692588806,0.4939638376235962,0.01815686747431755,0.39583083987236023,0.4104568362236023,-0.02636905573308468,0.36072438955307007,0.4012209177017212,-0.06557493656873703,0.3403468430042267,0.4185594916343689,-0.08501361310482025,0.4734821915626526,0.4679756760597229,0.011286290362477303,0.4517630636692047,0.34431153535842896,-0.00784199871122837,0.4356270730495453,0.26771193742752075,-0.023535221815109253,0.42376038432121277,0.20410168170928955,-0.03267285227775574,0.5229377746582031,0.47441932559013367,-0.006498058792203665,0.5228999853134155,0.36660075187683105,-0.02445375919342041,0.5211569666862488,0.295310378074646,-0.02867416851222515,0.5154805779457092,0.2347944974899292,-0.02887611649930477,0.5712963342666626,0.5075669884681702,-0.028915997594594955,0.5855768322944641,0.4239062964916229,-0.037624821066856384,0.5925663113594055,0.3695354759693146,-0.03256068751215935,0.5949938893318176,0.3190118074417114,-0.026862027123570442
0.5006082057952881,0.7652280330657959,1.6645880407395452e-07,0.42659932374954224,0.7060614228248596,-0.026690255850553513,0.3710043132305145,0.6188352704048157,-0.045580554753541946,0.32493966817855835,0.5389747619628906,-0.06794264912605286,0.31561213731765747,0.4598314166069031,-0.08751443773508072,0.43134379386901855,0.4913530945777893,0.013677757233381271,0.394516259431839,0.4091651439666748,-0.032039374113082886,0.3553490936756134,0.39723941683769226,-0.07246311008930206,0.3296937644481659,0.41113632917404175,-0.09290032833814621,0.4725170135498047,0.46597766876220703,0.007885984145104885,0.4510384798049927,0.3416783809661865,-0.012281428091228008,0.435356467962265,0.2653927505016327,-0.029375962913036346,0.422912061214447,0.20053312182426453,-0.03991224989295006,0.5210893154144287,0.47271862626075745,-0.008777715265750885,0.5212575793266296,0.36511075496673584,-0.027756715193390846,0.5206491351127625,0.29393628239631653,-0.03311052545905113,0.514879047870636,0.23122286796569824,-0.03455894812941551,0.5684036016464233,0.5053302645683289,-0.03022727370262146,0.5825358033180237,0.42289215326309204,-0.04083627462387085,0.5908799171447754,0.36933255195617676,-0.036761946976184845,0.5944551825523376,0.3194080591201782,-0.031941309571266174
0.501851499080658,0.7645755410194397,1.7996036660861137e-07,0.4276079535484314,0.7059497833251953,-0.027100825682282448,0.37152552604675293,0.6201412677764893,-0.046188563108444214,0.3249213695526123,0.5399410128593445,-0.06885932385921478,0.3172970116138458,0.4605702757835388,-0.08868379890918732,0.431852787733078,0.4912249445915222,0.016373638063669205,0.39660510420799255,0.40959611535072327,-0.028457239270210266,0.3576529920101166,0.3960624635219574,-0.0688578188419342,0.3313678801059723,0.4080657362937927,-0.08938021212816238,0.4727202355861664,0.46563172340393066,0.010777276009321213,0.4511660039424896,0.3419513702392578,-0.008418042212724686,0.4357924163341522,0.26507171988487244,-0.025351185351610184,0.42394694685935974,0.2006620466709137,-0.03572944551706314,0.5215950012207031,0.47193676233291626,-0.005932837259024382,0.5209530591964722,0.3647090792655945,-0.024296337738633156,0.5201791524887085,0.29396170377731323,-0.02965160645544529,0.5143629312515259,0.23277947306632996,-0.03100193291902542,0.5697236657142639,0.5038420557975769,-0.02754591591656208,0.5835198760032654,0.42121604084968567,-0.03781425580382347,0.5912144780158997,0.36786043643951416,-0.0338369756937027,0.5940609574317932,0.318514347076416,-0.028986914083361626
0.5025404095649719,0.7632724046707153,1.6882319187061512e-07,0.42872416973114014,0.7029600143432617,-0.02541150338947773,0.37422385811805725,0.6132248044013977,-0.04201307147741318,0.32891857624053955,0.5320405960083008,-0.06237832084298134,0.3135259449481964,0.45344972610473633,-0.08003321290016174,0.4340815842151642,0.49005258083343506,0.019815554842352867,0.39680492877960205,0.410200834274292,-0.023900656029582024,0.3556441068649292,0.3956014811992645,-0.06370626389980316,0.3266751170158386,0.40430206060409546,-0.08390147238969803,0.47413745522499084,0.4644763767719269,0.013995916582643986,0.4521915316581726,0.34166520833969116,-0.004701507277786732,0.43651071190834045,0.2650376260280609,-0.02098751813173294,0.42416301369667053,0.19925349950790405,-0.030615337193012238,0.5219142436981201,0.4708864986896515,-0.0029611242935061455,0.5212911367416382,0.3644929528236389,-0.021139878779649734,0.5200619101524353,0.2932147979736328,-0.025877591222524643,0.5138909816741943,0.23097699880599976,-0.026373600587248802,0.5689088106155396,0.502303957939148,-0.02476646937429905,0.5822102427482605,0.4192584156990051,-0.034623272716999054,0.5902817845344543,0.3653731942176819,-0.030046384781599045,0.5937001705169678,0.3154771029949188,-0.024629931896924973
0.502296507358551,0.7647442817687988,1.713732302732751e-07,0.428799033164978,0.7046656012535095,-0.023522207513451576,0.37500429153442383,0.6137862801551819,-0.03946154937148094,0.3291788101196289,0.5340090990066528,-0.059595830738544464,0.3135397136211395,0.45683830976486206,-0.07707490772008896,0.4346306025981903,0.49050748348236084,0.020529719069600105,0.39590686559677124,0.4100777804851532,-0.023193396627902985,0.35406866669654846,0.3964632749557495,-0.06261559575796127,0.3249356746673584,0.4072408080101013,-0.08214721828699112,0.47432637214660645,0.46493542194366455,0.013946483843028545,0.45276951789855957,0.3409271836280823,-0.004586164839565754,0.43696328997612,0.2635769844055176,-0.01996675133705139,0.42430931329727173,0.19821825623512268,-0.028450796380639076,0.5219197273254395,0.47130170464515686,-0.0035367917735129595,0.5214096307754517,0.3642483949661255,-0.02081504836678505,0.520294189453125,0.2931010127067566,-0.02388140745460987,0.5143793821334839,0.23173660039901733,-0.022859515622258186,0.5683534145355225,0.502917468547821,-0.02583164907991886,0.5816006660461426,0.4183831214904785,-0.03448941186070442,0.5899739861488342,0.36388248205184937,-0.02836715802550316,0.5943416357040405,0.31417620182037354,-0.021480632945895195
0.5018980503082275,0.7640748023986816,1.795393558268188e-07,0.428388386964798,0.7039104700088501,-0.02520354464650154,0.3742668628692627,0.6141029596328735,-0.04226138815283775,0.3290190100669861,0.5335343480110168,-0.06321531534194946,0.31384867429733276,0.4556126594543457,-0.0814308300614357,0.4337846338748932,0.49014973640441895,0.018399344757199287,0.3951488137245178,0.40961211919784546,-0.026432188227772713,0.35331445932388306,0.3960062563419342,-0.06657212972640991,0.32419824600219727,0.4066198468208313,-0.08647900074720383,0.4738914966583252,0.46451354026794434,0.012494591064751148,0.45282629132270813,0.34049350023269653,-0.0067258477210998535,0.4369370937347412,0.2631416320800781,-0.02239682897925377,0.42404794692993164,0.1972973644733429,-0.031084924936294556,0.5217621922492981,0.471079021692276,-0.0044411723501980305,0.5216439962387085,0.3641054034233093,-0.022206103429198265,0.5202733874320984,0.29312580823898315,-0.025127951055765152,0.5140318870544434,0.2318001091480255,-0.023938920348882675,0.5683271884918213,0.5030786395072937,-0.02633420191705227,0.5818518400192261,0.418795108795166,-0.035264160484075546,0.5901819467544556,0.3641226291656494,-0.029060382395982742,0.5944541692733765,0.31410375237464905,-0.02204178087413311
0.5018096566200256,0.7595006823539734,1.6564580107569782e-07,0.42840152978897095,0.7008078694343567,-0.025294555351138115,0.3749338388442993,0.6106248497962952,-0.041403044015169144,0.3301798403263092,0.5309644341468811,-0.06102514639496803,0.3119577169418335,0.4535202383995056,-0.07801765948534012,0.43490052223205566,0.48631051182746887,0.01794222742319107,0.3951830267906189,0.4087701737880707,-0.025784380733966827,0.3528697192668915,0.3940967321395874,-0.06572044640779495,0.3228462338447571,0.4022614359855652,-0.08601526916027069,0.47450771927833557,0.4608314037322998,0.012072047218680382,0.4524596333503723,0.336833655834198,-0.006762487813830376,0.43636369705200195,0.2607846260070801,-0.02334747649729252,0.4234055280685425,0.19672149419784546,-0.03314956650137901,0.5220198631286621,0.46783798933029175,-0.004608538933098316,0.5209779739379883,0.3616904616355896,-0.02252764068543911,0.5193222761154175,0.29280728101730347,-0.027025865390896797,0.5127920508384705,0.23205769062042236,-0.02729962393641472,0.5686957240104675,0.5007100701332092,-0.026117078959941864,0.5812480449676514,0.41667991876602173,-0.03499222174286842,0.5893648266792297,0.36365073919296265,-0.029475586488842964,0.5926963686943054,0.3145027756690979,-0.023481670767068863
0.5018327832221985,0.7627511024475098,1.6037166972182604e-07,0.42832186818122864,0.7025538086891174,-0.023053912445902824,0.3757011592388153,0.6125849485397339,-0.03787706047296524,0.33139070868492126,0.5315964221954346,-0.056868504732847214,0.3137795925140381,0.4523751139640808,-0.07331632822751999,0.434993177652359,0.49120256304740906,0.021899720653891563,0.39575761556625366,0.41205382347106934,-0.020819474011659622,0.3530941903591156,0.3967800438404083,-0.06033371388912201,0.32136428356170654,0.4041748642921448,-0.08046265691518784,0.47434255480766296,0.4649856984615326,0.014926211908459663,0.45304831862449646,0.3394799828529358,-0.0041803158819675446,0.4363175332546234,0.26142817735671997,-0.02141139656305313,0.42237043380737305,0.19595381617546082,-0.031386446207761765,0.5212591886520386,0.4708634316921234,-0.002666859421879053,0.5191812515258789,0.36351701617240906,-0.020897753536701202,0.5164861679077148,0.2928328514099121,-0.02556517906486988,0.5092889070510864,0.23048746585845947,-0.02562953718006611,0.5675233602523804,0.502343475818634,-0.024865861982107162,0.5796684622764587,0.41732069849967957,-0.03368905931711197,0.5874592661857605,0.3628927171230316,-0.027674905955791473,0.591093897819519,0.3133123517036438,-0.02111751213669777
0.5012000799179077,0.7628116607666016,1.7362316384605947e-07,0.4278309643268585,0.7028286457061768,-0.023867640644311905,0.37522652745246887,0.6115719676017761,-0.03890126198530197,0.3316669464111328,0.5299108624458313,-0.057893332093954086,0.3129197359085083,0.45105040073394775,-0.07417042553424835,0.4350471496582031,0.48961254954338074,0.021828973665833473,0.39605191349983215,0.41114622354507446,-0.020891867578029633,0.3536215126514435,0.395547091960907,-0.060311220586299896,0.32234591245651245,0.4031662046909332,-0.08026552945375443,0.4740362763404846,0.4636157751083374,0.015434950590133667,0.45231881737709045,0.3382100760936737,-0.00308444001711905,0.43606138229370117,0.26121625304222107,-0.0195559561252594,0.422560453414917,0.19552502036094666,-0.02894323319196701,0.521002471446991,0.46978649497032166,-0.0017867599381133914,0.5188033580780029,0.3625410795211792,-0.01942720077931881,0.5159685611724854,0.29238077998161316,-0.023644238710403442,0.5083778500556946,0.23016199469566345,-0.023481223732233047,0.5674864053726196,0.5015278458595276,-0.02376754954457283,0.579779326915741,0.4173978269100189,-0.031852737069129944,0.5875898599624634,0.3639785647392273,-0.02556541934609413,0.5910043716430664,0.3151489496231079,-0.018932702019810677
0.5007796287536621,0.7660107612609863,1.6562417215482128e-07,0.42664673924446106,0.7054100036621094,-0.023708460852503777,0.37489449977874756,0.6146424412727356,-0.03938620537519455,0.33139848709106445,0.534071147441864,-0.05925675481557846,0.312391459941864,0.45587825775146484,-0.07677897065877914,0.4354681372642517,0.49028146266937256,0.020317574962973595,0.3942367732524872,0.4134728014469147,-0.02287888713181019,0.3513018488883972,0.3996064364910126,-0.06305310875177383,0.32054948806762695,0.40805545449256897,-0.08354413509368896,0.47544580698013306,0.464199960231781,0.01324393879622221,0.45414605736732483,0.33895960450172424,-0.005071699619293213,0.43772128224372864,0.26118433475494385,-0.02199677936732769,0.4246375560760498,0.19646063446998596,-0.032082341611385345,0.5225246548652649,0.4707072973251343,-0.004516775254160166,0.5209963917732239,0.36251330375671387,-0.022030984982848167,0.517889678478241,0.2927360236644745,-0.026751050725579262,0.5104742646217346,0.23234432935714722,-0.027202725410461426,0.5684036016464233,0.5032100677490234,-0.027028249576687813,0.5816843509674072,0.4173533320426941,-0.03578609973192215,0.5897183418273926,0.3621097803115845,-0.030183790251612663,0.5932099223136902,0.3120446801185608,-0.024048656225204468
0.49937161803245544,0.7660985589027405,1.6669601166086068e-07,0.42618316411972046,0.7050853371620178,-0.023567454889416695,0.37507012486457825,0.6137212514877319,-0.03909923881292343,0.3323383927345276,0.5329719185829163,-0.05884995684027672,0.3130943775177002,0.4552873969078064,-0.0761493593454361,0.43645718693733215,0.48831403255462646,0.021097512915730476,0.394937664270401,0.4120514988899231,-0.022851234301924706,0.35109883546829224,0.3991071283817291,-0.0636909157037735,0.3194928467273712,0.40837544202804565,-0.08416004478931427,0.47595956921577454,0.46290022134780884,0.014370924793183804,0.4554472863674164,0.3369242548942566,-0.0035417175386101007,0.43881675601005554,0.25918182730674744,-0.019600171595811844,0.4253199100494385,0.19428089261054993,-0.028651122003793716,0.5227789878845215,0.4703593850135803,-0.0031924578361213207,0.52176833152771,0.3618011474609375,-0.020003408193588257,0.5180035829544067,0.2921545207500458,-0.02339540235698223,0.5100651383399963,0.2319563627243042,-0.022534450516104698,0.5680932998657227,0.5042417645454407,-0.02562693879008293,0.581289529800415,0.41920945048332214,-0.03333292528986931,0.5890344977378845,0.36478137969970703,-0.026409607380628586,0.5924142599105835,0.3154701590538025,-0.01897658407688141
0.5017582774162292,0.768384575843811,1.618058149688295e-07,0.42893171310424805,0.7075400352478027,-0.023500002920627594,0.3760942220687866,0.6157742738723755,-0.038317371159791946,0.33126139640808105,0.5355400443077087,-0.057351768016815186,0.31117165088653564,0.45658791065216064,-0.07378038018941879,0.4365886449813843,0.49015891551971436,0.022754140198230743,0.3946947455406189,0.41305840015411377,-0.019681397825479507,0.3504565358161926,0.399691641330719,-0.059504251927137375,0.31798577308654785,0.40839728713035583,-0.079598069190979,0.4762440323829651,0.46450331807136536,0.015976550057530403,0.45623642206192017,0.33867722749710083,-0.0013180457754060626,0.43987974524497986,0.26035943627357483,-0.017187293618917465,0.4265356659889221,0.19646447896957397,-0.026245225220918655,0.5229180455207825,0.4722093939781189,-0.0017327331006526947,0.5233818292617798,0.36380159854888916,-0.018206104636192322,0.5216546654701233,0.2931726574897766,-0.021677637472748756,0.5153903961181641,0.23177525401115417,-0.021015014499425888,0.5678284764289856,0.5059923529624939,-0.02431311272084713,0.5810554623603821,0.4210726022720337,-0.03230772912502289,0.5891523957252502,0.3666180968284607,-0.025696484372019768,0.5929595232009888,0.316638708114624,-0.018557604402303696
0.5007747411727905,0.7695751190185547,1.6439499006537517e-07,0.42761823534965515,0.7074093818664551,-0.02418120950460434,0.3745344877243042,0.6146978139877319,-0.039301298558712006,0.33036744594573975,0.5343478918075562,-0.058353133499622345,0.3102664649486542,0.45632803440093994,-0.07471160590648651,0.4359590709209442,0.48987308144569397,0.0204310305416584,0.39376842975616455,0.4127492308616638,-0.023032139986753464,0.35054925084114075,0.4000670313835144,-0.06311173737049103,0.31975752115249634,0.4100627303123474,-0.08331666886806488,0.47594153881073,0.464191734790802,0.013874975964426994,0.45548054575920105,0.33881676197052,-0.004952609539031982,0.4388193190097809,0.2607714831829071,-0.021700823679566383,0.4250929653644562,0.1964532434940338,-0.03142058104276657,0.522689163684845,0.4718468189239502,-0.0035549625754356384,0.5237536430358887,0.36425450444221497,-0.021377986297011375,0.521248996257782,0.2936652898788452,-0.025697844102978706,0.5140169858932495,0.2325524389743805,-0.025572452694177628,0.5674668550491333,0.5061061382293701,-0.025796080008149147,0.5813900232315063,0.42129403352737427,-0.03438395634293556,0.5896317958831787,0.36635833978652954,-0.02829659730195999,0.5931642055511475,0.31604456901550293,-0.02166079916059971
0.4980487823486328,0.7699470520019531,1.7127821649864927e-07,0.4258427023887634,0.7091357707977295,-0.024905160069465637,0.37306228280067444,0.6177229285240173,-0.04131249338388443,0.3291565179824829,0.5378598570823669,-0.061750177294015884,0.31005531549453735,0.45928871631622314,-0.07959363609552383,0.4338809847831726,0.4898746907711029,0.01880067028105259,0.39251768589019775,0.41356712579727173,-0.026211779564619064,0.3484395444393158,0.3999136984348297,-0.06704485416412354,0.3159632980823517,0.40880292654037476,-0.08733655512332916,0.4742066264152527,0.4643844664096832,0.012079806067049503,0.45481640100479126,0.3384416699409485,-0.006839093752205372,0.43844690918922424,0.2601313591003418,-0.0225217305123806,0.42466720938682556,0.19523927569389343,-0.030975477769970894,0.5218187570571899,0.47280022501945496,-0.00569427665323019,0.521944522857666,0.36500084400177,-0.024073373526334763,0.5191506147384644,0.29424721002578735,-0.027388056740164757,0.5117313265800476,0.2322920262813568,-0.026049699634313583,0.5678153038024902,0.5084670186042786,-0.028385916724801064,0.5817470550537109,0.4236980676651001,-0.03799381107091904,0.5901229381561279,0.3689035177230835,-0.0316278301179409,0.5937935709953308,0.318437397480011,-0.024198541417717934
0.4981797933578491,0.7693381309509277,1.6552171189232467e-07,0.42615097761154175,0.7091145515441895,-0.025095069780945778,0.3736497759819031,0.6180964708328247,-0.041693806648254395,0.3300120234489441,0.537636935710907,-0.062225259840488434,0.31069934368133545,0.4587177038192749,-0.08019766956567764,0.4341432452201843,0.4899449348449707,0.018400494009256363,0.39295539259910583,0.41355589032173157,-0.02646646834909916,0.34899306297302246,0.4004790782928467,-0.06745163351297379,0.3167797327041626,0.4095807373523712,-0.0880037397146225,0.47441232204437256,0.46481993794441223,0.011819603852927685,0.45501619577407837,0.33842676877975464,-0.007173692341893911,0.43874651193618774,0.2601730227470398,-0.02333156205713749,0.42515891790390015,0.19499471783638,-0.03228136524558067,0.5218014121055603,0.4734770953655243,-0.005724478513002396,0.5220794677734375,0.3651972711086273,-0.024236194789409637,0.5193304419517517,0.2942935526371002,-0.028081774711608887,0.5119403600692749,0.23194140195846558,-0.027244923636317253,0.5676183700561523,0.5094912648200989,-0.02813000977039337,0.5813889503479004,0.4245688319206238,-0.03797474130988121,0.589824914932251,0.369573175907135,-0.031950660049915314,0.5935878753662109,0.31868836283683777,-0.024871405214071274
0.4981689751148224,0.7732560634613037,1.4428177053105173e-07,0.42515674233436584,0.7125471830368042,-0.02213970199227333,0.3714749813079834,0.6214125156402588,-0.03725488483905792,0.3266059160232544,0.5406987071037292,-0.05680639669299126,0.31147193908691406,0.46064120531082153,-0.07377209514379501,0.43505391478538513,0.49588948488235474,0.021870896220207214,0.3935980796813965,0.4171699583530426,-0.020397882908582687,0.3491770327091217,0.40368497371673584,-0.059652846306562424,0.31684306263923645,0.41312456130981445,-0.0793766975402832,0.4743851125240326,0.47019752860069275,0.014401021413505077,0.4542091488838196,0.34313592314720154,-0.002572770696133375,0.437821626663208,0.26361995935440063,-0.0180959515273571,0.42483341693878174,0.1992465853691101,-0.027026919648051262,0.5212075114250183,0.47722700238227844,-0.00366714084520936,0.5202370882034302,0.366720974445343,-0.019813677296042442,0.5180437564849854,0.29550865292549133,-0.022997526451945305,0.5119621753692627,0.23402243852615356,-0.0223343875259161,0.5669046640396118,0.5103980302810669,-0.026422275230288506,0.580120325088501,0.4242497980594635,-0.03454114496707916,0.5888398885726929,0.36899635195732117,-0.02805210091173649,0.5937397480010986,0.318453848361969,-0.02098960056900978
0.49649927020072937,0.7723749876022339,1.7251402084639267e-07,0.4251127243041992,0.7122172713279724,-0.025179538875818253,0.37160825729370117,0.6221233010292053,-0.04214956611394882,0.327359676361084,0.5414604544639587,-0.06279520690441132,0.309339702129364,0.46203523874282837,-0.08084814995527267,0.4333142042160034,0.4944533407688141,0.01657017320394516,0.39128559827804565,0.4172220230102539,-0.027736082673072815,0.34724336862564087,0.4030514359474182,-0.06822846829891205,0.31512650847435,0.41237157583236694,-0.08881007879972458,0.47333309054374695,0.4688853323459625,0.010032090358436108,0.4533635675907135,0.3420792818069458,-0.010058737359941006,0.4374823272228241,0.26325538754463196,-0.027510114014148712,0.4246062934398651,0.19827035069465637,-0.037620775401592255,0.5203838348388672,0.4765847325325012,-0.0070777093060314655,0.5201011896133423,0.3680484890937805,-0.025973737239837646,0.5170406103134155,0.29689520597457886,-0.030818739905953407,0.50934237241745,0.2348605990409851,-0.03100905939936638,0.5661768317222595,0.5114941000938416,-0.028924936428666115,0.5803350806236267,0.42646029591560364,-0.03838025778532028,0.588856041431427,0.37055498361587524,-0.03277835249900818,0.5926774740219116,0.31939074397087097,-0.026409629732370377
0.4968259334564209,0.7723828554153442,1.6768484556450858e-07,0.4250839650630951,0.712219774723053,-0.024802694097161293,0.37151408195495605,0.6220975518226624,-0.04157279059290886,0.3269163966178894,0.5415873527526855,-0.06220339238643646,0.3091769218444824,0.4624719023704529,-0.08042240887880325,0.43335533142089844,0.4949277639389038,0.017516648396849632,0.3912402093410492,0.4178570806980133,-0.026568027213215828,0.3466974198818207,0.4040862023830414,-0.06740031391382217,0.31405937671661377,0.41272303462028503,-0.088377945125103,0.4732328951358795,0.46936166286468506,0.010765892453491688,0.453538715839386,0.3427430987358093,-0.008789005689322948,0.43779629468917847,0.26378870010375977,-0.026489390060305595,0.42520588636398315,0.19855910539627075,-0.03700125217437744,0.5201923847198486,0.47711244225502014,-0.006575632840394974,0.5201090574264526,0.36832568049430847,-0.025032570585608482,0.5173236131668091,0.2974819540977478,-0.030128413811326027,0.5100263357162476,0.23550733923912048,-0.030674761161208153,0.5659201741218567,0.5119185447692871,-0.028652820736169815,0.5800222158432007,0.42629173398017883,-0.038057684898376465,0.5887665152549744,0.3703153729438782,-0.032633230090141296,0.5928497314453125,0.3188738226890564,-0.02649715542793274
0.49854782223701477,0.7742159366607666,1.641944038510701e-07,0.42423444986343384,0.7155395746231079,-0.024045389145612717,0.369852751493454,0.626417875289917,-0.03993222862482071,0.3242679238319397,0.5458526015281677,-0.06002900004386902,0.3087872862815857,0.46568864583969116,-0.07737439125776291,0.43203428387641907,0.4985371232032776,0.021293869242072105,0.3901914060115814,0.419167697429657,-0.02145347185432911,0.34617602825164795,0.40626782178878784,-0.06125226616859436,0.31459593772888184,0.41606438159942627,-0.08118944615125656,0.47219493985176086,0.4723723828792572,0.014840924181044102,0.4519905149936676,0.3455160856246948,-0.0015490393852815032,0.436190664768219,0.2666834592819214,-0.016741706058382988,0.42363300919532776,0.20206668972969055,-0.0255227442830801,0.5198817253112793,0.47879379987716675,-0.0025291619822382927,0.5189877152442932,0.3699522912502289,-0.017732074484229088,0.516563355922699,0.2993544936180115,-0.020334545522928238,0.5100999474525452,0.2383168637752533,-0.019374756142497063,0.5663179755210876,0.5109654068946838,-0.024924542754888535,0.5794662237167358,0.4257538914680481,-0.03220582380890846,0.5880079865455627,0.37128403782844543,-0.025275714695453644,0.5928255915641785,0.32162994146347046,-0.017891930416226387
0.4960753321647644,0.7766125202178955,1.6988778384074976e-07,0.42373088002204895,0.7170975804328918,-0.025162840262055397,0.36876213550567627,0.6275317668914795,-0.041324760764837265,0.323300302028656,0.5477431416511536,-0.06118501350283623,0.30644649267196655,0.4679524898529053,-0.07828674465417862,0.43051648139953613,0.5003234148025513,0.01877591200172901,0.3878510594367981,0.423480749130249,-0.024602022022008896,0.3456425070762634,0.40894731879234314,-0.06461791694164276,0.3160436153411865,0.4178207516670227,-0.08504249900579453,0.4709616005420685,0.47313353419303894,0.012439239770174026,0.4495459198951721,0.3475945293903351,-0.006446565501391888,0.4340014159679413,0.2689332664012909,-0.023848406970500946,0.42195576429367065,0.20426174998283386,-0.03424540162086487,0.5190607309341431,0.4791374206542969,-0.004622680600732565,0.5183514952659607,0.37199854850769043,-0.022585267201066017,0.5162307620048523,0.3015032410621643,-0.02734856680035591,0.5094730854034424,0.24048835039138794,-0.027770234271883965,0.5661038160324097,0.5122888684272766,-0.02650235779583454,0.5788553357124329,0.4282996952533722,-0.035446614027023315,0.5863295793533325,0.3740198016166687,-0.02966459095478058,0.5891931056976318,0.32445186376571655,-0.02330695651471615
0.4945206046104431,0.7755245566368103,1.7059291224086337e-07,0.4230028986930847,0.7152635455131531,-0.025802481919527054,0.36898356676101685,0.6271187663078308,-0.04309260845184326,0.3242349922657013,0.5474302768707275,-0.0639093741774559,0.3061312139034271,0.4679349362850189,-0.08206100016832352,0.43065503239631653,0.5002137422561646,0.01588774286210537,0.3876528739929199,0.4235314130783081,-0.028251556679606438,0.3451116681098938,0.40964624285697937,-0.0685969889163971,0.31552451848983765,0.41912952065467834,-0.08922284096479416,0.47098714113235474,0.47354623675346375,0.009616970084607601,0.4495196044445038,0.3474581241607666,-0.010042162612080574,0.43411239981651306,0.26906317472457886,-0.027675926685333252,0.4221141040325165,0.2038329541683197,-0.0382937490940094,0.5187311768531799,0.47993382811546326,-0.007230870425701141,0.5183322429656982,0.3721381425857544,-0.02568245306611061,0.5162688493728638,0.30131667852401733,-0.030490675941109657,0.5093646049499512,0.23984920978546143,-0.03101019747555256,0.5654643177986145,0.513539731502533,-0.028889697045087814,0.5785764455795288,0.4288715720176697,-0.038188397884368896,0.5864917039871216,0.37369948625564575,-0.032522231340408325,0.5895323753356934,0.32334232330322266,-0.02628239057958126
0.49195870757102966,0.7749952077865601,1.6731164009797794e-07,0.4197644591331482,0.713839590549469,-0.023632535710930824,0.3660084903240204,0.6252459287643433,-0.0403590053319931,0.3201836347579956,0.5476179718971252,-0.061379577964544296,0.3045993149280548,0.46885448694229126,-0.08007021248340607,0.4298075735569,0.4962342381477356,0.01931406930088997,0.3869447410106659,0.42071962356567383,-0.024524474516510963,0.34328219294548035,0.40783050656318665,-0.06484998762607574,0.3124171793460846,0.4186810255050659,-0.08521487563848495,0.4699312746524811,0.47123318910598755,0.011760682798922062,0.4493328034877777,0.34488311409950256,-0.006829204969108105,0.43228018283843994,0.2668164074420929,-0.023403769358992577,0.4184855818748474,0.20336103439331055,-0.03304765745997429,0.517508864402771,0.4794583022594452,-0.006527284625917673,0.5167016386985779,0.3699917197227478,-0.024215906858444214,0.5139719247817993,0.299329936504364,-0.0288754440844059,0.5069640874862671,0.2380860447883606,-0.029202235862612724,0.5630312561988831,0.5148465633392334,-0.029521694406867027,0.5768725275993347,0.4293227791786194,-0.03851925581693649,0.5853660702705383,0.3744581937789917,-0.03293792903423309,0.5895875692367554,0.32396677136421204,-0.026655303314328194
0.4933895766735077,0.7753390073776245,1.5475147563392966e-07,0.4205368757247925,0.7160981297492981,-0.02593318745493889,0.36603987216949463,0.6274629235267639,-0.043400347232818604,0.32055091857910156,0.5474984645843506,-0.06442397087812424,0.3046049475669861,0.46689021587371826,-0.08290208876132965,0.4289093017578125,0.4983575642108917,0.015648484230041504,0.3864213824272156,0.420896053314209,-0.027796806767582893,0.34259432554244995,0.40906137228012085,-0.06806480139493942,0.31084004044532776,0.4193975329399109,-0.0889735147356987,0.46962568163871765,0.4728412628173828,0.009077374823391438,0.4482727646827698,0.34529703855514526,-0.010022977367043495,0.431999146938324,0.2666740119457245,-0.027744343504309654,0.4187079071998596,0.20256245136260986,-0.038759421557188034,0.5172136425971985,0.4805421829223633,-0.008085227571427822,0.5161494612693787,0.370741605758667,-0.026286298409104347,0.5135834813117981,0.29938119649887085,-0.032031528651714325,0.5062456727027893,0.23702788352966309,-0.03360411897301674,0.563690185546875,0.5153031349182129,-0.030020760372281075,0.5770477056503296,0.4291502833366394,-0.039911676198244095,0.5857433080673218,0.3737228810787201,-0.03525765985250473,0.5897064208984375,0.322543203830719,-0.029994076117873192
0.49363985657691956,0.7768679857254028,1.7063128154859442e-07,0.41942155361175537,0.7177887558937073,-0.023477500304579735,0.36456188559532166,0.6280248761177063,-0.039436984807252884,0.31876128911972046,0.5480597019195557,-0.059666965156793594,0.3021240830421448,0.4677232503890991,-0.07719011604785919,0.4279592037200928,0.49799269437789917,0.021441664546728134,0.3854980170726776,0.4201110899448395,-0.020840566605329514,0.34117186069488525,0.40762174129486084,-0.06026289612054825,0.30934256315231323,0.4178641438484192,-0.08011006563901901,0.46813929080963135,0.47253096103668213,0.014150259084999561,0.4474121034145355,0.34540849924087524,-0.002287124050781131,0.43104127049446106,0.26611387729644775,-0.017212994396686554,0.418122261762619,0.20157477259635925,-0.02579692006111145,0.5154262185096741,0.4804893136024475,-0.00400847801938653,0.513794481754303,0.3709507882595062,-0.01974155195057392,0.510568380355835,0.2998224198818207,-0.022326044738292694,0.5035297870635986,0.23815244436264038,-0.021314965561032295,0.5614476203918457,0.5151709914207458,-0.027110818773508072,0.5737012624740601,0.42888206243515015,-0.03522295504808426,0.5816683769226074,0.3733263611793518,-0.02856832556426525,0.5859645009040833,0.32199984788894653,-0.02136777527630329
0.4931807816028595,0.7780666947364807,1.8301800253084366e-07,0.41961169242858887,0.7176129817962646,-0.024775594472885132,0.365221232175827,0.6274545192718506,-0.04103490337729454,0.3202977478504181,0.5470929741859436,-0.06140916422009468,0.29999077320098877,0.4678010940551758,-0.07930822670459747,0.42578715085983276,0.500169575214386,0.020217537879943848,0.38347041606903076,0.422727108001709,-0.02253352850675583,0.3394976854324341,0.4086630046367645,-0.06250936537981033,0.30738580226898193,0.417371928691864,-0.08294447511434555,0.4665648341178894,0.4736161231994629,0.013197713531553745,0.4460318088531494,0.3469480872154236,-0.004510130267590284,0.42996537685394287,0.26738494634628296,-0.02118908055126667,0.41691821813583374,0.2017388641834259,-0.0312519408762455,0.5141871571540833,0.48060768842697144,-0.0047217258252203465,0.5129615664482117,0.37188705801963806,-0.02182900346815586,0.5097259283065796,0.30102086067199707,-0.026346348226070404,0.501843273639679,0.23938560485839844,-0.026835622265934944,0.5608202815055847,0.5146147608757019,-0.027555100619792938,0.5740321278572083,0.42855530977249146,-0.036308664828538895,0.5824499130249023,0.3727283775806427,-0.03066055104136467,0.5862847566604614,0.3215700387954712,-0.02457304112613201
0.48815321922302246,0.7803248167037964,1.637976794199858e-07,0.4160271883010864,0.7190412282943726,-0.022721610963344574,0.3634338676929474,0.6267558336257935,-0.037202294915914536,0.3187640905380249,0.5482423901557922,-0.05609931796789169,0.2962875962257385,0.47122862935066223,-0.07247880846261978,0.42530563473701477,0.5003998279571533,0.021921148523688316,0.38126444816589355,0.4240855574607849,-0.020167706534266472,0.33640310168266296,0.411700576543808,-0.05953254550695419,0.3045312762260437,0.4222870171070099,-0.07942323386669159,0.4647842049598694,0.4742203652858734,0.014700720086693764,0.443496435880661,0.3481288254261017,-0.002000498352572322,0.4273971617221832,0.26869386434555054,-0.01761571131646633,0.4152420163154602,0.2036760151386261,-0.026807406917214394,0.5120906233787537,0.48130321502685547,-0.0032538759987801313,0.5099937319755554,0.3720654845237732,-0.019373619928956032,0.5073824524879456,0.3008585274219513,-0.022974129766225815,0.5009931921958923,0.23988819122314453,-0.022739438340067863,0.5587579607963562,0.5151140093803406,-0.026033345609903336,0.5720210075378418,0.4299106001853943,-0.034343671053647995,0.5804160237312317,0.37474948167800903,-0.028198247775435448,0.5845712423324585,0.3244147002696991,-0.021502114832401276
0.4880385994911194,0.7810840606689453,1.5226136440560367e-07,0.4164131283760071,0.7209200263023376,-0.024670472368597984,0.36401617527008057,0.627875566482544,-0.0404970720410347,0.32005077600479126,0.5469306707382202,-0.06023230031132698,0.29784879088401794,0.4685361385345459,-0.07743912935256958,0.4255407750606537,0.49973833560943604,0.018295269459486008,0.3807706832885742,0.4233832061290741,-0.025618545711040497,0.3352876901626587,0.410699725151062,-0.06656376272439957,0.30294501781463623,0.42009979486465454,-0.08751287311315536,0.4653349220752716,0.4735259711742401,0.011691497638821602,0.44383299350738525,0.34746596217155457,-0.006430771201848984,0.4276667535305023,0.2682497203350067,-0.022894607856869698,0.4155372977256775,0.20343086123466492,-0.03266507759690285,0.5126786828041077,0.48115068674087524,-0.005668589845299721,0.5107492208480835,0.3723087012767792,-0.022722352296113968,0.5080942511558533,0.30146685242652893,-0.02636178396642208,0.5018590092658997,0.24057021737098694,-0.026073211804032326,0.5587828159332275,0.515975296497345,-0.028014661744236946,0.57198566198349,0.43082743883132935,-0.03680941089987755,0.580686092376709,0.3755369782447815,-0.03062552586197853,0.5849679708480835,0.32523903250694275,-0.02382352203130722
0.4855431914329529,0.7827746868133545,1.4530388625644264e-07,0.4132576882839203,0.7219638228416443,-0.023605069145560265,0.36231857538223267,0.6249334216117859,-0.0380813330411911,0.31874409317970276,0.5431707501411438,-0.056852616369724274,0.2919096350669861,0.4671332836151123,-0.07340606302022934,0.42416366934776306,0.5016354322433472,0.021007908508181572,0.3806357979774475,0.42732128500938416,-0.02259056642651558,0.33413559198379517,0.4143522381782532,-0.06342194974422455,0.3000839948654175,0.422233521938324,-0.08413328975439072,0.46295449137687683,0.4761032462120056,0.014085517264902592,0.44258564710617065,0.351224422454834,-0.003413548693060875,0.42618700861930847,0.2710471451282501,-0.018984803929924965,0.4141972064971924,0.20412090420722961,-0.0278073288500309,0.5090908408164978,0.48461419343948364,-0.003754496807232499,0.5076565146446228,0.3740888237953186,-0.021500205621123314,0.5043455362319946,0.3042451739311218,-0.024678140878677368,0.4980776607990265,0.24326714873313904,-0.023357920348644257,0.5541980862617493,0.5194297432899475,-0.026490502059459686,0.5682294368743896,0.4341079592704773,-0.03678244352340698,0.57776939868927,0.3788776993751526,-0.03100794181227684,0.583496630191803,0.32735228538513184,-0.023899469524621964
0.48429787158966064,0.782301664352417,1.587423668070187e-07,0.41293588280677795,0.7213091850280762,-0.023369325324892998,0.3617807626724243,0.6264625787734985,-0.038376789540052414,0.3178475499153137,0.5459151864051819,-0.057694971561431885,0.2925944924354553,0.47090232372283936,-0.07475587725639343,0.4245119094848633,0.5015355348587036,0.01997414417564869,0.3797881603240967,0.4267811179161072,-0.023788388818502426,0.3334132432937622,0.4129236042499542,-0.06432157009840012,0.30071139335632324,0.42180904746055603,-0.084745854139328,0.4632636606693268,0.47641313076019287,0.01290477067232132,0.44191882014274597,0.3503013253211975,-0.005248331930488348,0.4257565140724182,0.27032631635665894,-0.021098004654049873,0.4141254425048828,0.20414602756500244,-0.029986295849084854,0.5097063779830933,0.484549880027771,-0.004927548114210367,0.5075356960296631,0.37566065788269043,-0.02270650863647461,0.5043157339096069,0.3051881194114685,-0.026291292160749435,0.4979154169559479,0.24429398775100708,-0.02532312087714672,0.5550172328948975,0.5193535089492798,-0.02759087085723877,0.5692113637924194,0.4345628619194031,-0.037226635962724686,0.5784541964530945,0.37882179021835327,-0.03142291679978371,0.5833362340927124,0.3273400068283081,-0.024473445490002632
0.4842345714569092,0.7816630005836487,1.4481825871826004e-07,0.41284793615341187,0.7204017043113708,-0.023221684619784355,0.3618546426296234,0.6257618069648743,-0.038144271820783615,0.31811103224754333,0.5451518893241882,-0.057401128113269806,0.29235368967056274,0.46965545415878296,-0.07445616275072098,0.4239805042743683,0.5016404986381531,0.019848885014653206,0.3793615698814392,0.4274371862411499,-0.023869462311267853,0.33293887972831726,0.4141380190849304,-0.06476682424545288,0.299663245677948,0.42250803112983704,-0.08558187633752823,0.46300366520881653,0.47606661915779114,0.012716378085315228,0.44220754504203796,0.3507944941520691,-0.005326251965016127,0.42620351910591125,0.2708112597465515,-0.021580366417765617,0.4147408604621887,0.20495831966400146,-0.030940821394324303,0.5095182657241821,0.48397576808929443,-0.005074630957096815,0.5070515871047974,0.37486645579338074,-0.022720325738191605,0.5035390257835388,0.3046872615814209,-0.026429641991853714,0.49705976247787476,0.24424144625663757,-0.025689074769616127,0.5549634695053101,0.5186071395874023,-0.02768067643046379,0.5691245794296265,0.4339553117752075,-0.03737912327051163,0.5783299803733826,0.37835198640823364,-0.03161846101284027,0.5832353234291077,0.3271219730377197,-0.02471536584198475
0.4840509295463562,0.7809728980064392,1.4600777831219602e-07,0.4117410182952881,0.7233551144599915,-0.024636587128043175,0.3603002429008484,0.6255641579627991,-0.03897082433104515,0.3172557055950165,0.541865348815918,-0.05709216743707657,0.29018568992614746,0.46557915210723877,-0.07282426208257675,0.4218190312385559,0.5027115345001221,0.020460965111851692,0.37707048654556274,0.42939773201942444,-0.022407500073313713,0.331034779548645,0.4161229729652405,-0.06313131749629974,0.2972676753997803,0.42200610041618347,-0.08407701551914215,0.46129459142684937,0.4763745069503784,0.014253302477300167,0.4406248927116394,0.351478636264801,-0.002789950231090188,0.4248727858066559,0.27234846353530884,-0.018739543855190277,0.4135480225086212,0.2061385214328766,-0.028059186413884163,0.5083494186401367,0.48450857400894165,-0.002750430954620242,0.5050884485244751,0.37564945220947266,-0.019514786079525948,0.5014885067939758,0.30672311782836914,-0.022273898124694824,0.4952951669692993,0.24614012241363525,-0.020969204604625702,0.5546280145645142,0.5189107060432434,-0.024781890213489532,0.5662298798561096,0.4340249001979828,-0.033512260764837265,0.574783205986023,0.3800656497478485,-0.026658715680241585,0.5797328352928162,0.3299418091773987,-0.019072063267230988
0.482225239276886,0.7816956639289856,1.5833407474019623e-07,0.4130023419857025,0.7192502021789551,-0.02467573806643486,0.3623359203338623,0.6235429048538208,-0.03947659209370613,0.31842297315597534,0.5422316789627075,-0.05782507359981537,0.29007643461227417,0.4675573408603668,-0.07418733835220337,0.42194515466690063,0.5030195116996765,0.01786688156425953,0.3759351372718811,0.43057167530059814,-0.02594216726720333,0.3299996852874756,0.4147743582725525,-0.0674939900636673,0.2952667474746704,0.41859424114227295,-0.08939433842897415,0.4615204930305481,0.47710177302360535,0.011283478699624538,0.4413246810436249,0.3503062427043915,-0.00830914918333292,0.4264042377471924,0.2716867923736572,-0.026707859709858894,0.4146929979324341,0.20528429746627808,-0.03785711154341698,0.5085815787315369,0.48544418811798096,-0.005767892114818096,0.507735013961792,0.3767951726913452,-0.025074152275919914,0.5056732892990112,0.30593132972717285,-0.030907971784472466,0.49946460127830505,0.24327194690704346,-0.031798556447029114,0.5545066595077515,0.5207045674324036,-0.0274898000061512,0.567457914352417,0.4354047179222107,-0.03723403066396713,0.5770313739776611,0.38078439235687256,-0.03151671215891838,0.5813549757003784,0.3302512466907501,-0.025271594524383545
0.48271608352661133,0.7819136381149292,1.5061152680573286e-07,0.4124802052974701,0.7196693420410156,-0.02440495975315571,0.36194270849227905,0.622707188129425,-0.038688112050294876,0.3184904456138611,0.5400835871696472,-0.0567299909889698,0.29068702459335327,0.4641222357749939,-0.07274790853261948,0.42176133394241333,0.5032633543014526,0.019745664671063423,0.37706565856933594,0.4310106039047241,-0.02347158081829548,0.33108192682266235,0.41553300619125366,-0.06485262513160706,0.29591867327690125,0.4190792143344879,-0.08661846071481705,0.46104350686073303,0.47721999883651733,0.013225680217146873,0.4413360059261322,0.3515917658805847,-0.00519301975145936,0.4267948865890503,0.2725107669830322,-0.02292855829000473,0.41598036885261536,0.20582526922225952,-0.03366391360759735,0.5078662633895874,0.4856131970882416,-0.003912771586328745,0.5067644715309143,0.37640124559402466,-0.022472677752375603,0.5051207542419434,0.3062955439090729,-0.027559638023376465,0.5000621676445007,0.24433788657188416,-0.027879945933818817,0.553671658039093,0.5204271674156189,-0.02580457739531994,0.5666705965995789,0.4350067377090454,-0.0357581228017807,0.5766744613647461,0.3803215026855469,-0.029970521107316017,0.5821086764335632,0.32956966757774353,-0.023418469354510307
0.4853885769844055,0.776457667350769,1.7881323799429083e-07,0.41541358828544617,0.7157412767410278,-0.02477901615202427,0.3642699718475342,0.6206568479537964,-0.03921971470117569,0.3199983537197113,0.5390913486480713,-0.05708436295390129,0.29082489013671875,0.46604830026626587,-0.07284268736839294,0.4231400191783905,0.5022346377372742,0.01792982965707779,0.3766418695449829,0.4301609694957733,-0.024361882358789444,0.3311176300048828,0.4133037030696869,-0.06416179984807968,0.2977798879146576,0.41631755232810974,-0.08512597531080246,0.4625582695007324,0.47612547874450684,0.011566145345568657,0.44199585914611816,0.34919047355651855,-0.0076772659085690975,0.42769646644592285,0.2711472511291504,-0.025634856894612312,0.41724714636802673,0.20507940649986267,-0.03645869717001915,0.50942462682724,0.48425161838531494,-0.005155609920620918,0.5076703429222107,0.37673038244247437,-0.024954654276371002,0.5056312680244446,0.30660074949264526,-0.031520333141088486,0.49978774785995483,0.24363332986831665,-0.032930877059698105,0.5555740594863892,0.5190671682357788,-0.026394357904791832,0.5691133737564087,0.4356761574745178,-0.036730509251356125,0.5794100761413574,0.38178300857543945,-0.0319342166185379,0.5845665335655212,0.33072298765182495,-0.026482118293642998
0.4851655066013336,0.7789831161499023,1.5102833117452974e-07,0.4144591987133026,0.7174993753433228,-0.02314898744225502,0.3644702136516571,0.6216615438461304,-0.036488451063632965,0.3216264843940735,0.5394869446754456,-0.05372172221541405,0.2949420213699341,0.4639635384082794,-0.06882207840681076,0.42449238896369934,0.5039864182472229,0.021450141444802284,0.38001492619514465,0.43106091022491455,-0.020250530913472176,0.3348079025745392,0.4142231345176697,-0.059940777719020844,0.30008435249328613,0.4170905351638794,-0.08071032911539078,0.463512122631073,0.47761523723602295,0.01446220837533474,0.4433794319629669,0.350776731967926,-0.003527140012010932,0.4285074472427368,0.2726059854030609,-0.02073078043758869,0.4168737232685089,0.206680566072464,-0.030932391062378883,0.5103276371955872,0.48519715666770935,-0.002954646944999695,0.5085785984992981,0.3764125108718872,-0.021600855514407158,0.5066940188407898,0.3062717914581299,-0.026994900777935982,0.5006540417671204,0.24376913905143738,-0.02749541774392128,0.5567790269851685,0.5191882848739624,-0.02490551397204399,0.5699474811553955,0.43423524498939514,-0.034667354077100754,0.5798690915107727,0.37994876503944397,-0.029038796201348305,0.5847347974777222,0.3293471336364746,-0.022761214524507523
0.48949283361434937,0.7748275995254517,1.6557434889818978e-07,0.4184838831424713,0.7144005298614502,-0.024899696931242943,0.36776256561279297,0.6198344230651855,-0.039584312587976456,0.32513320446014404,0.5376874208450317,-0.05755038559436798,0.29752373695373535,0.46346479654312134,-0.07352776825428009,0.42661210894584656,0.5008578300476074,0.017364876344799995,0.3811776638031006,0.4298853278160095,-0.024450751021504402,0.3362847566604614,0.4144507646560669,-0.06454677134752274,0.30331188440322876,0.4175969958305359,-0.08615998178720474,0.4663305878639221,0.4749739468097687,0.010606552474200726,0.44527071714401245,0.34869685769081116,-0.008134891279041767,0.43093085289001465,0.27131858468055725,-0.02731459029018879,0.4206920564174652,0.20548194646835327,-0.03981087729334831,0.5134971141815186,0.4835500419139862,-0.00635987613350153,0.5121958255767822,0.3748840391635895,-0.025716202333569527,0.5099302530288696,0.30551305413246155,-0.033495254814624786,0.5037146806716919,0.24314665794372559,-0.036574117839336395,0.5599751472473145,0.5187994241714478,-0.027810191735625267,0.5726516246795654,0.43457263708114624,-0.0383542999625206,0.5823661684989929,0.38092005252838135,-0.03441412001848221,0.5868844985961914,0.3302323818206787,-0.030122876167297363
0.48928287625312805,0.7759448289871216,1.55293051307126e-07,0.41800352931022644,0.7151089310646057,-0.023248305544257164,0.36702606081962585,0.6195113062858582,-0.037223268300294876,0.3247685432434082,0.5373877286911011,-0.05482557788491249,0.2989920973777771,0.4614638090133667,-0.0703166052699089,0.4270360767841339,0.501358687877655,0.018768232315778732,0.38201484084129333,0.4303285479545593,-0.022326083853840828,0.33798784017562866,0.41619259119033813,-0.06131245940923691,0.30532723665237427,0.4214332401752472,-0.08186812698841095,0.46668675541877747,0.4756360948085785,0.011466283351182938,0.44640183448791504,0.34926557540893555,-0.006302931345999241,0.43119993805885315,0.2714248299598694,-0.02404022216796875,0.4198888838291168,0.20604896545410156,-0.03525150194764137,0.5140456557273865,0.483916312456131,-0.005906480364501476,0.5120819807052612,0.37429818511009216,-0.024270113557577133,0.509743332862854,0.30567464232444763,-0.03041563183069229,0.503843367099762,0.2445131242275238,-0.03213846683502197,0.5610151886940002,0.5185703635215759,-0.027685269713401794,0.573956310749054,0.43327540159225464,-0.03758795186877251,0.5836993455886841,0.379403293132782,-0.03258106857538223,0.5886228084564209,0.3291018009185791,-0.027214156463742256
0.4891969561576843,0.7749998569488525,1.547319783412604e-07,0.41997334361076355,0.7129886746406555,-0.024434182792901993,0.36998552083969116,0.6181803345680237,-0.03922741487622261,0.32800501585006714,0.5369882583618164,-0.05717046186327934,0.30032017827033997,0.4623810648918152,-0.07330329716205597,0.42858758568763733,0.501209557056427,0.014820296317338943,0.38423311710357666,0.42974168062210083,-0.02722899429500103,0.3402935564517975,0.41352349519729614,-0.06725460290908813,0.3067907691001892,0.4152596592903137,-0.08904775977134705,0.46853145956993103,0.4758416414260864,0.0076421108096838,0.44840624928474426,0.3497357964515686,-0.012821397744119167,0.4339746832847595,0.27202141284942627,-0.03323093056678772,0.4227457344532013,0.20593777298927307,-0.046628646552562714,0.5154783725738525,0.4845083951950073,-0.009317254647612572,0.5156172513961792,0.37573856115341187,-0.030403858050704002,0.5143851637840271,0.3069734275341034,-0.039397191256284714,0.5084159970283508,0.24478358030319214,-0.04316672682762146,0.5616827607154846,0.520000159740448,-0.03045291267335415,0.5756828188896179,0.4348565340042114,-0.04225628077983856,0.5859309434890747,0.3813920319080353,-0.03901062160730362,0.5900405645370483,0.3312905430793762,-0.03526794910430908
0.48898765444755554,0.775426983833313,1.4618129284826864e-07,0.4193008244037628,0.7140003442764282,-0.023168647661805153,0.3695682883262634,0.6191955208778381,-0.03742844611406326,0.3283511996269226,0.5376696586608887,-0.055142007768154144,0.30102431774139404,0.462056964635849,-0.0708932876586914,0.42882439494132996,0.5016920566558838,0.016936343163251877,0.3854881823062897,0.4295059144496918,-0.023914828896522522,0.3420006036758423,0.4145618975162506,-0.0627550482749939,0.3086056709289551,0.4184378683567047,-0.08352205902338028,0.4689791798591614,0.47610366344451904,0.009484664537012577,0.4499582052230835,0.3504951000213623,-0.00956334825605154,0.43520262837409973,0.2727140784263611,-0.02847452461719513,0.4236578643321991,0.20714253187179565,-0.04067017138004303,0.5158450603485107,0.4843507707118988,-0.007738013751804829,0.516362190246582,0.3749677836894989,-0.027214033529162407,0.515427827835083,0.3055587410926819,-0.0349222868680954,0.5101333856582642,0.24323010444641113,-0.03785203769803047,0.5617330074310303,0.5193306803703308,-0.029137132689356804,0.5760411024093628,0.4344542324542999,-0.03956804797053337,0.5865311622619629,0.380725234746933,-0.035416778177022934,0.5915315747261047,0.3306121230125427,-0.03096102736890316
0.48808833956718445,0.7748661041259766,1.5237554862324032e-07,0.4186254143714905,0.7134354114532471,-0.024086935445666313,0.3690033257007599,0.6171047687530518,-0.03876281902194023,0.32660233974456787,0.5353260040283203,-0.05677635967731476,0.3005058169364929,0.45894044637680054,-0.07260887324810028,0.43051838874816895,0.4979192018508911,0.017021428793668747,0.3876870274543762,0.42426231503486633,-0.025021133944392204,0.34363895654678345,0.41066694259643555,-0.06471996754407883,0.3108508586883545,0.4164721369743347,-0.08578813076019287,0.4706926941871643,0.47483864426612854,0.009850481525063515,0.45161184668540955,0.3486892282962799,-0.009697536006569862,0.4367052912712097,0.2707920968532562,-0.028626538813114166,0.4249896705150604,0.2050078809261322,-0.04059574380517006,0.5176806449890137,0.485301673412323,-0.007454805541783571,0.5187053680419922,0.37510359287261963,-0.02735898643732071,0.5172529220581055,0.3055318295955658,-0.034530337899923325,0.5115350484848022,0.24268555641174316,-0.036732133477926254,0.5633070468902588,0.5221071243286133,-0.02909814938902855,0.57695472240448,0.4358348548412323,-0.040262460708618164,0.5872055292129517,0.3807893395423889,-0.036237139254808426,0.5925068259239197,0.3287022113800049,-0.031501080840826035
0.48914635181427,0.7757514119148254,1.4038789686310338e-07,0.4191066324710846,0.7134993076324463,-0.024177376180887222,0.3689657151699066,0.6170808672904968,-0.03910314291715622,0.32621103525161743,0.5350635051727295,-0.05760062858462334,0.2998478412628174,0.45850613713264465,-0.07397864758968353,0.4313366413116455,0.4991734027862549,0.01790662296116352,0.38827288150787354,0.4254275858402252,-0.02449176460504532,0.3432276248931885,0.4116626977920532,-0.06494199484586716,0.3088739514350891,0.4167605936527252,-0.0864437073469162,0.4712285101413727,0.47576218843460083,0.010791142471134663,0.4522118866443634,0.3497787117958069,-0.008334052748978138,0.4371879994869232,0.2716573476791382,-0.027363354340195656,0.42565083503723145,0.20522013306617737,-0.03947139158844948,0.5179720520973206,0.4858248233795166,-0.006562369409948587,0.5184401273727417,0.3746723234653473,-0.025861719623208046,0.5168053507804871,0.3050089478492737,-0.03261671960353851,0.5113509297370911,0.24234381318092346,-0.034582678228616714,0.5634788870811462,0.5219705104827881,-0.028372937813401222,0.576932430267334,0.43536150455474854,-0.03898968547582626,0.5871564149856567,0.3800860643386841,-0.034478750079870224,0.5926246047019958,0.3280521035194397,-0.029358062893152237
0.48877352476119995,0.7753132581710815,1.439267975911207e-07,0.41906535625457764,0.7132226228713989,-0.024383677169680595,0.368696004152298,0.6170663833618164,-0.039483413100242615,0.32597148418426514,0.5352751612663269,-0.057948868721723557,0.3000098764896393,0.4585682153701782,-0.07421164214611053,0.43123695254325867,0.498054176568985,0.016333457082509995,0.3875283896923065,0.42445239424705505,-0.026052383705973625,0.3423384726047516,0.41068512201309204,-0.06614815443754196,0.3083500862121582,0.4158876836299896,-0.0874251052737236,0.47121939063072205,0.474865198135376,0.009392176754772663,0.45194950699806213,0.3491670787334442,-0.009934053756296635,0.43689295649528503,0.2710919678211212,-0.02856854349374771,0.4252609610557556,0.20509985089302063,-0.04035280644893646,0.5180988311767578,0.48509541153907776,-0.007692802231758833,0.518261730670929,0.37441763281822205,-0.027055222541093826,0.5162642598152161,0.30492258071899414,-0.0335182249546051,0.5103687644004822,0.24235862493515015,-0.03527861461043358,0.5637749433517456,0.5214271545410156,-0.02924157679080963,0.5772778391838074,0.4351561665534973,-0.039953578263521194,0.5874181985855103,0.37999165058135986,-0.0354979932308197,0.5927420854568481,0.32794487476348877,-0.030379939824342728
0.4890296757221222,0.7777212858200073,1.4237737389066751e-07,0.41876035928726196,0.7139378786087036,-0.021220393478870392,0.36914771795272827,0.6180245876312256,-0.034647390246391296,0.3265731632709503,0.5358976721763611,-0.052233126014471054,0.3010566234588623,0.4599818289279938,-0.06778685003519058,0.4316336214542389,0.5021703839302063,0.021985191851854324,0.3875713050365448,0.4298887848854065,-0.019111210480332375,0.34271082282066345,0.41446831822395325,-0.05837821587920189,0.30839890241622925,0.41876909136772156,-0.0789993554353714,0.47064706683158875,0.47763046622276306,0.013921762816607952,0.45123666524887085,0.35030776262283325,-0.004606848582625389,0.4366980791091919,0.2715960741043091,-0.02256481535732746,0.425585001707077,0.20531386137008667,-0.0335201770067215,0.5171202421188354,0.48655393719673157,-0.0042325276881456375,0.5176061987876892,0.3752861022949219,-0.02301950752735138,0.5161702632904053,0.3049669563770294,-0.02901431731879711,0.5106610655784607,0.24233725666999817,-0.030120231211185455,0.5627647638320923,0.5220403075218201,-0.02663007564842701,0.5766351819038391,0.4351329505443573,-0.03607241436839104,0.5869220495223999,0.3804681599140167,-0.030513852834701538,0.5923693776130676,0.32961881160736084,-0.02455008216202259
0.48951730132102966,0.7796255350112915,1.3567421319748973e-07,0.419458270072937,0.7180297374725342,-0.023612666875123978,0.3703659176826477,0.6229305863380432,-0.03846544772386551,0.3281213045120239,0.5398057103157043,-0.05693434178829193,0.3020368814468384,0.4628184735774994,-0.07336492836475372,0.4320637881755829,0.5030063986778259,0.018386825919151306,0.3886612355709076,0.4296853244304657,-0.024010267108678818,0.34364834427833557,0.4146190881729126,-0.06424984335899353,0.3093533217906952,0.4191581904888153,-0.08549530804157257,0.47148397564888,0.4787977933883667,0.011199411936104298,0.4521069824695587,0.3516789674758911,-0.007707077078521252,0.43715521693229675,0.27369043231010437,-0.025731723755598068,0.4253964126110077,0.20776715874671936,-0.03688114508986473,0.518173098564148,0.48840606212615967,-0.006189669482409954,0.5183584094047546,0.3768443763256073,-0.025216106325387955,0.5169343948364258,0.30604445934295654,-0.031072046607732773,0.5114200115203857,0.242222398519516,-0.0323210209608078,0.5639926195144653,0.5248808860778809,-0.02801217883825302,0.5773712396621704,0.43825653195381165,-0.0381382592022419,0.5879061818122864,0.3834727704524994,-0.03280101343989372,0.5939360857009888,0.33195313811302185,-0.027002230286598206
0.4895353317260742,0.7800698280334473,1.443245594145992e-07,0.41986775398254395,0.7191570401191711,-0.02417427860200405,0.3703608512878418,0.622926652431488,-0.03900112956762314,0.32828402519226074,0.5395174026489258,-0.057266637682914734,0.3016353249549866,0.4627310037612915,-0.07341132313013077,0.43080830574035645,0.5033971667289734,0.017536716535687447,0.3886245787143707,0.42995932698249817,-0.024940384551882744,0.3445518910884857,0.4147132337093353,-0.06502538174390793,0.3110802173614502,0.41920509934425354,-0.08612807840108871,0.4705406427383423,0.4787278175354004,0.010592231526970863,0.45204123854637146,0.3520960211753845,-0.008396780118346214,0.4374878406524658,0.273911714553833,-0.026484262198209763,0.42640095949172974,0.20781201124191284,-0.03769930824637413,0.5175029635429382,0.48824065923690796,-0.006561832036823034,0.5183765888214111,0.37744539976119995,-0.02566797472536564,0.5171126127243042,0.30784308910369873,-0.03159504383802414,0.5119549036026001,0.24492251873016357,-0.03287943825125694,0.5634364485740662,0.5248090624809265,-0.028198255226016045,0.5776083469390869,0.4390849173069,-0.03844999149441719,0.5881367921829224,0.384674996137619,-0.03328563645482063,0.5940142869949341,0.33334654569625854,-0.027595385909080505
0.49312055110931396,0.7852592468261719,1.536240574750991e-07,0.4214199185371399,0.7248358130455017,-0.02418937161564827,0.37169262766838074,0.6289274096488953,-0.03867529332637787,0.3302411139011383,0.5441828370094299,-0.05660086125135422,0.3046664595603943,0.46582651138305664,-0.07247047871351242,0.4311239719390869,0.5089154839515686,0.018340284004807472,0.3863081932067871,0.4356091320514679,-0.022979088127613068,0.34259194135665894,0.4194384217262268,-0.06247439235448837,0.30973386764526367,0.42212238907814026,-0.08356679975986481,0.47188901901245117,0.482377827167511,0.011140418238937855,0.45315107703208923,0.3546390235424042,-0.007666098885238171,0.4386807680130005,0.2757505178451538,-0.02655598148703575,0.4274061322212219,0.20956489443778992,-0.03846857696771622,0.5193558931350708,0.49049389362335205,-0.006124609149992466,0.519531786441803,0.3793637752532959,-0.0251715499907732,0.5180346965789795,0.30882370471954346,-0.03210652992129326,0.5122725367546082,0.24546989798545837,-0.03430686146020889,0.5657320618629456,0.5258806943893433,-0.027814846485853195,0.5793354511260986,0.4396319091320038,-0.03796946257352829,0.5898498296737671,0.3850242495536804,-0.03317190706729889,0.5956291556358337,0.3342241048812866,-0.027918418869376183
0.4922073781490326,0.784856379032135,1.5551030685401201e-07,0.4223476052284241,0.7232422232627869,-0.023674489930272102,0.3724175691604614,0.6265643239021301,-0.03822540119290352,0.3301185369491577,0.5432595610618591,-0.05623437091708183,0.30381301045417786,0.4666413366794586,-0.07205274701118469,0.43122193217277527,0.5057612657546997,0.01704729162156582,0.38820648193359375,0.4301695227622986,-0.024602781981229782,0.34422630071640015,0.41574040055274963,-0.063683420419693,0.3117467761039734,0.42092782258987427,-0.08430853486061096,0.47196224331855774,0.48082461953163147,0.00990259274840355,0.4533444046974182,0.3540289103984833,-0.00907730869948864,0.43857717514038086,0.2752521336078644,-0.027450870722532272,0.42702794075012207,0.20856598019599915,-0.03914135321974754,0.5193747282028198,0.48993030190467834,-0.007282797247171402,0.5203655362129211,0.38053441047668457,-0.026411904022097588,0.5188155770301819,0.3101658821105957,-0.033411845564842224,0.5128230452537537,0.24682402610778809,-0.035783231258392334,0.5657212734222412,0.5255895256996155,-0.028813418000936508,0.5801063776016235,0.4405764639377594,-0.039291609078645706,0.5900459289550781,0.38565802574157715,-0.035127632319927216,0.5948547720909119,0.3338017463684082,-0.030457694083452225
0.49298667907714844,0.7865235805511475,1.4307642004496302e-07,0.42387855052948,0.7237328886985779,-0.02413441799581051,0.37409621477127075,0.6269797086715698,-0.03851646929979324,0.3317662477493286,0.5437524914741516,-0.056273095309734344,0.3049558997154236,0.4669719338417053,-0.07176917791366577,0.43489372730255127,0.507685124874115,0.018442247062921524,0.39145880937576294,0.43370673060417175,-0.023016784340143204,0.3477070927619934,0.41931864619255066,-0.06275773048400879,0.31453558802604675,0.42370134592056274,-0.0839155837893486,0.47483158111572266,0.482835978269577,0.011694492772221565,0.45615190267562866,0.3562140166759491,-0.006622507702559233,0.442043274641037,0.2780923843383789,-0.02514105662703514,0.4309965968132019,0.21276724338531494,-0.03705882653594017,0.5216040015220642,0.4921622574329376,-0.005258230026811361,0.522371768951416,0.3821357488632202,-0.023883197456598282,0.5211836099624634,0.3120651841163635,-0.030510524287819862,0.5156750679016113,0.2495647668838501,-0.03259977325797081,0.5674812197685242,0.5279412865638733,-0.026678193360567093,0.5812506079673767,0.441625714302063,-0.036379892379045486,0.5912542343139648,0.3866456151008606,-0.03152065351605415,0.5960598587989807,0.3350622057914734,-0.026421405375003815
0.49321842193603516,0.786262035369873,1.4001928150264575e-07,0.4242430329322815,0.723339319229126,-0.023723220452666283,0.3744078278541565,0.626457691192627,-0.03824077919125557,0.33180534839630127,0.5429145097732544,-0.056370653212070465,0.3054904341697693,0.4652825593948364,-0.0722617506980896,0.4350459575653076,0.507891058921814,0.019097547978162766,0.39283812046051025,0.43282753229141235,-0.02286693826317787,0.34877482056617737,0.4185079038143158,-0.0627933219075203,0.3152429461479187,0.42342445254325867,-0.08386298269033432,0.47507214546203613,0.48367834091186523,0.012129860930144787,0.45713430643081665,0.3575540781021118,-0.005868396256119013,0.44264429807662964,0.27913469076156616,-0.023836083710193634,0.43106555938720703,0.21298053860664368,-0.03525418043136597,0.5218253135681152,0.49345141649246216,-0.005171230062842369,0.5233283042907715,0.38316699862480164,-0.023343564942479134,0.5222566723823547,0.31278204917907715,-0.029330112040042877,0.5170408487319946,0.249527245759964,-0.030961399897933006,0.5673357844352722,0.5296019315719604,-0.02698732726275921,0.5812708735466003,0.4447888135910034,-0.03682389110326767,0.5912528038024902,0.3899540901184082,-0.03197906166315079,0.5964023470878601,0.3377869725227356,-0.026699339970946312
0.49358439445495605,0.7848325967788696,1.3950484856195544e-07,0.4248802065849304,0.7220118045806885,-0.025710133835673332,0.37435534596443176,0.6273936629295349,-0.041606832295656204,0.33275628089904785,0.5450485348701477,-0.060273684561252594,0.30625253915786743,0.46960780024528503,-0.07684628665447235,0.4361926019191742,0.5089826583862305,0.012247705832123756,0.3932879865169525,0.4347109794616699,-0.030644115060567856,0.34989672899246216,0.4197401702404022,-0.07089638710021973,0.3167104125022888,0.4239794611930847,-0.09253326058387756,0.4770108759403229,0.4845384657382965,0.005871524102985859,0.4589238464832306,0.3587048649787903,-0.015014192089438438,0.44419458508491516,0.28078049421310425,-0.03544369339942932,0.43236908316612244,0.21461406350135803,-0.048856064677238464,0.523835301399231,0.4937419295310974,-0.010281143710017204,0.5249336361885071,0.3846029043197632,-0.030737031251192093,0.523202657699585,0.31381481885910034,-0.03934916481375694,0.5172770023345947,0.24989983439445496,-0.043035514652729034,0.5693700909614563,0.5299022197723389,-0.03075767308473587,0.5835115909576416,0.4450381100177765,-0.041490212082862854,0.5932421684265137,0.3900473713874817,-0.03784540668129921,0.5975149869918823,0.33834308385849,-0.03390997275710106
0.4935407042503357,0.7840286493301392,1.4620093224948505e-07,0.42482852935791016,0.7214217782020569,-0.024996545165777206,0.37510836124420166,0.6267428398132324,-0.04073537141084671,0.3341464102268219,0.5445413589477539,-0.05953320488333702,0.30690088868141174,0.46944254636764526,-0.07633493840694427,0.4362795948982239,0.5074239373207092,0.013751434162259102,0.3944632112979889,0.43367329239845276,-0.029201915487647057,0.35098424553871155,0.419007807970047,-0.06957641243934631,0.3172157406806946,0.42374932765960693,-0.09106821566820145,0.4770473539829254,0.48362478613853455,0.006914733909070492,0.45979058742523193,0.35782086849212646,-0.013231728225946426,0.4449368715286255,0.2795320451259613,-0.033099349588155746,0.4330008625984192,0.21337121725082397,-0.0459500215947628,0.5238345861434937,0.4934195876121521,-0.009781681932508945,0.5246285796165466,0.38429102301597595,-0.029696321114897728,0.5226452350616455,0.3135211765766144,-0.03791947662830353,0.5169647336006165,0.2498471736907959,-0.041238680481910706,0.5690648555755615,0.5301329493522644,-0.03083564154803753,0.583172082901001,0.44606900215148926,-0.04162074625492096,0.5930265188217163,0.3914695978164673,-0.037910375744104385,0.5979123115539551,0.3400668799877167,-0.033688727766275406
0.49423322081565857,0.7845205068588257,1.4804977865878755e-07,0.42518532276153564,0.7221365571022034,-0.02488931454718113,0.3754240572452545,0.6273340582847595,-0.0406966395676136,0.33450210094451904,0.544879138469696,-0.0597626157104969,0.3071548044681549,0.46943625807762146,-0.0768812969326973,0.43622708320617676,0.5080122351646423,0.014977103099226952,0.3946707248687744,0.4348670542240143,-0.02802092209458351,0.35142233967781067,0.4203161597251892,-0.0687023177742958,0.31755340099334717,0.4250842332839966,-0.09039867669343948,0.476854145526886,0.48393362760543823,0.007986961863934994,0.45985665917396545,0.35827168822288513,-0.011945528909564018,0.4450790286064148,0.2800518870353699,-0.031908512115478516,0.4332479238510132,0.21367701888084412,-0.04482964053750038,0.5236279964447021,0.4935707449913025,-0.008950253948569298,0.5242322087287903,0.3841414451599121,-0.0286985095590353,0.5224683880805969,0.31353312730789185,-0.03672771155834198,0.51708984375,0.25008082389831543,-0.03991119563579559,0.5689142346382141,0.5302415490150452,-0.03028351441025734,0.5829335451126099,0.44615766406059265,-0.04089187830686569,0.5929112434387207,0.39168667793273926,-0.03691074997186661,0.5981452465057373,0.3404868543148041,-0.03247780725359917
0.49539607763290405,0.7818350195884705,1.6362804444725043e-07,0.425689697265625,0.7212353944778442,-0.024868205189704895,0.3756977319717407,0.6265789270401001,-0.04001208767294884,0.33406758308410645,0.5446772575378418,-0.05847843736410141,0.30883532762527466,0.46945273876190186,-0.0746290534734726,0.43726059794425964,0.5057569146156311,0.016871707513928413,0.39449843764305115,0.43175041675567627,-0.025240818038582802,0.3502894639968872,0.41745075583457947,-0.06491157412528992,0.31740501523017883,0.42328524589538574,-0.0856381356716156,0.47715824842453003,0.48181742429733276,0.010608458891510963,0.4590493440628052,0.35559988021850586,-0.007937624119222164,0.4445132613182068,0.27749791741371155,-0.025961346924304962,0.4337248206138611,0.21194493770599365,-0.03712625801563263,0.5240405797958374,0.4912576675415039,-0.005864650476723909,0.5233968496322632,0.38209107518196106,-0.02409093640744686,0.5206324458122253,0.3118536174297333,-0.030196791514754295,0.5147435069084167,0.2494475245475769,-0.03173615410923958,0.5700178742408752,0.5273818969726562,-0.026966338977217674,0.5838096141815186,0.4433995485305786,-0.03646225109696388,0.5930719971656799,0.3890659213066101,-0.03160027414560318,0.5978878140449524,0.3380886912345886,-0.026149770244956017
0.495362251996994,0.7830389142036438,1.5405693432057888e-07,0.42515408992767334,0.7217769622802734,-0.02372254803776741,0.3752840459346771,0.6262199878692627,-0.03779612109065056,0.3344097137451172,0.5440763831138611,-0.055419135838747025,0.3099934160709381,0.46834245324134827,-0.07073210924863815,0.43648189306259155,0.5073431730270386,0.018788710236549377,0.39356496930122375,0.4338383078575134,-0.02225150726735592,0.3497840166091919,0.4189646244049072,-0.06115058809518814,0.3164057433605194,0.4236085116863251,-0.08152950555086136,0.4765922427177429,0.4824711084365845,0.011980274692177773,0.4583878517150879,0.3562559485435486,-0.006274159997701645,0.444139301776886,0.2774655222892761,-0.024307439103722572,0.43354448676109314,0.21107244491577148,-0.03543943539261818,0.5235671997070312,0.4912432134151459,-0.004924022126942873,0.5233858823776245,0.38154539465904236,-0.023401442915201187,0.521182119846344,0.3112301826477051,-0.029744695872068405,0.5155410766601562,0.24860426783561707,-0.03132326900959015,0.5699723362922668,0.5266430377960205,-0.026298049837350845,0.5838780999183655,0.44237709045410156,-0.036079686135053635,0.5933341979980469,0.38804513216018677,-0.031201275065541267,0.5981957912445068,0.3372740149497986,-0.02568734437227249
0.49823683500289917,0.7832375168800354,1.5164914657361805e-07,0.4290091395378113,0.7207493185997009,-0.024755578488111496,0.37903016805648804,0.6251339316368103,-0.04027658328413963,0.3370426893234253,0.5426514148712158,-0.05908338725566864,0.3105098009109497,0.4680604934692383,-0.07590372860431671,0.4391522705554962,0.5054636001586914,0.01559642143547535,0.395355761051178,0.4310818314552307,-0.027309129014611244,0.35077598690986633,0.41533198952674866,-0.06828387826681137,0.31730085611343384,0.4192906320095062,-0.09029142558574677,0.4788098931312561,0.4816347658634186,0.008974873460829258,0.4605597257614136,0.35544300079345703,-0.010267913341522217,0.4462110102176666,0.27801212668418884,-0.029978852719068527,0.4354158937931061,0.21228653192520142,-0.042902424931526184,0.5259052515029907,0.4911866784095764,-0.00767245888710022,0.5256248116493225,0.381891667842865,-0.02668752707540989,0.5239836573600769,0.3118424713611603,-0.03463493287563324,0.5186790823936462,0.24920734763145447,-0.03798710182309151,0.5720258355140686,0.527521014213562,-0.028794702142477036,0.5857895612716675,0.44224831461906433,-0.03911479935050011,0.595413088798523,0.38755738735198975,-0.03543408215045929,0.5997758507728577,0.3360252380371094,-0.031363148242235184
0.5006194710731506,0.7808219194412231,1.482523117601886e-07,0.43140411376953125,0.7172513604164124,-0.024417458102107048,0.38110101222991943,0.6217294335365295,-0.038990482687950134,0.33964207768440247,0.5390847325325012,-0.056561559438705444,0.31290459632873535,0.46441298723220825,-0.07201123237609863,0.440402626991272,0.5046393871307373,0.015181087888777256,0.3976699113845825,0.4293219745159149,-0.026325061917304993,0.35439085960388184,0.41308507323265076,-0.06574500352144241,0.32126083970069885,0.41549259424209595,-0.08694486320018768,0.48085325956344604,0.4805476665496826,0.008742359466850758,0.4621623158454895,0.3550451695919037,-0.011110644787549973,0.4478946328163147,0.2777758240699768,-0.03109118714928627,0.43666669726371765,0.21196413040161133,-0.04412522166967392,0.5278810858726501,0.4900595247745514,-0.007417421322315931,0.5274267196655273,0.3817741274833679,-0.02719440869987011,0.5254868268966675,0.31209540367126465,-0.03560025990009308,0.5195784568786621,0.2490394115447998,-0.039055611938238144,0.5741410851478577,0.5256962180137634,-0.027832841500639915,0.5874161124229431,0.440718412399292,-0.03806353360414505,0.5966703295707703,0.3861050605773926,-0.034291502088308334,0.6006267070770264,0.3345797061920166,-0.030219100415706635
0.5004370808601379,0.7808266878128052,1.3878927518362616e-07,0.4305884540081024,0.7173731327056885,-0.022682374343276024,0.3803764283657074,0.6219081878662109,-0.03593849390745163,0.33962833881378174,0.5392762422561646,-0.05253790691494942,0.3155142664909363,0.46335557103157043,-0.06696767359972,0.44066447019577026,0.5047614574432373,0.018523843958973885,0.398443341255188,0.42967867851257324,-0.021117575466632843,0.35533931851387024,0.4151293635368347,-0.05922379717230797,0.32242557406425476,0.4195249378681183,-0.07964867353439331,0.4809951186180115,0.4806954264640808,0.011616312898695469,0.4629843831062317,0.3555818796157837,-0.006496662739664316,0.4481271803379059,0.2782345116138458,-0.025860382243990898,0.43635714054107666,0.21273860335350037,-0.03872188925743103,0.5277460813522339,0.48998692631721497,-0.004958458244800568,0.5273109078407288,0.3812325596809387,-0.023266520351171494,0.5254684686660767,0.31201493740081787,-0.03175502270460129,0.5198072195053101,0.24936601519584656,-0.03565162792801857,0.5740888118743896,0.5252227783203125,-0.025668058544397354,0.587512195110321,0.4407883286476135,-0.03520398586988449,0.5964947938919067,0.38703685998916626,-0.0316079780459404,0.6006121039390564,0.3361057639122009,-0.027863724157214165
0.502406656742096,0.7808773517608643,1.5047598367345927e-07,0.43366876244544983,0.7181401252746582,-0.02402595803141594,0.3844427466392517,0.6223660111427307,-0.0380941703915596,0.34294238686561584,0.5402764678001404,-0.05537949502468109,0.31765031814575195,0.4659356474876404,-0.0705583468079567,0.4449451267719269,0.5053611397743225,0.017214247956871986,0.4017808437347412,0.4300740361213684,-0.02303391695022583,0.35831519961357117,0.41336876153945923,-0.06188015639781952,0.32590240240097046,0.4160259962081909,-0.08294615894556046,0.48433375358581543,0.4821670949459076,0.01054609939455986,0.46491360664367676,0.35623276233673096,-0.008142711594700813,0.4507128596305847,0.278556764125824,-0.028150103986263275,0.4405992031097412,0.21310579776763916,-0.041477810591459274,0.5304558277130127,0.4917462170124054,-0.005904402583837509,0.529766321182251,0.3824937045574188,-0.02484411746263504,0.527127206325531,0.31251391768455505,-0.03394210711121559,0.5212391018867493,0.25003358721733093,-0.03827621787786484,0.5762696862220764,0.5270602107048035,-0.026644067838788033,0.5898496508598328,0.4424595832824707,-0.03698135167360306,0.5987423062324524,0.38767877221107483,-0.0342242456972599,0.6026761531829834,0.3362939953804016,-0.031118018552660942
0.5015305280685425,0.7824006080627441,1.4026753092366562e-07,0.4328465163707733,0.7199126482009888,-0.023422136902809143,0.38439202308654785,0.6228917241096497,-0.037179265171289444,0.34413594007492065,0.5414734482765198,-0.05424024164676666,0.3196459114551544,0.4673922061920166,-0.06914001703262329,0.44456931948661804,0.5048202872276306,0.017299894243478775,0.4022520184516907,0.42940282821655273,-0.02317027375102043,0.35908496379852295,0.41484516859054565,-0.06202511489391327,0.3269163966178894,0.42005497217178345,-0.0828782469034195,0.484382301568985,0.4818796217441559,0.010419521480798721,0.46578729152679443,0.3565114736557007,-0.007975812070071697,0.45116329193115234,0.27857476472854614,-0.027742622420191765,0.44028612971305847,0.21352484822273254,-0.04089164733886719,0.530840277671814,0.49181899428367615,-0.0061904508620500565,0.5306568145751953,0.38225409388542175,-0.02436811476945877,0.5282954573631287,0.3123742341995239,-0.03288229554891586,0.5227747559547424,0.25009047985076904,-0.03690730780363083,0.5765889883041382,0.5276854038238525,-0.02711929753422737,0.5901859998703003,0.4430936276912689,-0.03681725263595581,0.5991361737251282,0.3886668086051941,-0.033522747457027435,0.6035574674606323,0.3374839723110199,-0.029970185831189156
0.5052447319030762,0.7836756706237793,1.497336796774107e-07,0.43577104806900024,0.7207750082015991,-0.023509789258241653,0.3865588903427124,0.6249426007270813,-0.03759681060910225,0.3453497886657715,0.5434325933456421,-0.05515320971608162,0.32167601585388184,0.4689028263092041,-0.07050535827875137,0.44582825899124146,0.5052522420883179,0.01876731775701046,0.4019257426261902,0.4308513104915619,-0.021880343556404114,0.358763188123703,0.41637444496154785,-0.06095273420214653,0.32736533880233765,0.42291468381881714,-0.0817326083779335,0.4860168397426605,0.4823448657989502,0.012019937857985497,0.4672355055809021,0.35595399141311646,-0.006005717441439629,0.4529595673084259,0.27808961272239685,-0.025215517729520798,0.4425666928291321,0.21359893679618835,-0.037764906883239746,0.5329751372337341,0.49238312244415283,-0.004724809899926186,0.5321366786956787,0.38178500533103943,-0.022813472896814346,0.5302896499633789,0.31195133924484253,-0.03123101033270359,0.5254665017127991,0.2498776912689209,-0.03498055413365364,0.5790830254554749,0.5288214683532715,-0.025806855410337448,0.5915923714637756,0.444094717502594,-0.03562256693840027,0.5997145175933838,0.3899468183517456,-0.032405074685811996,0.6034935712814331,0.33869755268096924,-0.028706515207886696
0.505548894405365,0.7855961322784424,1.568960499298555e-07,0.4360390901565552,0.7220290303230286,-0.02295823022723198,0.38693585991859436,0.6251420378684998,-0.03641526401042938,0.3455798625946045,0.5434588193893433,-0.053553707897663116,0.32193702459335327,0.4691978394985199,-0.06842415034770966,0.44593578577041626,0.5054702758789062,0.021189484745264053,0.4021955728530884,0.4307838976383209,-0.019021624699234962,0.358812153339386,0.4161798357963562,-0.05828208476305008,0.32737311720848083,0.42180031538009644,-0.07931764423847198,0.4858667552471161,0.4825805425643921,0.014321783557534218,0.46710145473480225,0.35665667057037354,-0.0031334273517131805,0.45292842388153076,0.27825167775154114,-0.022615816444158554,0.4427762031555176,0.21278434991836548,-0.035512469708919525,0.5327906608581543,0.49231958389282227,-0.002637008437886834,0.5321440100669861,0.38112014532089233,-0.02018481306731701,0.5306682586669922,0.3115410804748535,-0.02859409525990486,0.5262517333030701,0.24973222613334656,-0.032450366765260696,0.5793107748031616,0.5281863808631897,-0.02397603541612625,0.5917204022407532,0.44379717111587524,-0.033177606761455536,0.5997134447097778,0.3903351426124573,-0.029709139838814735,0.6035152077674866,0.3396228551864624,-0.025951804593205452
0.5054671764373779,0.7851211428642273,1.4648252033566678e-07,0.4354441165924072,0.7211839556694031,-0.023283978924155235,0.38524582982063293,0.6250495910644531,-0.03707560896873474,0.34466981887817383,0.5443852543830872,-0.054108668118715286,0.32087767124176025,0.46942687034606934,-0.06900778412818909,0.44531095027923584,0.5073058605194092,0.015840835869312286,0.4016866385936737,0.43197011947631836,-0.023965923115611076,0.3591633439064026,0.4168880879878998,-0.06182693690061569,0.32793760299682617,0.4221574366092682,-0.08227551728487015,0.485758900642395,0.4839531481266022,0.008653202094137669,0.46616438031196594,0.3574538230895996,-0.01084876712411642,0.4518360197544098,0.2790240943431854,-0.03162232041358948,0.4417532682418823,0.21419766545295715,-0.04559832438826561,0.5324464440345764,0.4932061731815338,-0.008022877387702465,0.5317371487617493,0.38211095333099365,-0.028109047561883926,0.5301796793937683,0.3123238682746887,-0.03889767453074455,0.5252487063407898,0.25046658515930176,-0.04447921738028526,0.5790870785713196,0.528476893901825,-0.02867434173822403,0.593192458152771,0.4438328742980957,-0.039983782917261124,0.6022350192070007,0.3900119662284851,-0.03835777938365936,0.6058334708213806,0.3395712971687317,-0.036162927746772766
0.5051056742668152,0.7849298715591431,1.4815616111718555e-07,0.43547898530960083,0.7208974361419678,-0.023006942123174667,0.3854128122329712,0.6252400279045105,-0.036896757781505585,0.3448573350906372,0.5449033379554749,-0.05409539118409157,0.3213522434234619,0.46995243430137634,-0.06918696314096451,0.4454377293586731,0.5075835585594177,0.015474140644073486,0.4017719030380249,0.43208208680152893,-0.024568699300289154,0.3589633107185364,0.4169536232948303,-0.06240248680114746,0.3274366855621338,0.4225179851055145,-0.08270057290792465,0.4858367443084717,0.4840414524078369,0.00816386193037033,0.4665054976940155,0.3576815128326416,-0.011372526176273823,0.45210570096969604,0.27921807765960693,-0.031833913177251816,0.44172951579093933,0.21432924270629883,-0.04549373313784599,0.5325023531913757,0.49314987659454346,-0.008582381531596184,0.5317686200141907,0.38255971670150757,-0.028392119333148003,0.5301067233085632,0.3127465546131134,-0.038695067167282104,0.5250032544136047,0.250866562128067,-0.043929193168878555,0.5789679884910583,0.5282695293426514,-0.029313744977116585,0.5931985974311829,0.4437861144542694,-0.04026442766189575,0.6024520993232727,0.38992294669151306,-0.038250405341386795,0.606407642364502,0.3396211266517639,-0.03573940694332123
0.5052716732025146,0.784873366355896,1.4894806099619018e-07,0.43567225337028503,0.7212236523628235,-0.023198211565613747,0.38557642698287964,0.6255260109901428,-0.03720245137810707,0.3450469970703125,0.5451011657714844,-0.05448480322957039,0.3215716481208801,0.4701917767524719,-0.06963478028774261,0.44527673721313477,0.5075548887252808,0.015212870202958584,0.40146398544311523,0.4321101903915405,-0.025134017691016197,0.3584807515144348,0.41704586148262024,-0.06317263096570969,0.3268210291862488,0.42257270216941833,-0.08355662971735,0.48577746748924255,0.4838849902153015,0.007999837398529053,0.4664326310157776,0.3577747344970703,-0.011679815128445625,0.4521131217479706,0.2791619896888733,-0.03210989385843277,0.44187965989112854,0.21410205960273743,-0.04569471627473831,0.532524049282074,0.4929799735546112,-0.008683468215167522,0.5317478179931641,0.3827349543571472,-0.02855248562991619,0.5300979018211365,0.3129885494709015,-0.03874938562512398,0.5250935554504395,0.25112980604171753,-0.04385486990213394,0.5790269374847412,0.5281955599784851,-0.029385678470134735,0.5932806134223938,0.4439857602119446,-0.04034041613340378,0.60247802734375,0.3902919590473175,-0.0382547564804554,0.6064731478691101,0.3401443660259247,-0.035639405250549316
0.5016845464706421,0.7881826758384705,1.3062374648598052e-07,0.4322298765182495,0.7239185571670532,-0.02227526530623436,0.383274644613266,0.6234840154647827,-0.03491544723510742,0.34248650074005127,0.5403409600257874,-0.05094996839761734,0.31753772497177124,0.46478086709976196,-0.06507467478513718,0.4452384114265442,0.5079575777053833,0.018612045794725418,0.4025886058807373,0.43169859051704407,-0.02073971927165985,0.3594190776348114,0.4181172251701355,-0.05856185778975487,0.3273541033267975,0.42392516136169434,-0.07900591939687729,0.4851720929145813,0.4856266975402832,0.01093978900462389,0.46577003598213196,0.3588131070137024,-0.00812858808785677,0.4509955942630768,0.2799553871154785,-0.028912298381328583,0.4405194818973541,0.21358883380889893,-0.04282526299357414,0.5311754941940308,0.4966890513896942,-0.006309194955974817,0.5316681265830994,0.3852858543395996,-0.02635345794260502,0.530592679977417,0.314067542552948,-0.037329141050577164,0.5263147950172424,0.24980834126472473,-0.04296012595295906,0.5764973759651184,0.533218264579773,-0.027430204674601555,0.5896095037460327,0.44798487424850464,-0.03904241323471069,0.5986500382423401,0.39350879192352295,-0.03750230744481087,0.6031528115272522,0.34135258197784424,-0.03533748537302017
0.5025292634963989,0.7846595048904419,1.4780130186409224e-07,0.4337289035320282,0.7232062816619873,-0.026264755055308342,0.3835752606391907,0.6267280578613281,-0.042277075350284576,0.34199827909469604,0.5434763431549072,-0.061001576483249664,0.31653791666030884,0.4681626558303833,-0.07759634405374527,0.4445786774158478,0.5067723989486694,0.012398572638630867,0.4018617272377014,0.43008238077163696,-0.02982371300458908,0.358904093503952,0.4155300259590149,-0.06943971663713455,0.3277320861816406,0.421522319316864,-0.09068992733955383,0.4848189651966095,0.4842730760574341,0.006439782213419676,0.4660603404045105,0.35748451948165894,-0.013552158139646053,0.4512608051300049,0.2795781195163727,-0.03401118516921997,0.44056180119514465,0.21407899260520935,-0.04775967448949814,0.5311872363090515,0.4948294162750244,-0.009369739331305027,0.5305923819541931,0.38444268703460693,-0.029089005663990974,0.5287477374076843,0.3144272565841675,-0.038800064474344254,0.5240851640701294,0.2514810264110565,-0.04373859986662865,0.5765539407730103,0.5315070152282715,-0.029580263420939445,0.589370608329773,0.44705021381378174,-0.04061933234333992,0.5985055565834045,0.3931042551994324,-0.03853953629732132,0.6033028960227966,0.34174221754074097,-0.035966575145721436
0.5005798935890198,0.7835087180137634,1.595354461869647e-07,0.4312164783477783,0.7215214371681213,-0.024504393339157104,0.3818255364894867,0.6263017654418945,-0.039170678704977036,0.34063905477523804,0.5444420576095581,-0.05706382542848587,0.31519466638565063,0.469340980052948,-0.07274731993675232,0.4435422718524933,0.5057821869850159,0.017080677673220634,0.400240957736969,0.4307876229286194,-0.0233453419059515,0.3562813401222229,0.4149553179740906,-0.06210877001285553,0.32358986139297485,0.4188297390937805,-0.0829695463180542,0.4835464358329773,0.48258742690086365,0.010407190769910812,0.4655752182006836,0.3563818037509918,-0.00785325188189745,0.4508512616157532,0.2786030173301697,-0.02719062566757202,0.43965786695480347,0.21359717845916748,-0.04006894677877426,0.5297515392303467,0.4929755628108978,-0.006230405066162348,0.5297168493270874,0.3832566738128662,-0.02473754994571209,0.5281134247779846,0.3143475651741028,-0.033267028629779816,0.5228886604309082,0.25267335772514343,-0.037275124341249466,0.5753678679466248,0.5296608805656433,-0.027269866317510605,0.5889203548431396,0.44531628489494324,-0.03731156885623932,0.5977044701576233,0.3917863667011261,-0.03425610437989235,0.6016134023666382,0.34094178676605225,-0.030900154262781143
0.5000794529914856,0.7857483625411987,1.3821602351526963e-07,0.4309280514717102,0.7218573093414307,-0.023787250742316246,0.38154760003089905,0.6253292560577393,-0.03800737112760544,0.3406946659088135,0.5430036187171936,-0.05561567470431328,0.31710511445999146,0.46678847074508667,-0.07101168483495712,0.4435490667819977,0.5063849687576294,0.017641061916947365,0.3997931182384491,0.43037983775138855,-0.022813858464360237,0.3560282588005066,0.4145633578300476,-0.061660632491111755,0.32348400354385376,0.4181913137435913,-0.08262116461992264,0.4835522770881653,0.4833753705024719,0.010757709853351116,0.46473994851112366,0.3587684631347656,-0.008259950205683708,0.44930753111839294,0.2802721858024597,-0.028589647263288498,0.4377634823322296,0.2146925926208496,-0.04218797758221626,0.5294972658157349,0.49340078234672546,-0.005943672265857458,0.5297420024871826,0.38387054204940796,-0.025060933083295822,0.52777099609375,0.3139292597770691,-0.03435048088431358,0.5225539207458496,0.25183600187301636,-0.038827452808618546,0.5743961334228516,0.5293394327163696,-0.02692028135061264,0.5881776213645935,0.44530370831489563,-0.03756636008620262,0.5970457792282104,0.3909159004688263,-0.03513109311461449,0.6013274192810059,0.33971792459487915,-0.0321393720805645
0.4995170533657074,0.7846575975418091,1.4048798391286255e-07,0.43136855959892273,0.7216876745223999,-0.02431643381714821,0.38221275806427,0.625241756439209,-0.0394635908305645,0.3411657512187958,0.5435886383056641,-0.05787080153822899,0.3166012465953827,0.46885231137275696,-0.0741928294301033,0.4436113238334656,0.5052987933158875,0.014590371400117874,0.40077370405197144,0.42868828773498535,-0.027582602575421333,0.3568915128707886,0.41363289952278137,-0.06754854321479797,0.32427310943603516,0.4183080494403839,-0.08904197812080383,0.48334985971450806,0.48290953040122986,0.007697271648794413,0.4651798903942108,0.357869952917099,-0.012267046608030796,0.44983431696891785,0.2794401943683624,-0.03287879377603531,0.43806660175323486,0.21334686875343323,-0.04669131711125374,0.529181182384491,0.4932459592819214,-0.008972288109362125,0.5293720960617065,0.3848508298397064,-0.028460171073675156,0.5268110632896423,0.3157328963279724,-0.03784492239356041,0.5210889577865601,0.2539313733577728,-0.0424315445125103,0.5737124681472778,0.5295674204826355,-0.029983114451169968,0.5879462957382202,0.4455752372741699,-0.0407562255859375,0.5975126624107361,0.3913586735725403,-0.03843220695853233,0.6023974418640137,0.3401196599006653,-0.035568345338106155
0.4994179606437683,0.7800838947296143,1.4758985855678475e-07,0.43195462226867676,0.7149828672409058,-0.024884818121790886,0.3824830949306488,0.6219790577888489,-0.041087035089731216,0.3405594527721405,0.541777491569519,-0.06036670506000519,0.3164815306663513,0.4674485921859741,-0.07777373492717743,0.44323617219924927,0.5032719969749451,0.012479321099817753,0.4012273848056793,0.42747876048088074,-0.03039480186998844,0.35728785395622253,0.411825031042099,-0.07069587707519531,0.32429686188697815,0.41645193099975586,-0.09236237406730652,0.48309803009033203,0.48127031326293945,0.0060203103348612785,0.46547213196754456,0.35623592138290405,-0.014349808916449547,0.4508490264415741,0.2792709767818451,-0.035067375749349594,0.43969836831092834,0.21414998173713684,-0.04893619194626808,0.5293484926223755,0.4919716417789459,-0.010073159821331501,0.5290824770927429,0.383101224899292,-0.02980860136449337,0.527187705039978,0.31362470984458923,-0.03937854990363121,0.52229243516922,0.25130775570869446,-0.044168464839458466,0.5742554664611816,0.528770923614502,-0.03043954446911812,0.5879491567611694,0.4457603096961975,-0.041533008217811584,0.5970970392227173,0.39178359508514404,-0.03937266394495964,0.6017068028450012,0.34070736169815063,-0.03662429004907608
0.5007967948913574,0.7811437249183655,1.435335121868775e-07,0.4314122200012207,0.7162425518035889,-0.02330339141190052,0.3818894624710083,0.6220027208328247,-0.03776421770453453,0.34067070484161377,0.5421051979064941,-0.055648405104875565,0.31777340173721313,0.467489629983902,-0.07159525901079178,0.44289979338645935,0.5039175748825073,0.01635906845331192,0.39988574385643005,0.429960161447525,-0.024695565924048424,0.3568439781665802,0.414842426776886,-0.0638398751616478,0.3243643641471863,0.42005234956741333,-0.08476394414901733,0.48302775621414185,0.4810248017311096,0.009296785108745098,0.4650501310825348,0.3557937741279602,-0.009651435539126396,0.45028313994407654,0.27895864844322205,-0.029640400782227516,0.43921178579330444,0.21500670909881592,-0.04277963936328888,0.5296288728713989,0.49122461676597595,-0.0073772878386080265,0.5279120802879333,0.3817802965641022,-0.0262827780097723,0.5258569121360779,0.3125462830066681,-0.03537319600582123,0.5211315751075745,0.2512029707431793,-0.03962084650993347,0.5749921202659607,0.527743399143219,-0.0282320324331522,0.5878962278366089,0.443928986787796,-0.03855811804533005,0.596784234046936,0.39028772711753845,-0.035620950162410736,0.6014916896820068,0.34030091762542725,-0.032148536294698715
0.5011385679244995,0.7805494070053101,1.507909388465123e-07,0.4320601224899292,0.7174521088600159,-0.023795638233423233,0.3824959397315979,0.6217565536499023,-0.03783455118536949,0.341239333152771,0.5391791462898254,-0.05514425411820412,0.31785809993743896,0.46298927068710327,-0.07023058831691742,0.4433339238166809,0.5034209489822388,0.017548242583870888,0.4011497497558594,0.42758387327194214,-0.022697249427437782,0.35772761702537537,0.4115214943885803,-0.06124124303460121,0.3252156972885132,0.4154204726219177,-0.08190428465604782,0.4831782877445221,0.4804905354976654,0.010915754362940788,0.46527621150016785,0.3552946448326111,-0.0074768816120922565,0.45124825835227966,0.2783008813858032,-0.02687213569879532,0.44091910123825073,0.2135990858078003,-0.03964151814579964,0.5295121073722839,0.4903760552406311,-0.005552329588681459,0.5294858813285828,0.38137808442115784,-0.024106279015541077,0.5279788374900818,0.3118913173675537,-0.03255802020430565,0.5230475664138794,0.2498311698436737,-0.03637503460049629,0.5749702453613281,0.5259565114974976,-0.026316190138459206,0.5886882543563843,0.4420977830886841,-0.03648465871810913,0.5982279777526855,0.38825738430023193,-0.03341998532414436,0.6032379269599915,0.3375130295753479,-0.02989514358341694
0.5005365610122681,0.7802046537399292,1.5129029407034977e-07,0.4315463900566101,0.7168197631835938,-0.023841656744480133,0.38207751512527466,0.6214243173599243,-0.03797052055597305,0.34089964628219604,0.5394205451011658,-0.05545608699321747,0.31786033511161804,0.46329084038734436,-0.07071153819561005,0.44324859976768494,0.5027607679367065,0.018069375306367874,0.40134623646736145,0.42743590474128723,-0.02211725525557995,0.35815179347991943,0.41231441497802734,-0.06077733635902405,0.32574066519737244,0.4169358015060425,-0.08153380453586578,0.4830336570739746,0.48003000020980835,0.011453289538621902,0.46511170268058777,0.3551486134529114,-0.0066282618790864944,0.4510287344455719,0.27822405099868774,-0.026064373552799225,0.4407414495944977,0.21342068910598755,-0.03896995633840561,0.5294122695922852,0.4900369942188263,-0.0050531006418168545,0.52901291847229,0.38113757967948914,-0.023320959880948067,0.5274562835693359,0.31179678440093994,-0.031810056418180466,0.5226508975028992,0.2499808967113495,-0.03575403615832329,0.5750268697738647,0.5257054567337036,-0.025899775326251984,0.588677704334259,0.44215214252471924,-0.035964496433734894,0.5980193614959717,0.3885805904865265,-0.032907821238040924,0.6029022932052612,0.3382091522216797,-0.029427040368318558
0.4986479878425598,0.7823318243026733,1.5396643959775247e-07,0.4302539527416229,0.718429446220398,-0.024104377254843712,0.38135355710983276,0.6219609975814819,-0.0381268672645092,0.3408694863319397,0.539540708065033,-0.055432889610528946,0.3169422149658203,0.4637031555175781,-0.07052235305309296,0.4425754249095917,0.5041172504425049,0.01791040413081646,0.3990553915500641,0.4290580451488495,-0.022519728168845177,0.35571685433387756,0.4134455919265747,-0.06134559214115143,0.32341110706329346,0.4178643822669983,-0.08213265985250473,0.4828575849533081,0.48075932264328003,0.011353423818945885,0.46511590480804443,0.3552998900413513,-0.006844906136393547,0.45108768343925476,0.2772233486175537,-0.026588428765535355,0.44063809514045715,0.21225273609161377,-0.03968018293380737,0.5297338962554932,0.49028873443603516,-0.00512288510799408,0.5296819806098938,0.3808172345161438,-0.0235378947108984,0.5283385515213013,0.31106036901474,-0.03236149996519089,0.5238307118415833,0.24927914142608643,-0.03643691539764404,0.5757766366004944,0.5258017182350159,-0.025974083691835403,0.5893400311470032,0.4422573447227478,-0.03603851795196533,0.5985742211341858,0.38884109258651733,-0.03305033966898918,0.603221595287323,0.33871594071388245,-0.029561106115579605
0.499494731426239,0.783394455909729,1.4796246716741734e-07,0.4307483434677124,0.7202109098434448,-0.02499154955148697,0.38168656826019287,0.6230164766311646,-0.039525795727968216,0.3413259983062744,0.5401001572608948,-0.05713459849357605,0.31656819581985474,0.46449756622314453,-0.07259083539247513,0.44324782490730286,0.5045475959777832,0.01622680574655533,0.3995237946510315,0.428683876991272,-0.02472865767776966,0.3558381199836731,0.41330569982528687,-0.06423838436603546,0.3233240246772766,0.41691091656684875,-0.08569232374429703,0.4837489128112793,0.48142629861831665,0.009840913116931915,0.4660162627696991,0.35596808791160583,-0.009293932467699051,0.4516562819480896,0.27743232250213623,-0.030311400070786476,0.4413091242313385,0.2119678258895874,-0.0445215106010437,0.530387282371521,0.49170705676078796,-0.006382710300385952,0.5300430059432983,0.38186168670654297,-0.025508863851428032,0.528732180595398,0.3125593960285187,-0.03531229496002197,0.5247246623039246,0.250823050737381,-0.04024549946188927,0.5761646628379822,0.5279151797294617,-0.0269934069365263,0.5894291400909424,0.44414737820625305,-0.03754163905978203,0.5985307097434998,0.3907508850097656,-0.03517412394285202,0.6031714677810669,0.3403940200805664,-0.032302580773830414
0.4991864860057831,0.7833564281463623,1.5062401814702753e-07,0.4305918216705322,0.719886302947998,-0.02515668049454689,0.38146427273750305,0.622636616230011,-0.040014855563640594,0.3411213755607605,0.5395591259002686,-0.05795901268720627,0.3165271282196045,0.46386751532554626,-0.07377880811691284,0.4428183436393738,0.5043548345565796,0.015424257144331932,0.39929401874542236,0.4282534122467041,-0.026158517226576805,0.3558557331562042,0.41291794180870056,-0.06598912924528122,0.3240257501602173,0.4168795645236969,-0.08755793422460556,0.4833548069000244,0.48129820823669434,0.009073181077837944,0.4656415581703186,0.356373131275177,-0.010471167042851448,0.45136356353759766,0.27775833010673523,-0.03155985474586487,0.44132694602012634,0.21197661757469177,-0.0458044596016407,0.5300310850143433,0.4915979206562042,-0.007130990270525217,0.5297507047653198,0.3821449875831604,-0.026380185037851334,0.528339684009552,0.31313544511795044,-0.03606031835079193,0.5243892669677734,0.2515607178211212,-0.04092784598469734,0.5757203102111816,0.5278785228729248,-0.027753101661801338,0.589188814163208,0.44447481632232666,-0.03838525712490082,0.5983684659004211,0.39111843705177307,-0.03603482246398926,0.6032524108886719,0.34073716402053833,-0.033161334693431854
0.49832242727279663,0.7838114500045776,1.3972797319183883e-07,0.4284992516040802,0.7195594310760498,-0.02391233667731285,0.3796660006046295,0.6220313310623169,-0.03793879598379135,0.33892831206321716,0.5393361449241638,-0.05543125420808792,0.3152083158493042,0.46363627910614014,-0.07075867056846619,0.44288596510887146,0.50502610206604,0.018097642809152603,0.4008524417877197,0.4281310439109802,-0.022430483251810074,0.3572617769241333,0.41380739212036133,-0.06146090477705002,0.324965238571167,0.419249564409256,-0.08236955106258392,0.48303478956222534,0.482696533203125,0.01153908297419548,0.4659101665019989,0.35767537355422974,-0.006447273772209883,0.4514907896518707,0.2792362570762634,-0.02612929977476597,0.4408268928527832,0.2134389579296112,-0.039399344474077225,0.5290273427963257,0.4930664300918579,-0.005021966062486172,0.5297606587409973,0.38341641426086426,-0.023129817098379135,0.52836012840271,0.3136855959892273,-0.032240889966487885,0.5235983729362488,0.2516840398311615,-0.03675583004951477,0.5741546750068665,0.5292371511459351,-0.025972645729780197,0.5887851119041443,0.4451447129249573,-0.0361890085041523,0.5978584885597229,0.3912648558616638,-0.03389933705329895,0.6021550297737122,0.34046369791030884,-0.031053626909852028
0.4988933503627777,0.7829915285110474,1.4331456554828037e-07,0.42895379662513733,0.7200268507003784,-0.02407968044281006,0.37976083159446716,0.6224542856216431,-0.03842821717262268,0.33853858709335327,0.5388544797897339,-0.05612650141119957,0.3144087791442871,0.4632338285446167,-0.07162032276391983,0.44175222516059875,0.5051027536392212,0.016803044825792313,0.3996882438659668,0.4277991056442261,-0.024194153025746346,0.355884850025177,0.4122636318206787,-0.06324903666973114,0.32357057929039,0.41719794273376465,-0.08395645022392273,0.48213666677474976,0.48219120502471924,0.010473605245351791,0.46543389558792114,0.357383668422699,-0.007400942966341972,0.45110225677490234,0.27919822931289673,-0.026224423199892044,0.440279483795166,0.21367469429969788,-0.038686513900756836,0.5285502672195435,0.49215367436408997,-0.005804968997836113,0.5289913415908813,0.3832859396934509,-0.023311829194426537,0.5273933410644531,0.3134123682975769,-0.031174413859844208,0.5225448608398438,0.2512097954750061,-0.03475657105445862,0.5736235976219177,0.528016984462738,-0.02654634416103363,0.5881127119064331,0.4444642663002014,-0.036097172647714615,0.5973644852638245,0.39066416025161743,-0.0329183004796505,0.6021837592124939,0.3401836156845093,-0.02929268218576908
0.49495217204093933,0.7847498059272766,1.5216046733712574e-07,0.4268839657306671,0.7204976081848145,-0.02297898568212986,0.37844136357307434,0.6246463656425476,-0.03729056939482689,0.3378266394138336,0.541881263256073,-0.05507316067814827,0.3149547576904297,0.4644472897052765,-0.0706247016787529,0.4415319859981537,0.5059000849723816,0.018447164446115494,0.3995431065559387,0.4294823408126831,-0.021780455484986305,0.35649174451828003,0.4145319163799286,-0.060329411178827286,0.3244953453540802,0.41986238956451416,-0.08090347796678543,0.48150283098220825,0.48360350728034973,0.01112211775034666,0.46448376774787903,0.35686925053596497,-0.00659839017316699,0.4504290521144867,0.27870362997055054,-0.025647150352597237,0.43949154019355774,0.21365097165107727,-0.038359809666872025,0.5274705290794373,0.494072824716568,-0.006045251153409481,0.5288335084915161,0.384269118309021,-0.02378588169813156,0.5279611945152283,0.3145710825920105,-0.031715162098407745,0.5232670307159424,0.2522062659263611,-0.035457298159599304,0.5723420977592468,0.5306078195571899,-0.027498817071318626,0.5864925384521484,0.4470269978046417,-0.036861564964056015,0.5962518453598022,0.3937101662158966,-0.033152248710393906,0.6013178825378418,0.34329819679260254,-0.02936551719903946
0.4949897527694702,0.7880949974060059,1.4404244552679302e-07,0.42426633834838867,0.7240748405456543,-0.02351560816168785,0.37552982568740845,0.6282254457473755,-0.03796553611755371,0.33511224389076233,0.5445826649665833,-0.056288909167051315,0.31191450357437134,0.4665933847427368,-0.07248644530773163,0.4390256404876709,0.509823739528656,0.02148689143359661,0.39662402868270874,0.43551522493362427,-0.01962120458483696,0.352781742811203,0.4205891191959381,-0.05950232222676277,0.3192403018474579,0.42540276050567627,-0.0807889923453331,0.47960007190704346,0.4868919253349304,0.01423376239836216,0.4622863531112671,0.3608207106590271,-0.004044981207698584,0.44801557064056396,0.28247225284576416,-0.023730512708425522,0.4372531473636627,0.2164439857006073,-0.036608465015888214,0.5260633826255798,0.49740615487098694,-0.0033164832275360823,0.5276442766189575,0.3867621123790741,-0.021893775090575218,0.5267325639724731,0.3173831105232239,-0.029783952981233597,0.5221826434135437,0.25516507029533386,-0.03294743597507477,0.5712652206420898,0.5342875719070435,-0.025284795090556145,0.5855730772018433,0.44876009225845337,-0.03512582555413246,0.5951301455497742,0.3948255181312561,-0.03112831898033619,0.600385844707489,0.34378305077552795,-0.026765670627355576
0.4950543940067291,0.7881259918212891,1.597834540234544e-07,0.42473116517066956,0.7251233458518982,-0.023934900760650635,0.3758634030818939,0.6284534931182861,-0.03844562545418739,0.3348802924156189,0.5443187355995178,-0.05654597282409668,0.3117678165435791,0.4677812457084656,-0.07245609909296036,0.4395183026790619,0.5096509456634521,0.01912354677915573,0.39803755283355713,0.43335407972335815,-0.022201471030712128,0.3545871376991272,0.41799452900886536,-0.061652373522520065,0.32204505801200867,0.42338883876800537,-0.08249592781066895,0.4798126816749573,0.4866979122161865,0.012321026995778084,0.46314355731010437,0.35935574769973755,-0.005890411790460348,0.4490175247192383,0.28127267956733704,-0.024888714775443077,0.4380832612514496,0.21534273028373718,-0.0371166467666626,0.5265502333641052,0.49692267179489136,-0.004638273268938065,0.5270836353302002,0.3878403604030609,-0.02264709770679474,0.5255632996559143,0.31819283962249756,-0.029992833733558655,0.5205187797546387,0.25540995597839355,-0.032822135835886,0.5717234015464783,0.5333516597747803,-0.026085974648594856,0.5856190323829651,0.4488019049167633,-0.03534941375255585,0.5952634811401367,0.3949665427207947,-0.031037595123052597,0.6007422804832458,0.34390535950660706,-0.026457488536834717
0.4950762391090393,0.7882713079452515,1.4699102734994085e-07,0.4253701865673065,0.7261306047439575,-0.024634037166833878,0.376679003238678,0.6307826042175293,-0.03963032364845276,0.33583399653434753,0.5469012260437012,-0.05795062333345413,0.3130129277706146,0.469887375831604,-0.07402874529361725,0.4392673969268799,0.5100716948509216,0.018280040472745895,0.39668816328048706,0.4340663552284241,-0.022944251075387,0.3528461456298828,0.4197099804878235,-0.06284551322460175,0.3206664025783539,0.42538201808929443,-0.08423755317926407,0.47950083017349243,0.48721200227737427,0.0119455112144351,0.46245092153549194,0.35985732078552246,-0.00596477510407567,0.44819176197052,0.28181761503219604,-0.025411315262317657,0.4374876320362091,0.21650832891464233,-0.038421932607889175,0.5260646343231201,0.4974772334098816,-0.004531661048531532,0.5266435742378235,0.38676196336746216,-0.022237170487642288,0.5253275632858276,0.3176894783973694,-0.03017965704202652,0.5206081867218018,0.2559146583080292,-0.033840812742710114,0.5715163350105286,0.5341038703918457,-0.025517867878079414,0.5849032402038574,0.4490455985069275,-0.034776002168655396,0.594365656375885,0.39563214778900146,-0.030952494591474533,0.59950190782547,0.3450491726398468,-0.02700980193912983
0.49477848410606384,0.7881139516830444,1.485589251615238e-07,0.4252398610115051,0.7262772917747498,-0.024646678939461708,0.3766241669654846,0.630912184715271,-0.039691418409347534,0.3358268737792969,0.5471153855323792,-0.058045629411935806,0.3133738040924072,0.4700373709201813,-0.07415175437927246,0.4391583800315857,0.509678304195404,0.018065446987748146,0.39669448137283325,0.4337154030799866,-0.02334231697022915,0.3531109094619751,0.4190931022167206,-0.06331542879343033,0.3211495876312256,0.4246181845664978,-0.08471447974443436,0.47944796085357666,0.4868738055229187,0.011696381494402885,0.4624446630477905,0.3596172332763672,-0.006287137977778912,0.448192834854126,0.2817234992980957,-0.02566828764975071,0.43736931681632996,0.21654781699180603,-0.03858843073248863,0.5260748863220215,0.49718308448791504,-0.0048299552872776985,0.5268138647079468,0.3867610991001129,-0.0225874874740839,0.5254534482955933,0.317647784948349,-0.030485238879919052,0.5205732583999634,0.25573816895484924,-0.03409413993358612,0.5714737176895142,0.533957302570343,-0.025872116908431053,0.5849533677101135,0.4490242004394531,-0.03516377508640289,0.5944611430168152,0.39572781324386597,-0.03135251626372337,0.5995410680770874,0.34516265988349915,-0.027401447296142578
0.4948621988296509,0.7870522737503052,1.554872142150998e-07,0.42550569772720337,0.7264178395271301,-0.02599494904279709,0.3770177364349365,0.6309688687324524,-0.041043058037757874,0.33687299489974976,0.546137809753418,-0.058936167508363724,0.3126085698604584,0.4696504771709442,-0.07452811300754547,0.4389188587665558,0.5118407607078552,0.015944579616189003,0.39658015966415405,0.4356437921524048,-0.024539198726415634,0.35336798429489136,0.4185442328453064,-0.06323575973510742,0.3208659887313843,0.4219309091567993,-0.0839894637465477,0.4798642098903656,0.48752862215042114,0.010166970081627369,0.4631836712360382,0.35989224910736084,-0.0078082396648824215,0.4497745633125305,0.2824200391769409,-0.026722731068730354,0.4395696818828583,0.21758538484573364,-0.03925227001309395,0.5266656279563904,0.49727118015289307,-0.005655455403029919,0.5274460911750793,0.38768261671066284,-0.024221627041697502,0.5264555215835571,0.3177884817123413,-0.03244176506996155,0.521488606929779,0.2550910711288452,-0.036183737218379974,0.5726621150970459,0.5336629748344421,-0.02595329098403454,0.5870766043663025,0.4492597281932831,-0.03591494262218475,0.5969079732894897,0.3955810070037842,-0.03244785591959953,0.6014018058776855,0.34510037302970886,-0.028805049136281013
0.4945192337036133,0.7873886823654175,1.479830871176091e-07,0.4256861209869385,0.7257829904556274,-0.026064224541187286,0.3773796558380127,0.6305163502693176,-0.04155365005135536,0.33781445026397705,0.545981228351593,-0.05989250913262367,0.31439459323883057,0.4684761166572571,-0.07587502896785736,0.43973347544670105,0.5113359689712524,0.015062232501804829,0.3978337049484253,0.43464696407318115,-0.02588551864027977,0.3545673191547394,0.41860830783843994,-0.06466088443994522,0.32175078988075256,0.4234255254268646,-0.08534152805805206,0.48073944449424744,0.487796813249588,0.009150668978691101,0.4640742838382721,0.36036965250968933,-0.009102724492549896,0.4501289427280426,0.282731831073761,-0.028108160942792892,0.4393664300441742,0.21807599067687988,-0.04074884578585625,0.5274213552474976,0.4978359341621399,-0.006752044428139925,0.5281073451042175,0.38786524534225464,-0.025191299617290497,0.527263879776001,0.31837284564971924,-0.03307616710662842,0.5225335359573364,0.2561413049697876,-0.036688610911369324,0.5732616782188416,0.5343491435050964,-0.02715976908802986,0.587139368057251,0.4500562250614166,-0.03709997236728668,0.5966898202896118,0.3968017101287842,-0.03344416990876198,0.6010906100273132,0.34700632095336914,-0.02963864617049694
0.4941966235637665,0.7909419536590576,1.522481198890091e-07,0.4246561527252197,0.7280181050300598,-0.023923726752400398,0.37681102752685547,0.6286734342575073,-0.03768668696284294,0.33669155836105347,0.5437978506088257,-0.054863255470991135,0.3126637935638428,0.4664754569530487,-0.06982829421758652,0.4412061870098114,0.5095769166946411,0.020365167409181595,0.39896440505981445,0.43302568793296814,-0.018674608319997787,0.35516613721847534,0.4176027178764343,-0.05699721723794937,0.32197654247283936,0.4220956861972809,-0.0776902511715889,0.48152345418930054,0.48733052611351013,0.013475051149725914,0.46465975046157837,0.3598952889442444,-0.0032355498988181353,0.45096924901008606,0.2815360426902771,-0.02271817810833454,0.4411205053329468,0.21593749523162842,-0.03591272979974747,0.5277501940727234,0.4985430836677551,-0.003460436128079891,0.5280587077140808,0.3874250650405884,-0.020960085093975067,0.5269981026649475,0.3169947862625122,-0.030103564262390137,0.5228619575500488,0.25409644842147827,-0.034829031676054,0.5729248523712158,0.5355913043022156,-0.024777276441454887,0.58702552318573,0.45136746764183044,-0.0346168614923954,0.59709632396698,0.3978193998336792,-0.03197857737541199,0.6029534935951233,0.34709256887435913,-0.02902471274137497
0.4942046105861664,0.791869580745697,1.475722513077926e-07,0.4246658980846405,0.7290839552879333,-0.02534439042210579,0.3765600323677063,0.6298472881317139,-0.040213849395513535,0.3361726701259613,0.5445597171783447,-0.05832800641655922,0.31190842390060425,0.46725767850875854,-0.07415910065174103,0.4407614469528198,0.5098113417625427,0.017972668632864952,0.39885562658309937,0.4323481321334839,-0.02274089679121971,0.3550153970718384,0.4168109893798828,-0.062014732509851456,0.32248571515083313,0.4217582941055298,-0.08307833969593048,0.48122745752334595,0.48746585845947266,0.01174928992986679,0.4645473062992096,0.36030781269073486,-0.00585892703384161,0.45065030455589294,0.2820127010345459,-0.025207189843058586,0.44077005982398987,0.2166585922241211,-0.03819477558135986,0.5275825262069702,0.4988033175468445,-0.004689245484769344,0.5282946825027466,0.3875545263290405,-0.02260967157781124,0.527316153049469,0.3176308870315552,-0.03109576925635338,0.5232685804367065,0.2554285228252411,-0.035241324454545975,0.5728809833526611,0.5362557172775269,-0.02569698356091976,0.5873340368270874,0.4521441161632538,-0.0358680821955204,0.5970324277877808,0.39830470085144043,-0.033164121210575104,0.6023509502410889,0.3470422625541687,-0.029986165463924408
0.4939935505390167,0.7920973300933838,1.448738373710512e-07,0.424602746963501,0.7289838790893555,-0.02481960877776146,0.3763142228126526,0.6293052434921265,-0.039351969957351685,0.335905522108078,0.5443800687789917,-0.05714220926165581,0.3117196559906006,0.46772828698158264,-0.07269002497196198,0.44069230556488037,0.5098016858100891,0.017846308648586273,0.3989618718624115,0.43214744329452515,-0.02250545658171177,0.3551286458969116,0.41655415296554565,-0.061514899134635925,0.3225943446159363,0.4213935434818268,-0.08249039947986603,0.4810594320297241,0.48771366477012634,0.011409982107579708,0.4643811285495758,0.36052095890045166,-0.006016782950609922,0.4504973888397217,0.28206098079681396,-0.025353627279400826,0.44071248173713684,0.21660491824150085,-0.03843996301293373,0.5272681713104248,0.4991503953933716,-0.005126833915710449,0.5281454920768738,0.38760727643966675,-0.02286374755203724,0.5271376371383667,0.3173210322856903,-0.03159094974398613,0.5231648087501526,0.25481361150741577,-0.036060355603694916,0.5724838972091675,0.53656005859375,-0.026159537956118584,0.587183952331543,0.45257464051246643,-0.03627815470099449,0.5969706773757935,0.39850229024887085,-0.033788811415433884,0.6023381948471069,0.34690558910369873,-0.030893877148628235
0.4898470640182495,0.7874961495399475,1.4647045532001357e-07,0.42290496826171875,0.7217286229133606,-0.02557012438774109,0.3752782642841339,0.6239273548126221,-0.041627999395132065,0.3350587487220764,0.5396244525909424,-0.06071525812149048,0.3102816343307495,0.4625996947288513,-0.07774633914232254,0.44009923934936523,0.5062450170516968,0.013394069857895374,0.39854592084884644,0.42775827646255493,-0.029616709798574448,0.35387516021728516,0.41123709082603455,-0.07022880017757416,0.320171982049942,0.4149765074253082,-0.09201706945896149,0.48038193583488464,0.48582473397254944,0.007184045854955912,0.46434396505355835,0.35933148860931396,-0.01235799677670002,0.4510989189147949,0.2805989682674408,-0.03239022567868233,0.4410593509674072,0.21390587091445923,-0.045929308980703354,0.5262378454208374,0.4983045160770416,-0.009038172662258148,0.5278878211975098,0.3879215121269226,-0.02822856605052948,0.5272457003593445,0.31765803694725037,-0.03701326623558998,0.5233378410339355,0.2541368007659912,-0.04135138913989067,0.5708363056182861,0.5363277196884155,-0.02974480390548706,0.5857694745063782,0.4521101117134094,-0.04072868451476097,0.5962038040161133,0.3975256681442261,-0.03837159648537636,0.6021062135696411,0.3452281653881073,-0.035509392619132996
0.49049311876296997,0.7862753868103027,1.4102066359100718e-07,0.4227880537509918,0.7217972874641418,-0.02585015818476677,0.37466728687286377,0.6235635280609131,-0.04152418300509453,0.3346098065376282,0.539282500743866,-0.06015239655971527,0.3120150566101074,0.46156689524650574,-0.07663308829069138,0.43880876898765564,0.5063773989677429,0.013910903595387936,0.39656952023506165,0.4291856288909912,-0.028625840321183205,0.3531412184238434,0.4124205708503723,-0.06894232332706451,0.320659875869751,0.41549620032310486,-0.09068294614553452,0.4796994626522064,0.4848482310771942,0.0076628029346466064,0.46337664127349854,0.3585525453090668,-0.011951033025979996,0.4506032168865204,0.28000006079673767,-0.03243477642536163,0.44140347838401794,0.21416684985160828,-0.04619196429848671,0.5259796380996704,0.4966771602630615,-0.008560306392610073,0.5267142057418823,0.38705843687057495,-0.027980560436844826,0.526102602481842,0.3175174593925476,-0.03714555874466896,0.5225071907043457,0.2548558712005615,-0.04162215813994408,0.5706015825271606,0.5346888899803162,-0.029270902276039124,0.5846436023712158,0.45085835456848145,-0.04045645892620087,0.5948575139045715,0.3969993591308594,-0.038132380694150925,0.6007659435272217,0.34552496671676636,-0.035165056586265564
0.48972785472869873,0.781893253326416,1.549962433955443e-07,0.4230111241340637,0.7175855040550232,-0.025509459897875786,0.3752747178077698,0.6192096471786499,-0.04065949469804764,0.3338322043418884,0.535638153553009,-0.05885423719882965,0.30940794944763184,0.4597984552383423,-0.07488886266946793,0.4395439028739929,0.5023516416549683,0.015400046482682228,0.39702993631362915,0.42512744665145874,-0.027214283123612404,0.3521426022052765,0.4078673720359802,-0.06749193370342255,0.31873607635498047,0.4117431640625,-0.08893772214651108,0.4793170094490051,0.48090851306915283,0.009508348070085049,0.4628770351409912,0.35484740138053894,-0.009923907928168774,0.4500792920589447,0.2768605053424835,-0.02938910387456417,0.4405165910720825,0.2111615538597107,-0.04204590246081352,0.5251452922821045,0.4924998879432678,-0.00657334178686142,0.5274335145950317,0.384086012840271,-0.025749219581484795,0.5272432565689087,0.31426382064819336,-0.03401632606983185,0.5236669182777405,0.25130900740623474,-0.037491098046302795,0.5689517259597778,0.5296691656112671,-0.027185115963220596,0.5840212106704712,0.44752079248428345,-0.03764774277806282,0.5949270129203796,0.3943125903606415,-0.03452436625957489,0.6013021469116211,0.3435000777244568,-0.03082706220448017
0.4922247529029846,0.7811893224716187,1.7088756010252837e-07,0.4244133234024048,0.7142130732536316,-0.025731120258569717,0.3758735954761505,0.6187393665313721,-0.041087806224823,0.33543434739112854,0.5344042778015137,-0.059649672359228134,0.3113110363483429,0.45741838216781616,-0.07609833031892776,0.4388531744480133,0.5048981308937073,0.016831081360578537,0.39630916714668274,0.42890140414237976,-0.02517031319439411,0.3528674840927124,0.40872013568878174,-0.06508888304233551,0.31954413652420044,0.4091359078884125,-0.08642406016588211,0.47983115911483765,0.48110049962997437,0.010854429565370083,0.4641835391521454,0.35504746437072754,-0.008612706325948238,0.45176368951797485,0.27752283215522766,-0.028417449444532394,0.4422544538974762,0.21187347173690796,-0.041103169322013855,0.5265666842460632,0.4913173019886017,-0.0052745407447218895,0.5279801487922668,0.3834736943244934,-0.024637635797262192,0.5277712941169739,0.313989520072937,-0.03269318863749504,0.5235143303871155,0.25153806805610657,-0.03578405827283859,0.5714050531387329,0.5280507802963257,-0.02594154141843319,0.5864194631576538,0.4452478885650635,-0.03593786805868149,0.5965884327888489,0.391676127910614,-0.03202573582530022,0.6017780303955078,0.3413413166999817,-0.027658304199576378
0.492911159992218,0.7807490229606628,1.6124319301979995e-07,0.4253291189670563,0.7147948741912842,-0.02401663176715374,0.3765051066875458,0.6188567280769348,-0.03815996274352074,0.3363074064254761,0.5346599221229553,-0.055570706725120544,0.31340891122817993,0.4578230082988739,-0.070853091776371,0.43836379051208496,0.5050678849220276,0.017539095133543015,0.396247923374176,0.4288663864135742,-0.023024337366223335,0.35317865014076233,0.40997248888015747,-0.061600398272275925,0.32033032178878784,0.411304235458374,-0.08214597404003143,0.47939473390579224,0.48105889558792114,0.011065666563808918,0.46384397149086,0.3551632761955261,-0.007605651393532753,0.4513700604438782,0.2772781550884247,-0.026946835219860077,0.4419122338294983,0.2119305431842804,-0.03945717588067055,0.5260114669799805,0.4908917546272278,-0.005231827963143587,0.527902364730835,0.38343745470046997,-0.023975640535354614,0.5279149413108826,0.3140057325363159,-0.03220519796013832,0.52403724193573,0.2518003582954407,-0.03560831770300865,0.5708953738212585,0.5271158218383789,-0.02582089602947235,0.5860863327980042,0.4450030028820038,-0.03547874093055725,0.5963577628135681,0.39216095209121704,-0.031674183905124664,0.6019144058227539,0.34267958998680115,-0.027513762935996056
0.49396100640296936,0.7839417457580566,1.495303649790003e-07,0.4254157245159149,0.7181838750839233,-0.023852113634347916,0.3769396245479584,0.6218709349632263,-0.03820876404643059,0.3372432291507721,0.5385825037956238,-0.055721282958984375,0.31428492069244385,0.46166738867759705,-0.07121310383081436,0.44000303745269775,0.5057284235954285,0.01595507748425007,0.3973275423049927,0.4305564761161804,-0.024380769580602646,0.3543769419193268,0.41307222843170166,-0.06303244829177856,0.32121336460113525,0.41525357961654663,-0.08394751697778702,0.48127683997154236,0.48258620500564575,0.008973113261163235,0.4647063910961151,0.3555639684200287,-0.01024648081511259,0.4518251121044159,0.27756041288375854,-0.03037085384130478,0.44176509976387024,0.21217408776283264,-0.043678902089595795,0.5283334255218506,0.49281153082847595,-0.007598435040563345,0.528914213180542,0.3826347887516022,-0.02701074443757534,0.5280879735946655,0.31328335404396057,-0.0359615758061409,0.5232840180397034,0.25136688351631165,-0.04001807048916817,0.5740760564804077,0.5293039083480835,-0.02834543213248253,0.5879139304161072,0.4435765743255615,-0.03850780799984932,0.5978554487228394,0.389721155166626,-0.03501557186245918,0.6025019884109497,0.3400112986564636,-0.031266290694475174
0.4926709234714508,0.785447895526886,1.5056055246986944e-07,0.425324022769928,0.7199476957321167,-0.024946803227066994,0.37735021114349365,0.6224287152290344,-0.040041327476501465,0.3380027413368225,0.539192795753479,-0.05817660689353943,0.31459933519363403,0.46268606185913086,-0.07429198920726776,0.4404433071613312,0.5038065314292908,0.01515557337552309,0.3982631266117096,0.42869579792022705,-0.02556915394961834,0.3555070757865906,0.41229379177093506,-0.06487791240215302,0.32333263754844666,0.41507354378700256,-0.08638729155063629,0.4815916419029236,0.4821459650993347,0.008342628367245197,0.46505022048950195,0.3560678958892822,-0.011108161881566048,0.45177769660949707,0.2775481045246124,-0.03242792934179306,0.4420856237411499,0.2118815779685974,-0.04703504219651222,0.5282105803489685,0.4934406578540802,-0.008177608251571655,0.529491126537323,0.3833980858325958,-0.027770113199949265,0.5288599133491516,0.31443408131599426,-0.03804916888475418,0.524903416633606,0.2532091438770294,-0.0434378907084465,0.5734826326370239,0.5307732224464417,-0.028986740857362747,0.5877394080162048,0.44594764709472656,-0.039881378412246704,0.5977230668067932,0.39195674657821655,-0.03778401389718056,0.602580726146698,0.3414067029953003,-0.035284142941236496
0.4980723261833191,0.7898571491241455,1.6743467767810216e-07,0.4278465509414673,0.725142240524292,-0.02430128864943981,0.37884312868118286,0.6278693675994873,-0.03908359631896019,0.3391042947769165,0.542577862739563,-0.057351719588041306,0.31448525190353394,0.46470004320144653,-0.07348423451185226,0.44059205055236816,0.5090230703353882,0.01900339685380459,0.39639192819595337,0.4338538944721222,-0.02136158011853695,0.35430681705474854,0.4167858958244324,-0.06023860350251198,0.3227030634880066,0.4199288785457611,-0.08123816549777985,0.4818914830684662,0.48551154136657715,0.011725151911377907,0.46504077315330505,0.3571814298629761,-0.007618190720677376,0.45157989859580994,0.27865856885910034,-0.028520425781607628,0.44186466932296753,0.2129080891609192,-0.04229021444916725,0.5284755229949951,0.49587482213974,-0.005491802003234625,0.5296519994735718,0.38461989164352417,-0.0252984669059515,0.5287907123565674,0.3141348361968994,-0.03515670448541641,0.5245826840400696,0.25164633989334106,-0.03983927518129349,0.5738273859024048,0.5333029627799988,-0.02695721574127674,0.5885968804359436,0.44812673330307007,-0.03760300204157829,0.598562479019165,0.3936524987220764,-0.034869737923145294,0.6036096811294556,0.3427034616470337,-0.03165721148252487
0.49672171473503113,0.7913762331008911,1.6623913268176693e-07,0.42715656757354736,0.7259786128997803,-0.02381410449743271,0.3785005509853363,0.6271724104881287,-0.03783392533659935,0.3383217453956604,0.5422582626342773,-0.055250197649002075,0.31385618448257446,0.4654812812805176,-0.07041236013174057,0.44118016958236694,0.5081925988197327,0.019232193008065224,0.39935094118118286,0.430762380361557,-0.020442651584744453,0.3564320504665375,0.4133765399456024,-0.05874387547373772,0.32423901557922363,0.4167557954788208,-0.0793675035238266,0.48194053769111633,0.4854418635368347,0.012378680519759655,0.46561485528945923,0.3580526113510132,-0.005358670838177204,0.45214295387268066,0.2792334258556366,-0.024840276688337326,0.4420473277568817,0.21336352825164795,-0.03791727498173714,0.5283548831939697,0.4959050118923187,-0.004453855566680431,0.5300748348236084,0.3846961557865143,-0.022767405956983566,0.5293681025505066,0.31379032135009766,-0.031726621091365814,0.5248558521270752,0.2508127987384796,-0.0362023301422596,0.5739960074424744,0.5325828790664673,-0.025609776377677917,0.5892950296401978,0.4487302601337433,-0.035823315382003784,0.5990681052207947,0.3943805992603302,-0.033235132694244385,0.6037936806678772,0.34309694170951843,-0.030295249074697495
0.4971764385700226,0.7913808822631836,1.63898164373677e-07,0.42822012305259705,0.7267202138900757,-0.024967961013317108,0.37947067618370056,0.6280349493026733,-0.03997131064534187,0.33873826265335083,0.5430872440338135,-0.0582076832652092,0.3139922022819519,0.46613380312919617,-0.07415465265512466,0.44168969988822937,0.50807124376297,0.017345013096928596,0.3995923697948456,0.43060851097106934,-0.02371794544160366,0.3563268482685089,0.4135974943637848,-0.06311208009719849,0.324221134185791,0.4172186255455017,-0.08430599421262741,0.48244690895080566,0.48539865016937256,0.010944856330752373,0.4662776291370392,0.35854750871658325,-0.00730536924675107,0.4526999592781067,0.27968087792396545,-0.027138488367199898,0.44250795245170593,0.21365231275558472,-0.040541477501392365,0.5288957953453064,0.4959104657173157,-0.005532845389097929,0.530625581741333,0.3851199746131897,-0.02378193475306034,0.5299680829048157,0.3146779537200928,-0.03257731720805168,0.5255605578422546,0.25210636854171753,-0.03701827675104141,0.5742942094802856,0.5326892733573914,-0.026498181745409966,0.5895931720733643,0.44888585805892944,-0.03649984300136566,0.5994297862052917,0.39455848932266235,-0.03379497304558754,0.6042537689208984,0.343220055103302,-0.030777614563703537
