0.5829496383666992,0.696772575378418,-8.864702181199391e-07,0.5575729608535767,0.5385844707489014,-0.01960109733045101,0.5511560440063477,0.38289937376976013,-0.04026693105697632,0.5504460334777832,0.27258366346359253,-0.05999135226011276,0.5548543930053711,0.1700662225484848,-0.07886678725481033,0.6575213670730591,0.3721370995044708,-0.06576058268547058,0.5209463834762573,0.3369719386100769,-0.11096744239330292,0.5084116458892822,0.40906986594200134,-0.13054698705673218,0.5442683100700378,0.4342585504055023,-0.1406434327363968,0.669912576675415,0.4690648317337036,-0.07892933487892151,0.509024977684021,0.4399389922618866,-0.11967918276786804,0.517629861831665,0.49092674255371094,-0.11996616423130035,0.5619074702262878,0.5079615116119385,-0.12069510668516159,0.6670418977737427,0.5678334832191467,-0.09385567903518677,0.5129170417785645,0.5390187501907349,-0.13266617059707642,0.5257054567337036,0.5787618160247803,-0.11438319087028503,0.5702347159385681,0.58892822265625,-0.1003221869468689,0.6549712419509888,0.6615132093429565,-0.10964401066303253,0.5330209136009216,0.630483865737915,-0.1388060301542282,0.5488535761833191,0.6531603932380676,-0.1272185742855072,0.5965815186500549,0.6646192073822021,-0.11477701365947723
0.5784139037132263,0.6955404877662659,-5.564285743275832e-07,0.5492526292800903,0.5291560292243958,-0.03860826790332794,0.5487436652183533,0.3709958791732788,-0.06210295855998993,0.5511798858642578,0.25966018438339233,-0.07882782071828842,0.5585104823112488,0.15599459409713745,-0.0904647558927536,0.6683212518692017,0.377062052488327,-0.0627390518784523,0.5288267731666565,0.35839587450027466,-0.10468444228172302,0.5180737972259521,0.39040106534957886,-0.1264307200908661,0.5497317910194397,0.39680859446525574,-0.13935978710651398,0.6808353662490845,0.47121840715408325,-0.06577230244874954,0.5059613585472107,0.44450265169143677,-0.10378877073526382,0.5148385167121887,0.47048288583755493,-0.1119801476597786,0.5532185435295105,0.4739839434623718,-0.11882133036851883,0.6729610562324524,0.5707715749740601,-0.07287196815013885,0.50555819272995,0.5414542555809021,-0.1109386458992958,0.525201678276062,0.5677332878112793,-0.10147451609373093,0.5683271884918213,0.5794567465782166,-0.09236721694469452,0.6523773074150085,0.6644689440727234,-0.08309096843004227,0.5225149989128113,0.6328036785125732,-0.11419770121574402,0.5384491682052612,0.6424257755279541,-0.11199263483285904,0.5850529074668884,0.6471048593521118,-0.10580854117870331
0.5610834360122681,0.6701239943504333,-5.695040385944594e-07,0.5409107804298401,0.5056143403053284,-0.0447072871029377,0.5471057295799255,0.3502836227416992,-0.0699489414691925,0.5544565320014954,0.23540367186069489,-0.08730737119913101,0.5589335560798645,0.1334323287010193,-0.09802703559398651,0.65903639793396,0.3659188151359558,-0.06621421128511429,0.5095846056938171,0.3270890712738037,-0.11020833998918533,0.4981765151023865,0.38107141852378845,-0.13034996390342712,0.5372910499572754,0.40473559498786926,-0.14197216928005219,0.6725170016288757,0.45872482657432556,-0.06600111722946167,0.48976096510887146,0.41595831513404846,-0.10589969903230667,0.4973607063293457,0.45860379934310913,-0.11225859075784683,0.540115475654602,0.47172877192497253,-0.11748256534337997,0.6624905467033386,0.5563686490058899,-0.07081234455108643,0.4931011497974396,0.5131924748420715,-0.10861442983150482,0.5099593997001648,0.5438387989997864,-0.09686178714036942,0.5532320141792297,0.5582729578018188,-0.08679947257041931,0.6402972936630249,0.6478286981582642,-0.07954604923725128,0.5110456943511963,0.6008455753326416,-0.10933942347764969,0.5237197279930115,0.6114753484725952,-0.10601183027029037,0.5675837993621826,0.6210437417030334,-0.09917161613702774
0.5584086179733276,0.6727672815322876,-5.983210371596215e-07,0.5392772555351257,0.5086616277694702,-0.04778161272406578,0.5432118773460388,0.34633558988571167,-0.07283812016248703,0.5488705635070801,0.22823476791381836,-0.08921752125024796,0.5549643039703369,0.1303531527519226,-0.09799396991729736,0.6626708507537842,0.3715969920158386,-0.06375384330749512,0.5089290738105774,0.32969796657562256,-0.10782486945390701,0.49798986315727234,0.3819451928138733,-0.13029173016548157,0.5371673107147217,0.40549689531326294,-0.14343686401844025,0.6737288236618042,0.4616638720035553,-0.06157848611474037,0.48961156606674194,0.41907110810279846,-0.10019656270742416,0.5002974271774292,0.4587339162826538,-0.10776497423648834,0.5436800718307495,0.4715211093425751,-0.11400620639324188,0.6622644066810608,0.5575295090675354,-0.06516588479280472,0.49026161432266235,0.5172572731971741,-0.1017034575343132,0.5086212158203125,0.5456034541130066,-0.09203192591667175,0.5512486100196838,0.5602044463157654,-0.08309143781661987,0.6381567120552063,0.6480097770690918,-0.07340845465660095,0.5074838995933533,0.6015145182609558,-0.10317299515008926,0.5207776427268982,0.610215425491333,-0.10233594477176666,0.563446044921875,0.6195183396339417,-0.09706249833106995
0.5515632629394531,0.6635403633117676,-5.92253513787e-07,0.531580924987793,0.5022472739219666,-0.04577618092298508,0.5359396934509277,0.3411223292350769,-0.071144238114357,0.5425848364830017,0.22461454570293427,-0.0879039466381073,0.5494369268417358,0.1261650025844574,-0.09705200046300888,0.6509974002838135,0.3689374625682831,-0.06743210554122925,0.49717557430267334,0.32493922114372253,-0.11054196208715439,0.49118030071258545,0.37328213453292847,-0.1305401623249054,0.532496452331543,0.3940791189670563,-0.14189986884593964,0.6613297462463379,0.45823925733566284,-0.06660448014736176,0.47660374641418457,0.41553109884262085,-0.10450956970453262,0.49268069863319397,0.4531090557575226,-0.11078689992427826,0.5385701656341553,0.46386122703552246,-0.1163482666015625,0.6503288745880127,0.5537815093994141,-0.07089678198099136,0.47808924317359924,0.5118235349655151,-0.10567805171012878,0.5012322068214417,0.5402396321296692,-0.09515610337257385,0.545718789100647,0.5531209707260132,-0.08641758561134338,0.6276515126228333,0.6452890038490295,-0.07977662980556488,0.49643248319625854,0.599392831325531,-0.10914387553930283,0.5140760540962219,0.6066956520080566,-0.10893254727125168,0.5596243143081665,0.6123971343040466,-0.1045064777135849
0.5538398027420044,0.6675119996070862,-6.004578381180181e-07,0.5327104926109314,0.5040334463119507,-0.046615153551101685,0.5369980335235596,0.3407042920589447,-0.07237464189529419,0.5419923663139343,0.2234165519475937,-0.08924030512571335,0.5473186373710632,0.12392562627792358,-0.09869479387998581,0.6547337174415588,0.36847591400146484,-0.07066424190998077,0.49880319833755493,0.3247932195663452,-0.11567225307226181,0.4897196590900421,0.3743014335632324,-0.1374647617340088,0.5295003056526184,0.39570608735084534,-0.14993885159492493,0.6632269024848938,0.46073269844055176,-0.06971094757318497,0.4760056138038635,0.4164792597293854,-0.10936479270458221,0.49015796184539795,0.4540097117424011,-0.11620508879423141,0.5353624224662781,0.4662960469722748,-0.12207718193531036,0.6502280831336975,0.5580583810806274,-0.07393751293420792,0.4768807888031006,0.5153591632843018,-0.11057980358600616,0.49976521730422974,0.5432366132736206,-0.10027944296598434,0.5450047254562378,0.5575588941574097,-0.09122954308986664,0.6257782578468323,0.6503158211708069,-0.0825839638710022,0.49608176946640015,0.6019113659858704,-0.11294112354516983,0.5134750604629517,0.6094772219657898,-0.11228596419095993,0.5596027970314026,0.617034375667572,-0.10726552456617355
0.5398914217948914,0.6645662784576416,-5.945764769421658e-07,0.5211566686630249,0.5034546852111816,-0.04762774705886841,0.5256882905960083,0.34216830134391785,-0.07559353113174438,0.5313558578491211,0.22629590332508087,-0.09394393861293793,0.5426517128944397,0.1257634162902832,-0.10450562834739685,0.6456657648086548,0.37237316370010376,-0.07624698430299759,0.4852059483528137,0.3313208818435669,-0.12006385624408722,0.47754591703414917,0.3825395107269287,-0.13942639529705048,0.5201296806335449,0.40093696117401123,-0.1503840833902359,0.653096616268158,0.4636177122592926,-0.07486218959093094,0.464369535446167,0.41912841796875,-0.11266326159238815,0.4800202548503876,0.4566650688648224,-0.11813787370920181,0.5248294472694397,0.4669678509235382,-0.12423314154148102,0.6388412117958069,0.5595487952232361,-0.07806319743394852,0.4629128873348236,0.5157598853111267,-0.11200307309627533,0.4842950701713562,0.5432025194168091,-0.10009324550628662,0.5280166864395142,0.5562997460365295,-0.09163367003202438,0.6125316619873047,0.6500110030174255,-0.08574588596820831,0.4790782630443573,0.6011511087417603,-0.11487022787332535,0.4957415759563446,0.609653651714325,-0.11372077465057373,0.5413309931755066,0.6183983087539673,-0.1091880202293396
0.5407364964485168,0.6613169312477112,-5.884904794584145e-07,0.5244664549827576,0.5037599802017212,-0.045735061168670654,0.5285158157348633,0.3466058075428009,-0.07288726419210434,0.5325182676315308,0.23215657472610474,-0.09097716957330704,0.5419121384620667,0.13105347752571106,-0.10179699957370758,0.645452618598938,0.3746902048587799,-0.07344155013561249,0.4878431558609009,0.3285225033760071,-0.11812010407447815,0.47958627343177795,0.37973517179489136,-0.1396663635969162,0.5203098058700562,0.4034786522388458,-0.15197333693504333,0.6523178219795227,0.46656203269958496,-0.07265987992286682,0.46552371978759766,0.4191437065601349,-0.10938458144664764,0.479351282119751,0.45959725975990295,-0.11496378481388092,0.5228375196456909,0.4746527373790741,-0.12103163450956345,0.6372846961021423,0.5630956292152405,-0.07655461877584457,0.4635334312915802,0.5164482593536377,-0.10968034714460373,0.48298683762550354,0.5448203682899475,-0.097748763859272,0.5251485109329224,0.5597381591796875,-0.08913226425647736,0.6100843548774719,0.6544446349143982,-0.08486002683639526,0.47820600867271423,0.6044389605522156,-0.11354754120111465,0.4942983090877533,0.6134332418441772,-0.11176518350839615,0.5385130643844604,0.6236244440078735,-0.10663767904043198
0.5402640700340271,0.6486664414405823,-5.129826377014979e-07,0.5213223099708557,0.49274131655693054,-0.04563290253281593,0.5256467461585999,0.3423575162887573,-0.07639002799987793,0.5311737060546875,0.23396284878253937,-0.09816332906484604,0.5450282096862793,0.13398033380508423,-0.11446933448314667,0.6422321200370789,0.38642096519470215,-0.08163578808307648,0.48206907510757446,0.3429841995239258,-0.12389448285102844,0.4745187759399414,0.38465356826782227,-0.1450718343257904,0.5162270069122314,0.40152987837791443,-0.15829497575759888,0.6427775621414185,0.48172271251678467,-0.08221444487571716,0.4584052860736847,0.4291648268699646,-0.11565565317869186,0.47274214029312134,0.4600544571876526,-0.1212090402841568,0.5156051516532898,0.4735361337661743,-0.12973472476005554,0.6230258345603943,0.5786048173904419,-0.0862073227763176,0.4517086148262024,0.5263424515724182,-0.11421678960323334,0.4719356894493103,0.5490339398384094,-0.10024388879537582,0.5142584443092346,0.565468966960907,-0.09327561408281326,0.5928295254707336,0.6681907176971436,-0.09473554790019989,0.46305376291275024,0.6150558590888977,-0.12018770724534988,0.4811844825744629,0.6235591173171997,-0.11586832255125046,0.527459979057312,0.6366277933120728,-0.11092650145292282
0.5449275374412537,0.6511239409446716,-5.036441734773689e-07,0.5295801162719727,0.4946577548980713,-0.04816107451915741,0.5299577713012695,0.3410886526107788,-0.07577753812074661,0.5327216982841492,0.22908489406108856,-0.09457650780677795,0.5464758276939392,0.13029003143310547,-0.10695166140794754,0.6402955055236816,0.3891635239124298,-0.06850233674049377,0.480804979801178,0.33825457096099854,-0.11129873991012573,0.47476619482040405,0.3814016282558441,-0.1347423642873764,0.5159353017807007,0.4022870659828186,-0.1486341506242752,0.6404854655265808,0.4844634532928467,-0.06635924428701401,0.45715588331222534,0.4294772446155548,-0.10108616948127747,0.47443220019340515,0.4624565839767456,-0.10924103111028671,0.5191196203231812,0.47577521204948425,-0.11797083914279938,0.6212643384933472,0.5795595049858093,-0.06926622986793518,0.45120835304260254,0.5280769467353821,-0.10177856683731079,0.4738806486129761,0.5516929626464844,-0.09258301556110382,0.5171969532966614,0.5682715177536011,-0.085779570043087,0.5917790532112122,0.6666789054870605,-0.07691074907779694,0.4640738368034363,0.6146432161331177,-0.10364517569541931,0.48142334818840027,0.6216318607330322,-0.10185601562261581,0.5252496004104614,0.6328413486480713,-0.09751897305250168
0.5456762313842773,0.6603768467903137,-5.30282022737083e-07,0.5284054279327393,0.500868022441864,-0.043570686131715775,0.5257923007011414,0.3484538197517395,-0.07512922585010529,0.5287306904792786,0.23616445064544678,-0.09824957698583603,0.5492463707923889,0.13601073622703552,-0.11637437343597412,0.6324018836021423,0.3991355299949646,-0.08583781123161316,0.46639004349708557,0.3466218113899231,-0.12700872123241425,0.4615107774734497,0.38658130168914795,-0.14412498474121094,0.5053409337997437,0.4061185121536255,-0.1535850614309311,0.6270159482955933,0.49792173504829407,-0.087581105530262,0.4385601878166199,0.43607813119888306,-0.11961475759744644,0.45813944935798645,0.46743714809417725,-0.12203043699264526,0.5044596791267395,0.4820423126220703,-0.12850134074687958,0.6044794917106628,0.5948576331138611,-0.09189222753047943,0.4288541078567505,0.5332639813423157,-0.12008742988109589,0.4523249864578247,0.5572383999824524,-0.10682700574398041,0.4959373474121094,0.5766891241073608,-0.10036789625883102,0.5724385976791382,0.6844862699508667,-0.1003233939409256,0.4391295611858368,0.62730473279953,-0.1266368329524994,0.4606015980243683,0.6354947090148926,-0.12382059544324875,0.5074825882911682,0.6508593559265137,-0.11987341195344925
0.5484503507614136,0.6649717092514038,-5.63801563657762e-07,0.5276089906692505,0.4991700053215027,-0.04178745299577713,0.5238808393478394,0.348140686750412,-0.0720687210559845,0.5263664126396179,0.2373533695936203,-0.09428824484348297,0.5476064085960388,0.14186620712280273,-0.11066893488168716,0.630282998085022,0.3935527205467224,-0.08457311987876892,0.46964359283447266,0.3440580368041992,-0.12639109790325165,0.4673500657081604,0.39032599329948425,-0.1426268070936203,0.5108709931373596,0.4099670946598053,-0.1514507681131363,0.6254734992980957,0.48964765667915344,-0.08776948601007462,0.44428837299346924,0.43356454372406006,-0.12372972071170807,0.46448713541030884,0.46624645590782166,-0.12595084309577942,0.5091307163238525,0.4789683222770691,-0.1318093240261078,0.6057984232902527,0.5840590000152588,-0.09381561726331711,0.43467435240745544,0.5308634638786316,-0.1259220987558365,0.4591745436191559,0.5581582188606262,-0.1111387237906456,0.5038954019546509,0.577724277973175,-0.10292948782444,0.5773009061813354,0.6709885597229004,-0.10390419512987137,0.44514861702919006,0.618018388748169,-0.13043904304504395,0.4655575156211853,0.6287515759468079,-0.12616729736328125,0.5129400491714478,0.643356442451477,-0.12164299935102463
0.5513447523117065,0.6546806693077087,-5.151207460585283e-07,0.5317171812057495,0.4919392168521881,-0.03453309088945389,0.5251126885414124,0.353130042552948,-0.06656216830015182,0.5274938344955444,0.24471265077590942,-0.09244834631681442,0.5482028722763062,0.14754167199134827,-0.11509927362203598,0.6210675835609436,0.40696290135383606,-0.08541944622993469,0.4577096104621887,0.3620011806488037,-0.1253441572189331,0.4579027593135834,0.3960406482219696,-0.13877972960472107,0.5042877197265625,0.4095938205718994,-0.1450822949409485,0.6113725900650024,0.5104502439498901,-0.09189280867576599,0.4295375645160675,0.45166099071502686,-0.12389173358678818,0.45275044441223145,0.4780178964138031,-0.12127812206745148,0.501481294631958,0.4872809052467346,-0.12436224520206451,0.5901073217391968,0.6056755781173706,-0.09993088990449905,0.42071565985679626,0.5451201796531677,-0.12829311192035675,0.44579076766967773,0.5684366226196289,-0.11022699624300003,0.49289754033088684,0.5856990814208984,-0.10109663009643555,0.5617095232009888,0.692733883857727,-0.11118946224451065,0.4310634732246399,0.6344753503799438,-0.1357538402080536,0.4535132646560669,0.6443679928779602,-0.1286851018667221,0.5015779137611389,0.6609255075454712,-0.12270912528038025
0.5525078177452087,0.670043408870697,-6.0248959243836e-07,0.531772255897522,0.4998631477355957,-0.035333845764398575,0.5251894593238831,0.3562472462654114,-0.06600059568881989,0.5274868607521057,0.24784070253372192,-0.09027179330587387,0.5505069494247437,0.15320056676864624,-0.11081361025571823,0.6224873661994934,0.4019526243209839,-0.08845049142837524,0.46690094470977783,0.3589494228363037,-0.12536297738552094,0.4616753160953522,0.40157803893089294,-0.13545598089694977,0.5018279552459717,0.422939658164978,-0.1405666023492813,0.6135683059692383,0.5024293065071106,-0.0945994183421135,0.4362678825855255,0.44924628734588623,-0.1261758804321289,0.4534953534603119,0.47950413823127747,-0.1221231073141098,0.4974357485771179,0.4926373064517975,-0.12453925609588623,0.5926989316940308,0.5970487594604492,-0.10212162882089615,0.42456668615341187,0.5433163046836853,-0.13031980395317078,0.4467104375362396,0.5692070722579956,-0.11193324625492096,0.49178388714790344,0.58989417552948,-0.10303705930709839,0.5657026767730713,0.6827844977378845,-0.11291838437318802,0.4335540235042572,0.6293573975563049,-0.1367339938879013,0.45233798027038574,0.6416871547698975,-0.1295432150363922,0.49790963530540466,0.6591579914093018,-0.12402882426977158
0.5588861703872681,0.6829013228416443,-6.065827165002702e-07,0.5333072543144226,0.5161793828010559,-0.034467484802007675,0.5216113328933716,0.37084144353866577,-0.06552252918481827,0.5205934047698975,0.2580524981021881,-0.08981671929359436,0.5424154996871948,0.16005587577819824,-0.11123231798410416,0.6184499859809875,0.4144408106803894,-0.09325604885816574,0.45559898018836975,0.3722282350063324,-0.12887395918369293,0.45298177003860474,0.41618233919143677,-0.13661175966262817,0.4968801736831665,0.43623119592666626,-0.14021314680576324,0.610514223575592,0.5194928050041199,-0.09917792677879333,0.4309876561164856,0.46237102150917053,-0.12917041778564453,0.4517659842967987,0.4920744001865387,-0.12318684905767441,0.49690744280815125,0.5061969757080078,-0.12529487907886505,0.5902094841003418,0.6153661012649536,-0.10567442327737808,0.4221981465816498,0.5559762716293335,-0.13253000378608704,0.44631555676460266,0.582221269607544,-0.11207970231771469,0.49268838763237,0.6018081903457642,-0.10272485017776489,0.56505286693573,0.7020182013511658,-0.11500130593776703,0.43358445167541504,0.6412457227706909,-0.13846644759178162,0.452703058719635,0.6543599963188171,-0.1291363388299942,0.49737992882728577,0.6735162734985352,-0.12252101302146912
0.5626386404037476,0.6913098692893982,-5.615706868411507e-07,0.5412792563438416,0.5224884152412415,-0.03440547361969948,0.5262385010719299,0.37268850207328796,-0.06449072808027267,0.5185630917549133,0.2579681873321533,-0.08854113519191742,0.5395801067352295,0.16064226627349854,-0.10916662216186523,0.6150419116020203,0.4082484841346741,-0.08651982247829437,0.45881104469299316,0.3657558858394623,-0.12597577273845673,0.4591408967971802,0.41241389513015747,-0.1357772797346115,0.5029149651527405,0.43321311473846436,-0.1397598534822464,0.607106626033783,0.5133605599403381,-0.09219580143690109,0.43299829959869385,0.4567982852458954,-0.1263076514005661,0.4543381333351135,0.48817622661590576,-0.12132430076599121,0.4982641339302063,0.5004626512527466,-0.12234096974134445,0.5871500968933105,0.6097107529640198,-0.09962797909975052,0.42512989044189453,0.5517323017120361,-0.13117092847824097,0.45078787207603455,0.577745258808136,-0.11163488775491714,0.49734532833099365,0.5947352647781372,-0.10060850530862808,0.5630561113357544,0.6961402893066406,-0.10965888202190399,0.43725311756134033,0.635463535785675,-0.13455303013324738,0.45832329988479614,0.6481630802154541,-0.12553659081459045,0.5032629370689392,0.6651445627212524,-0.11800821870565414
0.5683179497718811,0.6857962608337402,-5.80528478622e-07,0.5379822254180908,0.5183979868888855,-0.036004915833473206,0.5208971500396729,0.3685866594314575,-0.0656302347779274,0.5156967639923096,0.2553122043609619,-0.08984725922346115,0.5351572036743164,0.1613171398639679,-0.11192359030246735,0.6146235466003418,0.40857768058776855,-0.08061962574720383,0.46245473623275757,0.3731659948825836,-0.12187551707029343,0.45744019746780396,0.42176201939582825,-0.13608400523662567,0.49961936473846436,0.4361859858036041,-0.1433335244655609,0.6074099540710449,0.5178343653678894,-0.08591306209564209,0.43669307231903076,0.4615935981273651,-0.12188529223203659,0.4517619013786316,0.4936642348766327,-0.11779574304819107,0.4957691431045532,0.5063545107841492,-0.11880578845739365,0.5869742035865784,0.6140607595443726,-0.09415997564792633,0.42995020747184753,0.5560770630836487,-0.12962014973163605,0.4504072368144989,0.5805730819702148,-0.10970241576433182,0.49656301736831665,0.5958595275878906,-0.09672515839338303,0.5643121004104614,0.6968357563018799,-0.10517437011003494,0.44348976016044617,0.6343812942504883,-0.1317838430404663,0.4611406922340393,0.6468305587768555,-0.12094851583242416,0.5037616491317749,0.663348913192749,-0.11153688281774521
0.5666640996932983,0.6763371229171753,-6.028817551850807e-07,0.5360491871833801,0.5125495791435242,-0.034075357019901276,0.5182167887687683,0.36819326877593994,-0.06337981671094894,0.5134210586547852,0.25898119807243347,-0.08756964653730392,0.5343607068061829,0.16522690653800964,-0.10999272763729095,0.6142421364784241,0.4086099863052368,-0.08254580199718475,0.46104180812835693,0.3723018765449524,-0.12214180082082748,0.45919063687324524,0.4214961528778076,-0.13506586849689484,0.5023992657661438,0.4374077022075653,-0.14170970022678375,0.6084608435630798,0.5174950957298279,-0.0889139249920845,0.4364844858646393,0.46241700649261475,-0.12346271425485611,0.4546942114830017,0.4946841597557068,-0.11888927966356277,0.4998380243778229,0.5083789229393005,-0.12026592344045639,0.5888950228691101,0.6133723855018616,-0.09752483665943146,0.42991745471954346,0.5569642782211304,-0.13108327984809875,0.4527251720428467,0.5805935263633728,-0.11037550866603851,0.49961718916893005,0.5949091911315918,-0.09791797399520874,0.5666050910949707,0.6963804960250854,-0.10881420969963074,0.44398170709609985,0.6364634037017822,-0.13524360954761505,0.4640325903892517,0.6491814255714417,-0.12387955188751221,0.50809645652771,0.6655218601226807,-0.1144612729549408
0.5716761350631714,0.6971039772033691,-6.142557822386152e-07,0.5409108400344849,0.531486988067627,-0.03619210422039032,0.5248479843139648,0.3807688355445862,-0.0658683180809021,0.5188219547271729,0.2633560597896576,-0.08929042518138885,0.5347322225570679,0.16448494791984558,-0.11015286296606064,0.6166741251945496,0.4138272702693939,-0.08772210031747818,0.46267056465148926,0.37877029180526733,-0.12567223608493805,0.4582981467247009,0.43280521035194397,-0.13479122519493103,0.5008562207221985,0.4504777491092682,-0.1390826255083084,0.610975444316864,0.5224176049232483,-0.09239140897989273,0.43737179040908813,0.4705842435359955,-0.1253073364496231,0.4536113739013672,0.505975604057312,-0.11855369806289673,0.49690109491348267,0.5213082432746887,-0.11869359761476517,0.591376543045044,0.6201496124267578,-0.09909376502037048,0.43227776885032654,0.567674994468689,-0.13041262328624725,0.45346397161483765,0.5942718982696533,-0.10968753695487976,0.49896571040153503,0.6097085475921631,-0.09801182150840759,0.5689882636070251,0.706481397151947,-0.1085096076130867,0.4469697177410126,0.6487226486206055,-0.13300757110118866,0.46501022577285767,0.662033200263977,-0.12257148325443268,0.5074722766876221,0.6781946420669556,-0.11436251550912857
0.5719462633132935,0.6866530179977417,-5.953705226602324e-07,0.5403857231140137,0.5207589268684387,-0.034539513289928436,0.5206268429756165,0.3746127188205719,-0.06534182280302048,0.5148869156837463,0.263660728931427,-0.09054366499185562,0.5350885391235352,0.16745921969413757,-0.1136590912938118,0.614862322807312,0.4106007516384125,-0.08780311048030853,0.4621691405773163,0.3763994574546814,-0.1283455640077591,0.46107131242752075,0.4232526123523712,-0.13965986669063568,0.5042453408241272,0.43822968006134033,-0.14456643164157867,0.6101881861686707,0.5205531716346741,-0.09384004026651382,0.4379822611808777,0.4702906906604767,-0.12862642109394073,0.4548213481903076,0.4995257556438446,-0.12185709178447723,0.49941736459732056,0.5100989937782288,-0.12153802067041397,0.5919862389564514,0.6185071468353271,-0.1019567921757698,0.4326039254665375,0.5658739805221558,-0.13533510267734528,0.4554590582847595,0.5876979827880859,-0.11301172524690628,0.5025556683540344,0.601334810256958,-0.09943622350692749,0.570906937122345,0.7040832042694092,-0.11272403597831726,0.44715893268585205,0.6461467742919922,-0.13865850865840912,0.46712663769721985,0.6574952602386475,-0.12686780095100403,0.5111406445503235,0.673191487789154,-0.1170976385474205
0.5767999291419983,0.6918610334396362,-6.214247605385026e-07,0.5436608791351318,0.5301685333251953,-0.03501015529036522,0.5234029293060303,0.383836954832077,-0.06556441634893417,0.5167648792266846,0.2705237865447998,-0.09044887870550156,0.535513699054718,0.17075195908546448,-0.11354882270097733,0.6159855127334595,0.42109429836273193,-0.0904952883720398,0.46038317680358887,0.38270658254623413,-0.13189420104026794,0.46056127548217773,0.43761172890663147,-0.1441032886505127,0.5061330795288086,0.4576228857040405,-0.15012410283088684,0.6115847826004028,0.53094482421875,-0.097040094435215,0.4369339644908905,0.47525179386138916,-0.13244883716106415,0.4583672881126404,0.5111175179481506,-0.12630827724933624,0.5050354599952698,0.5282750725746155,-0.12704820930957794,0.5924105048179626,0.630050778388977,-0.10553564876317978,0.43180790543556213,0.5713937878608704,-0.1405118703842163,0.4571666121482849,0.59792160987854,-0.1182977557182312,0.5063285827636719,0.6123070120811462,-0.10525176674127579,0.5695565342903137,0.7177671194076538,-0.1164662092924118,0.44407403469085693,0.651674747467041,-0.14488737285137177,0.46470290422439575,0.6663722991943359,-0.13293278217315674,0.5100022554397583,0.6846949458122253,-0.12326613068580627
0.574836254119873,0.7038228511810303,-6.104922931626788e-07,0.5435051321983337,0.5353990793228149,-0.03359449282288551,0.5225968956947327,0.3865055739879608,-0.06381590664386749,0.5164609551429749,0.27531903982162476,-0.08905236423015594,0.5352106690406799,0.17759281396865845,-0.11226756125688553,0.6164222955703735,0.4196665287017822,-0.08554453402757645,0.46184635162353516,0.38116398453712463,-0.12935306131839752,0.4629628658294678,0.4320947229862213,-0.1433570384979248,0.5081672072410583,0.45078906416893005,-0.14933620393276215,0.6121692657470703,0.5298786163330078,-0.0922209769487381,0.4382920265197754,0.47464773058891296,-0.12926283478736877,0.45745620131492615,0.5077630877494812,-0.12334288656711578,0.5037344694137573,0.5204671025276184,-0.12290693074464798,0.5942160487174988,0.628413200378418,-0.10133548080921173,0.43273308873176575,0.5703185200691223,-0.13688968122005463,0.45756661891937256,0.5942156314849854,-0.11448773741722107,0.5065909624099731,0.6081535816192627,-0.1001223623752594,0.5733737945556641,0.7154322862625122,-0.11300230026245117,0.44708845019340515,0.6521304845809937,-0.14026105403900146,0.4690942168235779,0.6653510928153992,-0.1279248148202896,0.5152939558029175,0.682887613773346,-0.11714784801006317
0.5746541619300842,0.6852673292160034,-5.43831731647515e-07,0.5457652807235718,0.5246177911758423,-0.03699907287955284,0.524516761302948,0.3844538927078247,-0.06800701469182968,0.5172617435455322,0.2779983878135681,-0.09328024089336395,0.5357954502105713,0.18318241834640503,-0.11695025861263275,0.6135011911392212,0.42787426710128784,-0.08759108185768127,0.4613478183746338,0.3932588994503021,-0.12894000113010406,0.46208545565605164,0.4368419647216797,-0.14192871749401093,0.5041812658309937,0.45327574014663696,-0.14792166650295258,0.6074383854866028,0.536806046962738,-0.09248984605073929,0.4390937089920044,0.482700914144516,-0.12822778522968292,0.45906713604927063,0.5110149383544922,-0.12310750037431717,0.5045867562294006,0.5225265026092529,-0.12401438504457474,0.5883031487464905,0.6320986151695251,-0.0998278260231018,0.4331999123096466,0.5772660970687866,-0.135377898812294,0.4596860706806183,0.5968904495239258,-0.11428699642419815,0.50859135389328,0.6091431379318237,-0.10118842869997025,0.5662000179290771,0.7147326469421387,-0.10992052406072617,0.44645261764526367,0.6557533740997314,-0.13823221623897552,0.4695320129394531,0.6654533743858337,-0.1271354705095291,0.5152958631515503,0.6796020269393921,-0.11778590828180313
0.5733213424682617,0.6884994506835938,-5.493838557413255e-07,0.544979453086853,0.5259171724319458,-0.03578846901655197,0.5241256356239319,0.3862694799900055,-0.06699248403310776,0.5166661739349365,0.2793149948120117,-0.09271087497472763,0.5352059006690979,0.18398591876029968,-0.11706449836492538,0.6147853136062622,0.43076393008232117,-0.08773068338632584,0.46276938915252686,0.3926561772823334,-0.12881243228912354,0.46167004108428955,0.4349735379219055,-0.14196421205997467,0.5029392242431641,0.45203033089637756,-0.1481260359287262,0.6077417135238647,0.5400193333625793,-0.0932442843914032,0.4386996030807495,0.4830576777458191,-0.1283288598060608,0.45747241377830505,0.5103111267089844,-0.12304853647947311,0.5024043917655945,0.5226579904556274,-0.1241026222705841,0.5877837538719177,0.6353335976600647,-0.1010172888636589,0.432216078042984,0.5779411196708679,-0.13514265418052673,0.4578796625137329,0.5972936749458313,-0.11390801519155502,0.5060378909111023,0.6109583377838135,-0.10118366032838821,0.56523197889328,0.7176027297973633,-0.1115180253982544,0.44507506489753723,0.6572388410568237,-0.138547882437706,0.4674268066883087,0.666695237159729,-0.12729497253894806,0.5124380588531494,0.6817467212677002,-0.11813350021839142
0.5757319331169128,0.7061257362365723,-5.891834007343277e-07,0.5481855869293213,0.5472040176391602,-0.036429811269044876,0.5242756009101868,0.39861398935317993,-0.06547357887029648,0.5136732459068298,0.2839518189430237,-0.08941150456666946,0.5332879424095154,0.1877872347831726,-0.11186902970075607,0.6105456352233887,0.4458880126476288,-0.07813790440559387,0.4600321352481842,0.4073008596897125,-0.11999323964118958,0.45888301730155945,0.454237163066864,-0.13652554154396057,0.5006378889083862,0.4728805720806122,-0.1452573537826538,0.6037087440490723,0.5527052879333496,-0.08299998939037323,0.43622490763664246,0.49203062057495117,-0.11802846938371658,0.45580869913101196,0.5245133638381958,-0.11562412232160568,0.5020173788070679,0.5401362776756287,-0.11819587647914886,0.5838472247123718,0.6462832689285278,-0.0908442959189415,0.43052273988723755,0.5853650569915771,-0.12697768211364746,0.4549493193626404,0.6102821230888367,-0.10854283720254898,0.503909707069397,0.6244053840637207,-0.09666338562965393,0.5604480504989624,0.7274922132492065,-0.1013454794883728,0.4405122995376587,0.664496660232544,-0.12988370656967163,0.4616208076477051,0.6806548833847046,-0.11943835020065308,0.5075458884239197,0.7001020312309265,-0.11024776101112366
0.5786153078079224,0.7099324464797974,-5.883487119717756e-07,0.550388753414154,0.5473050475120544,-0.03360236436128616,0.5250321626663208,0.39879730343818665,-0.06314242631196976,0.5144253969192505,0.2878674268722534,-0.08779548853635788,0.5343918204307556,0.19226855039596558,-0.11139465123414993,0.6098090410232544,0.44976574182510376,-0.08528114855289459,0.4589593708515167,0.4039761424064636,-0.12857238948345184,0.46541300415992737,0.4525364637374878,-0.1441342681646347,0.5102992057800293,0.4725498855113983,-0.1516067534685135,0.6030005216598511,0.5581986308097839,-0.09138759225606918,0.43678826093673706,0.4898729920387268,-0.12739059329032898,0.4591776430606842,0.5229563117027283,-0.12248092889785767,0.5049457550048828,0.5411370992660522,-0.12339471280574799,0.5833044648170471,0.6505008339881897,-0.09967067092657089,0.4311072826385498,0.5831530094146729,-0.13407975435256958,0.45622560381889343,0.6060397624969482,-0.11189009994268417,0.5042874813079834,0.6199047565460205,-0.09833841025829315,0.5612110495567322,0.7291619777679443,-0.11043793708086014,0.4419057369232178,0.6625238656997681,-0.1362088918685913,0.46591025590896606,0.6775334477424622,-0.12257903069257736,0.5122407674789429,0.6975640058517456,-0.11176013946533203
0.5833016633987427,0.709223747253418,-5.346527700567094e-07,0.5497373938560486,0.5545819401741028,-0.0392090305685997,0.5202200412750244,0.40808749198913574,-0.07206527888774872,0.5077694654464722,0.2984389364719391,-0.09838270395994186,0.5267950296401978,0.20026648044586182,-0.12300392240285873,0.6045421957969666,0.4594053030014038,-0.09519337117671967,0.4512079060077667,0.42822265625,-0.14123918116092682,0.4618063271045685,0.4691157937049866,-0.15845125913619995,0.506587564945221,0.4821886420249939,-0.16709984838962555,0.6007115244865417,0.5620884895324707,-0.09840940684080124,0.42822402715682983,0.5105791687965393,-0.13620956242084503,0.4507696330547333,0.5380423665046692,-0.1335010677576065,0.49667665362358093,0.5491833090782166,-0.13637839257717133,0.5831943154335022,0.6502255201339722,-0.10373695939779282,0.42350098490715027,0.6088235378265381,-0.13844114542007446,0.4477683901786804,0.62639981508255,-0.11869989335536957,0.49658676981925964,0.6333480477333069,-0.10772630572319031,0.5602064728736877,0.7250685691833496,-0.11220835894346237,0.43579187989234924,0.688701868057251,-0.13853570818901062,0.46098870038986206,0.6988525390625,-0.12832029163837433,0.5102676749229431,0.7084329724311829,-0.12087856978178024
0.5911227464675903,0.6978014707565308,-4.898378733741993e-07,0.5595170855522156,0.5472788214683533,-0.03908374160528183,0.525183379650116,0.4019927680492401,-0.07328493148088455,0.5104604959487915,0.29386359453201294,-0.10097172111272812,0.5320721864700317,0.19859614968299866,-0.12726420164108276,0.6032569408416748,0.4622074067592621,-0.10228800773620605,0.448749840259552,0.4281151592731476,-0.1513117253780365,0.46207910776138306,0.4695359170436859,-0.1678626388311386,0.5092743635177612,0.482380747795105,-0.17540055513381958,0.597800612449646,0.5676453709602356,-0.10688196122646332,0.4252775013446808,0.5062857866287231,-0.14917388558387756,0.45033925771713257,0.5342604517936707,-0.14435380697250366,0.49649280309677124,0.5463940501213074,-0.14464211463928223,0.5793599486351013,0.6562241315841675,-0.11362007260322571,0.42126354575157166,0.6021049618721008,-0.15324990451335907,0.44836583733558655,0.6208618879318237,-0.13117137551307678,0.4976246953010559,0.6281051635742188,-0.11720062047243118,0.5564015507698059,0.7298244833946228,-0.12303891032934189,0.43342334032058716,0.6807659268379211,-0.15216673910617828,0.4604770839214325,0.6933213472366333,-0.14022740721702576,0.5087025165557861,0.7072597146034241,-0.1309254765510559
0.6019448637962341,0.7458673119544983,-4.968060238752514e-07,0.5956397652626038,0.5959111452102661,-0.02472830004990101,0.557784914970398,0.43462005257606506,-0.05253782868385315,0.5275819301605225,0.31192612648010254,-0.07546946406364441,0.5390108227729797,0.21037286520004272,-0.09779594838619232,0.5814082622528076,0.5048213005065918,-0.0922609269618988,0.4269583523273468,0.4381450414657593,-0.13843278586864471,0.45307016372680664,0.47485485672950745,-0.1550062894821167,0.500170111656189,0.49604350328445435,-0.16197626292705536,0.5618170499801636,0.5960723161697388,-0.0996764749288559,0.39569616317749023,0.5147233009338379,-0.13671407103538513,0.43533092737197876,0.5347864627838135,-0.13339877128601074,0.48363828659057617,0.5562587976455688,-0.13587306439876556,0.535983145236969,0.675308108329773,-0.10711292922496796,0.3903115391731262,0.6034530401229858,-0.1409454643726349,0.4264504909515381,0.6232197880744934,-0.12018335610628128,0.4747570753097534,0.6403250098228455,-0.10820548236370087,0.5076773762702942,0.7423713207244873,-0.1153261736035347,0.3915281295776367,0.6776905655860901,-0.14098519086837769,0.4255297780036926,0.6956681609153748,-0.12786546349525452,0.4728814959526062,0.7207626700401306,-0.11819997429847717
0.6055077314376831,0.7649637460708618,-5.818270665258751e-07,0.598290741443634,0.6207751035690308,-0.013876976445317268,0.566750168800354,0.45577627420425415,-0.04213179275393486,0.5350058078765869,0.3323279023170471,-0.06642056256532669,0.5412895679473877,0.2248443067073822,-0.09012220054864883,0.5830647349357605,0.5046782493591309,-0.10514464974403381,0.4262625277042389,0.43404534459114075,-0.15073512494564056,0.4567226469516754,0.4682031571865082,-0.16385768353939056,0.5044801831245422,0.491945743560791,-0.16762343049049377,0.5650527477264404,0.5993707180023193,-0.11729647219181061,0.3888956904411316,0.510795533657074,-0.15577192604541779,0.4287740886211395,0.5394244194030762,-0.14719997346401215,0.48124727606773376,0.5725337862968445,-0.14332051575183868,0.541834831237793,0.6854648590087891,-0.12681008875370026,0.3858053386211395,0.6073737740516663,-0.15741011500358582,0.4254068434238434,0.6314386129379272,-0.12807774543762207,0.4749593436717987,0.6541520953178406,-0.10940989851951599,0.5123266577720642,0.7599133253097534,-0.13617999851703644,0.39319026470184326,0.696610689163208,-0.15986154973506927,0.42982178926467896,0.7087494134902954,-0.14186155796051025,0.47515618801116943,0.7281315922737122,-0.1287933588027954
0.6025497913360596,0.7628169655799866,-4.149544281517592e-07,0.6046303510665894,0.6237598657608032,-0.01677696406841278,0.570704460144043,0.45697835087776184,-0.04260725900530815,0.5304011702537537,0.32983797788619995,-0.06357192993164062,0.5343738794326782,0.2256668508052826,-0.08307672291994095,0.5655569434165955,0.518376886844635,-0.09784996509552002,0.4118705987930298,0.44286060333251953,-0.13986898958683014,0.44690823554992676,0.4746397137641907,-0.1522606611251831,0.49413371086120605,0.4967536926269531,-0.1560545265674591,0.5330451130867004,0.6083837151527405,-0.106557697057724,0.37697046995162964,0.5165829658508301,-0.1402025818824768,0.4179287850856781,0.5379694104194641,-0.1321544498205185,0.46602699160575867,0.5692100524902344,-0.1295790672302246,0.5023894309997559,0.6883026361465454,-0.11324586719274521,0.3722648620605469,0.6055489182472229,-0.1419510543346405,0.4115506112575531,0.6272332072257996,-0.11460615694522858,0.4585573375225067,0.650257408618927,-0.09706892818212509,0.47077828645706177,0.7575741410255432,-0.12020695209503174,0.3733598291873932,0.690371036529541,-0.142355278134346,0.4092244505882263,0.7041926980018616,-0.12536288797855377,0.4506920278072357,0.7262381315231323,-0.1128484234213829
0.5914732217788696,0.7538101673126221,-3.1352917062577035e-07,0.5986948609352112,0.6152106523513794,-0.019335361197590828,0.5665630102157593,0.44777509570121765,-0.05033509060740471,0.5266261696815491,0.3281211853027344,-0.07457981258630753,0.5320224761962891,0.2252151370048523,-0.09719529747962952,0.5614887475967407,0.509159505367279,-0.11415698379278183,0.40996572375297546,0.4485309422016144,-0.15427912771701813,0.44528231024742126,0.4682765603065491,-0.16207793354988098,0.49403905868530273,0.48742610216140747,-0.1624157875776291,0.5285877585411072,0.6081570386886597,-0.12126144021749496,0.369689017534256,0.5243457555770874,-0.1570710837841034,0.41418159008026123,0.543006420135498,-0.14703108370304108,0.4672931730747223,0.5757283568382263,-0.1409510225057602,0.49755334854125977,0.6896368265151978,-0.125114306807518,0.36312049627304077,0.6167138814926147,-0.15116633474826813,0.40523451566696167,0.6318218111991882,-0.12122088670730591,0.4545404016971588,0.6522001624107361,-0.10183670371770859,0.46581968665122986,0.7591448426246643,-0.1293611377477646,0.36544960737228394,0.6949623227119446,-0.149214968085289,0.4042091369628906,0.7062766551971436,-0.1306944191455841,0.44630303978919983,0.7272957563400269,-0.11742539703845978
0.5915506482124329,0.7545937299728394,-2.317296008413905e-07,0.5981718301773071,0.6149936318397522,-0.018990807235240936,0.5668867826461792,0.4509051442146301,-0.04846992716193199,0.5221269130706787,0.33523857593536377,-0.0705791488289833,0.5237262845039368,0.23423242568969727,-0.09073608368635178,0.539017915725708,0.5231761336326599,-0.1142052635550499,0.3989461660385132,0.4505811035633087,-0.1498413234949112,0.43843507766723633,0.46927303075790405,-0.1530562937259674,0.4864383339881897,0.49325013160705566,-0.15016205608844757,0.5051609873771667,0.6184958815574646,-0.11918305605649948,0.35781949758529663,0.5228077173233032,-0.14888817071914673,0.40302327275276184,0.5383318662643433,-0.13563840091228485,0.4533650279045105,0.5713003277778625,-0.12784883379936218,0.4759352207183838,0.69706130027771,-0.12034150213003159,0.34920960664749146,0.6158039569854736,-0.14119364321231842,0.39199110865592957,0.6252622008323669,-0.11133264750242233,0.4399152100086212,0.64485764503479,-0.09272688627243042,0.4478585720062256,0.7635921835899353,-0.121639184653759,0.3527340888977051,0.6932996511459351,-0.13770771026611328,0.38967159390449524,0.6961259245872498,-0.11930754035711288,0.4297197163105011,0.7138456106185913,-0.10632053762674332
0.5888686180114746,0.7550734877586365,-1.7089801929159876e-07,0.5956578850746155,0.6142173409461975,-0.019507572054862976,0.5626416802406311,0.44956594705581665,-0.04869939014315605,0.519048810005188,0.33815082907676697,-0.07123615592718124,0.5154862999916077,0.2362278699874878,-0.09194254130125046,0.5280566811561584,0.5197938084602356,-0.10798639059066772,0.3936578333377838,0.45376110076904297,-0.14210569858551025,0.4309813678264618,0.4661928415298462,-0.14529380202293396,0.4779137074947357,0.4894362986087799,-0.14153452217578888,0.499449759721756,0.6152194738388062,-0.11204643547534943,0.3563968539237976,0.5278781056404114,-0.14095407724380493,0.4015219509601593,0.5390372276306152,-0.12990698218345642,0.4516744911670685,0.5690416693687439,-0.12193622440099716,0.4747249484062195,0.6933164596557617,-0.11262103915214539,0.35129937529563904,0.6198800802230835,-0.13227076828479767,0.394675076007843,0.6238855123519897,-0.10523659735918045,0.441616952419281,0.6411391496658325,-0.0873238816857338,0.45191195607185364,0.760648250579834,-0.11336113512516022,0.3569256663322449,0.6912553906440735,-0.12774328887462616,0.395359605550766,0.692614734172821,-0.10925528407096863,0.4362853169441223,0.71031653881073,-0.09551218152046204
0.5859172940254211,0.753454327583313,-1.796724831137908e-07,0.5929349660873413,0.6163718104362488,-0.018971815705299377,0.5604242086410522,0.4556845724582672,-0.04449382424354553,0.5155819654464722,0.34388893842697144,-0.06368669867515564,0.5083438754081726,0.24547404050827026,-0.0808693915605545,0.516815185546875,0.5217174887657166,-0.09822762757539749,0.38883405923843384,0.45195379853248596,-0.12824004888534546,0.4226258397102356,0.4706462025642395,-0.12958566844463348,0.469521164894104,0.49781161546707153,-0.12491093575954437,0.48659947514533997,0.6132442951202393,-0.10068260878324509,0.35250890254974365,0.5281295776367188,-0.12530827522277832,0.3948194980621338,0.5445576906204224,-0.11420303583145142,0.44403478503227234,0.5730255246162415,-0.10644619911909103,0.4615217447280884,0.6891289353370667,-0.09996912628412247,0.34596914052963257,0.617561936378479,-0.11688549816608429,0.38719862699508667,0.6261876821517944,-0.09159664064645767,0.43307384848594666,0.6435298919677734,-0.07512571662664413,0.43956488370895386,0.7557781934738159,-0.09939036518335342,0.3507872223854065,0.6852676868438721,-0.1121683120727539,0.386245995759964,0.6910418272018433,-0.09443572163581848,0.4256766140460968,0.709848940372467,-0.08113480359315872
0.5868311524391174,0.7527564764022827,-1.7060345669506205e-07,0.5941482186317444,0.6138559579849243,-0.018402401357889175,0.5601967573165894,0.45542559027671814,-0.044306084513664246,0.5161856412887573,0.3437514305114746,-0.06398889422416687,0.510432243347168,0.24392318725585938,-0.08169230073690414,0.517200231552124,0.5212237238883972,-0.09546630084514618,0.38976919651031494,0.4548611044883728,-0.12391063570976257,0.4235835075378418,0.47197774052619934,-0.12429491430521011,0.46911460161209106,0.49498671293258667,-0.11902274936437607,0.48807865381240845,0.6138057708740234,-0.09752277284860611,0.35333555936813354,0.529245913028717,-0.12125122547149658,0.3955247104167938,0.5441267490386963,-0.10965320467948914,0.44408321380615234,0.5715922713279724,-0.10100508481264114,0.4623852074146271,0.6891763806343079,-0.09632725268602371,0.34732502698898315,0.6171521544456482,-0.11148661375045776,0.38893967866897583,0.6240530610084534,-0.08593876659870148,0.4334310293197632,0.6405962705612183,-0.06924475729465485,0.43974602222442627,0.7537822723388672,-0.09529297053813934,0.3510070741176605,0.6823262572288513,-0.10559917986392975,0.3882688581943512,0.6884065270423889,-0.08691367506980896,0.4276362657546997,0.7062897682189941,-0.07322680205106735
0.5823730230331421,0.7476097941398621,-1.2597826071214513e-07,0.5900935530662537,0.606992781162262,-0.020034192129969597,0.5551716685295105,0.44689565896987915,-0.04745413362979889,0.5101059079170227,0.33780285716056824,-0.06777186691761017,0.5047821402549744,0.23910996317863464,-0.0858541950583458,0.515313982963562,0.5204951763153076,-0.10585253685712814,0.3843200206756592,0.45305874943733215,-0.13581964373588562,0.42144501209259033,0.46654212474823,-0.13557498157024384,0.4672391414642334,0.4903043806552887,-0.129664808511734,0.48519450426101685,0.6151098608970642,-0.10756860673427582,0.34905099868774414,0.5272419452667236,-0.13225191831588745,0.39395689964294434,0.5373542904853821,-0.1193772479891777,0.441965252161026,0.5663833618164062,-0.1102595180273056,0.4590208828449249,0.6914613842964172,-0.10561934858560562,0.3442973494529724,0.6165115833282471,-0.12106668204069138,0.38739192485809326,0.6200236678123474,-0.09382731467485428,0.43141937255859375,0.6375578045845032,-0.07629157602787018,0.4360926151275635,0.7566580176353455,-0.10387709736824036,0.3466443121433258,0.6822284460067749,-0.11400287598371506,0.3840717673301697,0.6851291060447693,-0.09395059198141098,0.4227759540081024,0.7044881582260132,-0.07955233007669449
0.5818312168121338,0.7498644590377808,-1.41472000336762e-07,0.5909954309463501,0.6094893217086792,-0.01949186623096466,0.5566410422325134,0.45253121852874756,-0.04675711318850517,0.5104902982711792,0.3426147699356079,-0.06692744046449661,0.5039563775062561,0.24206310510635376,-0.08482183516025543,0.5129638910293579,0.5218491554260254,-0.10383114218711853,0.38468486070632935,0.45307132601737976,-0.1322811245918274,0.42115840315818787,0.468037486076355,-0.1303788721561432,0.466715008020401,0.4921155571937561,-0.12315288186073303,0.4826746881008148,0.6159533858299255,-0.10497789084911346,0.3493006229400635,0.5266959071159363,-0.12823200225830078,0.3929499387741089,0.5379588603973389,-0.11423691362142563,0.4397851526737213,0.5665697455406189,-0.10408534109592438,0.4562187194824219,0.6914141178131104,-0.10240153968334198,0.3441847562789917,0.6151958107948303,-0.11656269431114197,0.38661614060401917,0.6197696924209595,-0.08905363082885742,0.42957910895347595,0.6372712850570679,-0.0713224709033966,0.4338374733924866,0.7553977966308594,-0.09992899000644684,0.34518367052078247,0.6791505813598633,-0.10871502012014389,0.3829430639743805,0.6840905547142029,-0.08820940554141998,0.42147722840309143,0.7034382820129395,-0.07352614402770996
0.5835101008415222,0.7508447170257568,-2.0747903306528315e-07,0.5908812880516052,0.6136865615844727,-0.018523313105106354,0.5561460256576538,0.45535844564437866,-0.04718543961644173,0.511594295501709,0.3443715572357178,-0.0694843977689743,0.5053954720497131,0.24312403798103333,-0.08994485437870026,0.5176909565925598,0.5185984373092651,-0.10508556663990021,0.38430583477020264,0.4534245431423187,-0.13696014881134033,0.41929909586906433,0.4747841954231262,-0.1373337060213089,0.4668208956718445,0.5010611414909363,-0.13131660223007202,0.49100950360298157,0.6134423017501831,-0.10854969173669815,0.3500957190990448,0.5305300354957581,-0.13522052764892578,0.3937632441520691,0.5473443269729614,-0.1221831738948822,0.4434066712856293,0.5751375555992126,-0.11214346438646317,0.4666806161403656,0.6915190815925598,-0.10850370675325394,0.3469952642917633,0.6229270696640015,-0.12552201747894287,0.3895207345485687,0.6299188137054443,-0.09789734333753586,0.43498820066452026,0.6453014612197876,-0.07962127774953842,0.4450947642326355,0.759221613407135,-0.10844634473323822,0.3495449125766754,0.6913579702377319,-0.11959702521562576,0.3874197006225586,0.6971215009689331,-0.09926768392324448,0.4282524585723877,0.7146521806716919,-0.08444064855575562
0.5843331813812256,0.7515634894371033,-1.8171301974234666e-07,0.5900959372520447,0.6125240921974182,-0.018977254629135132,0.5556113719940186,0.4519904851913452,-0.04803690314292908,0.5103017687797546,0.34061479568481445,-0.07051797956228256,0.5034584999084473,0.2399815022945404,-0.09111723303794861,0.5185574293136597,0.520314633846283,-0.10828324407339096,0.3848245441913605,0.4540756046772003,-0.1398233026266098,0.4194645881652832,0.47120511531829834,-0.13953836262226105,0.46593618392944336,0.4954143762588501,-0.13338854908943176,0.4914008677005768,0.6152510643005371,-0.11197356134653091,0.3499605357646942,0.5295866131782532,-0.13845904171466827,0.39234796166419983,0.5438699126243591,-0.12513487040996552,0.44123220443725586,0.5726202130317688,-0.11546101421117783,0.46739426255226135,0.6929841041564941,-0.11193984001874924,0.34616267681121826,0.6218637824058533,-0.1287468820810318,0.38831064105033875,0.6266601085662842,-0.10090312361717224,0.4340822100639343,0.6428495049476624,-0.0829072967171669,0.44589558243751526,0.7601392865180969,-0.11197860538959503,0.35017821192741394,0.6917180418968201,-0.12343386560678482,0.38702940940856934,0.6938689947128296,-0.10368993878364563,0.42730313539505005,0.7104371786117554,-0.08949897438287735
0.5877534747123718,0.7594004273414612,-1.8374564092482615e-07,0.5920395255088806,0.6171694397926331,-0.019154652953147888,0.5541498064994812,0.45149296522140503,-0.04943172633647919,0.5084408521652222,0.3398500382900238,-0.07275020331144333,0.5021716952323914,0.23802900314331055,-0.09474599361419678,0.5289202928543091,0.5208538770675659,-0.11556185036897659,0.3910132646560669,0.4609091579914093,-0.15037623047828674,0.42728522419929504,0.474323034286499,-0.15240752696990967,0.4747098684310913,0.49371427297592163,-0.1476403921842575,0.5014243721961975,0.6207793354988098,-0.11998341977596283,0.3549085855484009,0.5360280275344849,-0.150582954287529,0.3983180820941925,0.5482379198074341,-0.13824039697647095,0.44972944259643555,0.576721727848053,-0.12872882187366486,0.47574713826179504,0.7017525434494019,-0.12030031532049179,0.34932130575180054,0.6296650767326355,-0.13969263434410095,0.39197254180908203,0.6349506974220276,-0.110772505402565,0.4397265613079071,0.6513241529464722,-0.0916450023651123,0.45201370120048523,0.7702468633651733,-0.12070216238498688,0.3552435338497162,0.6995110511779785,-0.13393549621105194,0.3932326138019562,0.7041739821434021,-0.1138390451669693,0.4344448745250702,0.7228034734725952,-0.09922152012586594
0.5877105593681335,0.7543277144432068,-1.7243299055280659e-07,0.5919746160507202,0.6142392158508301,-0.018788030371069908,0.5532630085945129,0.44820839166641235,-0.049086157232522964,0.5067044496536255,0.3379201292991638,-0.07240298390388489,0.5009888410568237,0.23703157901763916,-0.09409145265817642,0.5310884118080139,0.5212236046791077,-0.11716415733098984,0.3883677124977112,0.4605391323566437,-0.152558833360672,0.42605724930763245,0.47277748584747314,-0.15475410223007202,0.47535017132759094,0.49171334505081177,-0.15039010345935822,0.5029950141906738,0.6206800937652588,-0.12231066077947617,0.35398101806640625,0.5365869402885437,-0.15313640236854553,0.39916539192199707,0.5485405921936035,-0.139887273311615,0.4510993957519531,0.5781530141830444,-0.13056567311286926,0.4779175817966461,0.7019925117492676,-0.12340452522039413,0.3494522273540497,0.6294695138931274,-0.143367201089859,0.3929726183414459,0.6355975270271301,-0.11328715831041336,0.4416854679584503,0.6526873707771301,-0.09388958662748337,0.45490846037864685,0.7712286114692688,-0.12461014837026596,0.3573899269104004,0.7019005417823792,-0.13873495161533356,0.39476677775382996,0.705573558807373,-0.11855019629001617,0.43562453985214233,0.7246856093406677,-0.10419679433107376
0.5895452499389648,0.7632361054420471,-1.6801759272766503e-07,0.5902343392372131,0.6214391589164734,-0.01925397850573063,0.5515426397323608,0.452848881483078,-0.05341154709458351,0.5095199942588806,0.3408811092376709,-0.08049861341714859,0.5036659836769104,0.23775818943977356,-0.10632602870464325,0.5424646735191345,0.5193612575531006,-0.12641766667366028,0.3945693373680115,0.4676733613014221,-0.163953498005867,0.4282968044281006,0.47778430581092834,-0.16600999236106873,0.47867774963378906,0.49690645933151245,-0.16107875108718872,0.5182844996452332,0.6234453320503235,-0.13360802829265594,0.3589707612991333,0.5433159470558167,-0.16830286383628845,0.40252774953842163,0.5527969598770142,-0.15554484724998474,0.45833471417427063,0.5828171372413635,-0.1460026353597641,0.494248628616333,0.7094259262084961,-0.13619375228881836,0.35551223158836365,0.6371415853500366,-0.15900428593158722,0.3971877992153168,0.6410353779792786,-0.12819397449493408,0.4484993517398834,0.6585954427719116,-0.10785973817110062,0.4691499173641205,0.7829287648200989,-0.13880524039268494,0.3641032874584198,0.7124009132385254,-0.15558543801307678,0.40059855580329895,0.712077260017395,-0.1355290561914444,0.4434707760810852,0.730056643486023,-0.12092147767543793
0.5915811657905579,0.7620354294776917,-2.714420475058432e-07,0.5930194854736328,0.6202287673950195,-0.017211928963661194,0.5552849769592285,0.45397400856018066,-0.047182537615299225,0.5104923844337463,0.3420477509498596,-0.07114139944314957,0.5094002485275269,0.2409760057926178,-0.0937756896018982,0.5430983304977417,0.5192767977714539,-0.11183558404445648,0.3935548961162567,0.4652957022190094,-0.15080830454826355,0.42855724692344666,0.4832223951816559,-0.15725469589233398,0.4780136048793793,0.5015443563461304,-0.1560196578502655,0.5164264440536499,0.6228732466697693,-0.12004376202821732,0.3581916391849518,0.5437137484550476,-0.15513116121292114,0.402880996465683,0.5597921013832092,-0.14468036592006683,0.4576393961906433,0.5883462429046631,-0.13731971383094788,0.4908037781715393,0.7087538242340088,-0.12469661235809326,0.3574657738208771,0.6367487907409668,-0.15027308464050293,0.3989790678024292,0.6480439305305481,-0.12049923092126846,0.4483373761177063,0.6653071641921997,-0.10037801414728165,0.4634231925010681,0.7822305560112,-0.1294209361076355,0.36101457476615906,0.713703989982605,-0.14780747890472412,0.39814072847366333,0.7194232940673828,-0.12793733179569244,0.44059813022613525,0.7381395101547241,-0.11316376179456711
0.597576379776001,0.7630594968795776,-3.2130756721926446e-07,0.5974563360214233,0.624350368976593,-0.018694749101996422,0.5564712882041931,0.45491042733192444,-0.05111861601471901,0.513355016708374,0.34136655926704407,-0.07751002907752991,0.5103529691696167,0.23766541481018066,-0.10268442332744598,0.5571696758270264,0.5153089165687561,-0.1179240271449089,0.4003916382789612,0.466705858707428,-0.16164354979991913,0.4331456422805786,0.48648449778556824,-0.17084121704101562,0.4837394654750824,0.5037615895271301,-0.17090395092964172,0.532651960849762,0.6192736625671387,-0.12694072723388672,0.36687299609184265,0.5468164086341858,-0.1679377555847168,0.410426527261734,0.565945029258728,-0.15922677516937256,0.4665226340293884,0.5954582095146179,-0.1519729197025299,0.507490336894989,0.7065889239311218,-0.13268959522247314,0.3654048442840576,0.6405704021453857,-0.16248100996017456,0.4073799252510071,0.6544002294540405,-0.1327122002840042,0.4593159854412079,0.671879231929779,-0.11178156733512878,0.47989174723625183,0.7816630005836487,-0.1386265903711319,0.3719736337661743,0.71836256980896,-0.1604766994714737,0.4093549847602844,0.7263054847717285,-0.14170537889003754,0.45360031723976135,0.7444435358047485,-0.12726910412311554
0.5963425636291504,0.770404040813446,-3.532177004217374e-07,0.596454381942749,0.625664234161377,-0.017960915341973305,0.5567331910133362,0.45481613278388977,-0.048713501542806625,0.5139705538749695,0.3386332392692566,-0.0735839381814003,0.5182536244392395,0.2364230453968048,-0.09683596342802048,0.5589367151260376,0.5209211707115173,-0.11456799507141113,0.4013230502605438,0.464603453874588,-0.15883803367614746,0.4363059103488922,0.4878217875957489,-0.1690986007452011,0.487140417098999,0.5048505067825317,-0.17033889889717102,0.5318080186843872,0.6272047758102417,-0.12382187694311142,0.36516907811164856,0.5490564703941345,-0.1638665348291397,0.41087353229522705,0.5696313381195068,-0.1542273312807083,0.46689626574516296,0.5983411073684692,-0.14742231369018555,0.5061680674552917,0.7158233523368835,-0.13010558485984802,0.36658287048339844,0.6441857814788818,-0.16111494600772858,0.4101099967956543,0.6591616272926331,-0.13105829060077667,0.46198132634162903,0.6765385270118713,-0.10994075983762741,0.4785761535167694,0.7901548743247986,-0.13656239211559296,0.3735867440700531,0.7237994074821472,-0.15879318118095398,0.4122512936592102,0.7305273413658142,-0.13968157768249512,0.45609331130981445,0.748913586139679,-0.12513576447963715
0.6050824522972107,0.7753148674964905,-4.3379080238992174e-07,0.601612389087677,0.6311510801315308,-0.015069290064275265,0.5615686774253845,0.460734099149704,-0.04346586763858795,0.5187511444091797,0.34246882796287537,-0.06717333197593689,0.5217310190200806,0.24008169770240784,-0.08917687088251114,0.5679294466972351,0.5180253982543945,-0.10451123863458633,0.4079219698905945,0.46462029218673706,-0.1497693657875061,0.4422040283679962,0.4898054301738739,-0.1623232662677765,0.4926356375217438,0.5063797235488892,-0.16480422019958496,0.5426456928253174,0.6209028959274292,-0.11478660255670547,0.372438907623291,0.5488997101783752,-0.1550464779138565,0.41754066944122314,0.5719365477561951,-0.14683131873607635,0.47354501485824585,0.5988724231719971,-0.1407097578048706,0.5171450972557068,0.7089388370513916,-0.1225413903594017,0.37441158294677734,0.643047571182251,-0.15430952608585358,0.41793498396873474,0.6608754396438599,-0.12540152668952942,0.470441997051239,0.6778950095176697,-0.10459495335817337,0.4889242649078369,0.784518301486969,-0.13031315803527832,0.382574200630188,0.7239946126937866,-0.15307706594467163,0.4222486615180969,0.7322921752929688,-0.1347149908542633,0.46821755170822144,0.7500358819961548,-0.12026610970497131
0.6067085862159729,0.7767852544784546,-4.50380582606158e-07,0.6023179292678833,0.6322118043899536,-0.015588982962071896,0.562637209892273,0.4615095853805542,-0.04321575537323952,0.5193655490875244,0.34101465344429016,-0.06592230498790741,0.5223453044891357,0.2378215491771698,-0.08683869242668152,0.5695353746414185,0.5196768641471863,-0.10356468707323074,0.41117367148399353,0.46298831701278687,-0.14877374470233917,0.4446510374546051,0.49019360542297363,-0.16119049489498138,0.49429699778556824,0.5070788860321045,-0.16382968425750732,0.5446443557739258,0.6208144426345825,-0.11350696533918381,0.3734630346298218,0.5466326475143433,-0.15290966629981995,0.41680288314819336,0.5703430771827698,-0.14409269392490387,0.4719231426715851,0.5961904525756836,-0.13838548958301544,0.5194544196128845,0.7078018188476562,-0.12116176635026932,0.3762946128845215,0.6408848762512207,-0.1535084992647171,0.41858068108558655,0.6597127914428711,-0.12457162141799927,0.47029316425323486,0.676628589630127,-0.10401755571365356,0.49103814363479614,0.7820356488227844,-0.1288577914237976,0.3837716579437256,0.7218954563140869,-0.1523977816104889,0.4227818250656128,0.7312775254249573,-0.13442732393741608,0.46835756301879883,0.7492677569389343,-0.12038302421569824
0.6081539392471313,0.7718762159347534,-4.4012148237015936e-07,0.6021191477775574,0.6269988417625427,-0.016350816935300827,0.561687707901001,0.4584319591522217,-0.045962247997522354,0.5205355882644653,0.33880192041397095,-0.0706682801246643,0.522824764251709,0.2347722053527832,-0.09383516013622284,0.5740790963172913,0.5142650008201599,-0.10806521028280258,0.4129837155342102,0.46012014150619507,-0.1544976532459259,0.44675004482269287,0.4867609441280365,-0.16766317188739777,0.4961179792881012,0.5015207529067993,-0.17091421782970428,0.5508539080619812,0.6185207962989807,-0.11871151626110077,0.376403272151947,0.5424338579177856,-0.15968121588230133,0.42106255888938904,0.5659911632537842,-0.1505620926618576,0.4765101969242096,0.5919366478919983,-0.14472472667694092,0.5259091258049011,0.7078320980072021,-0.1269327998161316,0.3795824348926544,0.634507417678833,-0.16098593175411224,0.4231462776660919,0.6543269753456116,-0.1308814287185669,0.4744821786880493,0.6729487776756287,-0.10945529490709305,0.49718502163887024,0.782934308052063,-0.13519184291362762,0.3883852958679199,0.7168731689453125,-0.16026948392391205,0.4284159541130066,0.7273160219192505,-0.14129602909088135,0.473592072725296,0.7474719285964966,-0.12644922733306885
0.6090147495269775,0.7734448313713074,-4.3211761635575385e-07,0.6033073663711548,0.6299548745155334,-0.015500004403293133,0.5632755756378174,0.4625546932220459,-0.04424768313765526,0.5232269167900085,0.34039589762687683,-0.06813164055347443,0.5245663523674011,0.23623067140579224,-0.0909779965877533,0.5712246894836426,0.5162659287452698,-0.10766804963350296,0.41281628608703613,0.45995938777923584,-0.1533668339252472,0.44606465101242065,0.48767396807670593,-0.16686676442623138,0.49543166160583496,0.5044403076171875,-0.1705273687839508,0.5474514365196228,0.6187628507614136,-0.11823984980583191,0.3763682246208191,0.5410679578781128,-0.15714038908481598,0.4184354841709137,0.5629453659057617,-0.14803913235664368,0.4733566343784332,0.5888383984565735,-0.14299018681049347,0.5229579210281372,0.7077475190162659,-0.1262044608592987,0.3801838755607605,0.6325489282608032,-0.15851910412311554,0.42109283804893494,0.6517336368560791,-0.12902070581912994,0.47162631154060364,0.6705256700515747,-0.10863431543111801,0.4953629970550537,0.7831993103027344,-0.13412170112133026,0.3893537223339081,0.7172951102256775,-0.15819798409938812,0.42756083607673645,0.7263190150260925,-0.13971400260925293,0.47235625982284546,0.7449851036071777,-0.1254894733428955
0.6100877523422241,0.7693192958831787,-4.0907437437454064e-07,0.6034301519393921,0.6225734949111938,-0.0147294532507658,0.563448965549469,0.45654892921447754,-0.04374069720506668,0.5242522358894348,0.336838960647583,-0.06805787235498428,0.526611864566803,0.23322486877441406,-0.09128325432538986,0.5740779638290405,0.5094519853591919,-0.10684026032686234,0.41481611132621765,0.4581255316734314,-0.15139563381671906,0.4462900161743164,0.4850858449935913,-0.1634952872991562,0.49560922384262085,0.500218391418457,-0.16613925993442535,0.5519660711288452,0.6135278344154358,-0.11760473251342773,0.3793181777000427,0.5434068441390991,-0.1558581441640854,0.4198191165924072,0.563767671585083,-0.14607976377010345,0.4749594032764435,0.5867109894752502,-0.1405285894870758,0.5276837944984436,0.7043234705924988,-0.12570606172084808,0.3839302361011505,0.635791540145874,-0.15738748013973236,0.4242140054702759,0.6518113613128662,-0.12801797688007355,0.47502949833869934,0.6677269339561462,-0.10766255110502243,0.4997788667678833,0.7808821201324463,-0.13366809487342834,0.3928149938583374,0.7171730995178223,-0.15691857039928436,0.43106552958488464,0.7237165570259094,-0.13814203441143036,0.4759090840816498,0.7411264777183533,-0.12365961074829102
0.6099107265472412,0.7694487571716309,-4.402367892453185e-07,0.6031144857406616,0.6259002685546875,-0.014706904999911785,0.5636735558509827,0.45948612689971924,-0.041826970875263214,0.5245670080184937,0.33743342757225037,-0.06449370086193085,0.5277284979820251,0.23445099592208862,-0.08613947778940201,0.5737210512161255,0.5104737281799316,-0.10249978303909302,0.4154454469680786,0.45560747385025024,-0.14632119238376617,0.44569921493530273,0.48592501878738403,-0.15877173840999603,0.49445316195487976,0.5020618438720703,-0.1619081199169159,0.5512818098068237,0.6118108034133911,-0.11271342635154724,0.3802804946899414,0.5403146147727966,-0.14980636537075043,0.41798263788223267,0.5618671178817749,-0.14064626395702362,0.47209352254867554,0.5850369334220886,-0.13581086695194244,0.5268558859825134,0.7007632255554199,-0.1205463632941246,0.38422253727912903,0.6323575377464294,-0.15147565305233002,0.421428382396698,0.6509279012680054,-0.12286855280399323,0.4712194800376892,0.6676285266876221,-0.10313142091035843,0.4990759491920471,0.776004433631897,-0.12834805250167847,0.39217549562454224,0.7141421437263489,-0.1509222686290741,0.42831382155418396,0.7229123115539551,-0.1327148973941803,0.472949355840683,0.7405807971954346,-0.11870148032903671
0.6088365316390991,0.7636115550994873,-4.4850264657725347e-07,0.600139319896698,0.6195551753044128,-0.014872697181999683,0.5603594183921814,0.4536673426628113,-0.04344671219587326,0.521393358707428,0.33273419737815857,-0.06740860641002655,0.5275096893310547,0.2292112410068512,-0.0904899463057518,0.5740177035331726,0.5057238340377808,-0.10695596784353256,0.41362276673316956,0.4546089470386505,-0.15144187211990356,0.4453577995300293,0.48351621627807617,-0.16361117362976074,0.4940740764141083,0.4989107549190521,-0.16674688458442688,0.5536445379257202,0.6083546876907349,-0.11817275732755661,0.37848061323165894,0.539007842540741,-0.15606901049613953,0.4183865487575531,0.5607820749282837,-0.1463390290737152,0.472799152135849,0.5839645266532898,-0.14138534665107727,0.5310270190238953,0.6988162994384766,-0.1267574280500412,0.38399115204811096,0.630322277545929,-0.15886233747005463,0.42303332686424255,0.6487457156181335,-0.1295151710510254,0.4734521210193634,0.6653935313224792,-0.10947562754154205,0.5050030946731567,0.7756533622741699,-0.13521194458007812,0.3953976631164551,0.714991569519043,-0.15938691794872284,0.4320240914821625,0.7229146957397461,-0.14135527610778809,0.4768142104148865,0.739169716835022,-0.1275627315044403
0.6096900105476379,0.7658607959747314,-4.736965877327748e-07,0.6005292534828186,0.6209321618080139,-0.013239296153187752,0.5599291324615479,0.4550906717777252,-0.04008929803967476,0.5199187994003296,0.3343604505062103,-0.06294099241495132,0.5254514813423157,0.23129883408546448,-0.08495776355266571,0.5734685063362122,0.5039379596710205,-0.10110723972320557,0.41426557302474976,0.453687846660614,-0.1450607031583786,0.4469717741012573,0.48358607292175293,-0.15812693536281586,0.4962032735347748,0.4987308979034424,-0.1618727296590805,0.5517857074737549,0.6078130006790161,-0.11293541640043259,0.3799908459186554,0.5365059971809387,-0.1501958668231964,0.4215392768383026,0.5592530965805054,-0.14183808863162994,0.4763122797012329,0.5841483473777771,-0.13776780664920807,0.5284964442253113,0.6989696025848389,-0.12212014943361282,0.3829503059387207,0.627143383026123,-0.1536092907190323,0.4237188994884491,0.647926926612854,-0.12466210871934891,0.47489476203918457,0.6669073700904846,-0.10486621409654617,0.5020995140075684,0.7773885726928711,-0.13113005459308624,0.3936869502067566,0.7145001292228699,-0.15503643453121185,0.4310174584388733,0.7239100933074951,-0.13683845102787018,0.4762532711029053,0.7422868013381958,-0.1227099671959877
0.6087026000022888,0.7635920643806458,-4.5915541591057263e-07,0.5983327031135559,0.6202024221420288,-0.013916988857090473,0.5573848485946655,0.4533138573169708,-0.04208238422870636,0.5208621025085449,0.33030474185943604,-0.06618697941303253,0.5272021293640137,0.22636926174163818,-0.08975699543952942,0.5696362853050232,0.4994206428527832,-0.10421629250049591,0.4103649854660034,0.45265448093414307,-0.14909979701042175,0.44123533368110657,0.48409968614578247,-0.16242648661136627,0.49058064818382263,0.49926578998565674,-0.1663411557674408,0.5499359369277954,0.6025141477584839,-0.11617260426282883,0.3776276409626007,0.5351079702377319,-0.15492545068264008,0.4162033796310425,0.5587983727455139,-0.1464540809392929,0.4710555076599121,0.5821329951286316,-0.14218997955322266,0.5271719098091125,0.693739652633667,-0.12556548416614532,0.382051020860672,0.624243438243866,-0.15800191462039948,0.4195633828639984,0.6452192068099976,-0.1288585215806961,0.47004130482673645,0.6637986898422241,-0.10876304656267166,0.5005693435668945,0.771381676197052,-0.13480369746685028,0.3916237950325012,0.7062793374061584,-0.15871965885162354,0.4266728162765503,0.7165830135345459,-0.14032624661922455,0.47140225768089294,0.7356072664260864,-0.12615473568439484
0.6067770719528198,0.762328028678894,-4.89876356368768e-07,0.5977770090103149,0.6197942495346069,-0.012264643795788288,0.5577200651168823,0.4533187448978424,-0.039463482797145844,0.5203251242637634,0.33072179555892944,-0.06287890672683716,0.526868999004364,0.22777432203292847,-0.08575737476348877,0.5687059760093689,0.4974352717399597,-0.10252904146909714,0.4103391468524933,0.4502018094062805,-0.14652587473392487,0.44128429889678955,0.48413848876953125,-0.15924175083637238,0.4902365207672119,0.5001841187477112,-0.16308163106441498,0.5488132238388062,0.5999009609222412,-0.11517795920372009,0.3779299855232239,0.5334771871566772,-0.1531645804643631,0.4168798327445984,0.5592058897018433,-0.14427176117897034,0.47153449058532715,0.5826218724250793,-0.13993912935256958,0.5263647437095642,0.6912634968757629,-0.12511081993579865,0.38234448432922363,0.6244443655014038,-0.15669049322605133,0.4204041063785553,0.646839439868927,-0.12711089849472046,0.47116103768348694,0.6645973324775696,-0.10709856450557709,0.5004540085792542,0.769889771938324,-0.13476140797138214,0.39193642139434814,0.7085210084915161,-0.1580560803413391,0.4274142384529114,0.7193867564201355,-0.13943111896514893,0.47251230478286743,0.73699551820755,-0.1253446787595749
0.604786217212677,0.7616974711418152,-4.588340800637525e-07,0.5947458744049072,0.6193447709083557,-0.014874271117150784,0.553969144821167,0.451943963766098,-0.04348336532711983,0.5191471576690674,0.3291609585285187,-0.06773938238620758,0.5301085114479065,0.22712603211402893,-0.09126999229192734,0.5682779550552368,0.4964666962623596,-0.10722988843917847,0.4075947403907776,0.44699782133102417,-0.1535390019416809,0.4359757900238037,0.4818645715713501,-0.16665591299533844,0.48546576499938965,0.49728429317474365,-0.17028144001960754,0.5487545728683472,0.599489688873291,-0.11890668421983719,0.37471428513526917,0.5317925810813904,-0.15854421257972717,0.41123291850090027,0.5574864745140076,-0.14854475855827332,0.4666405916213989,0.5783772468566895,-0.14324046671390533,0.5264489054679871,0.6914864778518677,-0.12827102839946747,0.38098058104515076,0.6227297782897949,-0.16185785830020905,0.4178302586078644,0.6448971033096313,-0.13206520676612854,0.4689590334892273,0.6615309715270996,-0.11139660328626633,0.5011671185493469,0.7692887783050537,-0.13755621016025543,0.3929896354675293,0.7069768905639648,-0.16211967170238495,0.42772600054740906,0.7171725034713745,-0.14415784180164337,0.4727683663368225,0.7335672378540039,-0.13029415905475616
0.6050662398338318,0.7610454559326172,-4.868526275458862e-07,0.5966446399688721,0.6206164956092834,-0.01357420813292265,0.5555576682090759,0.4542961120605469,-0.04081065207719803,0.5189889669418335,0.33094102144241333,-0.06390970945358276,0.5281674265861511,0.22887495160102844,-0.08616406470537186,0.5674428343772888,0.49774423241615295,-0.10321974009275436,0.4078955054283142,0.4452705383300781,-0.1480962038040161,0.43787384033203125,0.481411874294281,-0.16100838780403137,0.48706772923469543,0.498352974653244,-0.1647513210773468,0.5462490320205688,0.5998421311378479,-0.115033358335495,0.3755262494087219,0.5288217067718506,-0.15360777080059052,0.4141389727592468,0.556516706943512,-0.14411450922489166,0.46905457973480225,0.5801581144332886,-0.1390976458787918,0.5231026411056519,0.690313994884491,-0.12441791594028473,0.38066431879997253,0.619533896446228,-0.15677639842033386,0.41857820749282837,0.6436175107955933,-0.12708230316638947,0.46915140748023987,0.6614744663238525,-0.10667137056589127,0.4972898066043854,0.7674956917762756,-0.13364049792289734,0.3911404609680176,0.7050829529762268,-0.15746983885765076,0.4270586669445038,0.7174072265625,-0.13914789259433746,0.47192564606666565,0.7347763776779175,-0.12509985268115997
0.6011876463890076,0.7546768188476562,-4.21318532062287e-07,0.5892597436904907,0.6094480752944946,-0.012699327431619167,0.5483933687210083,0.44601815938949585,-0.041749946773052216,0.5150012373924255,0.3248296082019806,-0.06702058017253876,0.5299456119537354,0.2241627275943756,-0.09199698269367218,0.5650357604026794,0.49418237805366516,-0.105476975440979,0.4061352014541626,0.4467248022556305,-0.1506684422492981,0.4367714524269104,0.47454366087913513,-0.16406403481960297,0.485678493976593,0.4899623394012451,-0.167990580201149,0.5442944765090942,0.5966927409172058,-0.11842703819274902,0.3719205856323242,0.5315577387809753,-0.15620854496955872,0.41130492091178894,0.5515249371528625,-0.14681781828403473,0.46563100814819336,0.573151171207428,-0.14262540638446808,0.5215295553207397,0.6888555884361267,-0.12862874567508698,0.3765159845352173,0.6216951012611389,-0.16005711257457733,0.41628867387771606,0.6394459009170532,-0.1303943246603012,0.4669063985347748,0.6563106775283813,-0.11057090759277344,0.4965698719024658,0.7671813368797302,-0.13870492577552795,0.3884050250053406,0.7068994641304016,-0.1621897667646408,0.4243887662887573,0.7136117815971375,-0.1438830941915512,0.468466579914093,0.7300204038619995,-0.13006770610809326
0.6014025211334229,0.7568008899688721,-4.5928413783258293e-07,0.5910580158233643,0.6133472323417664,-0.01169298030436039,0.5497961640357971,0.44835084676742554,-0.039931900799274445,0.517382800579071,0.32612621784210205,-0.06428226828575134,0.5304156541824341,0.22564491629600525,-0.0883009135723114,0.5639535188674927,0.49313920736312866,-0.1058531403541565,0.40630048513412476,0.4452401399612427,-0.14971810579299927,0.43757736682891846,0.4768047332763672,-0.1621285229921341,0.48610010743141174,0.4923957288265228,-0.16576962172985077,0.5431209802627563,0.5969235301017761,-0.11901713907718658,0.3720676004886627,0.5280178189277649,-0.15638630092144012,0.4124755859375,0.5522631406784058,-0.1467125564813614,0.4671369791030884,0.5770829319953918,-0.1420280635356903,0.5203239917755127,0.6893221735954285,-0.12903055548667908,0.37625962495803833,0.6198244690895081,-0.15952786803245544,0.416655033826828,0.6407433748245239,-0.12953390181064606,0.46734270453453064,0.6591012477874756,-0.10965397208929062,0.4948526918888092,0.7685204744338989,-0.1387147754430771,0.38752999901771545,0.7077003717422485,-0.16167296469211578,0.42451906204223633,0.7164219617843628,-0.14288778603076935,0.4689781367778778,0.7330346703529358,-0.12882310152053833
0.5987050533294678,0.7502828240394592,-4.81663391838083e-07,0.5833995342254639,0.6091431379318237,-0.011829468421638012,0.5421069264411926,0.44690778851509094,-0.040732622146606445,0.5132594108581543,0.3239082098007202,-0.06646464020013809,0.5315998792648315,0.2229238748550415,-0.0918484702706337,0.5600839853286743,0.48962971568107605,-0.10371746122837067,0.4002666771411896,0.44651490449905396,-0.14875662326812744,0.4279206097126007,0.48232847452163696,-0.16146358847618103,0.47558480501174927,0.4973435401916504,-0.1656671166419983,0.5445222854614258,0.5898517370223999,-0.11811026185750961,0.36906152963638306,0.5331191420555115,-0.15689583122730255,0.406451016664505,0.5576880574226379,-0.14688833057880402,0.4612404704093933,0.5763463377952576,-0.1423548460006714,0.52552729845047,0.6825730800628662,-0.13011784851551056,0.3778913915157318,0.623261570930481,-0.16292552649974823,0.4169715642929077,0.643705427646637,-0.1328107863664627,0.46789854764938354,0.6579923033714294,-0.11263719946146011,0.5033460855484009,0.7620506882667542,-0.1419108659029007,0.39199092984199524,0.7090092897415161,-0.1661861687898636,0.4262947142124176,0.7164463400840759,-0.14838477969169617,0.470206618309021,0.7293452620506287,-0.13510681688785553
0.6013014912605286,0.750739336013794,-5.119823640598042e-07,0.5858981609344482,0.610489010810852,-0.011427647434175014,0.5441824197769165,0.44872233271598816,-0.03936828300356865,0.5140406489372253,0.3258465528488159,-0.06446121633052826,0.5285148620605469,0.224737286567688,-0.08908474445343018,0.5575135946273804,0.49159616231918335,-0.10006126761436462,0.39925265312194824,0.44696950912475586,-0.14514952898025513,0.42808958888053894,0.48514875769615173,-0.15804794430732727,0.4760984480381012,0.501634418964386,-0.1620292216539383,0.5413227081298828,0.592212438583374,-0.1145191341638565,0.3699953258037567,0.5321835875511169,-0.15353795886039734,0.409415066242218,0.5593353509902954,-0.14405277371406555,0.4640141725540161,0.5807496309280396,-0.1393757164478302,0.5228829383850098,0.6842469573020935,-0.12673071026802063,0.3762434124946594,0.6229393482208252,-0.16018131375312805,0.4161660969257355,0.6460074186325073,-0.13057290017604828,0.4670088589191437,0.6624771356582642,-0.11038714647293091,0.5012062788009644,0.7638616561889648,-0.1386348307132721,0.39075013995170593,0.7093394994735718,-0.1635361909866333,0.42589449882507324,0.7194581031799316,-0.1456722468137741,0.4701707363128662,0.7348515391349792,-0.13191691040992737
0.5962748527526855,0.7462792992591858,-5.34389130280033e-07,0.5764871835708618,0.6092720031738281,-0.009865432046353817,0.5318142175674438,0.44712361693382263,-0.03748209774494171,0.5066500306129456,0.3250023126602173,-0.06236598640680313,0.5278271436691284,0.22516319155693054,-0.08723794668912888,0.5525887608528137,0.4810430705547333,-0.1011069193482399,0.3934299647808075,0.4456326961517334,-0.14479421079158783,0.42099976539611816,0.4877270460128784,-0.15600702166557312,0.4695631265640259,0.5026626586914062,-0.15957792103290558,0.5422987937927246,0.5792186260223389,-0.1167718768119812,0.36662882566452026,0.535211443901062,-0.1545528918504715,0.4045005440711975,0.5646743774414062,-0.14316485822200775,0.45928460359573364,0.5815409421920776,-0.13776805996894836,0.5272751450538635,0.6740792989730835,-0.13002274930477142,0.37749183177948,0.6263813972473145,-0.16342179477214813,0.4179559350013733,0.6496739387512207,-0.1334163099527359,0.46946898102760315,0.6624736785888672,-0.11343256384134293,0.5078960061073303,0.7579914331436157,-0.14264196157455444,0.39464330673217773,0.7116121053695679,-0.1683795005083084,0.43077102303504944,0.7217076420783997,-0.1506105214357376,0.4761132299900055,0.7335429787635803,-0.13709093630313873
0.5987092852592468,0.747100293636322,-5.475256443787657e-07,0.5790883302688599,0.6089476943016052,-0.00976400077342987,0.5361306071281433,0.4479571580886841,-0.03682280704379082,0.5091077089309692,0.3265068531036377,-0.06114262342453003,0.5274725556373596,0.22719702124595642,-0.08535763621330261,0.5522593259811401,0.4869249165058136,-0.10048738867044449,0.3915162682533264,0.44784465432167053,-0.1442314237356186,0.4210848808288574,0.4878370761871338,-0.15608684718608856,0.4695507884025574,0.5029188990592957,-0.15972821414470673,0.5399572849273682,0.5865881443023682,-0.11536659300327301,0.3669094443321228,0.5354698896408081,-0.15183943510055542,0.4059559404850006,0.5625548958778381,-0.14063677191734314,0.45957353711128235,0.5825577974319458,-0.13585510849952698,0.5232030749320984,0.6795512437820435,-0.12777896225452423,0.37471243739128113,0.6249346733093262,-0.15934786200523376,0.4142310321331024,0.6476823091506958,-0.12961271405220032,0.464488685131073,0.6632868051528931,-0.11043384671211243,0.5016161799430847,0.7611797451972961,-0.13960544764995575,0.38907334208488464,0.7089552879333496,-0.163657546043396,0.42482608556747437,0.7204339504241943,-0.14545156061649323,0.46944352984428406,0.7357827425003052,-0.13192898035049438
0.5916514992713928,0.7416478991508484,-5.489856107487867e-07,0.5691680908203125,0.6059951186180115,-0.008986934088170528,0.5250846147537231,0.44643211364746094,-0.03639930486679077,0.5003790855407715,0.32454079389572144,-0.06129566207528114,0.5199778079986572,0.22393372654914856,-0.08642581850290298,0.5484198331832886,0.4764605760574341,-0.10213636606931686,0.388619601726532,0.4442301392555237,-0.1445351392030716,0.41573184728622437,0.48567551374435425,-0.1539193093776703,0.463308721780777,0.49910634756088257,-0.15653231739997864,0.5414068698883057,0.5750371813774109,-0.11826219409704208,0.3634132444858551,0.5352742075920105,-0.15519694983959198,0.40037161111831665,0.5620054602622986,-0.1429702192544937,0.4535030722618103,0.5761911273002625,-0.13777051866054535,0.5283721685409546,0.6696673035621643,-0.1318417340517044,0.3747342526912689,0.6231629848480225,-0.1651790738105774,0.4152252972126007,0.6448783874511719,-0.13509851694107056,0.46604838967323303,0.656534731388092,-0.11553753912448883,0.5102105140686035,0.7527414560317993,-0.14459577202796936,0.39286887645721436,0.707214891910553,-0.17119179666042328,0.42854994535446167,0.7163137793540955,-0.1540040522813797,0.4736744165420532,0.7270636558532715,-0.14103969931602478
0.5969656705856323,0.7400326728820801,-5.519755177374464e-07,0.5724195241928101,0.6023693680763245,-0.01223057322204113,0.5265783071517944,0.4457821249961853,-0.03943187743425369,0.49848055839538574,0.32508593797683716,-0.06359826028347015,0.5168857574462891,0.2241601049900055,-0.0878506451845169,0.5458219051361084,0.4774610996246338,-0.10026098042726517,0.3877392113208771,0.44830676913261414,-0.14311529695987701,0.41733285784721375,0.4883613884449005,-0.15337786078453064,0.46508491039276123,0.4996240735054016,-0.1563159078359604,0.53754723072052,0.5766075253486633,-0.11412522941827774,0.3658454418182373,0.5376331806182861,-0.1511504203081131,0.40462926030158997,0.5641042590141296,-0.13994808495044708,0.45719683170318604,0.5800470113754272,-0.13529670238494873,0.5244474411010742,0.6697160005569458,-0.1259230077266693,0.37635767459869385,0.629115879535675,-0.1586446315050125,0.4165005683898926,0.6494526267051697,-0.13040310144424438,0.4664875864982605,0.661267876625061,-0.11230859160423279,0.506412148475647,0.7521904706954956,-0.1372314691543579,0.3917931914329529,0.7097030878067017,-0.1619807630777359,0.4278810918331146,0.7203465700149536,-0.14492592215538025,0.4734073877334595,0.7325062155723572,-0.13220421969890594
0.5890663266181946,0.7420283555984497,-5.779134539807274e-07,0.5691416263580322,0.6077039241790771,-0.009371327236294746,0.523598849773407,0.4475133419036865,-0.03556184470653534,0.49491479992866516,0.3252796232700348,-0.05906343832612038,0.512684166431427,0.22539931535720825,-0.0827527865767479,0.5466066598892212,0.4734658896923065,-0.09966893494129181,0.38914546370506287,0.44197309017181396,-0.1411859393119812,0.41400644183158875,0.4868846535682678,-0.1507352739572525,0.4609314799308777,0.5012944340705872,-0.1536477506160736,0.5394846796989441,0.5734261274337769,-0.11485910415649414,0.36475682258605957,0.5304312705993652,-0.15218527615070343,0.3988412916660309,0.5620902180671692,-0.14076220989227295,0.45188188552856445,0.5780137777328491,-0.13544340431690216,0.5257429480552673,0.668205976486206,-0.12750494480133057,0.37469422817230225,0.6210907101631165,-0.16130611300468445,0.41271382570266724,0.6464905738830566,-0.13200996816158295,0.4633009731769562,0.6586002707481384,-0.11246856302022934,0.5065526962280273,0.7512449622154236,-0.13926558196544647,0.393475204706192,0.7034236192703247,-0.16580159962177277,0.4277942478656769,0.716595470905304,-0.14877597987651825,0.4724067747592926,0.7287982702255249,-0.13572397828102112
0.5952234268188477,0.7383025884628296,-5.478622142618406e-07,0.5686144828796387,0.6011373400688171,-0.01259391289204359,0.5208848118782043,0.4454377293586731,-0.03921183943748474,0.4889134168624878,0.3232160806655884,-0.06271929293870926,0.506179690361023,0.2216717004776001,-0.08587169647216797,0.5475198030471802,0.47569015622138977,-0.09600987285375595,0.38910195231437683,0.444920152425766,-0.13876162469387054,0.41872087121009827,0.48452672362327576,-0.1496487706899643,0.46652501821517944,0.4964974522590637,-0.15294310450553894,0.5390247702598572,0.5755089521408081,-0.10943719744682312,0.36721372604370117,0.531167209148407,-0.14713920652866364,0.40452542901039124,0.5575360655784607,-0.13715554773807526,0.45659691095352173,0.5756694674491882,-0.13290292024612427,0.5244513154029846,0.6683515310287476,-0.12101772427558899,0.3764699697494507,0.6238452196121216,-0.15423864126205444,0.41475287079811096,0.6445857286453247,-0.12612022459506989,0.46421346068382263,0.6573924422264099,-0.10759145766496658,0.5049869418144226,0.7497411966323853,-0.13226871192455292,0.3913081884384155,0.7052519917488098,-0.15674333274364471,0.42676231265068054,0.7156745195388794,-0.13970918953418732,0.4719413220882416,0.7276223301887512,-0.12687397003173828
0.5920956134796143,0.7427088022232056,-6.060060968593461e-07,0.5698708891868591,0.6067175269126892,-0.012181473895907402,0.5225405693054199,0.4471985995769501,-0.03810519725084305,0.49275365471839905,0.3237490653991699,-0.06073707342147827,0.5082070231437683,0.22250783443450928,-0.0832844153046608,0.5439281463623047,0.467403382062912,-0.09772099554538727,0.38783836364746094,0.44322308897972107,-0.13972821831703186,0.4117627739906311,0.48863300681114197,-0.14910076558589935,0.457832008600235,0.4996260106563568,-0.15159521996974945,0.5375379323959351,0.565102756023407,-0.1111106127500534,0.36481234431266785,0.5328173637390137,-0.14955000579357147,0.3989424705505371,0.5645395517349243,-0.13835370540618896,0.4524591565132141,0.5780273675918579,-0.13251949846744537,0.5247644186019897,0.6584431529045105,-0.12263127416372299,0.3756769895553589,0.6253747940063477,-0.1568545550107956,0.41184595227241516,0.6490498781204224,-0.1288623809814453,0.4612089991569519,0.657363772392273,-0.10989921540021896,0.5065788626670837,0.7414233684539795,-0.13353519141674042,0.3920232951641083,0.7043535709381104,-0.15897077322006226,0.4255160987377167,0.7174364328384399,-0.1424536108970642,0.4703267812728882,0.7268180847167969,-0.12960520386695862
0.5964184999465942,0.7399767637252808,-5.661350996888359e-07,0.5695744752883911,0.6017932891845703,-0.012600612826645374,0.5197694301605225,0.4448988735675812,-0.03871726244688034,0.48717784881591797,0.32180649042129517,-0.061735864728689194,0.5031415820121765,0.22045889496803284,-0.0844808891415596,0.545359194278717,0.47112029790878296,-0.09544774144887924,0.3869190514087677,0.44614341855049133,-0.13799038529396057,0.41501936316490173,0.48746511340141296,-0.14796578884124756,0.4621361494064331,0.49774596095085144,-0.15041236579418182,0.5378286242485046,0.5692596435546875,-0.10872339457273483,0.3659628927707672,0.5335070490837097,-0.1462707370519638,0.4024544060230255,0.5602908730506897,-0.13539935648441315,0.45471346378326416,0.5750511288642883,-0.1303185224533081,0.5238852500915527,0.6619352102279663,-0.12036190927028656,0.3762154281139374,0.6244814395904541,-0.15337955951690674,0.4133773148059845,0.6456537842750549,-0.12533730268478394,0.4620300233364105,0.6565873622894287,-0.10679040849208832,0.5047006011009216,0.744238018989563,-0.13167442381381989,0.3909999132156372,0.7040604948997498,-0.15563586354255676,0.42504727840423584,0.7154651880264282,-0.138736292719841,0.46936550736427307,0.7270448803901672,-0.12587867677211761
0.5912550687789917,0.7427978515625,-6.090072020015214e-07,0.5681245923042297,0.6066877245903015,-0.009562249295413494,0.5193408131599426,0.44717615842819214,-0.0358855165541172,0.49040302634239197,0.32321789860725403,-0.0590766966342926,0.5067597031593323,0.22235894203186035,-0.08251923322677612,0.548625111579895,0.46909448504447937,-0.10136346518993378,0.3925292491912842,0.4404139220714569,-0.14240050315856934,0.4174988269805908,0.4835685193538666,-0.15109197795391083,0.4628787934780121,0.49485108256340027,-0.15348660945892334,0.5410592555999756,0.5703802108764648,-0.11629253625869751,0.36488965153694153,0.529795229434967,-0.1528056114912033,0.40156644582748413,0.5609082579612732,-0.1399136185646057,0.4556067883968353,0.5764543414115906,-0.1338532567024231,0.5268183350563049,0.6653687357902527,-0.12851563096046448,0.3737083673477173,0.620681643486023,-0.16102969646453857,0.41191911697387695,0.6454938650131226,-0.13107582926750183,0.46164670586586,0.6572500467300415,-0.11168163269758224,0.5067852735519409,0.749360203742981,-0.13984256982803345,0.3907318711280823,0.7032971382141113,-0.16498686373233795,0.42531588673591614,0.7160816192626953,-0.14732298254966736,0.4701717495918274,0.7275091409683228,-0.1341700255870819
0.5957045555114746,0.7397687435150146,-5.690691864401742e-07,0.5681621432304382,0.5996271371841431,-0.01089254766702652,0.5180858373641968,0.44350045919418335,-0.037532225251197815,0.48551324009895325,0.3218532204627991,-0.06113767623901367,0.5037211775779724,0.2214864194393158,-0.08461403101682663,0.5492865443229675,0.475288450717926,-0.09915868192911148,0.3900027871131897,0.4460938274860382,-0.14074568450450897,0.4215276539325714,0.4838651418685913,-0.14992201328277588,0.46877896785736084,0.494741290807724,-0.15238071978092194,0.5406599044799805,0.5750901699066162,-0.11379122734069824,0.36660289764404297,0.5320014953613281,-0.15004055202007294,0.4062461853027344,0.556490957736969,-0.13832539319992065,0.4582832455635071,0.5734949707984924,-0.13364577293395996,0.5259261131286621,0.6681305170059204,-0.12601710855960846,0.37484556436538696,0.6224985122680664,-0.15781842172145844,0.4143753945827484,0.6422834396362305,-0.1288946270942688,0.4636218547821045,0.6555685997009277,-0.1106637492775917,0.5055580735206604,0.7507975697517395,-0.1377716213464737,0.38940081000328064,0.7046617865562439,-0.16183756291866302,0.4244728684425354,0.7144449353218079,-0.14461152255535126,0.46945521235466003,0.7273909449577332,-0.1320490837097168
0.5943108201026917,0.7441788911819458,-5.947713930254395e-07,0.5718218684196472,0.6072870492935181,-0.01086390484124422,0.5233685970306396,0.4485596716403961,-0.03729872778058052,0.49099352955818176,0.3251206874847412,-0.06050293892621994,0.5054425597190857,0.2224659025669098,-0.08373700082302094,0.5496256351470947,0.4704129695892334,-0.0997849851846695,0.3933241665363312,0.4388220012187958,-0.14083656668663025,0.41827940940856934,0.48098063468933105,-0.14945368468761444,0.46387895941734314,0.4943843483924866,-0.15155844390392303,0.5402022004127502,0.5703635215759277,-0.11396072059869766,0.3650917410850525,0.5267673134803772,-0.15121519565582275,0.40241387486457825,0.5566132664680481,-0.13936090469360352,0.45640695095062256,0.573261022567749,-0.1335209459066391,0.5250455141067505,0.6640760898590088,-0.12563197314739227,0.3734480142593384,0.6193998456001282,-0.1585051566362381,0.4123457968235016,0.6424651741981506,-0.1293257623910904,0.46209242939949036,0.6540127396583557,-0.11014070361852646,0.5043314099311829,0.7472477555274963,-0.1365356594324112,0.38864728808403015,0.7009077668190002,-0.16140155494213104,0.4240667521953583,0.7124838829040527,-0.14386659860610962,0.469283789396286,0.7230793833732605,-0.13065238296985626
0.5952586531639099,0.742524266242981,-5.700758833881991e-07,0.569012463092804,0.6030666828155518,-0.01132944505661726,0.5199945569038391,0.4466171860694885,-0.0379977785050869,0.4879918694496155,0.32377681136131287,-0.06157747283577919,0.5029371976852417,0.2212401032447815,-0.08508455008268356,0.5499228835105896,0.4683449864387512,-0.09952329099178314,0.39170053601264954,0.4403528571128845,-0.1406126767396927,0.4188042879104614,0.48161739110946655,-0.14863505959510803,0.4653646647930145,0.4949469566345215,-0.1503160446882248,0.5418346524238586,0.5688050389289856,-0.11411521583795547,0.36596155166625977,0.5291323065757751,-0.15207558870315552,0.40384775400161743,0.5559675693511963,-0.14075306057929993,0.45727935433387756,0.5720033049583435,-0.13551941514015198,0.5272160768508911,0.6632201671600342,-0.12633240222930908,0.37413179874420166,0.6218539476394653,-0.16013236343860626,0.4134480357170105,0.6432620882987976,-0.13144858181476593,0.46341419219970703,0.6549348831176758,-0.11266006529331207,0.5072677135467529,0.7472862005233765,-0.13787603378295898,0.3901006579399109,0.703260064125061,-0.16348481178283691,0.42530539631843567,0.714518666267395,-0.14636585116386414,0.47065702080726624,0.7254431247711182,-0.13337212800979614
0.5976175665855408,0.7379736304283142,-5.407233629739494e-07,0.5721158981323242,0.5991047024726868,-0.011518741026520729,0.5232068300247192,0.4426974654197693,-0.03932458907365799,0.49149006605148315,0.3210770785808563,-0.06352073699235916,0.5059295296669006,0.2197416126728058,-0.08764660358428955,0.5510559678077698,0.4757339060306549,-0.10461737215518951,0.3919757306575775,0.4426550269126892,-0.14641809463500977,0.42056116461753845,0.4796826243400574,-0.15441937744617462,0.46715450286865234,0.4922448992729187,-0.15570445358753204,0.5404905676841736,0.5757517218589783,-0.1187857985496521,0.36499518156051636,0.527785062789917,-0.1549830436706543,0.40359556674957275,0.5528138279914856,-0.1418491005897522,0.4566715359687805,0.570372462272644,-0.1360059380531311,0.5248352289199829,0.6687158942222595,-0.13020476698875427,0.3734857141971588,0.6197550296783447,-0.16175949573516846,0.41338077187538147,0.6391786932945251,-0.13137492537498474,0.46279990673065186,0.6520743370056152,-0.11228355765342712,0.5042265057563782,0.7506284713745117,-0.14106540381908417,0.38933688402175903,0.7026374340057373,-0.16517728567123413,0.42529118061065674,0.7121930122375488,-0.14691929519176483,0.46979695558547974,0.7247567176818848,-0.13369810581207275
0.5926742553710938,0.7417671084403992,-5.516859573617694e-07,0.5720726847648621,0.6053951978683472,-0.009064934216439724,0.5246726870536804,0.44550395011901855,-0.03526272997260094,0.49644044041633606,0.32217171788215637,-0.05842681601643562,0.5116705298423767,0.22226467728614807,-0.08214687556028366,0.5498284101486206,0.4729854166507721,-0.10344880074262619,0.3945872187614441,0.43833744525909424,-0.1442127674818039,0.4199534058570862,0.4776429831981659,-0.1534726917743683,0.4649454951286316,0.49066752195358276,-0.1562482863664627,0.5391855239868164,0.5747445821762085,-0.1183953732252121,0.3655070662498474,0.5238573551177979,-0.15403985977172852,0.40057650208473206,0.5519847869873047,-0.14204232394695282,0.4532727301120758,0.5705692172050476,-0.1367478221654892,0.5230551958084106,0.6695788502693176,-0.13024401664733887,0.3728708028793335,0.6172394752502441,-0.16149818897247314,0.4113059639930725,0.6395809054374695,-0.13199983537197113,0.4614749252796173,0.653562605381012,-0.11302224546670914,0.5017850995063782,0.7525728940963745,-0.14120538532733917,0.38915833830833435,0.7024476528167725,-0.1657266467809677,0.42400291562080383,0.7128548622131348,-0.14812259376049042,0.4683370590209961,0.725245475769043,-0.1351356953382492
0.5970799922943115,0.7375495433807373,-5.806254534945765e-07,0.5714583396911621,0.6022920608520508,-0.012009738944470882,0.522045373916626,0.44492295384407043,-0.03882180154323578,0.4902719259262085,0.322057843208313,-0.06206173449754715,0.5043744444847107,0.22006583213806152,-0.08502946048974991,0.5480493903160095,0.46745580434799194,-0.10108989477157593,0.3896273076534271,0.43923813104629517,-0.14386066794395447,0.41606685519218445,0.4840226471424103,-0.15276435017585754,0.4636303782463074,0.4958811402320862,-0.15471182763576508,0.5406859517097473,0.5669355988502502,-0.11482783406972885,0.36503517627716064,0.5270684361457825,-0.1530006229877472,0.4009005129337311,0.559390127658844,-0.14037534594535828,0.45504236221313477,0.5751891136169434,-0.1340198814868927,0.5265342593193054,0.6611376404762268,-0.1263950765132904,0.3748469054698944,0.6206644773483276,-0.15991033613681793,0.41252708435058594,0.645973801612854,-0.12973973155021667,0.462923526763916,0.6567065715789795,-0.10999569296836853,0.5070437788963318,0.7450152635574341,-0.13738830387592316,0.39103537797927856,0.7042427062988281,-0.16283777356147766,0.4262169301509857,0.717568039894104,-0.14517658948898315,0.4717493951320648,0.7285513877868652,-0.13177838921546936
0.5957090854644775,0.7377111911773682,-5.728795713366708e-07,0.5702575445175171,0.6017589569091797,-0.012427475303411484,0.5212444067001343,0.4437088370323181,-0.03995397314429283,0.49009090662002563,0.32076364755630493,-0.06373868882656097,0.5055297017097473,0.21858590841293335,-0.08733273297548294,0.5483694672584534,0.4679361879825592,-0.10315447300672531,0.39078760147094727,0.43940359354019165,-0.14589349925518036,0.41681838035583496,0.48297905921936035,-0.15473572909832,0.46364283561706543,0.49488481879234314,-0.15668097138404846,0.5408952832221985,0.5683931112289429,-0.11672782897949219,0.3646007776260376,0.5266129970550537,-0.15498889982700348,0.4004721939563751,0.558735191822052,-0.142258420586586,0.45455998182296753,0.5751321315765381,-0.13578422367572784,0.5264309048652649,0.6630932092666626,-0.12798859179019928,0.3741306662559509,0.6197388172149658,-0.16184712946414948,0.41213908791542053,0.6448453068733215,-0.13159571588039398,0.46238911151885986,0.6564030647277832,-0.11158809065818787,0.5063953995704651,0.7469411492347717,-0.13862872123718262,0.3910723328590393,0.7028288245201111,-0.16440127789974213,0.4261678159236908,0.715847373008728,-0.14670605957508087,0.47097650170326233,0.7274672389030457,-0.13326115906238556
0.5979145765304565,0.7421982884407043,-5.744724944634072e-07,0.5717030167579651,0.603905200958252,-0.012192624621093273,0.5204622149467468,0.44669878482818604,-0.04034309834241867,0.4873623549938202,0.32584428787231445,-0.06511059403419495,0.4987305998802185,0.22252881526947021,-0.08976063132286072,0.5495266318321228,0.47471949458122253,-0.10361617058515549,0.3896135091781616,0.44493624567985535,-0.14777234196662903,0.41886240243911743,0.4853741228580475,-0.1584644913673401,0.46661972999572754,0.4975181221961975,-0.16144873201847076,0.5416073203086853,0.5746439099311829,-0.11799360811710358,0.3648568093776703,0.5316788554191589,-0.15628348290920258,0.40318095684051514,0.5589334964752197,-0.14456315338611603,0.45700803399086,0.5762627720832825,-0.13924553990364075,0.5271210670471191,0.6688700914382935,-0.1301114559173584,0.37411677837371826,0.6229376792907715,-0.16352465748786926,0.4137778878211975,0.6436499357223511,-0.1339123398065567,0.46431344747543335,0.6559732556343079,-0.11478203535079956,0.5065893530845642,0.7521155476570129,-0.1417042762041092,0.39014554023742676,0.7040789127349854,-0.16738536953926086,0.42552846670150757,0.7139803171157837,-0.1498022824525833,0.4707930088043213,0.7266275882720947,-0.13661761581897736
0.5940476059913635,0.7427041530609131,-5.92538128785236e-07,0.568385899066925,0.6052550673484802,-0.011631520465016365,0.5182557106018066,0.44757896661758423,-0.03977768495678902,0.4871137738227844,0.3249197006225586,-0.06440426409244537,0.5005711317062378,0.22102239727973938,-0.08915354311466217,0.5501067638397217,0.470468670129776,-0.10449638217687607,0.39067506790161133,0.4425092339515686,-0.14787839353084564,0.4171174168586731,0.48449215292930603,-0.15796929597854614,0.4638659656047821,0.4974850118160248,-0.1608356535434723,0.5437993407249451,0.5715447664260864,-0.11909650266170502,0.3642452359199524,0.5315377116203308,-0.15705294907093048,0.4012826681137085,0.5602619647979736,-0.14477482438087463,0.45524996519088745,0.5765242576599121,-0.13927626609802246,0.5299572944641113,0.6671046614646912,-0.13127659261226654,0.37367603182792664,0.6223816275596619,-0.1652635782957077,0.41288086771965027,0.6447073817253113,-0.13535945117473602,0.46321481466293335,0.6568167805671692,-0.1159859225153923,0.5094574689865112,0.7519734501838684,-0.14268645644187927,0.3899654150009155,0.7046069502830505,-0.16937284171581268,0.4251066744327545,0.7157267928123474,-0.1518753319978714,0.47027331590652466,0.7277510762214661,-0.13867627084255219
0.5978717803955078,0.7414486408233643,-5.659303496940993e-07,0.5714584589004517,0.6007927060127258,-0.011928088963031769,0.5204946398735046,0.444033682346344,-0.03924281522631645,0.48598963022232056,0.32309556007385254,-0.06333359330892563,0.5016327500343323,0.22160378098487854,-0.08726649731397629,0.5504746437072754,0.47935229539871216,-0.10063761472702026,0.3906720280647278,0.4475128948688507,-0.14334924519062042,0.42196518182754517,0.48543187975883484,-0.15321163833141327,0.4689120650291443,0.4967573881149292,-0.15588711202144623,0.540823221206665,0.5791876912117004,-0.1150532141327858,0.36576831340789795,0.53240567445755,-0.15173912048339844,0.40577834844589233,0.5583992004394531,-0.139799565076828,0.4580067992210388,0.5772183537483215,-0.13470640778541565,0.5259876251220703,0.6720825433731079,-0.12722466886043549,0.3744810223579407,0.6242583990097046,-0.15958048403263092,0.4154522120952606,0.6446923017501831,-0.1302790343761444,0.46514302492141724,0.658368706703186,-0.11163469403982162,0.5052266716957092,0.7543753981590271,-0.13898393511772156,0.3891961872577667,0.7074878215789795,-0.16367879509925842,0.4253547191619873,0.7180606126785278,-0.1461513340473175,0.47011327743530273,0.73194420337677,-0.133272185921669
0.5931774973869324,0.7460065484046936,-5.885383984605141e-07,0.5715808272361755,0.6082464456558228,-0.010510298423469067,0.5228393077850342,0.4477316737174988,-0.03802921250462532,0.4913937449455261,0.3247511684894562,-0.06217793747782707,0.5058136582374573,0.22341123223304749,-0.08655630052089691,0.5499311685562134,0.4747012257575989,-0.10543468594551086,0.39225679636001587,0.4429747462272644,-0.14745177328586578,0.419449120759964,0.48503512144088745,-0.15639346837997437,0.4652576744556427,0.4973486661911011,-0.15884070098400116,0.5401889085769653,0.5774620771408081,-0.12032099813222885,0.36356472969055176,0.5323362946510315,-0.15748365223407745,0.40171337127685547,0.5629932284355164,-0.1445324569940567,0.45570623874664307,0.5807309150695801,-0.13842667639255524,0.5248819589614868,0.6729610562324524,-0.13236193358898163,0.3721482753753662,0.625868558883667,-0.16480103135108948,0.4120440185070038,0.6496182680130005,-0.13404759764671326,0.4620755612850189,0.6621082425117493,-0.11429429054260254,0.504180908203125,0.7569515705108643,-0.1436363011598587,0.3890721797943115,0.7084842920303345,-0.16894647479057312,0.4250704050064087,0.721122145652771,-0.15058228373527527,0.46957099437713623,0.7340680360794067,-0.136992946267128
0.5974027514457703,0.7439064979553223,-5.400062832450203e-07,0.5718206763267517,0.6041216850280762,-0.011840705759823322,0.5203995704650879,0.44611701369285583,-0.03915907442569733,0.48683279752731323,0.3239496648311615,-0.06343172490596771,0.5017042756080627,0.2233855426311493,-0.08751774579286575,0.5505641102790833,0.4796668589115143,-0.1002425029873848,0.38900867104530334,0.44612687826156616,-0.14500677585601807,0.419275164604187,0.4849003553390503,-0.1564926952123642,0.4673648178577423,0.49677205085754395,-0.159577876329422,0.5405541658401489,0.5814629793167114,-0.11459875851869583,0.36457937955856323,0.5334914326667786,-0.15312132239341736,0.4038349986076355,0.5593068599700928,-0.1418539136648178,0.45724353194236755,0.5767988562583923,-0.1365002542734146,0.5237441658973694,0.6756665110588074,-0.12694883346557617,0.3733244240283966,0.6261507272720337,-0.16047634184360504,0.4127155542373657,0.6469360589981079,-0.13085436820983887,0.4620612561702728,0.6602245569229126,-0.11118411272764206,0.5008119344711304,0.7579626441001892,-0.13888302445411682,0.38606488704681396,0.707646369934082,-0.16309301555156708,0.4216676950454712,0.7184857130050659,-0.1445716917514801,0.46605291962623596,0.7329338788986206,-0.13063903152942657
0.5937967896461487,0.7478809952735901,-5.532656928153301e-07,0.5749264359474182,0.6085366010665894,-0.010179135017096996,0.5254998207092285,0.4477638602256775,-0.037163395434617996,0.4925057888031006,0.32569003105163574,-0.06080595403909683,0.5051590800285339,0.22500482201576233,-0.08471964299678802,0.5496265888214111,0.47868776321411133,-0.10498689860105515,0.39217397570610046,0.44223716855049133,-0.14638502895832062,0.4198731780052185,0.48166385293006897,-0.15587076544761658,0.4660460352897644,0.4956381916999817,-0.1587061733007431,0.5380262136459351,0.5815988183021545,-0.11960398405790329,0.3631456196308136,0.5293691158294678,-0.15621580183506012,0.4009809195995331,0.5584247708320618,-0.14434455335140228,0.4550319314002991,0.5781408548355103,-0.1389390230178833,0.520980954170227,0.6765103936195374,-0.13109251856803894,0.3706831932067871,0.6222774386405945,-0.1626567542552948,0.40963372588157654,0.646043598651886,-0.1323566436767578,0.4596325755119324,0.6611811518669128,-0.11281617730855942,0.4985184073448181,0.759321928024292,-0.1418328434228897,0.385884553194046,0.7068457007408142,-0.16645827889442444,0.42191046476364136,0.7189629077911377,-0.1479663848876953,0.4663942754268646,0.733295202255249,-0.13431471586227417
0.598626971244812,0.7441842555999756,-5.708652111025003e-07,0.5740026235580444,0.6060498952865601,-0.01272639725357294,0.5235962867736816,0.4490881562232971,-0.040104422718286514,0.48970094323158264,0.3266175091266632,-0.06404123455286026,0.5040859580039978,0.22356387972831726,-0.08771926909685135,0.5487915277481079,0.4748397469520569,-0.10081100463867188,0.3908836543560028,0.4474482536315918,-0.14390861988067627,0.41826218366622925,0.4885854721069336,-0.15364119410514832,0.46486830711364746,0.5001339316368103,-0.15621593594551086,0.5397918820381165,0.5761271119117737,-0.11472127586603165,0.36373794078826904,0.5366432070732117,-0.15363307297229767,0.4017813801765442,0.5652117729187012,-0.14218606054782867,0.4555361568927765,0.5800936222076416,-0.13652276992797852,0.5257325172424316,0.67131108045578,-0.12656603753566742,0.3730604648590088,0.6296759247779846,-0.1614968329668045,0.41248202323913574,0.6516055464744568,-0.13222023844718933,0.4623590111732483,0.6619911789894104,-0.11255450546741486,0.5067064166069031,0.7553420066833496,-0.13785895705223083,0.39056888222694397,0.7136898040771484,-0.16442295908927917,0.4262840151786804,0.72452312707901,-0.14739370346069336,0.4711188077926636,0.7346786856651306,-0.13422460854053497
0.5968012809753418,0.746077835559845,-5.819355237690615e-07,0.5733818411827087,0.6077543497085571,-0.010390091687440872,0.5239188075065613,0.44952598214149475,-0.0375608429312706,0.49145716428756714,0.3275813162326813,-0.06171369180083275,0.5050603151321411,0.22591891884803772,-0.08575250208377838,0.5482890009880066,0.475122332572937,-0.1023387759923935,0.3894779682159424,0.44631993770599365,-0.14511588215827942,0.41816896200180054,0.4877795875072479,-0.15438279509544373,0.4653942584991455,0.500205397605896,-0.1566849648952484,0.5396680235862732,0.5771252512931824,-0.11747729778289795,0.36251896619796753,0.5360532402992249,-0.15578581392765045,0.4016325771808624,0.5653659105300903,-0.14359904825687408,0.45563584566116333,0.5810640454292297,-0.13766524195671082,0.5260055661201477,0.6730933785438538,-0.13006635010242462,0.37213587760925293,0.628570556640625,-0.16416573524475098,0.41272640228271484,0.6516543030738831,-0.13390938937664032,0.4632488489151001,0.6634944081306458,-0.1138848066329956,0.5071580410003662,0.7582565546035767,-0.1418827474117279,0.3903999328613281,0.7136301398277283,-0.1683572232723236,0.4266038239002228,0.7243871688842773,-0.1507233828306198,0.4717635214328766,0.7354633808135986,-0.13719423115253448
0.5997208952903748,0.7436954975128174,-5.50627191842068e-07,0.572035014629364,0.606971800327301,-0.013319742865860462,0.5192955732345581,0.448342502117157,-0.04224340617656708,0.4872300326824188,0.3267531096935272,-0.06772046536207199,0.5043522119522095,0.22420582175254822,-0.09306557476520538,0.5500388741493225,0.47980672121047974,-0.10522708296775818,0.3892137408256531,0.44819191098213196,-0.15109118819236755,0.4177696704864502,0.48964574933052063,-0.16280178725719452,0.46631866693496704,0.5015481114387512,-0.16623298823833466,0.540955126285553,0.5830478072166443,-0.11951044201850891,0.3621567189693451,0.5372486710548401,-0.1595333069562912,0.40120261907577515,0.5667620301246643,-0.14772821962833405,0.45682376623153687,0.5833830237388611,-0.14187142252922058,0.5258722305297852,0.6788969039916992,-0.13176767528057098,0.37032371759414673,0.6275480389595032,-0.1673259437084198,0.4105634391307831,0.6512584090232849,-0.13687840104103088,0.4626213610172272,0.6647696495056152,-0.11634046584367752,0.5049344897270203,0.7631896138191223,-0.1436261385679245,0.38790422677993774,0.7121573686599731,-0.1707310676574707,0.42281901836395264,0.723076343536377,-0.15311740338802338,0.46820738911628723,0.7360235452651978,-0.13952510058879852
0.5941179394721985,0.7497372627258301,-5.697488631994929e-07,0.5736407041549683,0.612497091293335,-0.011302126571536064,0.5229983329772949,0.4512220621109009,-0.03838244080543518,0.4913959205150604,0.3288155794143677,-0.062085941433906555,0.505237340927124,0.22782129049301147,-0.08586569875478745,0.5490950345993042,0.47990158200263977,-0.1047547459602356,0.3904034197330475,0.4447062015533447,-0.14765256643295288,0.4176200032234192,0.4864986538887024,-0.15775495767593384,0.46519482135772705,0.499849408864975,-0.16057203710079193,0.5396485924720764,0.5836493372917175,-0.11888982355594635,0.3627837896347046,0.5353004932403564,-0.15657541155815125,0.40092331171035767,0.5653409361839294,-0.14456500113010406,0.45603933930397034,0.5826387405395508,-0.1386968046426773,0.5239375233650208,0.6796966195106506,-0.1303529590368271,0.37122488021850586,0.6272633671760559,-0.16385509073734283,0.41093578934669495,0.6512866616249084,-0.13388654589653015,0.4622710943222046,0.6650115251541138,-0.1138700321316719,0.5018416047096252,0.7639404535293579,-0.1410800814628601,0.3865131139755249,0.7112225294113159,-0.167178675532341,0.4221309721469879,0.7226943969726562,-0.14932695031166077,0.46764516830444336,0.7362304925918579,-0.13566994667053223
0.6023078560829163,0.7487190961837769,-5.616394105345535e-07,0.5758469700813293,0.6086219549179077,-0.011721059679985046,0.5229946374893188,0.4509550631046295,-0.038354337215423584,0.48598814010620117,0.3297777771949768,-0.06204848363995552,0.4969083070755005,0.22793233394622803,-0.08558876812458038,0.5445968508720398,0.48446983098983765,-0.09670412540435791,0.38515204191207886,0.4558465778827667,-0.1421894133090973,0.41623225808143616,0.4950792193412781,-0.15550298988819122,0.4649810791015625,0.5059502124786377,-0.1598866581916809,0.5360097885131836,0.5848957896232605,-0.11095375567674637,0.36322566866874695,0.5454567074775696,-0.14871858060359955,0.40333622694015503,0.5727060437202454,-0.1379932165145874,0.4566214978694916,0.5886008739471436,-0.1332104355096817,0.5229622721672058,0.6802043318748474,-0.12355617433786392,0.3751627504825592,0.6398037672042847,-0.15731512010097504,0.41566088795661926,0.6605912446975708,-0.12826353311538696,0.4656928777694702,0.6723406314849854,-0.10896569490432739,0.5049774646759033,0.7656118869781494,-0.13570939004421234,0.39008376002311707,0.7227604985237122,-0.16081954538822174,0.425994873046875,0.7335300445556641,-0.14279673993587494,0.47088539600372314,0.746563732624054,-0.12896358966827393
0.5954504013061523,0.754680335521698,-5.73143722704117e-07,0.5760077834129333,0.6170709133148193,-0.01073202583938837,0.5229821801185608,0.4560331404209137,-0.03777696192264557,0.4878230392932892,0.3326207995414734,-0.06154116988182068,0.5024498105049133,0.22991061210632324,-0.08496067672967911,0.5466570854187012,0.48262864351272583,-0.10229834914207458,0.3870686888694763,0.4496949017047882,-0.1451696753501892,0.4155750870704651,0.4913712739944458,-0.15559470653533936,0.4627990126609802,0.5044264197349548,-0.15879188477993011,0.5363962650299072,0.5837399363517761,-0.11687219142913818,0.36044925451278687,0.5401308536529541,-0.1535002738237381,0.39804938435554504,0.5705717206001282,-0.1409658044576645,0.4520661532878876,0.5854483842849731,-0.1349145919084549,0.5214202404022217,0.6797106266021729,-0.12899169325828552,0.37419992685317993,0.6337903738021851,-0.16146011650562286,0.4136737883090973,0.6581611633300781,-0.13034425675868988,0.4638878107070923,0.6689404249191284,-0.10977522283792496,0.5021694898605347,0.763837456703186,-0.14051170647144318,0.3902991712093353,0.7169696688652039,-0.16517937183380127,0.4260397255420685,0.7298144102096558,-0.14600783586502075,0.47020629048347473,0.7422739267349243,-0.1317051351070404
0.6019578576087952,0.7552827596664429,-5.645465535053518e-07,0.5718352794647217,0.6170355081558228,-0.011588429100811481,0.5186209678649902,0.4580706059932709,-0.038095954805612564,0.4852711856365204,0.3343597650527954,-0.0618557408452034,0.49576935172080994,0.23227879405021667,-0.08530079573392868,0.549080491065979,0.49172696471214294,-0.09793855994939804,0.3868969678878784,0.4588952660560608,-0.1449284702539444,0.4151361882686615,0.5013084411621094,-0.15919311344623566,0.4638653099536896,0.5149691104888916,-0.16367480158805847,0.5399894118309021,0.5930920243263245,-0.11241021752357483,0.3612465262413025,0.5476516485214233,-0.15214323997497559,0.3973672091960907,0.5783790349960327,-0.14172399044036865,0.452644407749176,0.5942401885986328,-0.1363207995891571,0.523809015750885,0.6881150007247925,-0.1254359632730484,0.37196892499923706,0.643233060836792,-0.15958642959594727,0.4083154499530792,0.6660910844802856,-0.13048155605793,0.459734171628952,0.6778483986854553,-0.11046356707811356,0.5008949041366577,0.7709813714027405,-0.13824677467346191,0.3873913586139679,0.7269301414489746,-0.1625775247812271,0.4185313582420349,0.7382423877716064,-0.14518916606903076,0.46230772137641907,0.7523375153541565,-0.13167184591293335
0.5960713624954224,0.7580276727676392,-5.575468549068319e-07,0.573419988155365,0.6195745468139648,-0.012728775851428509,0.5208842158317566,0.4590578079223633,-0.039691828191280365,0.48675575852394104,0.33577924966812134,-0.06308532506227493,0.4965933859348297,0.23399528861045837,-0.08599330484867096,0.5473838448524475,0.49283432960510254,-0.10200092941522598,0.3861676752567291,0.45704078674316406,-0.14624252915382385,0.4138052761554718,0.49971941113471985,-0.1581505537033081,0.4617886543273926,0.5146165490150452,-0.16163593530654907,0.5361421704292297,0.59492027759552,-0.11503220349550247,0.3601950407028198,0.5464009642601013,-0.15374231338500977,0.39598941802978516,0.5788357257843018,-0.14256276190280914,0.4510951042175293,0.5948647260665894,-0.13660624623298645,0.5185238718986511,0.6890487670898438,-0.1260208934545517,0.37117207050323486,0.64067542552948,-0.15932168066501617,0.4067135155200958,0.6659764051437378,-0.12958914041519165,0.4569622278213501,0.6777833700180054,-0.10917644202709198,0.49538207054138184,0.7698619961738586,-0.13673044741153717,0.38616031408309937,0.721184492111206,-0.1606992483139038,0.41821813583374023,0.7360999584197998,-0.14224423468112946,0.4610925316810608,0.7520756721496582,-0.12812292575836182
0.6032743453979492,0.7602352499961853,-5.459895078274712e-07,0.5638752579689026,0.6219664812088013,-0.013275464996695518,0.5088050365447998,0.464938759803772,-0.04071619734168053,0.48057258129119873,0.3425588607788086,-0.06476075947284698,0.4840508699417114,0.23858407139778137,-0.0888800323009491,0.538915753364563,0.49593019485473633,-0.1028648093342781,0.37414082884788513,0.4759787619113922,-0.14674173295497894,0.40607428550720215,0.5178436636924744,-0.1580561101436615,0.45561590790748596,0.5305818319320679,-0.16128836572170258,0.5362852811813354,0.5953225493431091,-0.11613613367080688,0.35708189010620117,0.5670830607414246,-0.15313705801963806,0.3955274224281311,0.5952742099761963,-0.14271728694438934,0.449557363986969,0.611356258392334,-0.13866956532001495,0.5252066850662231,0.6915968060493469,-0.12746194005012512,0.37183287739753723,0.6644895672798157,-0.15941272675991058,0.4094250798225403,0.684770941734314,-0.13153544068336487,0.46029213070869446,0.6963394284248352,-0.11368205398321152,0.5051159858703613,0.7775240540504456,-0.13848327100276947,0.38957440853118896,0.7493245005607605,-0.16294977068901062,0.42137300968170166,0.7580780386924744,-0.1464623361825943,0.464605450630188,0.7695245742797852,-0.13395622372627258
0.5977603197097778,0.7636772394180298,-5.287952831167786e-07,0.5655878186225891,0.6255746483802795,-0.013826635666191578,0.511684000492096,0.4674970805644989,-0.04156792163848877,0.4809901714324951,0.3433898389339447,-0.06515748053789139,0.48600247502326965,0.23951593041419983,-0.08833570033311844,0.5395052433013916,0.49965155124664307,-0.10366210341453552,0.3735886812210083,0.4768999218940735,-0.14677076041698456,0.4044305980205536,0.5151802897453308,-0.1580980271100998,0.4544466733932495,0.5289148688316345,-0.16094686090946198,0.5340746641159058,0.5989473462104797,-0.11530815809965134,0.3558077812194824,0.5674593448638916,-0.1511995941400528,0.39303770661354065,0.5935794115066528,-0.1400676965713501,0.44770535826683044,0.6077204942703247,-0.13507574796676636,0.5205576419830322,0.6929566264152527,-0.12471646815538406,0.37234920263290405,0.6612371802330017,-0.155857115983963,0.407973051071167,0.6813861727714539,-0.12701864540576935,0.45700687170028687,0.6919506192207336,-0.10796210914850235,0.4994561970233917,0.7755213975906372,-0.1338416486978531,0.38801929354667664,0.7395608425140381,-0.15714989602565765,0.4207709729671478,0.7520539164543152,-0.13860437273979187,0.46337082982063293,0.7666981816291809,-0.12434729188680649
0.5971405506134033,0.7659079432487488,-4.970015083927137e-07,0.5608600974082947,0.6231210827827454,-0.014600476250052452,0.504924476146698,0.4696284532546997,-0.044468533247709274,0.47205036878585815,0.3546486496925354,-0.06998445093631744,0.46693316102027893,0.2550888657569885,-0.09634125232696533,0.5244722962379456,0.5117489695549011,-0.11388573050498962,0.35991042852401733,0.5052199363708496,-0.15832293033599854,0.3942447900772095,0.5396944284439087,-0.1697571724653244,0.4441261291503906,0.5469993948936462,-0.173272505402565,0.5246171355247498,0.6124448776245117,-0.1266893595457077,0.3445437550544739,0.592958927154541,-0.16293540596961975,0.38388580083847046,0.6135870814323425,-0.1515321433544159,0.43942737579345703,0.6253807544708252,-0.1478056162595749,0.5178620219230652,0.7081865668296814,-0.13674423098564148,0.3607041835784912,0.6853162050247192,-0.16790595650672913,0.3984278738498688,0.6964021921157837,-0.1400137096643448,0.4510515630245209,0.7019643187522888,-0.12304487079381943,0.5019683241844177,0.7930279970169067,-0.1462857574224472,0.38008755445480347,0.7644519805908203,-0.1716833859682083,0.41272661089897156,0.7676279544830322,-0.1550292819738388,0.4597102701663971,0.7756304740905762,-0.14271047711372375
0.5954110622406006,0.7649142742156982,-4.879975108451617e-07,0.5643503069877625,0.6296607851982117,-0.010996381752192974,0.5089213848114014,0.4751223623752594,-0.03879667818546295,0.47391122579574585,0.3554154634475708,-0.06245088577270508,0.46800801157951355,0.2533661723136902,-0.08619655668735504,0.5222358703613281,0.5178518295288086,-0.10736121982336044,0.35943299531936646,0.49757784605026245,-0.1480906754732132,0.39299139380455017,0.5320125222206116,-0.1570907086133957,0.4433296024799347,0.5446390509605408,-0.15905731916427612,0.5202622413635254,0.615918755531311,-0.12034854292869568,0.3428701162338257,0.59059739112854,-0.1533990353345871,0.38333937525749207,0.6134230494499207,-0.14039801061153412,0.43879958987236023,0.625379204750061,-0.1351548731327057,0.5119656920433044,0.7101603150367737,-0.13018889725208282,0.3601625859737396,0.6805949807167053,-0.1592930555343628,0.4000559151172638,0.6970932483673096,-0.12897956371307373,0.45125070214271545,0.7044491767883301,-0.1101561039686203,0.4956706166267395,0.7947432398796082,-0.1391870528459549,0.3810153603553772,0.7621971964836121,-0.1636783480644226,0.4170503616333008,0.7696488499641418,-0.14473660290241241,0.461989164352417,0.7799537181854248,-0.13063086569309235
0.5949687957763672,0.761486291885376,-4.516851959124324e-07,0.5558975338935852,0.6263636350631714,-0.014254996553063393,0.49011653661727905,0.47622206807136536,-0.0436185821890831,0.44854745268821716,0.3606898784637451,-0.06887979805469513,0.44814273715019226,0.25817587971687317,-0.09377949684858322,0.5135459303855896,0.521415114402771,-0.10685131698846817,0.3474068343639374,0.5230817794799805,-0.1505105197429657,0.3823484778404236,0.5550124049186707,-0.16050951182842255,0.4332478940486908,0.55821293592453,-0.16259102523326874,0.5170221328735352,0.6238033175468445,-0.12035517394542694,0.3362858295440674,0.613196849822998,-0.15687179565429688,0.37682974338531494,0.6312687993049622,-0.14488212764263153,0.432143896818161,0.6385506391525269,-0.13924801349639893,0.5140954852104187,0.721794068813324,-0.13147149980068207,0.362240731716156,0.7008148431777954,-0.16565853357315063,0.40383341908454895,0.7126786112785339,-0.1365329772233963,0.4559151530265808,0.7166200280189514,-0.11673693358898163,0.5031111240386963,0.8082877397537231,-0.14204813539981842,0.38559144735336304,0.7770608067512512,-0.16962042450904846,0.42088398337364197,0.7800368070602417,-0.1516863852739334,0.467238187789917,0.7886788845062256,-0.13727964460849762
0.5953641533851624,0.7641491293907166,-4.577946981498826e-07,0.5575631260871887,0.6279609799385071,-0.014140167273581028,0.4891951382160187,0.47451603412628174,-0.04540045186877251,0.4491153359413147,0.3571758270263672,-0.07160422950983047,0.44876840710639954,0.2536361515522003,-0.09714608639478683,0.5145998597145081,0.52065509557724,-0.11969606578350067,0.3473280072212219,0.5184320211410522,-0.16061364114284515,0.38310059905052185,0.5489761829376221,-0.165236234664917,0.43551599979400635,0.5542864799499512,-0.16401593387126923,0.5179821848869324,0.624558687210083,-0.13287855684757233,0.33312344551086426,0.6117486953735352,-0.16962656378746033,0.37805044651031494,0.6305170655250549,-0.15446937084197998,0.4365726113319397,0.6393187642097473,-0.1465262472629547,0.5138080716133118,0.7232108116149902,-0.1421651989221573,0.35646602511405945,0.6995857954025269,-0.1739722639322281,0.4009343981742859,0.7117395997047424,-0.14106886088848114,0.4539205729961395,0.7173689603805542,-0.11965744197368622,0.501309871673584,0.8110935688018799,-0.15080712735652924,0.38226640224456787,0.7776987552642822,-0.17682728171348572,0.4191230535507202,0.7803614139556885,-0.156724750995636,0.46469709277153015,0.7900404930114746,-0.14156898856163025
0.6010326147079468,0.7678683400154114,-5.553322353080148e-07,0.5624595284461975,0.6363326907157898,-0.014537506736814976,0.48970896005630493,0.4852215647697449,-0.04207602143287659,0.43848446011543274,0.36686497926712036,-0.06509773433208466,0.4320048987865448,0.2604376971721649,-0.08731653541326523,0.5115055441856384,0.5223296880722046,-0.10680682212114334,0.34578758478164673,0.5237103700637817,-0.14755821228027344,0.3782716393470764,0.5618040561676025,-0.15408068895339966,0.42844656109809875,0.5660853981971741,-0.15434004366397858,0.5162385702133179,0.6217567324638367,-0.11861005425453186,0.33688122034072876,0.6172666549682617,-0.155082106590271,0.37810203433036804,0.640654981136322,-0.1415574848651886,0.43498489260673523,0.6450127959251404,-0.13440166413784027,0.5133869647979736,0.7190034985542297,-0.12776882946491241,0.3621365427970886,0.708206832408905,-0.1599714457988739,0.40318870544433594,0.7237703800201416,-0.12946072220802307,0.4554281532764435,0.7246057987213135,-0.10922596603631973,0.5019782185554504,0.8074876070022583,-0.13644178211688995,0.3857112526893616,0.7868047952651978,-0.16150745749473572,0.420107901096344,0.7921053171157837,-0.14339300990104675,0.4656910002231598,0.7983201742172241,-0.12944990396499634
0.6002233028411865,0.7721562385559082,-5.507141054295062e-07,0.5601235628128052,0.6354188919067383,-0.014251078478991985,0.4883838891983032,0.48281052708625793,-0.04190049320459366,0.4393695592880249,0.36576732993125916,-0.0648663267493248,0.43487510085105896,0.2598307430744171,-0.08693335950374603,0.5122405290603638,0.5191698670387268,-0.10475520044565201,0.3474803566932678,0.5232647657394409,-0.14459292590618134,0.379133939743042,0.5584411025047302,-0.15160253643989563,0.42878958582878113,0.5627362728118896,-0.1522846519947052,0.5179927349090576,0.6211037635803223,-0.11661577969789505,0.3361365497112274,0.6169074773788452,-0.1519785076379776,0.3771560788154602,0.6386924982070923,-0.13947878777980804,0.4342377185821533,0.6452950239181519,-0.132958322763443,0.5162559151649475,0.719892144203186,-0.12568138539791107,0.3669561445713043,0.7105916142463684,-0.1565062254667282,0.40744805335998535,0.7233948707580566,-0.12659768760204315,0.45775485038757324,0.7237241268157959,-0.10679911077022552,0.5062278509140015,0.8081802725791931,-0.13423623144626617,0.3878364562988281,0.7844274640083313,-0.15699440240859985,0.42274248600006104,0.7902675867080688,-0.1371658444404602,0.4670446813106537,0.7976160645484924,-0.12247243523597717
0.6045607924461365,0.7710917592048645,-5.763009767179028e-07,0.5652980804443359,0.6304893493652344,-0.013675244525074959,0.49358415603637695,0.4792863130569458,-0.03954456374049187,0.43978407979011536,0.36285459995269775,-0.06141621619462967,0.43043196201324463,0.25724533200263977,-0.08237751573324203,0.512535572052002,0.5161556601524353,-0.09561281651258469,0.35255998373031616,0.5193244814872742,-0.13680575788021088,0.38408511877059937,0.5535488724708557,-0.146404430270195,0.4328707158565521,0.556075930595398,-0.1486002802848816,0.5182777643203735,0.6172401905059814,-0.1073150634765625,0.3433012068271637,0.6156110167503357,-0.14354591071605682,0.3829406201839447,0.6349129676818848,-0.13272367417812347,0.4380660057067871,0.6380181312561035,-0.12727771699428558,0.517603874206543,0.7142466902732849,-0.11716942489147186,0.3701269328594208,0.7072576284408569,-0.1497139036655426,0.40895143151283264,0.7184334397315979,-0.12147076427936554,0.45839181542396545,0.7167389392852783,-0.10224048793315887,0.510010302066803,0.8005272150039673,-0.1265374720096588,0.39302417635917664,0.7809966802597046,-0.15010815858840942,0.4275323748588562,0.7858414053916931,-0.13162779808044434,0.4723125994205475,0.7903851270675659,-0.1174842119216919
0.604975163936615,0.7695063352584839,-5.868967036803951e-07,0.5640203952789307,0.6307219862937927,-0.013130891136825085,0.49207553267478943,0.4800451695919037,-0.039348021149635315,0.4400111734867096,0.36243224143981934,-0.06168992444872856,0.43089571595191956,0.2569579482078552,-0.08356402814388275,0.5105265378952026,0.5157782435417175,-0.09738606214523315,0.3520418405532837,0.5196378231048584,-0.1387796550989151,0.3824205994606018,0.5582016706466675,-0.14839275181293488,0.43163564801216125,0.5611513257026672,-0.15058082342147827,0.5182393789291382,0.6160286664962769,-0.10929172486066818,0.34510186314582825,0.6168834567070007,-0.14494343101978302,0.38375231623649597,0.6390449404716492,-0.13307370245456696,0.43918344378471375,0.6404611468315125,-0.12727440893650055,0.5187016725540161,0.7132951021194458,-0.11925163865089417,0.3709912896156311,0.7072125673294067,-0.1515318900346756,0.4092400074005127,0.721550703048706,-0.12246476113796234,0.45921820402145386,0.7201437950134277,-0.10294065624475479,0.5112907290458679,0.8006824254989624,-0.1286371499300003,0.3939742147922516,0.7814816832542419,-0.15214595198631287,0.4268864393234253,0.7880399823188782,-0.1333763748407364,0.4715229570865631,0.7929925918579102,-0.11910045892000198
0.6051144003868103,0.7683889865875244,-5.664859372700448e-07,0.5662685632705688,0.6241975426673889,-0.013395934365689754,0.501124918460846,0.4696124792098999,-0.04023025184869766,0.45117464661598206,0.35273998975753784,-0.0625135600566864,0.43198227882385254,0.25163307785987854,-0.08347251266241074,0.524850606918335,0.5096315741539001,-0.10241993516683578,0.35911184549331665,0.5126298666000366,-0.14553481340408325,0.3944111764431,0.5427836179733276,-0.15591657161712646,0.44344669580459595,0.5449535250663757,-0.15801848471164703,0.5296373963356018,0.6111189126968384,-0.11419322341680527,0.34686145186424255,0.6073150634765625,-0.15038235485553741,0.389239639043808,0.6241432428359985,-0.1389160454273224,0.44461244344711304,0.6292260885238647,-0.13329486548900604,0.5268926024436951,0.706782877445221,-0.12372061610221863,0.37565046548843384,0.6985883712768555,-0.155504047870636,0.41559991240501404,0.7081528902053833,-0.12615343928337097,0.46508729457855225,0.7071599960327148,-0.10646858811378479,0.5162616968154907,0.7918932437896729,-0.13278919458389282,0.3994213938713074,0.7711710333824158,-0.15613405406475067,0.43460550904273987,0.7749987244606018,-0.13696302473545074,0.4790745675563812,0.7807464599609375,-0.122530996799469
0.6103166341781616,0.765417218208313,-5.6999101616384e-07,0.5683541297912598,0.6220051646232605,-0.012335521169006824,0.5021066069602966,0.4731007516384125,-0.03763587400317192,0.44939959049224854,0.35819944739341736,-0.059335123747587204,0.427549809217453,0.2558133602142334,-0.08078077435493469,0.5209702253341675,0.5093896985054016,-0.09274326264858246,0.3618719279766083,0.5122858881950378,-0.13524632155895233,0.39398494362831116,0.5462318658828735,-0.14714007079601288,0.44305023550987244,0.5494880676269531,-0.15016666054725647,0.5255556106567383,0.6102411150932312,-0.10421835631132126,0.3533130884170532,0.6043314933776855,-0.13800664246082306,0.3904155492782593,0.6239029169082642,-0.12798412144184113,0.4443577527999878,0.6290339231491089,-0.12415388226509094,0.523010790348053,0.7057843208312988,-0.11405289173126221,0.37745141983032227,0.7009363174438477,-0.14454813301563263,0.4138312041759491,0.712512195110321,-0.11841221153736115,0.4635598659515381,0.7121576070785522,-0.10150410234928131,0.5128111839294434,0.7908689379692078,-0.12336481362581253,0.3976905345916748,0.7765458822250366,-0.14557190239429474,0.4309958815574646,0.782096266746521,-0.12834854423999786,0.4763370454311371,0.7880827188491821,-0.11537598073482513
0.6078093647956848,0.763590931892395,-5.428996701084543e-07,0.5713624954223633,0.6184049248695374,-0.013759912922978401,0.5157116055488586,0.4599936008453369,-0.04035048559308052,0.4711258113384247,0.34390851855278015,-0.062084928154945374,0.44246888160705566,0.2537451982498169,-0.08262833207845688,0.5375818610191345,0.503678023815155,-0.10801075398921967,0.3692375123500824,0.5024507641792297,-0.15291428565979004,0.40283364057540894,0.5307445526123047,-0.16493067145347595,0.4510977864265442,0.5338858366012573,-0.16771669685840607,0.5397084951400757,0.607538104057312,-0.11976935714483261,0.352251797914505,0.5939466953277588,-0.15788620710372925,0.3933930993080139,0.6095869541168213,-0.1475277692079544,0.4492547810077667,0.6151472926139832,-0.14240607619285583,0.5340809226036072,0.7026233673095703,-0.12899602949619293,0.3768998384475708,0.68338543176651,-0.1620899736881256,0.4148816764354706,0.6936244964599609,-0.1334361732006073,0.46470963954925537,0.6948802471160889,-0.11369480192661285,0.5199817419052124,0.7845372557640076,-0.13789726793766022,0.40274858474731445,0.7547045350074768,-0.16280117630958557,0.43461692333221436,0.7567676305770874,-0.14510205388069153,0.4778654873371124,0.7633023262023926,-0.1313277631998062
0.6116283535957336,0.7628699541091919,-5.497725510394957e-07,0.5757570862770081,0.6167141199111938,-0.014732735231518745,0.5202515721321106,0.4598080813884735,-0.04042923450469971,0.4705817997455597,0.3460879921913147,-0.06210007146000862,0.4375813901424408,0.2525075674057007,-0.08331316709518433,0.5377774238586426,0.5050832629203796,-0.09859093278646469,0.37298649549484253,0.5019548535346985,-0.14517992734909058,0.4078201651573181,0.53618323802948,-0.15992170572280884,0.4573737382888794,0.5395646095275879,-0.1644655466079712,0.5385288000106812,0.6070123910903931,-0.11028680205345154,0.36082351207733154,0.5905611515045166,-0.14885196089744568,0.4018988013267517,0.6109896898269653,-0.1405220627784729,0.4565794765949249,0.6196447610855103,-0.13716267049312592,0.5327603220939636,0.7025133371353149,-0.12053096294403076,0.3816365897655487,0.6857312917709351,-0.15504732728004456,0.4215587079524994,0.6987380981445312,-0.1287185251712799,0.47285401821136475,0.7027926445007324,-0.11079003661870956,0.5186462998390198,0.7870482206344604,-0.13043124973773956,0.4010432958602905,0.7628030180931091,-0.15624620020389557,0.4357393980026245,0.766668438911438,-0.13994036614894867,0.4820995330810547,0.773302435874939,-0.1270587146282196
0.6067190170288086,0.7600256204605103,-5.515726684279798e-07,0.5749903917312622,0.6180485486984253,-0.013427438214421272,0.5250768065452576,0.4618978500366211,-0.0388965979218483,0.4804815351963043,0.34786731004714966,-0.059601739048957825,0.4463403820991516,0.2606273293495178,-0.0797153189778328,0.5395756959915161,0.5043630599975586,-0.1044091135263443,0.37659555673599243,0.4955448508262634,-0.14785753190517426,0.40781116485595703,0.5294591188430786,-0.15969081223011017,0.45549696683883667,0.5358994603157043,-0.1628696173429489,0.539593517780304,0.607117235660553,-0.11617341637611389,0.36136090755462646,0.5885915160179138,-0.1521649956703186,0.40007638931274414,0.6082617044448853,-0.14174962043762207,0.45508718490600586,0.6162999868392944,-0.13749046623706818,0.5329083204269409,0.7023741602897644,-0.12560400366783142,0.38164687156677246,0.6825559139251709,-0.15755678713321686,0.41919568181037903,0.6953497529029846,-0.13003478944301605,0.4694500267505646,0.697024405002594,-0.11210089176893234,0.51826411485672,0.7857406735420227,-0.1344940960407257,0.40192413330078125,0.7602803111076355,-0.1594950556755066,0.4359380304813385,0.7660583853721619,-0.14227519929409027,0.48137593269348145,0.7716925144195557,-0.12916332483291626
0.6083732843399048,0.7585464715957642,-5.448852675726812e-07,0.576997697353363,0.6166343092918396,-0.012538125738501549,0.527942955493927,0.46145838499069214,-0.03700227662920952,0.4830608367919922,0.3495461940765381,-0.05770473554730415,0.4461246728897095,0.2641887068748474,-0.07803726196289062,0.5400501489639282,0.5043306350708008,-0.09761681407690048,0.3765864372253418,0.49767929315567017,-0.14311052858829498,0.40863850712776184,0.5337399244308472,-0.15758159756660461,0.4566567838191986,0.5395514369010925,-0.16206948459148407,0.5395880341529846,0.6063989400863647,-0.11032917350530624,0.36410361528396606,0.5904712080955505,-0.147965207695961,0.4038119912147522,0.6107122898101807,-0.13933752477169037,0.4582362473011017,0.6184386014938354,-0.1356872320175171,0.5333831906318665,0.7017602920532227,-0.12137185037136078,0.3847748637199402,0.6846116781234741,-0.15472158789634705,0.4232272207736969,0.6978344917297363,-0.12874947488307953,0.47364190220832825,0.6998946070671082,-0.11131499707698822,0.519936740398407,0.7857179641723633,-0.13186703622341156,0.4038998782634735,0.7617068886756897,-0.15721338987350464,0.4386965036392212,0.7668481469154358,-0.1406322419643402,0.4853253960609436,0.7725498676300049,-0.1275361180305481
0.60515958070755,0.7605605125427246,-5.323424829839496e-07,0.5775884985923767,0.6207918524742126,-0.014188152737915516,0.5298765301704407,0.4646592438220978,-0.040367718786001205,0.4866793155670166,0.3532518148422241,-0.06191515922546387,0.4552842676639557,0.2628920078277588,-0.08305045962333679,0.5426099300384521,0.5047309994697571,-0.10610193014144897,0.3780308663845062,0.4932468831539154,-0.14997722208499908,0.4078793525695801,0.5279680490493774,-0.161294624209404,0.4558302164077759,0.5361537933349609,-0.1638639122247696,0.542831301689148,0.606269359588623,-0.11813906580209732,0.36368095874786377,0.5856918692588806,-0.15502142906188965,0.40147295594215393,0.6055154204368591,-0.14454768598079681,0.45643508434295654,0.6152584552764893,-0.13978265225887299,0.5367971062660217,0.7016465663909912,-0.1279081404209137,0.38515347242355347,0.6796137094497681,-0.16094549000263214,0.42295917868614197,0.6930223107337952,-0.1337309330701828,0.4733545482158661,0.6962919235229492,-0.11565876007080078,0.5226222276687622,0.7856118679046631,-0.1370736062526703,0.40375882387161255,0.7566825151443481,-0.16354326903820038,0.4379698634147644,0.7623109817504883,-0.14675745368003845,0.4840414524078369,0.7693794965744019,-0.1334790140390396
0.6086233854293823,0.7558982968330383,-4.929244710183411e-07,0.580583930015564,0.6138164401054382,-0.014279603958129883,0.5329241752624512,0.46070969104766846,-0.03941723331809044,0.48870962858200073,0.3522842526435852,-0.06060563772916794,0.45435091853141785,0.263569176197052,-0.08152741193771362,0.5435011386871338,0.5065655708312988,-0.10014218091964722,0.3792969286441803,0.4934893250465393,-0.14561894536018372,0.4104304909706116,0.525068461894989,-0.15993192791938782,0.4589769244194031,0.5327051281929016,-0.16393950581550598,0.5415090918540955,0.6077579855918884,-0.11195262521505356,0.36516380310058594,0.5853338837623596,-0.1493426114320755,0.4037967324256897,0.601585865020752,-0.14131271839141846,0.45808282494544983,0.6120303869247437,-0.1379805952310562,0.5341534614562988,0.7027274966239929,-0.12205198407173157,0.38510945439338684,0.6792532205581665,-0.15491999685764313,0.4225512146949768,0.6893752813339233,-0.12978334724903107,0.47266119718551636,0.6939350366592407,-0.11282063275575638,0.5195231437683105,0.7858479619026184,-0.13175107538700104,0.40161627531051636,0.7581489086151123,-0.15660566091537476,0.43479248881340027,0.7607268691062927,-0.1404227316379547,0.4807063341140747,0.7679820656776428,-0.12755709886550903
0.6057112216949463,0.7633012533187866,-5.276806973597559e-07,0.579415500164032,0.6252750158309937,-0.013591944240033627,0.5311184525489807,0.4671443998813629,-0.040155332535505295,0.4898408353328705,0.35365402698516846,-0.06248277798295021,0.46008920669555664,0.2612394690513611,-0.08420407027006149,0.5428172945976257,0.5086048245429993,-0.10658526420593262,0.3776482343673706,0.4932171702384949,-0.15221059322357178,0.40873104333877563,0.5314888954162598,-0.16420812904834747,0.45907777547836304,0.5410276055335999,-0.1670577973127365,0.5414834022521973,0.610103189945221,-0.11955194175243378,0.36188480257987976,0.5859822630882263,-0.15841510891914368,0.4009953439235687,0.6105267405509949,-0.1477261334657669,0.457637757062912,0.6200726628303528,-0.14219017326831818,0.5349361300468445,0.7055977582931519,-0.13030414283275604,0.383801132440567,0.6807419657707214,-0.16484197974205017,0.4230532646179199,0.6974568963050842,-0.13635945320129395,0.47519659996032715,0.7005367279052734,-0.11709366738796234,0.5220078229904175,0.7892422080039978,-0.14048340916633606,0.4061533510684967,0.7586645483970642,-0.16814656555652618,0.4421592950820923,0.7651350498199463,-0.15084844827651978,0.4897606074810028,0.7716678380966187,-0.13695158064365387
0.6075152158737183,0.7646675705909729,-5.350158289729734e-07,0.5801312923431396,0.624028205871582,-0.013635811395943165,0.5323851108551025,0.4660821855068207,-0.03919442370533943,0.4895852208137512,0.3539346754550934,-0.06072138994932175,0.45987245440483093,0.26175713539123535,-0.08160247653722763,0.5425735712051392,0.5077717900276184,-0.10200721025466919,0.3769909143447876,0.4929054081439972,-0.14760366082191467,0.40896153450012207,0.5316186547279358,-0.16039857268333435,0.4588896632194519,0.5402052402496338,-0.16380217671394348,0.5413919687271118,0.6100549697875977,-0.11464586853981018,0.36361268162727356,0.5857099294662476,-0.15296626091003418,0.4031115174293518,0.6097930669784546,-0.14305619895458221,0.4588041603565216,0.619527280330658,-0.138346865773201,0.5348603129386902,0.7058755159378052,-0.12541121244430542,0.3853127360343933,0.6809694766998291,-0.1601274162530899,0.42483869194984436,0.6976466178894043,-0.13259784877300262,0.47666865587234497,0.7017703056335449,-0.11391850560903549,0.5216628909111023,0.7900716662406921,-0.13561655580997467,0.40605273842811584,0.7600094079971313,-0.16329047083854675,0.4420454204082489,0.7669104337692261,-0.146560937166214,0.4896388053894043,0.7741307020187378,-0.13291460275650024
0.6070267558097839,0.7593253254890442,-5.246308205641981e-07,0.5758110284805298,0.6195081472396851,-0.01338929682970047,0.5265206098556519,0.4611351191997528,-0.03984871134161949,0.4884587526321411,0.34649622440338135,-0.06226596236228943,0.46615663170814514,0.25113487243652344,-0.08456301689147949,0.5407128930091858,0.505171000957489,-0.10544303059577942,0.3767802119255066,0.4962116479873657,-0.14938746392726898,0.4083898663520813,0.5342428684234619,-0.16050434112548828,0.4579516649246216,0.5404356718063354,-0.16325680911540985,0.5415937900543213,0.6076455116271973,-0.11850901693105698,0.3647359609603882,0.5894960165023804,-0.15544356405735016,0.403171569108963,0.6110951900482178,-0.14417877793312073,0.4581078588962555,0.6200124025344849,-0.13934193551540375,0.5359991788864136,0.7040475606918335,-0.12938886880874634,0.3837023973464966,0.6811124086380005,-0.16277237236499786,0.4225599467754364,0.6957629323005676,-0.1347992867231369,0.47415509819984436,0.6998474597930908,-0.11650191247463226,0.5228725671768188,0.7884283661842346,-0.13965833187103271,0.4043191373348236,0.7591915130615234,-0.1665148288011551,0.4387988746166229,0.7642378807067871,-0.1498146802186966,0.48563092947006226,0.7711495757102966,-0.13671383261680603
0.6057405471801758,0.7583522796630859,-5.258206670077925e-07,0.5759868025779724,0.618955135345459,-0.013746670447289944,0.5281707048416138,0.4613257050514221,-0.04052441194653511,0.4886499047279358,0.3467981815338135,-0.06319969892501831,0.46520763635635376,0.2512282133102417,-0.08560950309038162,0.5424035787582397,0.5085521936416626,-0.10665295273065567,0.37819328904151917,0.49553292989730835,-0.1509827822446823,0.40867841243743896,0.5306059122085571,-0.16263513267040253,0.45751285552978516,0.5377905368804932,-0.16570249199867249,0.541982114315033,0.6105208992958069,-0.1196650043129921,0.36416152119636536,0.5872896909713745,-0.1567383110523224,0.40280747413635254,0.6074178814888,-0.14582039415836334,0.4580385088920593,0.6177034974098206,-0.14112748205661774,0.5359811186790466,0.7058606147766113,-0.13040491938591003,0.383640319108963,0.6790064573287964,-0.16363525390625,0.42250925302505493,0.6922036409378052,-0.13571813702583313,0.4741123914718628,0.6969601511955261,-0.11745106428861618,0.5224714279174805,0.7894218564033508,-0.14062882959842682,0.4049464464187622,0.758247971534729,-0.1673644632101059,0.4396136403083801,0.7611159086227417,-0.15077868103981018,0.48665478825569153,0.767643928527832,-0.13792508840560913
0.604749858379364,0.7608686685562134,-5.481317089106597e-07,0.5758221745491028,0.6222487688064575,-0.014604673720896244,0.5268227458000183,0.46299251914024353,-0.041755981743335724,0.48643916845321655,0.3467339277267456,-0.06483198702335358,0.4661441445350647,0.24806010723114014,-0.08737624436616898,0.542615532875061,0.5076770782470703,-0.10650095343589783,0.37689489126205444,0.4927809238433838,-0.15274719893932343,0.4090513288974762,0.5309182405471802,-0.16526177525520325,0.4593769609928131,0.5381512641906738,-0.16882601380348206,0.5423641204833984,0.6080968976020813,-0.11953584849834442,0.36283937096595764,0.5847258567810059,-0.1591043323278427,0.4025105834007263,0.6086065769195557,-0.14852185547351837,0.45842307806015015,0.6189559698104858,-0.14341726899147034,0.5365014672279358,0.702912449836731,-0.13064372539520264,0.3834816515445709,0.6784670352935791,-0.16578204929828644,0.42348140478134155,0.694444477558136,-0.13728027045726776,0.47578269243240356,0.6984975337982178,-0.11816110461950302,0.5233883857727051,0.7864123582839966,-0.1413687765598297,0.4049897789955139,0.757799506187439,-0.1690955013036728,0.4406517446041107,0.7625689506530762,-0.15244609117507935,0.48838338255882263,0.7681664228439331,-0.13936132192611694
0.6068694591522217,0.7595055103302002,-5.444906037155306e-07,0.576845645904541,0.6192392706871033,-0.014520091004669666,0.5282899141311646,0.4614776372909546,-0.04148188605904579,0.486741840839386,0.34634798765182495,-0.06461151689291,0.4664415717124939,0.2474466860294342,-0.08719205856323242,0.5438686609268188,0.5075514316558838,-0.10351115465164185,0.37813445925712585,0.49391084909439087,-0.15081655979156494,0.41178223490715027,0.5301895141601562,-0.16488374769687653,0.4625687897205353,0.5363996028900146,-0.16919051110744476,0.542358934879303,0.6084080934524536,-0.11644702404737473,0.3639741539955139,0.5859600305557251,-0.15661241114139557,0.4050343334674835,0.6080455780029297,-0.14738881587982178,0.4610593318939209,0.6181246042251587,-0.1431499421596527,0.5355566740036011,0.7028483152389526,-0.12766271829605103,0.3829232454299927,0.6813840270042419,-0.1630021035671234,0.4233342409133911,0.6955498456954956,-0.13545912504196167,0.47590506076812744,0.6994685530662537,-0.11692529916763306,0.521687388420105,0.7861977815628052,-0.1385490745306015,0.40283986926078796,0.7607667446136475,-0.16557545959949493,0.4395638406276703,0.7652367353439331,-0.14881345629692078,0.48832085728645325,0.7710754871368408,-0.13563331961631775
0.606287956237793,0.7631862163543701,-5.775878548774926e-07,0.5770671963691711,0.6257766485214233,-0.012926796451210976,0.52506023645401,0.46571582555770874,-0.037959445267915726,0.4833166003227234,0.3470451533794403,-0.05926110967993736,0.46595409512519836,0.24642440676689148,-0.08016911894083023,0.5418822765350342,0.5022978782653809,-0.10008151829242706,0.37757331132888794,0.48703473806381226,-0.14515115320682526,0.40907812118530273,0.5267355442047119,-0.15786337852478027,0.4592297673225403,0.5355669856071472,-0.16154339909553528,0.5411885976791382,0.6023682355880737,-0.11301441490650177,0.3631783425807953,0.5807937979698181,-0.15123622119426727,0.4009687304496765,0.6061848402023315,-0.14114879071712494,0.4568798840045929,0.6156017780303955,-0.13630948960781097,0.5341750979423523,0.6979665160179138,-0.12420862168073654,0.383156955242157,0.6747512221336365,-0.15847116708755493,0.42011839151382446,0.6928563117980957,-0.1309426724910736,0.47175368666648865,0.6967102289199829,-0.11219915747642517,0.5193628072738647,0.7833871245384216,-0.13488644361495972,0.4027721583843231,0.75461745262146,-0.16163934767246246,0.4361006021499634,0.762134850025177,-0.14544305205345154,0.48292985558509827,0.7685592174530029,-0.1324114203453064
0.6068954467773438,0.7651152014732361,-5.642162363983516e-07,0.5774645805358887,0.6245139241218567,-0.013457703404128551,0.5276203155517578,0.46400773525238037,-0.03795358166098595,0.48531925678253174,0.34534168243408203,-0.05866222083568573,0.46704792976379395,0.24489769339561462,-0.0788986086845398,0.5441250801086426,0.5034907460212708,-0.09797640144824982,0.38038861751556396,0.48513689637184143,-0.14333206415176392,0.41188961267471313,0.5218023061752319,-0.15703417360782623,0.46204280853271484,0.5310318470001221,-0.16107508540153503,0.5418189167976379,0.6036984920501709,-0.11011044681072235,0.36416909098625183,0.5782745480537415,-0.14809174835681915,0.4020874798297882,0.6005626916885376,-0.1392384022474289,0.4577289819717407,0.611236035823822,-0.13515017926692963,0.5334445238113403,0.6983987092971802,-0.12065902352333069,0.38412123918533325,0.6762185096740723,-0.15385974943637848,0.42049652338027954,0.6909241080284119,-0.1274256706237793,0.4711814820766449,0.6948946714401245,-0.10943156480789185,0.5178409218788147,0.7820568084716797,-0.13086462020874023,0.4009810984134674,0.7542585134506226,-0.15510500967502594,0.43296515941619873,0.7601879835128784,-0.13857696950435638,0.47860220074653625,0.767006516456604,-0.12565378844738007
0.6039437055587769,0.7605924606323242,-5.737770720770641e-07,0.5746941566467285,0.6192901134490967,-0.013200147077441216,0.5254670977592468,0.4602908790111542,-0.03806961700320244,0.4858316481113434,0.34023404121398926,-0.05917978286743164,0.46776053309440613,0.23980307579040527,-0.08013991266489029,0.5435768961906433,0.4968641400337219,-0.09815681725740433,0.38142699003219604,0.4819803833961487,-0.14251242578029633,0.4102669656276703,0.5205799341201782,-0.15552785992622375,0.45898234844207764,0.529837965965271,-0.15922950208187103,0.5411763191223145,0.597832441329956,-0.11026961356401443,0.3649485111236572,0.5747018456459045,-0.1477157473564148,0.40050438046455383,0.5991830825805664,-0.13858653604984283,0.45543068647384644,0.610123872756958,-0.134518101811409,0.5323846340179443,0.6927582025527954,-0.12071496993303299,0.3821370005607605,0.6704057455062866,-0.15361106395721436,0.4166429936885834,0.6874176263809204,-0.12729933857917786,0.4669114947319031,0.6921718716621399,-0.10944710671901703,0.5164822340011597,0.776154637336731,-0.13073036074638367,0.39845773577690125,0.7485046982765198,-0.1547883301973343,0.4283815026283264,0.7558877468109131,-0.13841558992862701,0.47311168909072876,0.7632706165313721,-0.1255805492401123
0.6084643602371216,0.7577412724494934,-5.434392846837e-07,0.5775890350341797,0.6146212220191956,-0.01285339705646038,0.5276111960411072,0.4566939175128937,-0.03858979791402817,0.4867205023765564,0.3393457233905792,-0.0608898364007473,0.46862179040908813,0.23835402727127075,-0.08299358934164047,0.5446887016296387,0.5011091232299805,-0.098561130464077,0.3806169331073761,0.48491472005844116,-0.14355522394180298,0.4124324917793274,0.5186181664466858,-0.15746915340423584,0.4617718756198883,0.5260201096534729,-0.161695659160614,0.5407088994979858,0.6020022034645081,-0.11132814735174179,0.3643208146095276,0.5750076770782471,-0.1483456939458847,0.40234145522117615,0.5945173501968384,-0.13988971710205078,0.45701783895492554,0.6076525449752808,-0.1367533802986145,0.5314728021621704,0.6962870359420776,-0.12224957346916199,0.3799182176589966,0.6708844900131226,-0.1539270281791687,0.41677552461624146,0.6837472319602966,-0.12766392529010773,0.46797749400138855,0.6901115775108337,-0.11055444180965424,0.5154632329940796,0.7793975472450256,-0.13284848630428314,0.39565497636795044,0.7512112855911255,-0.1559881716966629,0.4283522367477417,0.7545621991157532,-0.1392854005098343,0.47491371631622314,0.7618229985237122,-0.12673023343086243
0.6016368269920349,0.7598090767860413,-5.774456894869218e-07,0.5726878046989441,0.6222066879272461,-0.01378400344401598,0.5226966738700867,0.46188628673553467,-0.04005792737007141,0.4860527515411377,0.3395618498325348,-0.0618940144777298,0.4760211706161499,0.23770788311958313,-0.0833248719573021,0.545974612236023,0.49772050976753235,-0.10609477013349533,0.38251611590385437,0.4807074964046478,-0.14987656474113464,0.41172361373901367,0.5195108652114868,-0.16075359284877777,0.4601716101169586,0.5274434685707092,-0.1636321246623993,0.5451316237449646,0.5993022322654724,-0.1184116080403328,0.36486372351646423,0.5725929737091064,-0.15640927851200104,0.4015079736709595,0.5979998111724854,-0.14524947106838226,0.4572772681713104,0.6080808639526367,-0.13999372720718384,0.536461591720581,0.6940662860870361,-0.12849168479442596,0.38311904668807983,0.66661137342453,-0.16179721057415009,0.4190836250782013,0.6842160820960999,-0.13358406722545624,0.47002533078193665,0.6889982223510742,-0.11475643515586853,0.5192037224769592,0.7771213054656982,-0.1380673050880432,0.40117695927619934,0.7440574765205383,-0.16366466879844666,0.43359655141830444,0.7519820928573608,-0.14689892530441284,0.4791705906391144,0.7599542140960693,-0.13402500748634338
0.6088865995407104,0.7584046721458435,-5.294499487717985e-07,0.5764299631118774,0.6145209074020386,-0.012564652599394321,0.5266070365905762,0.4550437033176422,-0.03905511647462845,0.48778867721557617,0.3362451195716858,-0.0619765967130661,0.4731447696685791,0.23307159543037415,-0.08501318842172623,0.5473595261573792,0.500098466873169,-0.10116411745548248,0.38196250796318054,0.48269057273864746,-0.14681510627269745,0.4169323146343231,0.5135852694511414,-0.16067364811897278,0.4670237600803375,0.5205690860748291,-0.16473336517810822,0.5446417927742004,0.601448118686676,-0.11443538963794708,0.3652615547180176,0.5696719884872437,-0.15082287788391113,0.40579953789711,0.58795565366745,-0.14162226021289825,0.4596302807331085,0.6038626432418823,-0.13861271739006042,0.5359748601913452,0.6967681050300598,-0.12560701370239258,0.3821848928928375,0.6670405864715576,-0.1576329916715622,0.4218218922615051,0.6801379919052124,-0.13086652755737305,0.47281160950660706,0.6905184388160706,-0.11390665173530579,0.5194476842880249,0.7816483378410339,-0.13625580072402954,0.39779114723205566,0.7478642463684082,-0.160721093416214,0.43390217423439026,0.7533194422721863,-0.14357443153858185,0.4811945855617523,0.7658379077911377,-0.13077040016651154
0.6027739644050598,0.7598983645439148,-5.797070912194613e-07,0.5739296674728394,0.6203802227973938,-0.013516445644199848,0.5237012505531311,0.4594730734825134,-0.03991570323705673,0.4866502285003662,0.3382031321525574,-0.06220104172825813,0.4787132441997528,0.23551562428474426,-0.08409187942743301,0.5463966131210327,0.49673184752464294,-0.1045897826552391,0.38149014115333557,0.4781453013420105,-0.15032534301280975,0.4116245210170746,0.5161858797073364,-0.16312384605407715,0.46181392669677734,0.524830162525177,-0.16675692796707153,0.5452030897140503,0.5996681451797485,-0.11706210672855377,0.3645056188106537,0.5705654621124268,-0.15585805475711823,0.40268605947494507,0.5951760411262512,-0.14539803564548492,0.4595329165458679,0.6062936186790466,-0.1405700296163559,0.5364705920219421,0.6952345371246338,-0.12745210528373718,0.3817492127418518,0.6650980114936829,-0.1610269695520401,0.41834989190101624,0.6835075616836548,-0.13216818869113922,0.46967893838882446,0.6902999877929688,-0.11285686492919922,0.519203782081604,0.7789920568466187,-0.13745130598545074,0.3989124000072479,0.744014322757721,-0.16230525076389313,0.4314689338207245,0.7521287798881531,-0.14466093480587006,0.47760048508644104,0.7611729502677917,-0.1311487853527069
0.6083199977874756,0.7584323883056641,-5.398423468250257e-07,0.5783984661102295,0.6154976487159729,-0.013561440631747246,0.5257101655006409,0.4564765393733978,-0.039890091866254807,0.48533880710601807,0.33685383200645447,-0.062333572655916214,0.47579988837242126,0.2327427864074707,-0.08450335264205933,0.5478482842445374,0.4987681806087494,-0.10174065083265305,0.38215333223342896,0.4807248115539551,-0.14686435461044312,0.41547584533691406,0.5133823752403259,-0.15949656069278717,0.46525585651397705,0.519895076751709,-0.16291655600070953,0.5442188382148743,0.6020422577857971,-0.11420534551143646,0.36450743675231934,0.5694199800491333,-0.15182790160179138,0.404396116733551,0.5887138247489929,-0.14217767119407654,0.45882079005241394,0.6030151844024658,-0.13834479451179504,0.5344007015228271,0.6974977254867554,-0.12464148551225662,0.38159799575805664,0.6668128371238708,-0.1575256586074829,0.4208553433418274,0.6805670261383057,-0.13027146458625793,0.47156473994255066,0.6894556283950806,-0.11244792491197586,0.517612636089325,0.7807251811027527,-0.1346699595451355,0.39811158180236816,0.7457411289215088,-0.15924172103405,0.4338873624801636,0.7507888078689575,-0.14229236543178558,0.4807242155075073,0.7612782716751099,-0.12944447994232178
0.6029849052429199,0.7602407932281494,-5.492869945555867e-07,0.572968602180481,0.6194115281105042,-0.01321442611515522,0.5242750644683838,0.45933032035827637,-0.04039328917860985,0.48966479301452637,0.33946168422698975,-0.06344052404165268,0.4828992187976837,0.23774978518486023,-0.08621883392333984,0.5475301742553711,0.49696215987205505,-0.10627089440822601,0.38277918100357056,0.4779083728790283,-0.15125532448291779,0.41286176443099976,0.5118232369422913,-0.16406510770320892,0.46246325969696045,0.5210548043251038,-0.16791760921478271,0.5463102459907532,0.5995610356330872,-0.11905323714017868,0.3654554486274719,0.5683799982070923,-0.1569637507200241,0.402994304895401,0.5899197459220886,-0.14681221544742584,0.4596083164215088,0.6025661826133728,-0.142521932721138,0.5374413728713989,0.6947134137153625,-0.12946975231170654,0.3839224874973297,0.6661046147346497,-0.1616644561290741,0.4199698865413666,0.6821581125259399,-0.13321861624717712,0.4709998071193695,0.6896998286247253,-0.1145658940076828,0.5200446248054504,0.7778533697128296,-0.1395770162343979,0.4011743664741516,0.7444712519645691,-0.1631057858467102,0.4331146776676178,0.7521889805793762,-0.14537465572357178,0.478487104177475,0.7621573209762573,-0.13217894732952118
0.6079788208007812,0.7527475953102112,-5.101493343317998e-07,0.5738189220428467,0.609058678150177,-0.012857025489211082,0.5234262943267822,0.4514850080013275,-0.0393945649266243,0.48740696907043457,0.3333795964717865,-0.06253425031900406,0.47912654280662537,0.2315579652786255,-0.08566822856664658,0.548259973526001,0.4990459680557251,-0.10118886083364487,0.38208141922950745,0.48289501667022705,-0.14737030863761902,0.417350709438324,0.5115458965301514,-0.16233807802200317,0.467876672744751,0.5168341398239136,-0.1675046980381012,0.5460774302482605,0.6016354560852051,-0.1147657036781311,0.36664897203445435,0.5712685585021973,-0.15214388072490692,0.40737104415893555,0.5864024758338928,-0.14376240968704224,0.4615103006362915,0.6006391644477844,-0.14151626825332642,0.5376572012901306,0.6967839002609253,-0.1263793706893921,0.383628785610199,0.6688063144683838,-0.15890374779701233,0.4232926666736603,0.6801348328590393,-0.13197804987430573,0.4741985499858856,0.6896002292633057,-0.11483658105134964,0.5219098329544067,0.7803780436515808,-0.13773730397224426,0.4016750454902649,0.7496404051780701,-0.16172164678573608,0.4369813799858093,0.7532702684402466,-0.14472734928131104,0.4836217164993286,0.7638981342315674,-0.13226254284381866
0.604256272315979,0.7636892199516296,-6.035716637597943e-07,0.5771340727806091,0.6233217120170593,-0.011679095216095448,0.5284733772277832,0.4637574851512909,-0.03826393187046051,0.4924756586551666,0.34351858496665955,-0.06135961040854454,0.4872869849205017,0.23947277665138245,-0.08430332690477371,0.5503000617027283,0.4929368495941162,-0.10433042794466019,0.3842948377132416,0.4756639003753662,-0.15036332607269287,0.41369593143463135,0.5121575593948364,-0.16347673535346985,0.4636979401111603,0.5217840075492859,-0.16743941605091095,0.5494781732559204,0.5944133996963501,-0.1184009537100792,0.3664083480834961,0.5672779083251953,-0.15777435898780823,0.40536099672317505,0.5917024612426758,-0.14758367836475372,0.46241435408592224,0.6033555269241333,-0.14276301860809326,0.542010486125946,0.6910496950149536,-0.13020026683807373,0.3848232626914978,0.6661952137947083,-0.1636887490749359,0.4225490093231201,0.6836523413658142,-0.13513953983783722,0.4745665192604065,0.689778208732605,-0.11619872599840164,0.52681565284729,0.7777939438819885,-0.14151577651500702,0.40479418635368347,0.7484272122383118,-0.166799858212471,0.4378543496131897,0.7544044852256775,-0.14988617599010468,0.4848375916481018,0.7613883018493652,-0.13689970970153809
0.6114862561225891,0.7570565342903137,-5.533991043193964e-07,0.5765979290008545,0.6133409142494202,-0.012892821803689003,0.5280791521072388,0.45474815368652344,-0.03872915729880333,0.49267831444740295,0.3354363441467285,-0.06160108745098114,0.48743289709091187,0.23233187198638916,-0.08427596837282181,0.5502474308013916,0.4979168474674225,-0.0980515405535698,0.3842509984970093,0.48041531443595886,-0.14418287575244904,0.418470174074173,0.5137599110603333,-0.15810135006904602,0.46959736943244934,0.5205672383308411,-0.16251356899738312,0.549586296081543,0.5979658365249634,-0.11191480606794357,0.3702438473701477,0.5690460801124573,-0.1510179191827774,0.4100532829761505,0.5874115824699402,-0.14321158826351166,0.4638642966747284,0.6024718284606934,-0.1406487077474594,0.5425783395767212,0.6917538642883301,-0.1241142675280571,0.38727259635925293,0.6686204075813293,-0.1583893597126007,0.42729875445365906,0.6820735335350037,-0.132577046751976,0.47922801971435547,0.6908066272735596,-0.11565948277711868,0.5291791558265686,0.7749875783920288,-0.13603170216083527,0.40480685234069824,0.7470735907554626,-0.16103461384773254,0.4400554895401001,0.7531231641769409,-0.14481182396411896,0.48851096630096436,0.7635491490364075,-0.13252246379852295
0.6054584383964539,0.7617666721343994,-6.111205834713473e-07,0.5769656300544739,0.6212360858917236,-0.010874995961785316,0.5297800302505493,0.4601445198059082,-0.03654174134135246,0.4968360662460327,0.34040242433547974,-0.0588676817715168,0.49573272466659546,0.23826998472213745,-0.08132974803447723,0.553552508354187,0.4890679121017456,-0.10309574753046036,0.38836348056793213,0.4721130132675171,-0.14809603989124298,0.4178203046321869,0.5101578831672668,-0.16121168434619904,0.46832337975502014,0.5188975930213928,-0.16558606922626495,0.5535287261009216,0.5907450914382935,-0.11729560792446136,0.37120112776756287,0.5646457076072693,-0.1561543345451355,0.4093334376811981,0.5893476605415344,-0.14637427031993866,0.4668930768966675,0.6002687811851501,-0.14216595888137817,0.5454025864601135,0.6866028904914856,-0.12909755110740662,0.3878959119319916,0.6612654328346252,-0.16103306412696838,0.4245868921279907,0.6796368360519409,-0.13279029726982117,0.4768056869506836,0.6863024830818176,-0.11456321179866791,0.5287632346153259,0.7723438739776611,-0.14048588275909424,0.40644529461860657,0.74162358045578,-0.16394490003585815,0.43751177191734314,0.7491039037704468,-0.1470632553100586,0.48364943265914917,0.7561439871788025,-0.13455377519130707
0.6133431792259216,0.7573700547218323,-5.59216687179287e-07,0.5804839730262756,0.6122782826423645,-0.012624084949493408,0.5314210057258606,0.45541661977767944,-0.03796140477061272,0.49429965019226074,0.33772051334381104,-0.060307543724775314,0.49223729968070984,0.23482510447502136,-0.08239242434501648,0.5528932809829712,0.4952140748500824,-0.09487571567296982,0.3893115520477295,0.4786268472671509,-0.14042076468467712,0.4255278706550598,0.5124684572219849,-0.15474902093410492,0.4771966338157654,0.518906831741333,-0.15963666141033173,0.5511260032653809,0.5948826670646667,-0.10822129994630814,0.37472814321517944,0.566866934299469,-0.14617544412612915,0.41595029830932617,0.5848585367202759,-0.1383403092622757,0.4699038863182068,0.5984745621681213,-0.13595472276210785,0.5435857176780701,0.6884215474128723,-0.1200418621301651,0.39178645610809326,0.6651539206504822,-0.15300311148166656,0.4316306412220001,0.6779072880744934,-0.12765087187290192,0.4830494523048401,0.6853989362716675,-0.1113240122795105,0.5301135182380676,0.7713713645935059,-0.1316351741552353,0.4086126983165741,0.7449522614479065,-0.15534070134162903,0.4441186785697937,0.7509487867355347,-0.1394989937543869,0.4922410845756531,0.7604666948318481,-0.1276269406080246
0.6084432005882263,0.7571375370025635,-6.505079568341898e-07,0.5770125389099121,0.619874894618988,-0.011917940340936184,0.5304337739944458,0.4604646563529968,-0.03699023649096489,0.5008294582366943,0.3367588520050049,-0.05889783427119255,0.5031210780143738,0.23258408904075623,-0.0807967260479927,0.5562926530838013,0.47774767875671387,-0.09892318397760391,0.3947065472602844,0.4617892801761627,-0.14179129898548126,0.4211123585700989,0.5062170028686523,-0.15246351063251495,0.46939152479171753,0.5160157084465027,-0.15576936304569244,0.5583348274230957,0.5769955515861511,-0.11272665113210678,0.3772904872894287,0.557898759841919,-0.15127032995224,0.4130440950393677,0.5866615772247314,-0.14081688225269318,0.4688294529914856,0.5959638357162476,-0.136195570230484,0.5516572594642639,0.672402024269104,-0.12467646598815918,0.3936742842197418,0.6525456309318542,-0.15906597673892975,0.42976462841033936,0.6736681461334229,-0.13164114952087402,0.48133301734924316,0.6799208521842957,-0.11337873339653015,0.5366417765617371,0.7586617469787598,-0.1360401213169098,0.41309547424316406,0.7328950762748718,-0.16255047917366028,0.4459642171859741,0.742229700088501,-0.14701637625694275,0.49350523948669434,0.7480460405349731,-0.1348925530910492
0.615750253200531,0.7499855756759644,-5.61320632641582e-07,0.5800849795341492,0.6074086427688599,-0.014981423504650593,0.5342577695846558,0.4517192244529724,-0.04123639315366745,0.5007086396217346,0.3321511447429657,-0.06462480127811432,0.4991062879562378,0.22751235961914062,-0.08791403472423553,0.5580748319625854,0.48683467507362366,-0.09529343992471695,0.39607155323028564,0.4732906222343445,-0.1429327428340912,0.43161720037460327,0.5091639757156372,-0.1580539345741272,0.4822014272212982,0.5135339498519897,-0.1630973070859909,0.5563458800315857,0.5869243741035461,-0.10883675515651703,0.3794654607772827,0.5601328015327454,-0.14913995563983917,0.4219646453857422,0.5801202058792114,-0.14158903062343597,0.4760950207710266,0.5924283862113953,-0.13886569440364838,0.549689531326294,0.6812246441841125,-0.12144835293292999,0.39659982919692993,0.6594109535217285,-0.15725679695606232,0.4364190399646759,0.6744691133499146,-0.13187983632087708,0.48700961470603943,0.6826026439666748,-0.1148299127817154,0.5367522239685059,0.7656512260437012,-0.1340249627828598,0.4124576449394226,0.7389417290687561,-0.15908585488796234,0.4464116096496582,0.7461526989936829,-0.14306098222732544,0.49382346868515015,0.7567110061645508,-0.1306576281785965
0.6082088351249695,0.74711012840271,-5.879650188944652e-07,0.5780181884765625,0.6070525050163269,-0.013472440652549267,0.5319288969039917,0.44913509488105774,-0.04081644117832184,0.5062808394432068,0.3261866867542267,-0.0645514652132988,0.51231849193573,0.2228986918926239,-0.08805853873491287,0.5645955801010132,0.4713795483112335,-0.10452299565076828,0.40042316913604736,0.4520942270755768,-0.14861850440502167,0.42987892031669617,0.4927913248538971,-0.1595427542924881,0.47867798805236816,0.5017731785774231,-0.16299253702163696,0.563736617565155,0.569803774356842,-0.11792509257793427,0.3818608224391937,0.5424752831459045,-0.15780095756053925,0.41898462176322937,0.5680750608444214,-0.1476503610610962,0.47338396310806274,0.5807498097419739,-0.14327113330364227,0.553307056427002,0.6633252501487732,-0.12928995490074158,0.3967616558074951,0.6368781328201294,-0.16335202753543854,0.43403178453445435,0.6545829176902771,-0.13555023074150085,0.4846367835998535,0.662878155708313,-0.11732262372970581,0.5351116061210632,0.7462317943572998,-0.14032551646232605,0.4148610234260559,0.715268075466156,-0.16644342243671417,0.44925588369369507,0.7225922346115112,-0.15079577267169952,0.49600520730018616,0.7296385765075684,-0.13892197608947754
0.6170146465301514,0.743524432182312,-5.668206313202973e-07,0.5814356207847595,0.6010386347770691,-0.015984883531928062,0.5363858342170715,0.445679247379303,-0.04252104088664055,0.5066302418708801,0.32719823718070984,-0.06608817726373672,0.5106786489486694,0.2237737476825714,-0.08945244550704956,0.5632293820381165,0.4736970067024231,-0.09434805810451508,0.4040578007698059,0.46218234300613403,-0.14154905080795288,0.4373055100440979,0.5007038712501526,-0.15612094104290009,0.48714694380760193,0.5052920579910278,-0.16106966137886047,0.5605440139770508,0.5729173421859741,-0.10771629959344864,0.38574302196502686,0.5448862910270691,-0.14898648858070374,0.4261223375797272,0.5685783624649048,-0.14147494733333588,0.4796765446662903,0.5814650654792786,-0.13834285736083984,0.5518330335617065,0.6670914888381958,-0.12035058438777924,0.3982195258140564,0.6399466395378113,-0.15718132257461548,0.4362759590148926,0.6576576232910156,-0.1319677233695984,0.48662126064300537,0.6663268208503723,-0.11466910690069199,0.5367200374603271,0.7520287036895752,-0.13304300606250763,0.4147900640964508,0.7228311896324158,-0.15930427610874176,0.44799867272377014,0.7306289672851562,-0.1442784070968628,0.4951992928981781,0.7400793433189392,-0.13224592804908752
0.6096543073654175,0.7434719800949097,-6.524452942358039e-07,0.5787478685379028,0.6052866578102112,-0.01109306514263153,0.5379842519760132,0.4467972218990326,-0.038224779069423676,0.5193222761154175,0.32265299558639526,-0.0629383772611618,0.530556857585907,0.21965745091438293,-0.0879519134759903,0.5760294198989868,0.46071526408195496,-0.10338986665010452,0.41056859493255615,0.4401968717575073,-0.1503518670797348,0.4386941194534302,0.4844745099544525,-0.16276389360427856,0.4867822527885437,0.49371618032455444,-0.1669745296239853,0.5770403146743774,0.5569579601287842,-0.11982434242963791,0.3888218104839325,0.5281082391738892,-0.16187362372875214,0.4257867932319641,0.5565515756607056,-0.15210451185703278,0.4799681305885315,0.5690468549728394,-0.14780789613723755,0.5675382614135742,0.6510539650917053,-0.13440687954425812,0.4006909132003784,0.6215919256210327,-0.17158880829811096,0.43892672657966614,0.6432937383651733,-0.1434091329574585,0.49049803614616394,0.6526122689247131,-0.12447432428598404,0.5493528246879578,0.7369958162307739,-0.14847098290920258,0.4204561710357666,0.7063485980033875,-0.17824529111385345,0.4545186758041382,0.7151962518692017,-0.16328737139701843,0.5032442212104797,0.722507119178772,-0.15122541785240173
0.6203347444534302,0.7398370504379272,-5.509479024112807e-07,0.5863791704177856,0.5955668687820435,-0.017629316076636314,0.5463663339614868,0.4413072168827057,-0.04322822019457817,0.5200809240341187,0.32163649797439575,-0.06602408736944199,0.5243766903877258,0.21882927417755127,-0.08873478323221207,0.5695379376411438,0.46730875968933105,-0.0914449542760849,0.4094928205013275,0.4517962634563446,-0.13784907758235931,0.43800926208496094,0.4920505881309509,-0.1514875441789627,0.48666900396347046,0.4973505735397339,-0.15588492155075073,0.5688580274581909,0.56215900182724,-0.10411778092384338,0.3926275372505188,0.531781792640686,-0.1447070837020874,0.4308716356754303,0.5553327798843384,-0.1373305767774582,0.48266205191612244,0.5665432214736938,-0.13429315388202667,0.5619322657585144,0.6525191068649292,-0.11665543168783188,0.4044649600982666,0.6243866682052612,-0.1537586897611618,0.441802054643631,0.6418112516403198,-0.12974607944488525,0.4922197461128235,0.6481844186782837,-0.11329811066389084,0.548192024230957,0.7354534268379211,-0.12949775159358978,0.4210665225982666,0.7057931423187256,-0.15669482946395874,0.4532361328601837,0.7149410843849182,-0.14278611540794373,0.5016190409660339,0.7253512144088745,-0.13126064836978912
0.6054098606109619,0.7351967096328735,-6.211603249539621e-07,0.578692615032196,0.59568852186203,-0.012841430492699146,0.5433375239372253,0.4356487989425659,-0.04033638909459114,0.5311951041221619,0.3115970492362976,-0.0648074671626091,0.5514252185821533,0.21095621585845947,-0.08996947854757309,0.5803444385528564,0.45413443446159363,-0.10482414811849594,0.4222419261932373,0.4259738624095917,-0.1482100933790207,0.44403180480003357,0.47072237730026245,-0.1586315929889679,0.4881155490875244,0.48325735330581665,-0.16262562572956085,0.5793819427490234,0.5490736961364746,-0.1197667270898819,0.3975706398487091,0.5140018463134766,-0.15850692987442017,0.430000364780426,0.5421397089958191,-0.14797109365463257,0.48201221227645874,0.5568773746490479,-0.14450690150260925,0.5677541494369507,0.6421285271644592,-0.13275811076164246,0.4062286913394928,0.6038587689399719,-0.16815750300884247,0.4416109621524811,0.6261355876922607,-0.14106528460979462,0.49184727668762207,0.6378312110900879,-0.12381037324666977,0.547934889793396,0.7264251112937927,-0.14523760974407196,0.4236311614513397,0.6890015006065369,-0.1739417016506195,0.45558202266693115,0.6985700726509094,-0.16012804210186005,0.5019217729568481,0.7068591713905334,-0.1497831791639328
0.6153337955474854,0.7315468788146973,-5.462833883029816e-07,0.5856432914733887,0.5860193371772766,-0.018346525728702545,0.5515997409820557,0.42977339029312134,-0.0456809476017952,0.5329736471176147,0.310519814491272,-0.0699257180094719,0.5480689406394958,0.21014559268951416,-0.09394770115613937,0.5787521600723267,0.46544334292411804,-0.09395427256822586,0.4202142059803009,0.4382666051387787,-0.14162053167819977,0.44677844643592834,0.4775662422180176,-0.15631873905658722,0.49444815516471863,0.48475486040115356,-0.1614408791065216,0.5742611885070801,0.5596755146980286,-0.10612449795007706,0.40002673864364624,0.5186906456947327,-0.1464393585920334,0.4379674196243286,0.5413772463798523,-0.13863779604434967,0.4895036518573761,0.5526444315910339,-0.1361146718263626,0.5632626414299011,0.6471936106681824,-0.11814063787460327,0.4081926941871643,0.6065928936004639,-0.15524034202098846,0.4457399845123291,0.6253184080123901,-0.13065283000469208,0.49568429589271545,0.6338584423065186,-0.11417748034000397,0.54603111743927,0.7258080244064331,-0.13057582080364227,0.42303287982940674,0.6869791746139526,-0.1574293076992035,0.4559096097946167,0.6978967189788818,-0.1434916853904724,0.5037441849708557,0.7105082273483276,-0.13229092955589294
0.6046512126922607,0.7347710728645325,-6.558591394423274e-07,0.5755235552787781,0.598178505897522,-0.016486529260873795,0.544308066368103,0.434986412525177,-0.044264405965805054,0.537284255027771,0.3086903691291809,-0.06875461339950562,0.5655479431152344,0.20870652794837952,-0.09382148087024689,0.5882461667060852,0.44679689407348633,-0.10420342534780502,0.4317970275878906,0.4133285880088806,-0.149200901389122,0.4463614523410797,0.4639943838119507,-0.1587156057357788,0.489896684885025,0.4808463156223297,-0.16105669736862183,0.5867502689361572,0.5427426099777222,-0.11784831434488297,0.40600648522377014,0.5025718212127686,-0.1596977561712265,0.43405741453170776,0.5362292528152466,-0.14934763312339783,0.48515555262565613,0.5540176033973694,-0.1445620357990265,0.5735072493553162,0.638459324836731,-0.13028137385845184,0.41164055466651917,0.5967810750007629,-0.16997681558132172,0.44387978315353394,0.6246060729026794,-0.14451833069324493,0.49396833777427673,0.6384398937225342,-0.1268450766801834,0.5520085692405701,0.7256958484649658,-0.14226070046424866,0.42726969718933105,0.6826483607292175,-0.17355585098266602,0.45790916681289673,0.6959495544433594,-0.16111092269420624,0.5054193139076233,0.7067861557006836,-0.1506941169500351
0.6127545833587646,0.734480619430542,-6.20199443801539e-07,0.5850636959075928,0.5909503698348999,-0.02063720114529133,0.554140567779541,0.43168967962265015,-0.048123154789209366,0.5377488136291504,0.30597129464149475,-0.07230086624622345,0.5605316162109375,0.2031032145023346,-0.09628672897815704,0.5847097635269165,0.4567898213863373,-0.09457363933324814,0.43011581897735596,0.42251157760620117,-0.1418043076992035,0.4484020471572876,0.47275447845458984,-0.15367655456066132,0.49442005157470703,0.48239168524742126,-0.1572990119457245,0.5813137292861938,0.552062451839447,-0.10590964555740356,0.4097210764884949,0.5086073875427246,-0.14772088825702667,0.4413745403289795,0.5434696674346924,-0.13800334930419922,0.4908633828163147,0.5561676621437073,-0.1337883174419403,0.5687549114227295,0.6415965557098389,-0.1176307424902916,0.41373175382614136,0.5989080667495728,-0.1580246537923813,0.446908175945282,0.6292527318000793,-0.13286633789539337,0.49612629413604736,0.6404272317886353,-0.11544326692819595,0.5502360463142395,0.721959114074707,-0.12970325350761414,0.4246757924556732,0.6776650547981262,-0.15951816737651825,0.455423504114151,0.6970082521438599,-0.14633622765541077,0.5035085082054138,0.7136446833610535,-0.13518357276916504
0.5944305658340454,0.7397054433822632,-6.960292466828832e-07,0.5654825568199158,0.5996670126914978,-0.021045507863163948,0.537749707698822,0.4372923672199249,-0.04886722192168236,0.5301500558853149,0.3100008964538574,-0.07320448011159897,0.5603126287460327,0.20831558108329773,-0.09746995568275452,0.5936223268508911,0.44551175832748413,-0.09825166314840317,0.4370131194591522,0.41046762466430664,-0.14490200579166412,0.4509733319282532,0.46619659662246704,-0.15614986419677734,0.4938504099845886,0.4801444113254547,-0.15981711447238922,0.5910401344299316,0.5431532859802246,-0.11013766378164291,0.41482052206993103,0.5000651478767395,-0.15342707931995392,0.4414896070957184,0.5388296842575073,-0.1444787085056305,0.4904900789260864,0.5536235570907593,-0.1403937190771103,0.5756585001945496,0.6381832361221313,-0.12212934345006943,0.4187428951263428,0.5982143878936768,-0.16386660933494568,0.44824957847595215,0.63059002161026,-0.13915443420410156,0.4974416494369507,0.6424618363380432,-0.12145254015922546,0.5530031323432922,0.7235365509986877,-0.13438017666339874,0.42899996042251587,0.6806735992431641,-0.1663598269224167,0.457186222076416,0.6995598673820496,-0.15421372652053833,0.5046477913856506,0.7126073241233826,-0.1435520499944687
0.6024869084358215,0.7408832311630249,-6.285142148954037e-07,0.5722307562828064,0.590511679649353,-0.025160249322652817,0.5449385643005371,0.4329527020454407,-0.05339169129729271,0.532213568687439,0.3080187439918518,-0.07743845880031586,0.5592979788780212,0.2055758833885193,-0.10071875154972076,0.5895004272460938,0.45073553919792175,-0.09038159251213074,0.434096097946167,0.4129326343536377,-0.13558097183704376,0.44443172216415405,0.46733880043029785,-0.1470327526330948,0.4882223606109619,0.4808208644390106,-0.15111641585826874,0.5867486000061035,0.546878457069397,-0.09893926978111267,0.415008544921875,0.4970948100090027,-0.13953161239624023,0.4408554434776306,0.5379547476768494,-0.1306859254837036,0.4882257282733917,0.5537764430046082,-0.12702232599258423,0.5739109516143799,0.6359475255012512,-0.10853854566812515,0.417255699634552,0.5895570516586304,-0.14758306741714478,0.4445815980434418,0.6254648566246033,-0.12269908934831619,0.49231091141700745,0.6376447677612305,-0.10588669031858444,0.5560125112533569,0.7153716087341309,-0.11910238116979599,0.4295230209827423,0.672724187374115,-0.14805474877357483,0.45644867420196533,0.6963109374046326,-0.13520103693008423,0.5031869411468506,0.7129764556884766,-0.12428616732358932
0.5921267867088318,0.7444572448730469,-7.255987384269247e-07,0.5570288300514221,0.5972556471824646,-0.022100726142525673,0.5321276187896729,0.436903178691864,-0.049505408853292465,0.5263733267784119,0.30997252464294434,-0.07374470680952072,0.5574303269386292,0.20992407202720642,-0.09728549420833588,0.5990145802497864,0.44832491874694824,-0.08993954211473465,0.4441804885864258,0.414547324180603,-0.13778749108314514,0.4551837146282196,0.47510191798210144,-0.15038512647151947,0.49891865253448486,0.4894363284111023,-0.1544363796710968,0.5996306538581848,0.5472801923751831,-0.10096238553524017,0.425823450088501,0.5019324421882629,-0.1437002569437027,0.44959381222724915,0.5468533635139465,-0.13363860547542572,0.4978443384170532,0.5608395338058472,-0.1281934380531311,0.5856980681419373,0.6392480134963989,-0.11313566565513611,0.4271756708621979,0.5986344814300537,-0.1543014645576477,0.4520023465156555,0.6370522379875183,-0.12736207246780396,0.49984198808670044,0.6481674909591675,-0.10803350061178207,0.5641460418701172,0.7209168672561646,-0.12602899968624115,0.4368263781070709,0.6797527074813843,-0.1557394564151764,0.460622102022171,0.7068844437599182,-0.14096643030643463,0.5063217282295227,0.7246323227882385,-0.12801997363567352
0.5885909199714661,0.7454724311828613,-6.739236937391979e-07,0.5511884689331055,0.5860312581062317,-0.022656818851828575,0.5280200839042664,0.4272518754005432,-0.049339890480041504,0.5244956016540527,0.3049074411392212,-0.07282484322786331,0.5525700449943542,0.2068290114402771,-0.09555067121982574,0.5949293971061707,0.4500316083431244,-0.08621861040592194,0.4424792230129242,0.40815505385398865,-0.12921148538589478,0.44960588216781616,0.4641325771808624,-0.13901996612548828,0.49317601323127747,0.48301374912261963,-0.1415412724018097,0.5958847999572754,0.5477380156517029,-0.09630889445543289,0.4257971942424774,0.49423182010650635,-0.13284985721111298,0.4495469927787781,0.5348694324493408,-0.12238694727420807,0.4950018525123596,0.5525393486022949,-0.11773992329835892,0.5844023823738098,0.6378777623176575,-0.10722634196281433,0.42607593536376953,0.587966799736023,-0.1425224393606186,0.451811820268631,0.6211090683937073,-0.11729486286640167,0.49846312403678894,0.6340348124504089,-0.10071726888418198,0.5664927363395691,0.7192427515983582,-0.11892608553171158,0.43635597825050354,0.6673710346221924,-0.14360180497169495,0.46011945605278015,0.6900120973587036,-0.12801799178123474,0.5062424540519714,0.7100340127944946,-0.11545426398515701
0.5918055176734924,0.756428599357605,-7.180948955465283e-07,0.5513715744018555,0.5956262946128845,-0.02494227886199951,0.5262904763221741,0.4350731074810028,-0.05471933260560036,0.5236057639122009,0.31179869174957275,-0.08109479397535324,0.5519662499427795,0.2120310366153717,-0.10663440823554993,0.6056728363037109,0.45225387811660767,-0.09357135742902756,0.449756920337677,0.41098132729530334,-0.14176282286643982,0.45453861355781555,0.4712330102920532,-0.15427669882774353,0.5001471042633057,0.49237725138664246,-0.15785881876945496,0.6084498763084412,0.5551879405975342,-0.10382644832134247,0.4368157684803009,0.5013337135314941,-0.14496423304080963,0.4555971622467041,0.5460548996925354,-0.13384798169136047,0.5013025403022766,0.5619516372680664,-0.12796613574028015,0.596785843372345,0.6491403579711914,-0.115319162607193,0.4376559555530548,0.5989201068878174,-0.15415719151496887,0.4582834243774414,0.6327143907546997,-0.12670500576496124,0.5046723484992981,0.6445658206939697,-0.10800958424806595,0.5795740485191345,0.7319834232330322,-0.12778592109680176,0.45045900344848633,0.677976131439209,-0.15465781092643738,0.47160592675209045,0.6992782950401306,-0.1379902958869934,0.5177809596061707,0.7177228331565857,-0.1240987777709961
0.5850126147270203,0.7496604919433594,-6.833701604591624e-07,0.5476424694061279,0.5845986008644104,-0.02433905005455017,0.5264493823051453,0.42734140157699585,-0.05154000222682953,0.5252726674079895,0.30727890133857727,-0.07575071603059769,0.5536957383155823,0.21065357327461243,-0.09908545762300491,0.6089439392089844,0.4505087733268738,-0.07985157519578934,0.45676082372665405,0.4086654782295227,-0.12517456710338593,0.4593409597873688,0.4688136577606201,-0.14041917026042938,0.5045708417892456,0.4896625280380249,-0.14683406054973602,0.6089257597923279,0.5532997846603394,-0.08949160575866699,0.43916547298431396,0.49597641825675964,-0.12713980674743652,0.45811259746551514,0.5403172373771667,-0.12012331187725067,0.5037961006164551,0.5594360828399658,-0.1180606484413147,0.5957874655723572,0.645933210849762,-0.1007993221282959,0.4385013282299042,0.5907040238380432,-0.1367366909980774,0.4578136205673218,0.6253190040588379,-0.11261282116174698,0.5036913752555847,0.6400525569915771,-0.09670376777648926,0.5773577094078064,0.7276012897491455,-0.11337687820196152,0.4495878517627716,0.6685588359832764,-0.138154074549675,0.4695020914077759,0.6916661262512207,-0.12260297685861588,0.5146610736846924,0.713440477848053,-0.10987973213195801
0.5751200318336487,0.7452598810195923,-6.705207624690956e-07,0.53714919090271,0.5772470831871033,-0.02720712684094906,0.5256669521331787,0.4247060716152191,-0.05612112581729889,0.5311005711555481,0.3093617260456085,-0.08097223937511444,0.5592019557952881,0.21371012926101685,-0.10499686002731323,0.6151142120361328,0.456529825925827,-0.08696115761995316,0.4620889723300934,0.41704416275024414,-0.13011527061462402,0.4680151641368866,0.47071391344070435,-0.1450304090976715,0.5139413475990295,0.49298229813575745,-0.1519918590784073,0.6213634014129639,0.5624707341194153,-0.09553749859333038,0.4483007788658142,0.5118271112442017,-0.12998446822166443,0.47143983840942383,0.5463812947273254,-0.12383513152599335,0.5178015828132629,0.5626730918884277,-0.12437764555215836,0.6128895282745361,0.6574561595916748,-0.10538551956415176,0.4524211287498474,0.6073060035705566,-0.13662563264369965,0.47632795572280884,0.6294084191322327,-0.11326885968446732,0.5233052372932434,0.6415051221847534,-0.1002122014760971,0.5980619192123413,0.7414225339889526,-0.11706619709730148,0.4695391058921814,0.6871451139450073,-0.1401665210723877,0.4929092824459076,0.7005967497825623,-0.125717893242836,0.5396534204483032,0.7168470621109009,-0.11491258442401886
0.5594007968902588,0.7368907928466797,-6.137826176200178e-07,0.5271302461624146,0.5680955648422241,-0.03634199872612953,0.5196317434310913,0.4204895496368408,-0.0658712238073349,0.528730034828186,0.30685895681381226,-0.08906059712171555,0.5590535402297974,0.2136809527873993,-0.11033500730991364,0.6184760332107544,0.4539721608161926,-0.08508141338825226,0.4670703709125519,0.42282700538635254,-0.12121090292930603,0.46106743812561035,0.4720129072666168,-0.13065965473651886,0.502681314945221,0.4875357747077942,-0.1353697031736374,0.6221334338188171,0.5595200061798096,-0.08793022483587265,0.45031026005744934,0.5163378119468689,-0.11911672353744507,0.46404585242271423,0.547116219997406,-0.1139250099658966,0.5065612196922302,0.5581090450286865,-0.11543282866477966,0.6099777817726135,0.654435932636261,-0.09254627674818039,0.4496442377567291,0.6084775328636169,-0.12214761972427368,0.467157244682312,0.6311030387878418,-0.10239074379205704,0.5103937983512878,0.6467476487159729,-0.0915437713265419,0.590502142906189,0.7358500957489014,-0.09993550181388855,0.4643864631652832,0.684984028339386,-0.12336160242557526,0.48037189245224,0.6965663433074951,-0.11321989446878433,0.5229181051254272,0.7123533487319946,-0.1051122173666954
0.5523409843444824,0.7209899425506592,-6.437915089918533e-07,0.5267010927200317,0.5611582398414612,-0.043959733098745346,0.5258616805076599,0.41393694281578064,-0.07286582887172699,0.5419142842292786,0.30474722385406494,-0.0938042476773262,0.5750728249549866,0.2131628692150116,-0.11110218614339828,0.63104248046875,0.45577573776245117,-0.08301520347595215,0.4761086702346802,0.4281555414199829,-0.1240934431552887,0.4679490625858307,0.4761613607406616,-0.13856616616249084,0.5101515650749207,0.4916674792766571,-0.14601698517799377,0.6375946402549744,0.5569409132003784,-0.083076611161232,0.45993685722351074,0.5207995772361755,-0.12012830376625061,0.4727591276168823,0.550187349319458,-0.12044301629066467,0.5156674981117249,0.559888482093811,-0.12392868101596832,0.6261294484138489,0.6528867483139038,-0.0864715725183487,0.46005356311798096,0.6109277009963989,-0.12378127872943878,0.4772740304470062,0.6315275430679321,-0.10821685194969177,0.5198208093643188,0.6456777453422546,-0.09724266827106476,0.6055064797401428,0.736465573310852,-0.09329843521118164,0.47616875171661377,0.6893052458763123,-0.1244032084941864,0.489653617143631,0.6974830031394958,-0.11905474215745926,0.5319384932518005,0.7094807624816895,-0.11185610294342041
0.5370185971260071,0.7176855802536011,-6.411373760784045e-07,0.5185514092445374,0.5583919882774353,-0.051185961812734604,0.5238169431686401,0.40381449460983276,-0.07875114679336548,0.5442749261856079,0.29667913913726807,-0.09718436002731323,0.5807310938835144,0.21070599555969238,-0.10968494415283203,0.6333976984024048,0.4654493033885956,-0.07197674363851547,0.47438427805900574,0.4311732351779938,-0.11767160147428513,0.4651879668235779,0.47368139028549194,-0.13911902904510498,0.509164571762085,0.4882655143737793,-0.15030810236930847,0.6406570076942444,0.5620992183685303,-0.06817927956581116,0.4560541808605194,0.5221227407455444,-0.10744183510541916,0.4691864252090454,0.5478790998458862,-0.11255434900522232,0.5146055221557617,0.5537888407707214,-0.11739201843738556,0.6288486123085022,0.6562097668647766,-0.07018056511878967,0.4566912055015564,0.6100963950157166,-0.11127170920372009,0.47622764110565186,0.6287345886230469,-0.10053632408380508,0.5193256139755249,0.6418439745903015,-0.08977895975112915,0.6069144010543823,0.7401286363601685,-0.0766708180308342,0.4741182029247284,0.6937694549560547,-0.11000745743513107,0.4892004728317261,0.6994750499725342,-0.10871109366416931,0.5341167449951172,0.7096566557884216,-0.10254312306642532
0.5454156398773193,0.7440645098686218,-5.914961889175174e-07,0.5353798866271973,0.5855650901794434,-0.04913539066910744,0.543544352054596,0.42734527587890625,-0.07920677214860916,0.5600903630256653,0.3147597014904022,-0.09923367202281952,0.5955471992492676,0.2216542661190033,-0.11105377227067947,0.6465786695480347,0.47387945652008057,-0.08725523203611374,0.489523708820343,0.42546868324279785,-0.1357085108757019,0.48949605226516724,0.4727000296115875,-0.1539640724658966,0.5338670015335083,0.49195724725723267,-0.1626298427581787,0.6527487635612488,0.5669216513633728,-0.08614763617515564,0.46849650144577026,0.5139140486717224,-0.12842737138271332,0.48784369230270386,0.5519468784332275,-0.13036903738975525,0.5343371629714966,0.5638575553894043,-0.13264362514019012,0.6401047706604004,0.6624795198440552,-0.08997304737567902,0.46656039357185364,0.6106359362602234,-0.1297582983970642,0.49161297082901,0.6408487558364868,-0.11589031666517258,0.5365861654281616,0.6592576503753662,-0.10439704358577728,0.617746889591217,0.7534821033477783,-0.0985831692814827,0.48378482460975647,0.7006276845932007,-0.13215629756450653,0.5011222958564758,0.7117912769317627,-0.13187147676944733,0.545395016670227,0.7245904207229614,-0.12711085379123688
0.5476692318916321,0.7482221722602844,-5.984174435980094e-07,0.5347504019737244,0.5856860876083374,-0.052328381687402725,0.5431445837020874,0.42192572355270386,-0.07943689078092575,0.5623787641525269,0.30782240629196167,-0.09634117782115936,0.5983378291130066,0.2184087038040161,-0.10507941246032715,0.6457538604736328,0.4717889428138733,-0.07352766394615173,0.4893043041229248,0.4312448799610138,-0.11966725438833237,0.4855497181415558,0.47960323095321655,-0.13813908398151398,0.5302554965019226,0.4960048496723175,-0.14695575833320618,0.6526283621788025,0.5647631883621216,-0.06919503957033157,0.47208112478256226,0.5188800692558289,-0.11161869019269943,0.4889921545982361,0.5529691576957703,-0.116593137383461,0.5354511141777039,0.5594751238822937,-0.1202213242650032,0.6401270031929016,0.6595277190208435,-0.07105625420808792,0.4717752933502197,0.6115469932556152,-0.11369021236896515,0.493000328540802,0.6388003826141357,-0.10455043613910675,0.5375703573226929,0.6532995104789734,-0.09446433186531067,0.6191608905792236,0.7475678324699402,-0.07755455374717712,0.489234983921051,0.6972866058349609,-0.11077579855918884,0.5030178427696228,0.7062762379646301,-0.11235477030277252,0.5463437438011169,0.7154183387756348,-0.10856398940086365
0.5530653595924377,0.7293680906295776,-6.26583698704053e-07,0.5391589403152466,0.5729584693908691,-0.05020499229431152,0.5480928421020508,0.4185847342014313,-0.08125032484531403,0.5680555701255798,0.30779150128364563,-0.10175249725580215,0.6057493090629578,0.2159351110458374,-0.11413140594959259,0.6542033553123474,0.46553993225097656,-0.09526573121547699,0.49598953127861023,0.4316680431365967,-0.14234252274036407,0.4923306107521057,0.4860117435455322,-0.15604864060878754,0.5366640686988831,0.503470242023468,-0.16222457587718964,0.6615099310874939,0.5586082935333252,-0.09428127110004425,0.4807458817958832,0.5174520611763,-0.13793371617794037,0.4980528950691223,0.5553731322288513,-0.1372758001089096,0.5430471301078796,0.5642868280410767,-0.13851945102214813,0.6500512361526489,0.6541731953620911,-0.09776641428470612,0.4810604751110077,0.6093980669975281,-0.13940657675266266,0.5015195608139038,0.6384217739105225,-0.12313467264175415,0.5447959899902344,0.6535097360610962,-0.1106492280960083,0.6296321749687195,0.7440702319145203,-0.10582631826400757,0.499410480260849,0.6954309940338135,-0.14056682586669922,0.5145910382270813,0.7043424844741821,-0.14013269543647766,0.5587873458862305,0.7135538458824158,-0.1359875649213791
0.5618735551834106,0.723020076751709,-5.528155497813714e-07,0.5429050922393799,0.5687569975852966,-0.05764741078019142,0.5469322800636292,0.41674602031707764,-0.09931416809558868,0.5627915263175964,0.3084840476512909,-0.12714572250843048,0.6018348932266235,0.21187439560890198,-0.14709225296974182,0.6528409719467163,0.47206810116767883,-0.13979960978031158,0.49384093284606934,0.4338091015815735,-0.19306647777557373,0.4873063564300537,0.4792742133140564,-0.20509135723114014,0.5308207869529724,0.49424514174461365,-0.21055535972118378,0.6606869101524353,0.5651859641075134,-0.13722358644008636,0.47771647572517395,0.5218527317047119,-0.18667207658290863,0.492625892162323,0.5518018007278442,-0.17980621755123138,0.5373273491859436,0.5634463429450989,-0.17796719074249268,0.6485282778739929,0.660464882850647,-0.13719330728054047,0.4788209795951843,0.6172596216201782,-0.18065819144248962,0.4998798370361328,0.6382479071617126,-0.15438225865364075,0.5438666343688965,0.6554862856864929,-0.13690611720085144,0.6279338002204895,0.7508307695388794,-0.1423591822385788,0.49987584352493286,0.7023096680641174,-0.1820492446422577,0.516646683216095,0.7064375281333923,-0.17878678441047668,0.5623072385787964,0.716036319732666,-0.17288199067115784
0.5628121495246887,0.7269124984741211,-5.685519113285409e-07,0.5490578413009644,0.5746995210647583,-0.05634327232837677,0.5567188262939453,0.4200485348701477,-0.09023687243461609,0.5758094191551208,0.30816227197647095,-0.11191192269325256,0.6131477355957031,0.2146652340888977,-0.12616482377052307,0.6628856658935547,0.47214454412460327,-0.10879932343959808,0.5053597688674927,0.4303363561630249,-0.15853199362754822,0.5000077486038208,0.47865280508995056,-0.174050435423851,0.542824923992157,0.4962204694747925,-0.18138493597507477,0.6681491732597351,0.5681666731834412,-0.10480180382728577,0.48799964785575867,0.5171842575073242,-0.15029209852218628,0.5019540190696716,0.5497915148735046,-0.1500576287508011,0.544906735420227,0.5618583559989929,-0.15177232027053833,0.6535967588424683,0.6649532914161682,-0.10513551533222198,0.4856990873813629,0.6118528246879578,-0.1497131586074829,0.5053783655166626,0.6365461349487305,-0.13430653512477875,0.5484535694122314,0.6557872891426086,-0.12184711545705795,0.6306480169296265,0.7540952563285828,-0.11014524847269058,0.5025497674942017,0.6972638368606567,-0.14861151576042175,0.5168119668960571,0.7047712206840515,-0.14895634353160858,0.5606833696365356,0.7178476452827454,-0.14486989378929138
0.5639283061027527,0.7373579740524292,-5.206354671827285e-07,0.5480849742889404,0.5760501623153687,-0.06027033552527428,0.5544757843017578,0.4164152443408966,-0.10340388119220734,0.5744832158088684,0.3050341010093689,-0.13180755078792572,0.6136921644210815,0.2112525999546051,-0.15221810340881348,0.6614207029342651,0.4749954342842102,-0.14591751992702484,0.5018438100814819,0.43446195125579834,-0.20102012157440186,0.4946863651275635,0.4782711863517761,-0.2132052183151245,0.5372309684753418,0.4918999969959259,-0.21853306889533997,0.666944682598114,0.5689058899879456,-0.14231429994106293,0.4859372079372406,0.5197474360466003,-0.19493936002254486,0.4977942705154419,0.5472916960716248,-0.18922275304794312,0.5402706265449524,0.5572605729103088,-0.18761096894741058,0.6520750522613525,0.66554194688797,-0.14112597703933716,0.48481255769729614,0.6157247424125671,-0.18914397060871124,0.5011699795722961,0.6358451247215271,-0.16480790078639984,0.5432503819465637,0.6541121006011963,-0.14723968505859375,0.6290066838264465,0.7556357979774475,-0.14489082992076874,0.504561722278595,0.6983529925346375,-0.18761546909809113,0.517735481262207,0.7023370265960693,-0.18552976846694946,0.5618902444839478,0.7141504883766174,-0.17969751358032227
0.567965030670166,0.7284563183784485,-5.78012020469032e-07,0.553081214427948,0.5741949677467346,-0.05416420102119446,0.5618802905082703,0.41972577571868896,-0.0886140689253807,0.5827319025993347,0.30912646651268005,-0.11100857704877853,0.6222502589225769,0.21622580289840698,-0.12565430998802185,0.6679776310920715,0.4698476791381836,-0.10999587178230286,0.5106614232063293,0.4312793016433716,-0.15941452980041504,0.5099307894706726,0.4817803204059601,-0.175003781914711,0.5538722276687622,0.49875152111053467,-0.1824820339679718,0.6761053204536438,0.562415361404419,-0.10691097378730774,0.49554502964019775,0.5169692039489746,-0.1510070562362671,0.5149040818214417,0.5509004592895508,-0.14980852603912354,0.5585300922393799,0.5620230436325073,-0.15139621496200562,0.6651473045349121,0.65838223695755,-0.10777822881937027,0.4962742030620575,0.6109827160835266,-0.14864178001880646,0.5188373923301697,0.6373769044876099,-0.13149899244308472,0.5618466734886169,0.6556428074836731,-0.11917859315872192,0.6459101438522339,0.7492669224739075,-0.11351071298122406,0.5159956216812134,0.6986760497093201,-0.14891287684440613,0.5330876111984253,0.7066485285758972,-0.14860820770263672,0.577989935874939,0.718662440776825,-0.14484737813472748
0.5630488395690918,0.7279326915740967,-4.887787667939847e-07,0.5484100580215454,0.5686865448951721,-0.058028243482112885,0.5570265650749207,0.41809263825416565,-0.10271776467561722,0.578362226486206,0.31061118841171265,-0.1326708197593689,0.6191154718399048,0.21565458178520203,-0.15491999685764313,0.6647211313247681,0.470065712928772,-0.15272006392478943,0.5088704228401184,0.4332633316516876,-0.20695796608924866,0.5052189826965332,0.47996532917022705,-0.21873240172863007,0.5494295358657837,0.4930533170700073,-0.22463755309581757,0.6738833785057068,0.5625965595245361,-0.15009164810180664,0.49459320306777954,0.5188568234443665,-0.20104974508285522,0.5110133290290833,0.5476728677749634,-0.19399891793727875,0.5542032122612,0.5577359199523926,-0.1931334137916565,0.6613037586212158,0.6586557626724243,-0.14904676377773285,0.4952821135520935,0.6138041019439697,-0.19209128618240356,0.5141974687576294,0.6350876092910767,-0.16504985094070435,0.556639552116394,0.6526610255241394,-0.14840559661388397,0.6403121948242188,0.7493502497673035,-0.15311725437641144,0.5156875848770142,0.6970599889755249,-0.19283702969551086,0.5299403667449951,0.7010980844497681,-0.1899901181459427,0.5733009576797485,0.7120047211647034,-0.18530899286270142
0.566215455532074,0.723770022392273,-5.4069738553153e-07,0.5576131939888,0.5753110647201538,-0.05112273246049881,0.5683712363243103,0.42783528566360474,-0.07971929758787155,0.5835644602775574,0.31841886043548584,-0.09812365472316742,0.6178504228591919,0.22716259956359863,-0.10817346721887589,0.6749705076217651,0.4762468934059143,-0.08231598883867264,0.5252150297164917,0.42378178238868713,-0.13086359202861786,0.5246865749359131,0.47318440675735474,-0.15279142558574677,0.5686513781547546,0.4957943856716156,-0.1641029566526413,0.6835240721702576,0.5662742257118225,-0.07899389415979385,0.5105348229408264,0.5129235982894897,-0.12049642950296402,0.5317227244377136,0.5486196279525757,-0.12614113092422485,0.575545608997345,0.5609984993934631,-0.13083679974079132,0.6721729636192322,0.6615475416183472,-0.0808010846376419,0.5101404786109924,0.6085067987442017,-0.12146846950054169,0.5368706583976746,0.636195957660675,-0.10992381721735,0.5800955891609192,0.6549844741821289,-0.09890928864479065,0.6501195430755615,0.7533551454544067,-0.08728411048650742,0.5279091000556946,0.7002602815628052,-0.12248262017965317,0.5506119132041931,0.7106041312217712,-0.1229083314538002,0.5960124135017395,0.7271705865859985,-0.11767543107271194
0.5640877485275269,0.7285507321357727,-6.004983674756659e-07,0.5520602464675903,0.5812723636627197,-0.04950299113988876,0.5652424693107605,0.4301547408103943,-0.07478633522987366,0.5833539962768555,0.3200390934944153,-0.09018157422542572,0.6187378168106079,0.23185527324676514,-0.0959138423204422,0.6716636419296265,0.4697467088699341,-0.07056554406881332,0.5251787304878235,0.42114242911338806,-0.1185874342918396,0.5252019762992859,0.47586360573768616,-0.14095436036586761,0.5692318677902222,0.5015941262245178,-0.15207375586032867,0.6836665868759155,0.5553934574127197,-0.06669015437364578,0.5108478665351868,0.5113367438316345,-0.10814961791038513,0.5321848392486572,0.5527600049972534,-0.11448493599891663,0.5769107341766357,0.5682648420333862,-0.11816482990980148,0.6753828525543213,0.6480703353881836,-0.06868791580200195,0.5130611062049866,0.6077151298522949,-0.10967545211315155,0.538898229598999,0.6393292546272278,-0.09911950677633286,0.5841097831726074,0.6552647352218628,-0.08757209777832031,0.6550745964050293,0.7397862672805786,-0.07565219700336456,0.5297092199325562,0.6995315551757812,-0.11047141253948212,0.5500602722167969,0.711514949798584,-0.11266859620809555,0.5956805944442749,0.7223846912384033,-0.10796801000833511
0.5587834119796753,0.7211859226226807,-6.938968226677389e-07,0.5501260161399841,0.5728643536567688,-0.04260333999991417,0.5665490031242371,0.4246363043785095,-0.06484873592853546,0.5859482288360596,0.3187662959098816,-0.07970868051052094,0.6139162182807922,0.22872671484947205,-0.08479377627372742,0.6834412813186646,0.4483315646648407,-0.05684053152799606,0.5478378534317017,0.4039766192436218,-0.10372134298086166,0.533665657043457,0.47204211354255676,-0.1251525729894638,0.5704942941665649,0.5023882389068604,-0.13637512922286987,0.7011976838111877,0.5299065709114075,-0.05706806853413582,0.5370458960533142,0.4910612404346466,-0.10079451650381088,0.537385106086731,0.5440786480903625,-0.10672765970230103,0.576450765132904,0.5638563632965088,-0.10831549763679504,0.6960141658782959,0.6210561394691467,-0.06346505135297775,0.543987512588501,0.5828502774238586,-0.10555407404899597,0.5511595606803894,0.6193795204162598,-0.09238933026790619,0.5898842811584473,0.6347301602363586,-0.07848946005105972,0.6802957057952881,0.7116410732269287,-0.07432213425636292,0.5635637640953064,0.6732420325279236,-0.10745012760162354,0.5697433948516846,0.688429594039917,-0.1060415580868721,0.6079180240631104,0.6984490156173706,-0.09855693578720093
0.558854877948761,0.7239019274711609,-7.048435008982779e-07,0.547420084476471,0.5767019391059875,-0.043917302042245865,0.5650913715362549,0.4254970848560333,-0.0654728040099144,0.5855263471603394,0.31773388385772705,-0.07968824356794357,0.6136831045150757,0.22841796278953552,-0.08366931974887848,0.6837046146392822,0.45004743337631226,-0.05182661861181259,0.5473603010177612,0.40235191583633423,-0.09957490116357803,0.5323348045349121,0.46888256072998047,-0.123151496052742,0.5716413855552673,0.49835124611854553,-0.13564598560333252,0.7012439966201782,0.5316140055656433,-0.05115645006299019,0.536972165107727,0.4920087158679962,-0.09471235424280167,0.5387507081031799,0.544337809085846,-0.10153548419475555,0.5809739828109741,0.5631716251373291,-0.10339025408029556,0.6960198879241943,0.6227380037307739,-0.057271234691143036,0.5440098643302917,0.585963249206543,-0.09928533434867859,0.5522065162658691,0.6229710578918457,-0.08635784685611725,0.5935822129249573,0.6367616057395935,-0.07216226309537888,0.6804859638214111,0.713751494884491,-0.06822587549686432,0.563060998916626,0.6780605912208557,-0.10071597248315811,0.5716553330421448,0.6941434144973755,-0.09938129782676697,0.6128108501434326,0.70339035987854,-0.09169180691242218
0.5700313448905945,0.7271299958229065,-6.773329346287937e-07,0.5570625066757202,0.5791527628898621,-0.04534811154007912,0.5747799873352051,0.42977917194366455,-0.06824217736721039,0.5940972566604614,0.3227135241031647,-0.08274346590042114,0.6187419295310974,0.2293599247932434,-0.08706565946340561,0.6979650855064392,0.44668370485305786,-0.06039346382021904,0.5559056401252747,0.4057856798171997,-0.10524491220712662,0.5424940586090088,0.46837493777275085,-0.12486673146486282,0.5797910094261169,0.49897292256355286,-0.13486191630363464,0.716422975063324,0.5310179591178894,-0.05845023691654205,0.5474711656570435,0.492917537689209,-0.0999588891863823,0.5480201244354248,0.5416135191917419,-0.10417092591524124,0.58782559633255,0.5620265603065491,-0.1046566516160965,0.711455762386322,0.6232227683067322,-0.062455542385578156,0.5556030869483948,0.5836388468742371,-0.10347972810268402,0.5631582736968994,0.6180587410926819,-0.08947835117578506,0.601484477519989,0.6338373422622681,-0.07471319288015366,0.6943135261535645,0.7143094539642334,-0.07123052328824997,0.5748522281646729,0.6774893403053284,-0.1053178608417511,0.5810489058494568,0.692607581615448,-0.1045372411608696,0.6182826161384583,0.7038734555244446,-0.09680616110563278
0.5652344226837158,0.7230879068374634,-7.563260169263231e-07,0.5518187284469604,0.5756940245628357,-0.04482569545507431,0.5723370313644409,0.42427927255630493,-0.06481856107711792,0.5949997901916504,0.3185441493988037,-0.07658112049102783,0.621030867099762,0.23071685433387756,-0.07831386476755142,0.6962969303131104,0.4468095302581787,-0.054620590060949326,0.557481586933136,0.404779851436615,-0.09757617861032486,0.5400336980819702,0.4713650345802307,-0.1173473671078682,0.5750241279602051,0.5017253160476685,-0.12812964618206024,0.7170804738998413,0.5309255123138428,-0.05235402658581734,0.5476905107498169,0.4943810701370239,-0.09181496500968933,0.5467671155929565,0.5457968711853027,-0.09621676802635193,0.5861456990242004,0.5670814514160156,-0.09725921601057053,0.7122194766998291,0.6246853470802307,-0.056273557245731354,0.5555063486099243,0.5855912566184998,-0.09584616124629974,0.5582442879676819,0.6211618781089783,-0.08196347206830978,0.595066249370575,0.6376453042030334,-0.06756289303302765,0.6942762732505798,0.7171987891197205,-0.0651172325015068,0.5734719634056091,0.6785348057746887,-0.09852127730846405,0.5784289836883545,0.6947664618492126,-0.09780443459749222,0.6153304576873779,0.7070798873901367,-0.0903739407658577
0.5701694488525391,0.7382850646972656,-7.628752314303711e-07,0.5518231391906738,0.5821970701217651,-0.0473688542842865,0.5734591484069824,0.42735251784324646,-0.0689367949962616,0.5981767177581787,0.3199271559715271,-0.08246393501758575,0.6279510259628296,0.22927212715148926,-0.08478852361440659,0.7009052038192749,0.4444776475429535,-0.05472157895565033,0.5609791278839111,0.4040592312812805,-0.10132800042629242,0.537074863910675,0.4793786406517029,-0.12015006691217422,0.5732182264328003,0.5137457847595215,-0.1293536126613617,0.7221693396568298,0.5310913324356079,-0.052917126566171646,0.554779589176178,0.49626004695892334,-0.09828581660985947,0.5438006520271301,0.5566737055778503,-0.10098995268344879,0.583053708076477,0.5796879529953003,-0.09858345985412598,0.7177140712738037,0.6251536011695862,-0.058386605232954025,0.5652258992195129,0.5896020531654358,-0.1038704589009285,0.561005711555481,0.6322784423828125,-0.08692784607410431,0.5998289585113525,0.6499987840652466,-0.06848516315221786,0.7009391188621521,0.7162954807281494,-0.0690729022026062,0.586715579032898,0.6812449097633362,-0.1042235866189003,0.5807026624679565,0.6990677118301392,-0.1011953353881836,0.6137149930000305,0.7097970843315125,-0.09105809777975082
0.5674596428871155,0.7347509860992432,-7.739948273410846e-07,0.5528721213340759,0.5803748965263367,-0.04633764550089836,0.5740841627120972,0.4268578290939331,-0.0674620196223259,0.5986912250518799,0.32118403911590576,-0.08038915693759918,0.6276247501373291,0.23065811395645142,-0.08231648802757263,0.7016137838363647,0.4451943337917328,-0.056501422077417374,0.5636280179023743,0.4064609110355377,-0.10081948339939117,0.5400634407997131,0.4808352589607239,-0.1175084114074707,0.5744502544403076,0.5138890147209167,-0.1260823756456375,0.7231005430221558,0.5304669141769409,-0.055362340062856674,0.5557965040206909,0.4976794421672821,-0.09969382733106613,0.5459825992584229,0.5564544796943665,-0.10274390131235123,0.5855377316474915,0.577302098274231,-0.10151802748441696,0.7185488343238831,0.6244422793388367,-0.06087237969040871,0.5649571418762207,0.5923792719841003,-0.10427125543355942,0.5611047744750977,0.6331472992897034,-0.08767665922641754,0.5999693870544434,0.6486080884933472,-0.07086531072854996,0.7021760940551758,0.716343343257904,-0.0714365616440773,0.5869300365447998,0.6824818253517151,-0.10471201688051224,0.5804020166397095,0.6990184783935547,-0.1013404130935669,0.6132869124412537,0.7074841260910034,-0.09216830134391785
0.5704618096351624,0.7382737398147583,-7.524366765210289e-07,0.5549150705337524,0.5868148803710938,-0.047265566885471344,0.5758840441703796,0.43114808201789856,-0.06885063648223877,0.6001805663108826,0.32256364822387695,-0.08150167763233185,0.6295166015625,0.2329612672328949,-0.08319903910160065,0.6987243890762329,0.4587785601615906,-0.05963855981826782,0.5554662942886353,0.4168354868888855,-0.10490938276052475,0.5370700359344482,0.4849880337715149,-0.12318826466798782,0.5762414336204529,0.5127558708190918,-0.13245153427124023,0.7173374891281128,0.5442494750022888,-0.057249072939157486,0.5467432141304016,0.5077142715454102,-0.10058946907520294,0.5455951690673828,0.5608489513397217,-0.10409509390592575,0.5882964134216309,0.5787910223007202,-0.10374043881893158,0.7119364142417908,0.637691855430603,-0.061447739601135254,0.5542580485343933,0.6030012369155884,-0.10413496196269989,0.5582676529884338,0.6417124271392822,-0.08939681202173233,0.5992603302001953,0.6565284132957458,-0.07398904114961624,0.6946130394935608,0.7301089763641357,-0.07072217762470245,0.5739965438842773,0.696351945400238,-0.10475009679794312,0.576649010181427,0.7124553918838501,-0.10393581539392471,0.6141507625579834,0.7211989164352417,-0.09661024063825607
0.5700900554656982,0.7368199825286865,-7.396376418000727e-07,0.5572171211242676,0.587709367275238,-0.045585352927446365,0.578325629234314,0.43091684579849243,-0.06550413370132446,0.6021856069564819,0.32110655307769775,-0.0771959200501442,0.630955696105957,0.23267096281051636,-0.07799790054559708,0.6997585296630859,0.45609670877456665,-0.05309509113430977,0.5574738383293152,0.41411563754081726,-0.0986528992652893,0.5401918888092041,0.47995227575302124,-0.11895400285720825,0.5801407694816589,0.5072081685066223,-0.12949241697788239,0.7185357213020325,0.542080283164978,-0.051360394805669785,0.5460805892944336,0.506365180015564,-0.09403469413518906,0.5471193790435791,0.5566163659095764,-0.09873493760824203,0.5918033719062805,0.5727021098136902,-0.09884275496006012,0.7122453451156616,0.6379987597465515,-0.05652612820267677,0.5544043779373169,0.6018117666244507,-0.09968951344490051,0.5603669881820679,0.6380907297134399,-0.08608674257993698,0.6027433276176453,0.6519855260848999,-0.07060329616069794,0.6938068866729736,0.7326159477233887,-0.0665760487318039,0.5735352039337158,0.697170078754425,-0.10134094208478928,0.5790324211120605,0.7129248380661011,-0.10072771459817886,0.6186786890029907,0.722535252571106,-0.09282002598047256
0.5745399594306946,0.7256187200546265,-6.510132948278624e-07,0.5620431303977966,0.5792130827903748,-0.05173841491341591,0.5778924822807312,0.42942044138908386,-0.07644399255514145,0.5960058569908142,0.32052165269851685,-0.09111569076776505,0.6259849071502686,0.23127418756484985,-0.09549814462661743,0.6923087239265442,0.46953606605529785,-0.0661020278930664,0.5459231734275818,0.4268684387207031,-0.11502376198768616,0.5379118919372559,0.4860905408859253,-0.13829268515110016,0.5808592438697815,0.5117939114570618,-0.1500474214553833,0.7079939246177673,0.5604322552680969,-0.061110347509384155,0.5334941148757935,0.5233436226844788,-0.10443900525569916,0.5488724708557129,0.5645353198051453,-0.11117073893547058,0.596132755279541,0.5776681303977966,-0.11405906081199646,0.7011364102363586,0.6571108102798462,-0.06287416815757751,0.5382945537567139,0.6247710585594177,-0.105886310338974,0.5580127835273743,0.652124285697937,-0.0949186459183693,0.6045563220977783,0.6620849370956421,-0.08185529708862305,0.6822837591171265,0.7502575516700745,-0.06994360685348511,0.5569636225700378,0.7165678143501282,-0.10490655899047852,0.5731882452964783,0.723566472530365,-0.10687988251447678,0.6190618276596069,0.7271414995193481,-0.10144627839326859
0.5823420882225037,0.7229395508766174,-6.604373652407958e-07,0.5663965940475464,0.5772196650505066,-0.05015841871500015,0.5804253220558167,0.42873167991638184,-0.07432538270950317,0.5975525379180908,0.3206702768802643,-0.0888662114739418,0.6251481771469116,0.23320841789245605,-0.09274807572364807,0.6903377771377563,0.4691131114959717,-0.06613544374704361,0.544651210308075,0.4241254925727844,-0.11405564099550247,0.5366659164428711,0.484343945980072,-0.13626883924007416,0.5792849659919739,0.5119996070861816,-0.14745834469795227,0.7073178887367249,0.559782087802887,-0.061795011162757874,0.53373122215271,0.5229203701019287,-0.10425540059804916,0.5506540536880493,0.5629353523254395,-0.1092434823513031,0.5981008410453796,0.5764057636260986,-0.11110790073871613,0.7012656331062317,0.6562291979789734,-0.06403262168169022,0.5402647256851196,0.6231895685195923,-0.10643965005874634,0.5593292117118835,0.6496331691741943,-0.09359044581651688,0.6056746244430542,0.6603990793228149,-0.0792047455906868,0.6822959184646606,0.7491257190704346,-0.07164844125509262,0.5591017603874207,0.7120192646980286,-0.10582694411277771,0.5741114616394043,0.7175068855285645,-0.10697375982999802,0.6182096600532532,0.7219119071960449,-0.10113287717103958
0.5817797780036926,0.7510338425636292,-5.912042979616672e-07,0.5658177137374878,0.6021852493286133,-0.05240568146109581,0.5734720230102539,0.4431183338165283,-0.08088105916976929,0.5854871273040771,0.32848453521728516,-0.09897484630346298,0.6135739088058472,0.22705698013305664,-0.10883098840713501,0.6831263899803162,0.4893662631511688,-0.08015086501836777,0.5274320244789124,0.4375985860824585,-0.12819907069206238,0.5293969511985779,0.49202975630760193,-0.15402692556381226,0.573790431022644,0.5206874012947083,-0.16905774176120758,0.691831111907959,0.5834261178970337,-0.07665108144283295,0.5142648220062256,0.5333660244941711,-0.11475041508674622,0.5381549000740051,0.5746248960494995,-0.12225654721260071,0.5846750736236572,0.5957146883010864,-0.12988057732582092,0.6797038912773132,0.6806576251983643,-0.07822567969560623,0.5130910873413086,0.6405811309814453,-0.11357619613409042,0.541702389717102,0.6728416681289673,-0.10054069757461548,0.5885886549949646,0.6925634741783142,-0.09083442389965057,0.6561115980148315,0.7763128280639648,-0.0855221226811409,0.5280744433403015,0.7411168217658997,-0.11770279705524445,0.5504053831100464,0.7568392753601074,-0.11622390896081924,0.5981335043907166,0.7722244262695312,-0.11088629066944122
0.5902867913246155,0.7571741938591003,-5.561866487369116e-07,0.5701858997344971,0.6075437068939209,-0.05230265483260155,0.5733649134635925,0.4500202536582947,-0.07967782020568848,0.5820447206497192,0.3348091244697571,-0.09703924506902695,0.611321747303009,0.2337656021118164,-0.10567882657051086,0.6827667951583862,0.48524072766304016,-0.0756719782948494,0.527273416519165,0.4444960951805115,-0.1224636361002922,0.5259354114532471,0.5029051899909973,-0.14638660848140717,0.5688073039054871,0.529944121837616,-0.1598970741033554,0.6927117109298706,0.5739612579345703,-0.07160040736198425,0.5172112584114075,0.5394574999809265,-0.10963559150695801,0.5390333533287048,0.5814288854598999,-0.11616324633359909,0.5832250118255615,0.5992166996002197,-0.12230798602104187,0.6831096410751343,0.6680223345756531,-0.07321074604988098,0.5176205635070801,0.6417520046234131,-0.10886838287115097,0.544130265712738,0.6736127734184265,-0.09747449308633804,0.5892096161842346,0.6909368634223938,-0.08830868452787399,0.6633182764053345,0.7610572576522827,-0.08030691742897034,0.5340078473091125,0.7346290349960327,-0.11127500981092453,0.5552694797515869,0.7485669851303101,-0.11115086823701859,0.6012039184570312,0.7617088556289673,-0.10681503266096115
0.5788013339042664,0.7611804008483887,-6.247133796932758e-07,0.551360547542572,0.6020330190658569,-0.05880528315901756,0.5476695895195007,0.43608471751213074,-0.09122713655233383,0.5588406920433044,0.3217237889766693,-0.11104419082403183,0.5806456208229065,0.2212563455104828,-0.12255293875932693,0.6382511854171753,0.47795167565345764,-0.1040654182434082,0.4775807857513428,0.4482664167881012,-0.14554548263549805,0.46935901045799255,0.5081313252449036,-0.16120792925357819,0.5046236515045166,0.537451446056366,-0.17186817526817322,0.6534479856491089,0.5713753700256348,-0.09753312170505524,0.45867303013801575,0.5427921414375305,-0.13319407403469086,0.472781777381897,0.5838218331336975,-0.1348976343870163,0.5138197541236877,0.6002272367477417,-0.14090992510318756,0.6469748616218567,0.6659162640571594,-0.0944523960351944,0.4634086489677429,0.6389047503471375,-0.1262684315443039,0.4869564175605774,0.6685563325881958,-0.10880009829998016,0.5294733047485352,0.6911072134971619,-0.09903901070356369,0.6296056509017944,0.7574794888496399,-0.09713846445083618,0.48680585622787476,0.7291488647460938,-0.1312275528907776,0.5003288984298706,0.7463734149932861,-0.12878654897212982,0.5407081246376038,0.7639139294624329,-0.12354160100221634
0.5687630772590637,0.7590329647064209,-6.234650413716736e-07,0.5457436442375183,0.5880929231643677,-0.04634169861674309,0.5452839136123657,0.42514002323150635,-0.06988736242055893,0.5589134097099304,0.3133677840232849,-0.08619119971990585,0.5811353921890259,0.2210475206375122,-0.09651059657335281,0.6425975561141968,0.47220101952552795,-0.05591815337538719,0.48492860794067383,0.446478933095932,-0.10071862488985062,0.4824211895465851,0.50105881690979,-0.12751029431819916,0.5292264223098755,0.5168155431747437,-0.14348828792572021,0.6517632007598877,0.5764456391334534,-0.05509034916758537,0.4725791811943054,0.537946879863739,-0.09132549911737442,0.4908677339553833,0.5739061236381531,-0.09936955571174622,0.5362684726715088,0.5866056680679321,-0.10783891379833221,0.6427621841430664,0.6721208095550537,-0.060570187866687775,0.47127339243888855,0.6308923363685608,-0.09839553385972977,0.4910569190979004,0.6580519080162048,-0.08600207418203354,0.5368629097938538,0.67493736743927,-0.07597804069519043,0.6226524114608765,0.756033718585968,-0.07067588716745377,0.48502153158187866,0.714951753616333,-0.0996917262673378,0.49916553497314453,0.7353874444961548,-0.09320366382598877,0.5442347526550293,0.7567821741104126,-0.08486540615558624
0.5447902083396912,0.7347535490989685,-5.641567213388043e-07,0.5175492763519287,0.5773090720176697,-0.0515984371304512,0.5074110627174377,0.4286579489707947,-0.08199908584356308,0.5172983407974243,0.31627586483955383,-0.10278230905532837,0.5443269610404968,0.22302541136741638,-0.11814802139997482,0.6007801294326782,0.4702551066875458,-0.07371138781309128,0.43742209672927856,0.4675595462322235,-0.10943774878978729,0.4377615749835968,0.5015724301338196,-0.12576711177825928,0.4828595519065857,0.5055297613143921,-0.13561208546161652,0.6090784072875977,0.5683817267417908,-0.06832464784383774,0.42150574922561646,0.5618133544921875,-0.09496716409921646,0.44529733061790466,0.5823385119438171,-0.09758410602807999,0.4943123459815979,0.5802686810493469,-0.1048838198184967,0.6005213260650635,0.6624430418014526,-0.06739624589681625,0.4244709610939026,0.6527575850486755,-0.09342623502016068,0.4518144130706787,0.6636965274810791,-0.08211876451969147,0.4971679151058197,0.669024646282196,-0.0767836794257164,0.5826453566551208,0.7519587874412537,-0.07180648297071457,0.446224182844162,0.7370446920394897,-0.09553837776184082,0.4648885428905487,0.7399287223815918,-0.09303984045982361,0.5051677823066711,0.7443410158157349,-0.08957523852586746
0.5770244002342224,0.7497520446777344,-6.038660558260744e-07,0.5351660251617432,0.5876736640930176,-0.045644715428352356,0.5134585499763489,0.4347754716873169,-0.073030024766922,0.5149170160293579,0.31773117184638977,-0.0924907699227333,0.5420894026756287,0.22495222091674805,-0.10654737055301666,0.6065414547920227,0.47210195660591125,-0.07256540656089783,0.43528175354003906,0.4619506001472473,-0.11361654102802277,0.44319117069244385,0.504535973072052,-0.13276949524879456,0.49248576164245605,0.5141187310218811,-0.14292694628238678,0.6099802255630493,0.5725141763687134,-0.07131440937519073,0.4195505678653717,0.5519694685935974,-0.10420078784227371,0.44781243801116943,0.5804734826087952,-0.1063728779554367,0.4981505274772644,0.5848498344421387,-0.11242688447237015,0.6011497974395752,0.6658521890640259,-0.07456082850694656,0.4206836223602295,0.6466152667999268,-0.10574693232774734,0.4508402943611145,0.6670401096343994,-0.09216025471687317,0.4983091354370117,0.6780984401702881,-0.08425725996494293,0.584689736366272,0.7523068785667419,-0.08277208358049393,0.4432550072669983,0.7265248894691467,-0.10713361203670502,0.4647231698036194,0.7366014719009399,-0.10211443901062012,0.5089309215545654,0.7485794425010681,-0.09703287482261658
0.568975031375885,0.736465573310852,-5.265649747343559e-07,0.5335729718208313,0.586090087890625,-0.027458494529128075,0.5025960206985474,0.4405888617038727,-0.052780818194150925,0.49165916442871094,0.32194724678993225,-0.073759064078331,0.509113073348999,0.2280760407447815,-0.09127117693424225,0.5565533638000488,0.4803207516670227,-0.06462723016738892,0.4008772373199463,0.472614049911499,-0.10088440775871277,0.42005765438079834,0.5134013891220093,-0.11462070047855377,0.47149258852005005,0.5129066705703735,-0.1217663586139679,0.5640391111373901,0.5776129961013794,-0.07040198147296906,0.38792309165000916,0.5617947578430176,-0.09773382544517517,0.42604321241378784,0.5877174735069275,-0.09558957815170288,0.47667011618614197,0.5860946774482727,-0.09911050647497177,0.5596423745155334,0.6662565469741821,-0.07809187471866608,0.396716833114624,0.6483843326568604,-0.10284306854009628,0.42934879660606384,0.6651217937469482,-0.08688157796859741,0.4791809320449829,0.6659044027328491,-0.07926254719495773,0.5473207831382751,0.7503033876419067,-0.08827855437994003,0.4162199795246124,0.7264479398727417,-0.10730569809675217,0.4448583722114563,0.7361056208610535,-0.09904229640960693,0.49325788021087646,0.74656081199646,-0.09300342202186584
0.6089008450508118,0.7520264387130737,-6.140292612144549e-07,0.5755636692047119,0.6008049845695496,-0.021367166191339493,0.5321365594863892,0.452348917722702,-0.050000809133052826,0.5032747983932495,0.33658984303474426,-0.07525409013032913,0.5107638239860535,0.23222875595092773,-0.10008437931537628,0.5587124228477478,0.48862412571907043,-0.09837015718221664,0.403857558965683,0.45907288789749146,-0.14336904883384705,0.425244003534317,0.5060188174247742,-0.15385468304157257,0.4728732407093048,0.5205878615379333,-0.15648745000362396,0.5605737566947937,0.5859647393226624,-0.10875257849693298,0.3895248770713806,0.5483939051628113,-0.1458524763584137,0.4243779480457306,0.5789022445678711,-0.13513882458209991,0.4717879593372345,0.5929297804832458,-0.1315121203660965,0.5535580515861511,0.6766029000282288,-0.11899728327989578,0.39457017183303833,0.6419451236724854,-0.1529795080423355,0.4292353093624115,0.6635359525680542,-0.12814505398273468,0.47776204347610474,0.6720341444015503,-0.11333347111940384,0.5399593710899353,0.7567587494850159,-0.12982583045959473,0.4092426896095276,0.7219171524047852,-0.15458232164382935,0.438383013010025,0.7325565814971924,-0.14039231836795807,0.4852142632007599,0.7465291023254395,-0.12974505126476288
0.593267023563385,0.7487711906433105,-5.818749286845559e-07,0.5605128407478333,0.6144899129867554,-0.010613874532282352,0.5113502740859985,0.4625375270843506,-0.03651183471083641,0.48495450615882874,0.3437466025352478,-0.06124583259224892,0.5029532313346863,0.2415647804737091,-0.08590590208768845,0.5333660244941711,0.48591870069503784,-0.08536645770072937,0.37767064571380615,0.46149885654449463,-0.13205616176128387,0.4046943187713623,0.511156439781189,-0.14843948185443878,0.4524784982204437,0.5205285549163818,-0.1556815505027771,0.5292236804962158,0.5799826979637146,-0.10161788761615753,0.35720816254615784,0.5515633821487427,-0.14346526563167572,0.3929579257965088,0.5846766829490662,-0.13654285669326782,0.44695571064949036,0.595418393611908,-0.13334934413433075,0.5194803476333618,0.6715292930603027,-0.11739976704120636,0.3673783540725708,0.6407521963119507,-0.15548770129680634,0.40378108620643616,0.6673542261123657,-0.12987621128559113,0.4564916491508484,0.6745438575744629,-0.11142140626907349,0.5048049092292786,0.753305196762085,-0.1330072283744812,0.3884727358818054,0.7245685458183289,-0.16212542355060577,0.4208095669746399,0.7354685068130493,-0.14872531592845917,0.46861785650253296,0.7419455051422119,-0.13704493641853333
0.5891804695129395,0.7457611560821533,-6.09507196713821e-07,0.5646429061889648,0.6160185933113098,-0.008702917024493217,0.5151631236076355,0.46379420161247253,-0.03534504026174545,0.484893798828125,0.3445403575897217,-0.05983540788292885,0.5002294182777405,0.24186861515045166,-0.08423539996147156,0.5351513624191284,0.4857209324836731,-0.0947667732834816,0.37961921095848083,0.45548054575920105,-0.13802357017993927,0.405441552400589,0.5024370551109314,-0.14949582517147064,0.451779842376709,0.517298698425293,-0.153598353266716,0.5300846099853516,0.5794180035591125,-0.11109135299921036,0.3549273908138275,0.5456226468086243,-0.1491588056087494,0.38938015699386597,0.5799431800842285,-0.13822214305400848,0.44160521030426025,0.593788206577301,-0.13288873434066772,0.518722414970398,0.671466052532196,-0.12553682923316956,0.3660910725593567,0.6370217800140381,-0.15959300100803375,0.4033460319042206,0.6641803979873657,-0.13021478056907654,0.4537573456764221,0.6734687089920044,-0.11060548573732376,0.5018093585968018,0.7541471719741821,-0.13928155601024628,0.3842609226703644,0.7196114659309387,-0.1659024953842163,0.417863667011261,0.7329612970352173,-0.1487838476896286,0.4628709852695465,0.7422287464141846,-0.1355770379304886
0.5830865502357483,0.7388316988945007,-5.003255409974372e-07,0.561195969581604,0.6053095459938049,-0.008860123343765736,0.5109338164329529,0.4523506164550781,-0.03383360430598259,0.47309863567352295,0.33993154764175415,-0.05644094571471214,0.4807748794555664,0.2416159212589264,-0.07913656532764435,0.5112205147743225,0.4872328042984009,-0.08887486159801483,0.35449743270874023,0.46804121136665344,-0.13168631494045258,0.38850584626197815,0.5045591592788696,-0.1461593508720398,0.43741074204444885,0.5159587264060974,-0.15172554552555084,0.5011980533599854,0.5833323001861572,-0.10378995537757874,0.3356783986091614,0.5576369762420654,-0.1373504400253296,0.37592142820358276,0.5797350406646729,-0.1278335452079773,0.42726418375968933,0.5915690660476685,-0.12470370531082153,0.4905519187450409,0.6763068437576294,-0.1170482411980629,0.3481469452381134,0.6453543901443481,-0.14704926311969757,0.3867117166519165,0.6641550660133362,-0.11940173804759979,0.43605509400367737,0.6728376746177673,-0.10187831521034241,0.4774208664894104,0.7591806054115295,-0.1298189014196396,0.36391979455947876,0.7268776297569275,-0.15366105735301971,0.3987940549850464,0.7361608743667603,-0.1364366114139557,0.44320857524871826,0.7460105419158936,-0.1231478676199913
0.5803378820419312,0.7361902594566345,-4.3522487658265163e-07,0.5601739883422852,0.6044309139251709,-0.010597964748740196,0.5075641870498657,0.4506940543651581,-0.03966500237584114,0.47452643513679504,0.33807307481765747,-0.06530825793743134,0.4856293201446533,0.239437997341156,-0.09014196693897247,0.5127490162849426,0.4860535264015198,-0.10300716757774353,0.35609912872314453,0.46549472212791443,-0.144688680768013,0.3895440697669983,0.497699499130249,-0.1533156782388687,0.43760403990745544,0.5072977542877197,-0.15442566573619843,0.5023399591445923,0.5837503671646118,-0.11695785075426102,0.33237892389297485,0.5550928711891174,-0.15435968339443207,0.37642714381217957,0.5789834856987,-0.14226223528385162,0.4305039048194885,0.5923383831977844,-0.1342114955186844,0.4900455176830292,0.6759231090545654,-0.12815144658088684,0.3445301949977875,0.6473726034164429,-0.15826857089996338,0.3866090178489685,0.6617218255996704,-0.1285056620836258,0.4368048906326294,0.6675021648406982,-0.10795308649539948,0.47505372762680054,0.7583065629005432,-0.13877087831497192,0.36325061321258545,0.7247968316078186,-0.16092723608016968,0.3998986482620239,0.7298420071601868,-0.1421692818403244,0.44334566593170166,0.7377972602844238,-0.1275639832019806
0.569787859916687,0.7399085164070129,-3.4112312619072327e-07,0.5517933964729309,0.6047031283378601,-0.010288058780133724,0.5033116340637207,0.4484833776950836,-0.039929185062646866,0.4680064022541046,0.33666306734085083,-0.06622117012739182,0.47908422350883484,0.23653745651245117,-0.09224791079759598,0.49954986572265625,0.49604785442352295,-0.10409052670001984,0.34250178933143616,0.47395092248916626,-0.14543958008289337,0.3815167546272278,0.4960235059261322,-0.15589389204978943,0.4332854151725769,0.506298303604126,-0.15818005800247192,0.48720312118530273,0.5985204577445984,-0.11830326914787292,0.3180978298187256,0.5590104460716248,-0.15527445077896118,0.36530351638793945,0.574463427066803,-0.14578533172607422,0.4214951992034912,0.5934569239616394,-0.1397288292646408,0.47407642006874084,0.6919512748718262,-0.1291382759809494,0.32820725440979004,0.651443600654602,-0.1571301370859146,0.3700709939002991,0.6613082885742188,-0.12760768830776215,0.42090120911598206,0.6707501411437988,-0.1074870154261589,0.4584955871105194,0.7732717394828796,-0.13955816626548767,0.34537574648857117,0.727036714553833,-0.15938299894332886,0.3799121081829071,0.730199933052063,-0.1394198089838028,0.42263615131378174,0.7421327829360962,-0.12430388480424881
0.5693185925483704,0.7358114123344421,-3.1029316005515284e-07,0.5530619621276855,0.6039089560508728,-0.013283229433000088,0.5041300058364868,0.44548460841178894,-0.04423733428120613,0.4696201682090759,0.3364555537700653,-0.07123437523841858,0.4775552451610565,0.23863086104393005,-0.09782882779836655,0.49722474813461304,0.4995823800563812,-0.10968136042356491,0.34168362617492676,0.47414833307266235,-0.151079460978508,0.37650182843208313,0.4978466033935547,-0.15986041724681854,0.4270620346069336,0.508375883102417,-0.16040131449699402,0.4850897789001465,0.6023738384246826,-0.1218109279870987,0.3205353617668152,0.5619369745254517,-0.15823926031589508,0.3656027615070343,0.5792405009269714,-0.14672903716564178,0.4210125207901001,0.5956891179084778,-0.13894511759281158,0.4716646373271942,0.6936355233192444,-0.13075722754001617,0.3306136727333069,0.6527038812637329,-0.15825311839580536,0.3721771240234375,0.663989245891571,-0.12774799764156342,0.42272400856018066,0.6731382012367249,-0.10692813992500305,0.45523253083229065,0.7732927799224854,-0.13946044445037842,0.34446266293525696,0.7252776026725769,-0.15848155319690704,0.37914881110191345,0.7297413349151611,-0.13749128580093384,0.4222929775714874,0.7431920766830444,-0.12168358266353607
0.5679579973220825,0.7344833612442017,-2.5817078608270094e-07,0.5513277649879456,0.6030940413475037,-0.012971552088856697,0.5022791624069214,0.4459875822067261,-0.0423491895198822,0.464741051197052,0.33858323097229004,-0.06770863384008408,0.4712352156639099,0.24388530850410461,-0.09274479001760483,0.4898543655872345,0.5013777017593384,-0.10668163001537323,0.33795154094696045,0.4795210361480713,-0.1446778029203415,0.3719955086708069,0.5002425909042358,-0.1515851765871048,0.4233042597770691,0.5121534466743469,-0.15110133588314056,0.4772006571292877,0.6022650003433228,-0.11788329482078552,0.31691426038742065,0.5667760968208313,-0.15133346617221832,0.3599361777305603,0.5800418257713318,-0.14046481251716614,0.4158364534378052,0.5948001742362976,-0.13309180736541748,0.4647988975048065,0.692241907119751,-0.12561434507369995,0.3249720335006714,0.6574166417121887,-0.15067660808563232,0.365384042263031,0.6651190519332886,-0.12263575941324234,0.41699254512786865,0.6724256277084351,-0.10359717905521393,0.4504946172237396,0.7715055346488953,-0.13297714293003082,0.3430241048336029,0.7306327819824219,-0.15127240121364594,0.37649884819984436,0.7313765287399292,-0.13240845501422882,0.41943657398223877,0.7409740686416626,-0.11791600286960602
0.566504955291748,0.736669659614563,-2.4046997282312077e-07,0.5519996285438538,0.6071121096611023,-0.015155102126300335,0.5025599002838135,0.44916537404060364,-0.045246560126543045,0.46357977390289307,0.3408357501029968,-0.07070464640855789,0.46713578701019287,0.24431928992271423,-0.09573020040988922,0.49021607637405396,0.5047774314880371,-0.10799335688352585,0.3391931354999542,0.48110532760620117,-0.14581423997879028,0.3707413673400879,0.5010886788368225,-0.1526467651128769,0.4212052524089813,0.5140158534049988,-0.15193825960159302,0.47777673602104187,0.6048979163169861,-0.11810392141342163,0.31576716899871826,0.5661073327064514,-0.15144111216068268,0.3578493893146515,0.5802394151687622,-0.14076659083366394,0.4151289761066437,0.5964257121086121,-0.13296079635620117,0.46480032801628113,0.6939115524291992,-0.12484961748123169,0.3268027901649475,0.6560735702514648,-0.1495630294084549,0.36648938059806824,0.6642028093338013,-0.12129241228103638,0.41761860251426697,0.6720155477523804,-0.10175192356109619,0.4491705000400543,0.7727216482162476,-0.13144540786743164,0.341838002204895,0.7273778915405273,-0.1491050273180008,0.37542426586151123,0.7298874855041504,-0.12926562130451202,0.41843605041503906,0.7414968013763428,-0.11405760049819946
0.5680736899375916,0.7307127714157104,-2.639092997469561e-07,0.5500010848045349,0.6029869318008423,-0.014471595175564289,0.4983889162540436,0.44690966606140137,-0.04532913863658905,0.46143969893455505,0.33994030952453613,-0.07187236100435257,0.4657168984413147,0.2433936595916748,-0.09815934300422668,0.4890729486942291,0.4995781183242798,-0.11039519309997559,0.33727946877479553,0.48380324244499207,-0.1491704136133194,0.3699875771999359,0.5067582130432129,-0.15579521656036377,0.4204033315181732,0.5156897902488708,-0.15512168407440186,0.47863975167274475,0.6010228395462036,-0.12137671560049057,0.31768518686294556,0.5690350532531738,-0.15644821524620056,0.3599362373352051,0.585866391658783,-0.14468491077423096,0.4160510301589966,0.5984031558036804,-0.1361560970544815,0.4679763913154602,0.6916627883911133,-0.1289636492729187,0.3270607888698578,0.6577801704406738,-0.15488101541996002,0.3662009835243225,0.6681577563285828,-0.1255245953798294,0.4174600839614868,0.6741021275520325,-0.10535891354084015,0.45516395568847656,0.7712377905845642,-0.1363019198179245,0.3474532961845398,0.7314445972442627,-0.15422728657722473,0.3789839446544647,0.7338787913322449,-0.1343582421541214,0.4207708537578583,0.742551326751709,-0.11924394965171814
0.5692633390426636,0.7294991612434387,-2.612119374134636e-07,0.5509719848632812,0.6026220917701721,-0.014001799747347832,0.49847421050071716,0.4470939636230469,-0.04479028284549713,0.46140938997268677,0.34056565165519714,-0.07143497467041016,0.46492522954940796,0.24372506141662598,-0.09813464432954788,0.48872894048690796,0.4990287125110626,-0.11086065322160721,0.3375745713710785,0.4846455752849579,-0.14985747635364532,0.370008260011673,0.5061562061309814,-0.15696780383586884,0.42071300745010376,0.5147333145141602,-0.1565803736448288,0.47926992177963257,0.6012502312660217,-0.12225214391946793,0.31795889139175415,0.5706670880317688,-0.15782904624938965,0.36051875352859497,0.5857016444206238,-0.1467256397008896,0.4172201156616211,0.5980528593063354,-0.13854341208934784,0.4693833589553833,0.6925277709960938,-0.13012894988059998,0.3265208303928375,0.6595928072929382,-0.15621954202651978,0.36610543727874756,0.6685146689414978,-0.1272134631872177,0.41800057888031006,0.6744509339332581,-0.10722994804382324,0.45723408460617065,0.7727929353713989,-0.1377197951078415,0.34774115681648254,0.7330342531204224,-0.15600992739200592,0.3791768252849579,0.7340466976165771,-0.13642610609531403,0.4214167892932892,0.7423703670501709,-0.12144193053245544
0.5711522102355957,0.735182523727417,-2.449236831125745e-07,0.5528659224510193,0.6070362329483032,-0.01391132827848196,0.49997007846832275,0.4499868154525757,-0.0451480932533741,0.4609450101852417,0.3418028950691223,-0.07188960909843445,0.46397045254707336,0.24370622634887695,-0.09892081469297409,0.4902403950691223,0.5057567954063416,-0.1148708388209343,0.3382794260978699,0.48776283860206604,-0.15200285613536835,0.37043365836143494,0.5057200193405151,-0.1571592390537262,0.42061713337898254,0.5153969526290894,-0.15579472482204437,0.4804915487766266,0.6085994839668274,-0.126057431101799,0.3192029595375061,0.5733638405799866,-0.15913674235343933,0.36120477318763733,0.5859848856925964,-0.14703217148780823,0.4172079563140869,0.6009578704833984,-0.13910789787769318,0.47077885270118713,0.699262797832489,-0.1332162767648697,0.32834571599960327,0.6618375182151794,-0.15726086497306824,0.36779358983039856,0.6696270108222961,-0.12793391942977905,0.4197083115577698,0.6770644187927246,-0.10870152711868286,0.45873504877090454,0.7784825563430786,-0.14001193642616272,0.3487128019332886,0.7358935475349426,-0.15806201100349426,0.3804469704627991,0.7371335029602051,-0.1386597454547882,0.42280828952789307,0.7472156286239624,-0.12433839589357376
0.5701336860656738,0.7374946475028992,-2.4224485173363064e-07,0.5534173846244812,0.6081275939941406,-0.014704990200698376,0.5005629062652588,0.44981861114501953,-0.04555945098400116,0.4610825181007385,0.34150975942611694,-0.07172642648220062,0.4636659324169159,0.24399974942207336,-0.09797406941652298,0.49041634798049927,0.506375789642334,-0.11314211785793304,0.3388727307319641,0.4873100221157074,-0.15084567666053772,0.3708266615867615,0.5048983097076416,-0.15685519576072693,0.4216797947883606,0.5156158208847046,-0.15564872324466705,0.47954463958740234,0.6087818741798401,-0.1234324648976326,0.3189542889595032,0.5720060467720032,-0.15652985870838165,0.36078348755836487,0.5856732726097107,-0.1447925567626953,0.4170965552330017,0.601176917552948,-0.13671547174453735,0.4689238369464874,0.6987680196762085,-0.1299302726984024,0.32743772864341736,0.6598614454269409,-0.15412753820419312,0.36630910634994507,0.6691205501556396,-0.12485411018133163,0.41799071431159973,0.677472710609436,-0.10519807785749435,0.45631030201911926,0.7778573036193848,-0.13615655899047852,0.34696340560913086,0.7348479628562927,-0.15371721982955933,0.37849587202072144,0.7378650903701782,-0.13378210365772247,0.4209378957748413,0.7493360042572021,-0.11884802579879761
0.5725992918014526,0.7351921200752258,-2.5807065640037763e-07,0.5533626079559326,0.6067529916763306,-0.014308881014585495,0.5007323026657104,0.4516597092151642,-0.04523302987217903,0.4615071713924408,0.3451542258262634,-0.0716029554605484,0.46450597047805786,0.24761798977851868,-0.09773064404726028,0.49313390254974365,0.5066573619842529,-0.11208660155534744,0.3402504324913025,0.49110621213912964,-0.14981427788734436,0.3722866177558899,0.5111786127090454,-0.15514245629310608,0.42387503385543823,0.5208658576011658,-0.153328076004982,0.4834170639514923,0.60855633020401,-0.1223514974117279,0.32207703590393066,0.5766270756721497,-0.15586066246032715,0.3635103404521942,0.5912661552429199,-0.1435854583978653,0.41979148983955383,0.604297935962677,-0.13504737615585327,0.4732459485530853,0.6981213092803955,-0.12890022993087769,0.3326163589954376,0.6633347272872925,-0.1533188819885254,0.3710314929485321,0.6728917956352234,-0.12404131144285202,0.4224238097667694,0.6793381571769714,-0.10427981615066528,0.4606810212135315,0.7769085168838501,-0.1351757049560547,0.35065311193466187,0.7383140325546265,-0.15251947939395905,0.38162779808044434,0.7388283610343933,-0.13301171362400055,0.42459240555763245,0.7470912933349609,-0.11829104274511337
0.5732856392860413,0.7359416484832764,-2.3245841873631434e-07,0.5535448789596558,0.6076886653900146,-0.015093822032213211,0.5008758306503296,0.4508419930934906,-0.04633438214659691,0.4626391530036926,0.3441146910190582,-0.07286032289266586,0.4648153781890869,0.24709436297416687,-0.09939315915107727,0.49339771270751953,0.505908727645874,-0.11413717269897461,0.34098196029663086,0.4919154644012451,-0.15229350328445435,0.37226730585098267,0.5104924440383911,-0.15801700949668884,0.4235779643058777,0.5193977952003479,-0.15653307735919952,0.4833633303642273,0.6074203848838806,-0.12441278994083405,0.3213680386543274,0.576189398765564,-0.15876182913780212,0.361998975276947,0.5895375609397888,-0.14709432423114777,0.4187903106212616,0.602363646030426,-0.13870330154895782,0.4737037718296051,0.6975556015968323,-0.13094082474708557,0.33065056800842285,0.6633391976356506,-0.15626691281795502,0.3681352436542511,0.67193603515625,-0.12771499156951904,0.42001259326934814,0.6784026622772217,-0.10809361189603806,0.46192657947540283,0.7768905162811279,-0.13719254732131958,0.3507004380226135,0.7392255663871765,-0.15559758245944977,0.38007572293281555,0.738402247428894,-0.13693052530288696,0.4228484630584717,0.7455991506576538,-0.12247496843338013
0.5748535394668579,0.7340463995933533,-2.3003906335361535e-07,0.5567170977592468,0.6066750288009644,-0.015116032212972641,0.5041123628616333,0.45089882612228394,-0.04612966999411583,0.46568313241004944,0.34368202090263367,-0.07261741161346436,0.4670219421386719,0.24613499641418457,-0.09908650070428848,0.4940691292285919,0.5076272487640381,-0.11040738970041275,0.34390872716903687,0.490578293800354,-0.14837107062339783,0.3748534917831421,0.509781002998352,-0.15531660616397858,0.42529061436653137,0.5186308026313782,-0.15487857162952423,0.48385557532310486,0.6096460223197937,-0.12064862251281738,0.3231354057788849,0.5758817195892334,-0.15432347357273102,0.3641839623451233,0.5890643000602722,-0.14330530166625977,0.42160123586654663,0.6018551588058472,-0.13547413051128387,0.4736449122428894,0.6996614933013916,-0.12746381759643555,0.33343666791915894,0.6637492179870605,-0.15195424854755402,0.3711407780647278,0.6719900369644165,-0.12351903319358826,0.4230074882507324,0.6779733300209045,-0.10415367782115936,0.46114662289619446,0.7781158685684204,-0.13414348661899567,0.35134631395339966,0.7377990484237671,-0.1512945145368576,0.381095826625824,0.7387421131134033,-0.13196299970149994,0.4235162138938904,0.7479549646377563,-0.1173296868801117
0.5740852952003479,0.7369217872619629,-2.2926522547095374e-07,0.5567612648010254,0.6100759506225586,-0.016046661883592606,0.5044203996658325,0.45353808999061584,-0.04688948392868042,0.466013103723526,0.3457123339176178,-0.07304958999156952,0.4666036069393158,0.24844637513160706,-0.09911584109067917,0.4948331415653229,0.5081965327262878,-0.11157280206680298,0.34398502111434937,0.4892003536224365,-0.1492869108915329,0.3733029067516327,0.5098360776901245,-0.1558285802602768,0.4237848222255707,0.5201757550239563,-0.15508189797401428,0.48459580540657043,0.6104509830474854,-0.12134043127298355,0.32279595732688904,0.5756317973136902,-0.15526841580867767,0.36269551515579224,0.5902284383773804,-0.1444588005542755,0.42036765813827515,0.6032158732414246,-0.13649551570415497,0.4745197892189026,0.7001773715019226,-0.1277005523443222,0.33355802297592163,0.6644520163536072,-0.15243087708950043,0.3697453737258911,0.6734445095062256,-0.12440377473831177,0.4218005836009979,0.6794889569282532,-0.10504446178674698,0.46197953820228577,0.7783461809158325,-0.13398829102516174,0.3518083989620209,0.737407922744751,-0.15133194625377655,0.3803196847438812,0.7392249703407288,-0.13222409784793854,0.42292872071266174,0.7488596439361572,-0.11764265596866608
0.5752431154251099,0.736907958984375,-2.526322475659981e-07,0.5570130944252014,0.6106091141700745,-0.0168087687343359,0.5047168135643005,0.45232799649238586,-0.04813109338283539,0.4663656949996948,0.343803346157074,-0.07485896348953247,0.469024658203125,0.24538537859916687,-0.10123907029628754,0.5002033710479736,0.5047217607498169,-0.10991702973842621,0.3452385663986206,0.4883490800857544,-0.1506153792142868,0.3750520944595337,0.5100196599960327,-0.15963977575302124,0.42705896496772766,0.5209755897521973,-0.1599806845188141,0.489665150642395,0.6066481471061707,-0.11976400762796402,0.3234371542930603,0.5754842758178711,-0.1563490331172943,0.3644101023674011,0.5909873247146606,-0.14684192836284637,0.42335832118988037,0.6037935614585876,-0.13920941948890686,0.47880274057388306,0.6967990398406982,-0.1266828030347824,0.33451640605926514,0.6645565629005432,-0.15403425693511963,0.37180981040000916,0.6750277280807495,-0.12626850605010986,0.42487117648124695,0.6807072162628174,-0.10642608255147934,0.4651128351688385,0.7754409313201904,-0.13362792134284973,0.3547462224960327,0.738556444644928,-0.152999609708786,0.38486447930336,0.742005467414856,-0.13445210456848145,0.4281069338321686,0.7515915632247925,-0.11982831358909607
0.575843334197998,0.7394564151763916,-2.954747628791665e-07,0.558554470539093,0.6114702224731445,-0.016029782593250275,0.5068907141685486,0.4518853425979614,-0.04728979989886284,0.4681520462036133,0.3426898121833801,-0.07420247793197632,0.4715513288974762,0.2436511516571045,-0.10049916058778763,0.5003307461738586,0.504021942615509,-0.1085418090224266,0.3444070816040039,0.48791882395744324,-0.15033218264579773,0.3774951994419098,0.5114416480064392,-0.1594381332397461,0.4291558265686035,0.520470380783081,-0.15985193848609924,0.4897836744785309,0.6057759523391724,-0.11905088275671005,0.32519692182540894,0.5755846500396729,-0.15673333406448364,0.36851587891578674,0.592851459980011,-0.1464947909116745,0.42559030652046204,0.6055633425712585,-0.13855163753032684,0.47918078303337097,0.6963263750076294,-0.12687233090400696,0.33661526441574097,0.6642127633094788,-0.15596376359462738,0.3765597641468048,0.676236629486084,-0.12737882137298584,0.4292028546333313,0.6819536089897156,-0.10684093087911606,0.4659741222858429,0.7753608226776123,-0.13460305333137512,0.3565157949924469,0.7382171154022217,-0.15501056611537933,0.3890458345413208,0.7430291175842285,-0.13617104291915894,0.4325956106185913,0.7528079748153687,-0.1212693601846695
0.5764279961585999,0.7393521070480347,-2.9133528300917533e-07,0.559147298336029,0.6094193458557129,-0.015262010507285595,0.505881130695343,0.44943922758102417,-0.04703132063150406,0.46859896183013916,0.3402119278907776,-0.07416066527366638,0.4746392071247101,0.24216187000274658,-0.10085432231426239,0.5025615096092224,0.5082342028617859,-0.11413047462701797,0.3447052240371704,0.486117422580719,-0.15466934442520142,0.378042608499527,0.5097424387931824,-0.16269946098327637,0.4292214512825012,0.5201369524002075,-0.16286499798297882,0.49129703640937805,0.6112695932388306,-0.12500140070915222,0.32567155361175537,0.5728087425231934,-0.16044102609157562,0.3688412010669708,0.5908094048500061,-0.1482040286064148,0.42536455392837524,0.6060391068458557,-0.1399252861738205,0.479582279920578,0.7019941210746765,-0.1325666904449463,0.33618417382240295,0.6599417924880981,-0.15892937779426575,0.3756941854953766,0.6728149056434631,-0.12852758169174194,0.42785167694091797,0.6812464594841003,-0.10793111473321915,0.46536511182785034,0.7803362607955933,-0.1400393396615982,0.3547234833240509,0.7367852926254272,-0.15863198041915894,0.3860454559326172,0.7406527400016785,-0.13861612975597382,0.42904260754585266,0.7517856359481812,-0.12373124808073044
0.5756707191467285,0.7371758818626404,-2.840071431364777e-07,0.5581028461456299,0.6080197095870972,-0.01576397381722927,0.5051530003547668,0.44865334033966064,-0.04741118475794792,0.46776384115219116,0.34001320600509644,-0.07437596470117569,0.47381579875946045,0.24175229668617249,-0.10092142969369888,0.5025066137313843,0.5080317258834839,-0.11368395388126373,0.34533512592315674,0.48702871799468994,-0.15409226715564728,0.37700003385543823,0.5106266736984253,-0.16183000802993774,0.42858296632766724,0.5221112966537476,-0.16159385442733765,0.49173519015312195,0.6102889180183411,-0.12408728152513504,0.32645565271377563,0.5734723806381226,-0.15942345559597015,0.36803504824638367,0.5914669036865234,-0.14738322794437408,0.4248073697090149,0.6058622002601624,-0.13911215960979462,0.4803452491760254,0.7005165219306946,-0.1312476545572281,0.3366948962211609,0.6598843336105347,-0.15789397060871124,0.3752957880496979,0.6730480790138245,-0.1278761625289917,0.4276748299598694,0.6807501316070557,-0.10731872916221619,0.4662824273109436,0.7789821624755859,-0.13832098245620728,0.35601434111595154,0.7363476753234863,-0.15707290172576904,0.38685157895088196,0.7401670217514038,-0.137355774641037,0.43011632561683655,0.7505678534507751,-0.12259884178638458
0.578018307685852,0.7368659377098083,-2.959401683710894e-07,0.5585628151893616,0.6077135801315308,-0.014059030450880527,0.5044416785240173,0.45022302865982056,-0.045595623552799225,0.46892935037612915,0.341200590133667,-0.0733065977692604,0.47726860642433167,0.24224945902824402,-0.10113345086574554,0.5018535852432251,0.5013071894645691,-0.11050601303577423,0.3453882336616516,0.48768138885498047,-0.1509442925453186,0.3781079053878784,0.5104624032974243,-0.15926125645637512,0.42866063117980957,0.5174763202667236,-0.15978749096393585,0.49425625801086426,0.6049917340278625,-0.12243493646383286,0.32943975925445557,0.5768402814865112,-0.15939991176128387,0.3733981251716614,0.5919570922851562,-0.14869602024555206,0.4297270178794861,0.604738175868988,-0.14107266068458557,0.4850708544254303,0.69792240858078,-0.1311340630054474,0.34166765213012695,0.6637461185455322,-0.15947197377681732,0.3830201029777527,0.6735988259315491,-0.13065610826015472,0.43492504954338074,0.6809692978858948,-0.1104394793510437,0.4726390242576599,0.779039740562439,-0.13953441381454468,0.35940706729888916,0.7375492453575134,-0.15975067019462585,0.3924389183521271,0.7391743659973145,-0.14044052362442017,0.43641212582588196,0.7496599555015564,-0.12546983361244202
0.5784724950790405,0.7382268905639648,-3.18187915127055e-07,0.5594016313552856,0.6083710193634033,-0.013270934112370014,0.5050760507583618,0.45051300525665283,-0.04432961717247963,0.4689912796020508,0.3404111862182617,-0.0717218667268753,0.47655344009399414,0.24118322134017944,-0.09905140101909637,0.5026392340660095,0.5006843209266663,-0.10852837562561035,0.3453785479068756,0.48604118824005127,-0.1497097909450531,0.37877118587493896,0.5106848478317261,-0.1586235761642456,0.42939993739128113,0.5179277062416077,-0.159479558467865,0.4944143295288086,0.6043965220451355,-0.1209799274802208,0.3285255432128906,0.5756325125694275,-0.15827886760234833,0.37317800521850586,0.5923521518707275,-0.14733591675758362,0.4295126497745514,0.6051750779151917,-0.13953961431980133,0.4846055209636688,0.6978089809417725,-0.1304008662700653,0.341653972864151,0.6636174917221069,-0.15906725823879242,0.383098304271698,0.6742464900016785,-0.1296885907649994,0.4344390034675598,0.6813220977783203,-0.10910144448280334,0.47150224447250366,0.7791421413421631,-0.1394817978143692,0.3596979081630707,0.7368332743644714,-0.1595558524131775,0.3934282660484314,0.7395110130310059,-0.1396946758031845,0.4368361532688141,0.7506513595581055,-0.12435555458068848
0.5801887512207031,0.7453091740608215,-3.421826590965793e-07,0.5599648952484131,0.6143812537193298,-0.011738162487745285,0.5074658989906311,0.4551818370819092,-0.04091787710785866,0.4705553352832794,0.3438833951950073,-0.06706850230693817,0.477041095495224,0.24540916085243225,-0.0927233025431633,0.504932165145874,0.5029102563858032,-0.1011611819267273,0.3465244472026825,0.48761793971061707,-0.14339160919189453,0.38127854466438293,0.5109180212020874,-0.15475839376449585,0.43330052495002747,0.5203943252563477,-0.1567944586277008,0.49554410576820374,0.6048003435134888,-0.11424465477466583,0.3284061551094055,0.5778118968009949,-0.1512318253517151,0.37376129627227783,0.5925111174583435,-0.14184795320034027,0.4304160475730896,0.6048723459243774,-0.1349818855524063,0.48547354340553284,0.697605550289154,-0.12470991909503937,0.3424079418182373,0.6659829616546631,-0.1534234881401062,0.38341638445854187,0.6752358078956604,-0.12486926466226578,0.4346955418586731,0.6815094351768494,-0.10453663766384125,0.4722152054309845,0.7795288562774658,-0.13490411639213562,0.3615243136882782,0.7399358749389648,-0.15486223995685577,0.3951914310455322,0.7415378093719482,-0.13530167937278748,0.4387058913707733,0.7513159513473511,-0.11989708244800568
0.5802801847457886,0.7457517981529236,-3.5290031519252807e-07,0.5590096116065979,0.6124834418296814,-0.011378833092749119,0.5065193176269531,0.45516330003738403,-0.0411330945789814,0.47020360827445984,0.34485453367233276,-0.06791476905345917,0.48056405782699585,0.2450678050518036,-0.09420972317457199,0.5071985125541687,0.5031328797340393,-0.10217686742544174,0.3464074432849884,0.4858144521713257,-0.14464031159877777,0.38091662526130676,0.5088391304016113,-0.15567317605018616,0.43271777033805847,0.5190439224243164,-0.15740881860256195,0.4980098009109497,0.6058911085128784,-0.11541569977998734,0.32738983631134033,0.5778422355651855,-0.1524926722049713,0.37283745408058167,0.5918985605239868,-0.14261513948440552,0.4295617341995239,0.6049219965934753,-0.13569815456867218,0.4872071444988251,0.6987765431404114,-0.1259569376707077,0.3408258259296417,0.6659061312675476,-0.15445904433727264,0.38147303462028503,0.6748250722885132,-0.1256626844406128,0.4327990710735321,0.6811110973358154,-0.10534156113862991,0.47300511598587036,0.779869556427002,-0.13622836768627167,0.3579568862915039,0.7398220896720886,-0.15560011565685272,0.3906271159648895,0.7415530681610107,-0.13599339127540588,0.4344906210899353,0.7521164417266846,-0.12081346660852432
0.5784091949462891,0.7421069145202637,-3.592792552353785e-07,0.5594008564949036,0.6117372512817383,-0.012493344955146313,0.5072125792503357,0.4560469388961792,-0.0427546426653862,0.4702569842338562,0.3465971350669861,-0.06934782862663269,0.479704350233078,0.24777832627296448,-0.09523312747478485,0.5063194036483765,0.5039117336273193,-0.10499512404203415,0.3466791808605194,0.48395028710365295,-0.14752419292926788,0.38027632236480713,0.5099411606788635,-0.15766575932502747,0.43054136633872986,0.519044816493988,-0.15900906920433044,0.4968727231025696,0.6070104837417603,-0.11759541928768158,0.32841503620147705,0.5739611983299255,-0.15513509511947632,0.37252306938171387,0.592138946056366,-0.1438550502061844,0.4283459782600403,0.6053128838539124,-0.1358514279127121,0.4853680729866028,0.6991958618164062,-0.12754128873348236,0.34475523233413696,0.6652815937995911,-0.15616808831691742,0.3839794099330902,0.6764709949493408,-0.1261807382106781,0.4337562620639801,0.6814625263214111,-0.10512783378362656,0.46992331743240356,0.7793468832969666,-0.137275829911232,0.3583228290081024,0.737929105758667,-0.15611855685710907,0.39152368903160095,0.742954432964325,-0.1353270560503006,0.4345083236694336,0.7546094655990601,-0.11951962858438492
0.5779604315757751,0.7385040521621704,-3.480249120002554e-07,0.5592872500419617,0.6108331084251404,-0.01293382328003645,0.5077468156814575,0.4551456570625305,-0.04290485009551048,0.46969297528266907,0.3459627628326416,-0.06920334696769714,0.47702911496162415,0.24708899855613708,-0.09505495429039001,0.5034412145614624,0.5028306841850281,-0.1043684110045433,0.3472404479980469,0.4844968616962433,-0.14600583910942078,0.3789812922477722,0.5111309885978699,-0.15563234686851501,0.4293265640735626,0.5204235911369324,-0.15671958029270172,0.4940222203731537,0.6050831079483032,-0.11641139537096024,0.32855814695358276,0.5751225352287292,-0.15343685448169708,0.3707323670387268,0.5942011475563049,-0.1424083262681961,0.42651233077049255,0.6058924198150635,-0.13445547223091125,0.4831709861755371,0.6972049474716187,-0.1258532553911209,0.3423424959182739,0.6658521890640259,-0.15428921580314636,0.380126953125,0.6773269772529602,-0.12535782158374786,0.43048664927482605,0.6813077330589294,-0.10494205355644226,0.4690011739730835,0.777569591999054,-0.13502420485019684,0.3575563430786133,0.7396758794784546,-0.1540297418832779,0.3884196877479553,0.743822455406189,-0.13445907831192017,0.4309547543525696,0.7536059617996216,-0.1194048821926117
0.5783460736274719,0.7409051656723022,-3.191362338839099e-07,0.56070876121521,0.6127989888191223,-0.015413887798786163,0.5081404447555542,0.45218679308891296,-0.04771250858902931,0.47034433484077454,0.3425736427307129,-0.07574255019426346,0.47743168473243713,0.24243313074111938,-0.10319699347019196,0.5054588317871094,0.5049362182617188,-0.11149843782186508,0.348442941904068,0.4857088327407837,-0.153896301984787,0.3816803991794586,0.5120770335197449,-0.1623639315366745,0.433327317237854,0.5222073197364807,-0.16230683028697968,0.495810866355896,0.6071691513061523,-0.12298209965229034,0.3285849690437317,0.5744858384132385,-0.1624380350112915,0.37230733036994934,0.5948314070701599,-0.15106986463069916,0.4293482303619385,0.6088046431541443,-0.14189426600933075,0.48442888259887695,0.6989783048629761,-0.13169708847999573,0.338310182094574,0.6626119613647461,-0.16130217909812927,0.3778151869773865,0.6762577891349792,-0.1315516233444214,0.42995208501815796,0.6829850673675537,-0.1101338341832161,0.4698086082935333,0.778289258480072,-0.14027570188045502,0.3558166027069092,0.7378294467926025,-0.16014891862869263,0.386851042509079,0.7427794337272644,-0.1406734138727188,0.4298875331878662,0.753146767616272,-0.12550298869609833
0.5782181024551392,0.740851104259491,-3.377760151579423e-07,0.5589900016784668,0.6114758253097534,-0.013772503472864628,0.5070825815200806,0.4512442946434021,-0.04503173381090164,0.4709044396877289,0.34104377031326294,-0.07235611230134964,0.4786306619644165,0.2427765429019928,-0.09915241599082947,0.50614994764328,0.5041947364807129,-0.109698086977005,0.3472301959991455,0.4865301251411438,-0.15230153501033783,0.3816092014312744,0.5107823610305786,-0.16161152720451355,0.43333810567855835,0.5201816558837891,-0.16203966736793518,0.4961949288845062,0.6070655584335327,-0.12183912098407745,0.32723501324653625,0.5756209492683411,-0.16089516878128052,0.372412770986557,0.5936052203178406,-0.14998361468315125,0.42934587597846985,0.6077011823654175,-0.14141348004341125,0.48436135053634644,0.6984496712684631,-0.13103969395160675,0.33748680353164673,0.6628860235214233,-0.1602606624364853,0.37813255190849304,0.6749231815338135,-0.1303868442773819,0.4299962520599365,0.6819384098052979,-0.10899236053228378,0.4690546989440918,0.7778853178024292,-0.14007222652435303,0.3544952869415283,0.7378904223442078,-0.16006536781787872,0.38670921325683594,0.7420337796211243,-0.140389546751976,0.4298792779445648,0.7529000043869019,-0.12497538328170776
0.5790271759033203,0.7405941486358643,-3.571453532913438e-07,0.5604629516601562,0.611670732498169,-0.013147832825779915,0.5093075037002563,0.45387500524520874,-0.043222419917583466,0.4715660512447357,0.34444135427474976,-0.06945718079805374,0.47888970375061035,0.24632322788238525,-0.09534687548875809,0.5073816776275635,0.5024217963218689,-0.10770943015813828,0.34894537925720215,0.484566867351532,-0.1494251787662506,0.3816734552383423,0.5099558234214783,-0.15856041014194489,0.4317193627357483,0.5195319056510925,-0.1592324674129486,0.4971529245376587,0.6044066548347473,-0.1200484111905098,0.3294455111026764,0.5738546252250671,-0.15718917548656464,0.37310791015625,0.5925049185752869,-0.14575928449630737,0.4286453127861023,0.6054950952529907,-0.13758043944835663,0.4852418303489685,0.6963472962379456,-0.1295332908630371,0.3419056832790375,0.6629946231842041,-0.1577077955007553,0.3814088702201843,0.6746128797531128,-0.12813813984394073,0.43195369839668274,0.6800726056098938,-0.10749215632677078,0.46982336044311523,0.7770377397537231,-0.1388014256954193,0.3564346432685852,0.7395075559616089,-0.1582891345024109,0.38744404911994934,0.7433357834815979,-0.13871294260025024,0.4295295476913452,0.7530876994132996,-0.12367952615022659
0.5789423584938049,0.7397353649139404,-3.422008774123242e-07,0.560993492603302,0.6106418371200562,-0.013193000108003616,0.5099583268165588,0.4532042145729065,-0.04367644339799881,0.47188782691955566,0.34437406063079834,-0.07018033415079117,0.479674756526947,0.2455427050590515,-0.09631012380123138,0.5065794587135315,0.502693772315979,-0.1085444763302803,0.3487132489681244,0.48419851064682007,-0.15013554692268372,0.3816946744918823,0.5093515515327454,-0.1589221954345703,0.43180522322654724,0.5191217064857483,-0.15938903391361237,0.4962417483329773,0.6042786836624146,-0.12083114683628082,0.3291507661342621,0.5729143023490906,-0.15750977396965027,0.3725239634513855,0.5912185907363892,-0.14545036852359772,0.42772728204727173,0.6040344834327698,-0.13703471422195435,0.4844875633716583,0.6964331269264221,-0.13022024929523468,0.34202253818511963,0.6625638604164124,-0.15803132951259613,0.3813364803791046,0.6740092039108276,-0.1279752552509308,0.4315328598022461,0.6791897416114807,-0.10724546015262604,0.46946418285369873,0.7773270606994629,-0.13935545086860657,0.356858491897583,0.7389637231826782,-0.15854105353355408,0.3881191313266754,0.7427525520324707,-0.1386154294013977,0.4298970699310303,0.7523804306983948,-0.12347331643104553
0.5790371894836426,0.7384297251701355,-3.248781013098778e-07,0.561198353767395,0.6097745299339294,-0.013917080126702785,0.5092635750770569,0.4520409107208252,-0.04444412514567375,0.4727097153663635,0.34207791090011597,-0.07100816071033478,0.48012417554855347,0.24364244937896729,-0.09736780822277069,0.5066807866096497,0.500684380531311,-0.10665705054998398,0.35184162855148315,0.4829789102077484,-0.14764736592769623,0.38196659088134766,0.5115687251091003,-0.15656737983226776,0.43185895681381226,0.5213278532028198,-0.15727916359901428,0.49723511934280396,0.6029436588287354,-0.11816194653511047,0.33232730627059937,0.5736138224601746,-0.15486304461956024,0.37331268191337585,0.5928583145141602,-0.1438807100057602,0.42885154485702515,0.6044653654098511,-0.13588786125183105,0.4854815900325775,0.6955360770225525,-0.12683545053005219,0.3431147336959839,0.6646168231964111,-0.15531538426876068,0.3815798759460449,0.6757895946502686,-0.1268371194601059,0.43207043409347534,0.6805094480514526,-0.10675927251577377,0.4698561131954193,0.7767448425292969,-0.13511136174201965,0.3596761226654053,0.7385014295578003,-0.15433301031589508,0.3922795057296753,0.7420245409011841,-0.1348033994436264,0.4348736107349396,0.7506700754165649,-0.11974359303712845
0.5783668160438538,0.7381205558776855,-3.481083865608525e-07,0.5606755018234253,0.6088579893112183,-0.014003564603626728,0.5091555714607239,0.4513116776943207,-0.04401928186416626,0.47220665216445923,0.34166646003723145,-0.07019064575433731,0.48018211126327515,0.24387657642364502,-0.09586146473884583,0.5068163871765137,0.4997921586036682,-0.10478808730840683,0.35019728541374207,0.4833124876022339,-0.14677061140537262,0.3822939395904541,0.5105599761009216,-0.1569685935974121,0.4332197904586792,0.5205514430999756,-0.15831001102924347,0.49657610058784485,0.6020792126655579,-0.11628012359142303,0.33168157935142517,0.5749915242195129,-0.15386450290679932,0.37488189339637756,0.5933815836906433,-0.1436602622270584,0.4306403696537018,0.6053357720375061,-0.13609875738620758,0.484336256980896,0.6942082643508911,-0.12516814470291138,0.3418239653110504,0.6636964678764343,-0.15421493351459503,0.3817230761051178,0.6752547025680542,-0.12549851834774017,0.4325205981731415,0.6808204650878906,-0.10510122030973434,0.4686112701892853,0.7754497528076172,-0.13383635878562927,0.35836443305015564,0.7388648390769958,-0.15375150740146637,0.391841322183609,0.7428780794143677,-0.13435032963752747,0.43477001786231995,0.7519312500953674,-0.11916471272706985
0.5784310102462769,0.7384567856788635,-3.606924678933865e-07,0.5608478784561157,0.6098661422729492,-0.014044542796909809,0.508875846862793,0.4514152407646179,-0.04372517764568329,0.472146213054657,0.3411456346511841,-0.06955403089523315,0.48033246397972107,0.24334245920181274,-0.09498799592256546,0.507146418094635,0.498324453830719,-0.10506005585193634,0.350019633769989,0.48291152715682983,-0.14716947078704834,0.3817700743675232,0.5110154747962952,-0.15728087723255157,0.43259719014167786,0.5208613276481628,-0.15855740010738373,0.497256875038147,0.600892186164856,-0.11665502190589905,0.3317515254020691,0.5745421648025513,-0.15434585511684418,0.3743724822998047,0.5939942002296448,-0.1439911425113678,0.4299432635307312,0.606060802936554,-0.13636043667793274,0.4851868748664856,0.6940354704856873,-0.12570194900035858,0.34246090054512024,0.663618803024292,-0.1551527976989746,0.38145244121551514,0.6760436296463013,-0.12648175656795502,0.4320879280567169,0.6818215847015381,-0.10600639879703522,0.4691693186759949,0.7764431238174438,-0.13451556861400604,0.3578723967075348,0.7392546534538269,-0.15476389229297638,0.3902066648006439,0.7436355352401733,-0.13551710546016693,0.43304187059402466,0.752956748008728,-0.12038856744766235
0.5791327357292175,0.7378271818161011,-3.8597733009737567e-07,0.5597413182258606,0.6096370816230774,-0.01365604531019926,0.5077801942825317,0.4517633318901062,-0.04413658753037453,0.47218313813209534,0.342441201210022,-0.07096392661333084,0.48020005226135254,0.24373450875282288,-0.09723589569330215,0.5108110904693604,0.4988742470741272,-0.10763885080814362,0.3501678705215454,0.4814269542694092,-0.15098866820335388,0.38350629806518555,0.50959312915802,-0.1609683483839035,0.43442338705062866,0.5196956396102905,-0.16193972527980804,0.501142680644989,0.6014124155044556,-0.12040192633867264,0.3297325372695923,0.5724766850471497,-0.15967749059200287,0.3738750219345093,0.5931258201599121,-0.14893671870231628,0.430303156375885,0.606404721736908,-0.14089292287826538,0.4887252449989319,0.694267988204956,-0.13061437010765076,0.34101635217666626,0.6600853204727173,-0.16071093082427979,0.3802146911621094,0.6740161776542664,-0.13113845884799957,0.4315798580646515,0.680729866027832,-0.11001022160053253,0.47190794348716736,0.7754004001617432,-0.14072950184345245,0.35561686754226685,0.7364979386329651,-0.16172631084918976,0.38555827736854553,0.7416027188301086,-0.1428183913230896,0.4281808137893677,0.753028154373169,-0.12795419991016388
0.579343855381012,0.7393198609352112,-3.6244563261789153e-07,0.5596210956573486,0.6077927947044373,-0.013440746814012527,0.506458580493927,0.45039278268814087,-0.04464137554168701,0.4707375168800354,0.3392917811870575,-0.07187648117542267,0.4810522496700287,0.23901063203811646,-0.0989261344075203,0.5118340849876404,0.4963351786136627,-0.10950560867786407,0.3509167432785034,0.4794234037399292,-0.1520370990037918,0.38309264183044434,0.5069729089736938,-0.16132411360740662,0.4327629804611206,0.5157721638679504,-0.16205483675003052,0.5023284554481506,0.5987995266914368,-0.1218031495809555,0.33273378014564514,0.5692294239997864,-0.15910571813583374,0.3749169409275055,0.5879848003387451,-0.14726637303829193,0.4294072687625885,0.6015625596046448,-0.13927020132541656,0.4898163378238678,0.6931099891662598,-0.13122792541980743,0.34496796131134033,0.656979501247406,-0.16000334918498993,0.38398125767707825,0.6690102815628052,-0.13032189011573792,0.4340358078479767,0.6762125492095947,-0.10983266681432724,0.47292619943618774,0.7755305767059326,-0.14035385847091675,0.3596095144748688,0.7330648303031921,-0.1606762856245041,0.3922506868839264,0.7358332872390747,-0.14143753051757812,0.4348154067993164,0.7462521195411682,-0.12663930654525757
0.5803924798965454,0.7434096336364746,-4.009570773177984e-07,0.5609087347984314,0.6104227900505066,-0.013613063842058182,0.5063818693161011,0.4528624415397644,-0.04458121955394745,0.4690873622894287,0.33875730633735657,-0.07156865298748016,0.4819582998752594,0.2377910614013672,-0.09838560968637466,0.514184296131134,0.49487245082855225,-0.10925223678350449,0.3506697118282318,0.4792260229587555,-0.15410345792770386,0.38163360953330994,0.5089194774627686,-0.16495098173618317,0.43085935711860657,0.5176647901535034,-0.1663980931043625,0.5036913156509399,0.5955933928489685,-0.12130820751190186,0.33243483304977417,0.5716288685798645,-0.1596141755580902,0.3731938600540161,0.5916549563407898,-0.14764809608459473,0.426657497882843,0.6031454801559448,-0.13972890377044678,0.4905513525009155,0.6903255581855774,-0.1308719515800476,0.3446427583694458,0.6587257385253906,-0.16116684675216675,0.38214796781539917,0.6724113821983337,-0.13167636096477509,0.43153876066207886,0.6785410642623901,-0.11107209324836731,0.47346293926239014,0.7731822729110718,-0.14013712108135223,0.35950785875320435,0.7345367670059204,-0.1613655388355255,0.3908933699131012,0.7377182841300964,-0.14293880760669708,0.4332454800605774,0.7468158006668091,-0.1285342425107956
0.58172208070755,0.7458139657974243,-4.163084668107331e-07,0.5630403161048889,0.6126521825790405,-0.01405204739421606,0.5092790722846985,0.454757422208786,-0.04540537670254707,0.4696365296840668,0.34110409021377563,-0.07257324457168579,0.4817982017993927,0.2398959994316101,-0.09898467361927032,0.5186218619346619,0.4997886121273041,-0.10949801653623581,0.35459116101264954,0.4778948426246643,-0.15524891018867493,0.3876601457595825,0.5066432952880859,-0.1671581268310547,0.43774884939193726,0.5163724422454834,-0.16956037282943726,0.5055142045021057,0.6013739109039307,-0.1218445673584938,0.3334796726703644,0.5671908855438232,-0.16017699241638184,0.37582823634147644,0.5881956815719604,-0.148464173078537,0.42986464500427246,0.6018192172050476,-0.14124007523059845,0.49110347032546997,0.695231020450592,-0.1316441297531128,0.347404420375824,0.6550546884536743,-0.16265156865119934,0.38696175813674927,0.671299159526825,-0.131843701004982,0.43676647543907166,0.6795278191566467,-0.11067570000886917,0.47348302602767944,0.7773125767707825,-0.14129044115543365,0.36205121874809265,0.7328764200210571,-0.1632688343524933,0.39674872159957886,0.7382530570030212,-0.14346154034137726,0.4400975704193115,0.7495705485343933,-0.1283242106437683
0.5819132328033447,0.7452894449234009,-4.166577127762139e-07,0.5626636147499084,0.6122934818267822,-0.01277926191687584,0.5098730325698853,0.4550081193447113,-0.0436386838555336,0.4702714681625366,0.3417266011238098,-0.0706130638718605,0.48112761974334717,0.24020957946777344,-0.09724045544862747,0.5159988403320312,0.49913063645362854,-0.10780803114175797,0.3530120551586151,0.47647354006767273,-0.15282857418060303,0.38308602571487427,0.5064166784286499,-0.16448672115802765,0.43228647112846375,0.5179672837257385,-0.1666523665189743,0.5034643411636353,0.5999002456665039,-0.12052972614765167,0.3308534622192383,0.5672845840454102,-0.15841194987297058,0.3718334138393402,0.5890527963638306,-0.14674033224582672,0.4264654219150543,0.6022368669509888,-0.13934718072414398,0.48973438143730164,0.6937599778175354,-0.1306241750717163,0.3447282910346985,0.6560618877410889,-0.16046030819416046,0.38250625133514404,0.6716640591621399,-0.12988770008087158,0.43213599920272827,0.6783316135406494,-0.10895032435655594,0.47280511260032654,0.775302529335022,-0.14045122265815735,0.3592742085456848,0.7339863181114197,-0.16115450859069824,0.3914099633693695,0.7386439442634583,-0.1414811909198761,0.4338248074054718,0.7485896348953247,-0.12651950120925903
0.5818591117858887,0.7472032308578491,-4.2096337438124465e-07,0.5630193948745728,0.6136950850486755,-0.01485538575798273,0.5098756551742554,0.4560551047325134,-0.04627585783600807,0.4703075587749481,0.34251588582992554,-0.07355407625436783,0.48177650570869446,0.2404901683330536,-0.09983078390359879,0.5167647004127502,0.5011886954307556,-0.10897962003946304,0.3530092239379883,0.47988149523735046,-0.1547347605228424,0.38521966338157654,0.5110341310501099,-0.16548603773117065,0.43561607599258423,0.5215532779693604,-0.16682453453540802,0.5048487782478333,0.6019633412361145,-0.12088470906019211,0.33116284012794495,0.5718828439712524,-0.16160789132118225,0.37424853444099426,0.5943796634674072,-0.150181844830513,0.4295632541179657,0.6070893406867981,-0.14194007217884064,0.49130120873451233,0.6950023770332336,-0.1305381953716278,0.34394320845603943,0.6616995334625244,-0.16299627721309662,0.3834392726421356,0.6768360733985901,-0.13303367793560028,0.43403294682502747,0.6824734210968018,-0.1115347295999527,0.4742407202720642,0.7757259011268616,-0.14007697999477386,0.3604637384414673,0.7368098497390747,-0.1628388613462448,0.39367663860321045,0.741760790348053,-0.1444815993309021,0.43670254945755005,0.7512999773025513,-0.12991778552532196
0.5818910598754883,0.746701717376709,-4.28515221528869e-07,0.5627933740615845,0.6135961413383484,-0.014820572920143604,0.5101281404495239,0.45617231726646423,-0.046095047146081924,0.47062596678733826,0.34222209453582764,-0.07328470796346664,0.48137354850769043,0.24005433917045593,-0.0994839146733284,0.5168817043304443,0.5017030239105225,-0.10794264823198318,0.35344254970550537,0.4794172942638397,-0.15392276644706726,0.385249525308609,0.5109527111053467,-0.16505184769630432,0.43573635816574097,0.5221808552742004,-0.1666143834590912,0.5052289366722107,0.6019843816757202,-0.11989719420671463,0.33101314306259155,0.5715632438659668,-0.16049949824810028,0.37359142303466797,0.5942462086677551,-0.14927835762500763,0.42909663915634155,0.6070945262908936,-0.14128366112709045,0.49182915687561035,0.6948913335800171,-0.1297064572572708,0.34456050395965576,0.661279559135437,-0.16228820383548737,0.38369056582450867,0.6767168045043945,-0.13247936964035034,0.4342261552810669,0.6823663115501404,-0.11111612617969513,0.4748445749282837,0.7752931714057922,-0.13940314948558807,0.36073631048202515,0.7364444732666016,-0.16221116483211517,0.39362213015556335,0.7421534657478333,-0.14381104707717896,0.43657317757606506,0.7522348761558533,-0.1292642503976822
0.5820333957672119,0.7514033317565918,-4.239611257617071e-07,0.562516450881958,0.6179051399230957,-0.013329396024346352,0.5088606476783752,0.46017637848854065,-0.044323425740003586,0.47022396326065063,0.3458437919616699,-0.07126712054014206,0.481508731842041,0.24476248025894165,-0.09771016240119934,0.5166596174240112,0.5034884810447693,-0.10835897922515869,0.3547016382217407,0.48427116870880127,-0.15275388956069946,0.38757988810539246,0.5154649615287781,-0.16326294839382172,0.43782731890678406,0.5253076553344727,-0.16490072011947632,0.5049606561660767,0.6038317084312439,-0.12100804597139359,0.33268293738365173,0.5737770795822144,-0.15949659049510956,0.37502816319465637,0.5975611805915833,-0.14740218222141266,0.4304567277431488,0.6106589436531067,-0.13945840299129486,0.4909425377845764,0.6980688571929932,-0.13103973865509033,0.34495580196380615,0.6618665456771851,-0.1615813672542572,0.38352200388908386,0.6792598366737366,-0.13091781735420227,0.43383702635765076,0.6866337656974792,-0.10971836000680923,0.47291043400764465,0.7807137966156006,-0.14080365002155304,0.360485702753067,0.7400150895118713,-0.1622418314218521,0.39317187666893005,0.746573805809021,-0.14273370802402496,0.4358000159263611,0.7572000622749329,-0.12776939570903778
0.5829493999481201,0.7517017126083374,-4.318019648508198e-07,0.5627849698066711,0.6176477670669556,-0.013813034631311893,0.5093461275100708,0.4598148465156555,-0.04498297721147537,0.4702445864677429,0.3448541760444641,-0.07188727706670761,0.48204079270362854,0.24382203817367554,-0.09810883551836014,0.5182318091392517,0.5042043924331665,-0.11068132519721985,0.3552401661872864,0.48422670364379883,-0.1549748033285141,0.38720548152923584,0.5154171586036682,-0.1645420640707016,0.4363766312599182,0.525550365447998,-0.16558420658111572,0.5065423250198364,0.6049922108650208,-0.12308298796415329,0.33263370394706726,0.5752230882644653,-0.16177533566951752,0.3744511604309082,0.598544180393219,-0.14893771708011627,0.4292457401752472,0.6108388900756836,-0.1406572461128235,0.4923972487449646,0.6991094350814819,-0.13283464312553406,0.34499382972717285,0.662620484828949,-0.16368591785430908,0.3835954964160919,0.6794803738594055,-0.13263307511806488,0.4337040185928345,0.6863013505935669,-0.11123082041740417,0.4743775725364685,0.7808146476745605,-0.14236019551753998,0.3606012761592865,0.7401770949363708,-0.16419361531734467,0.39252224564552307,0.7462401390075684,-0.14514529705047607,0.4345567226409912,0.756556510925293,-0.13056300580501556
0.5816885232925415,0.7502380013465881,-4.0145198454411e-07,0.5628190636634827,0.6143534183502197,-0.014076204039156437,0.5092947483062744,0.4571860432624817,-0.04601380601525307,0.4706595838069916,0.3417772054672241,-0.07371517270803452,0.4835936427116394,0.24074065685272217,-0.10077022016048431,0.5173840522766113,0.5044950246810913,-0.11225961148738861,0.3533098101615906,0.4822371006011963,-0.1578182578086853,0.3873390555381775,0.5103563666343689,-0.1684030294418335,0.4375907778739929,0.5210429430007935,-0.16982245445251465,0.5039178133010864,0.6074216365814209,-0.12461778521537781,0.3312144875526428,0.5741738677024841,-0.16374897956848145,0.3745775818824768,0.5945111513137817,-0.15154193341732025,0.42899447679519653,0.6089511513710022,-0.1437571942806244,0.48917636275291443,0.702336311340332,-0.13431085646152496,0.34418171644210815,0.6639711856842041,-0.16509388387203217,0.3841962218284607,0.6779258847236633,-0.13401031494140625,0.43419206142425537,0.6851025819778442,-0.11259067803621292,0.4717998206615448,0.7840173244476318,-0.14385339617729187,0.3585006594657898,0.7417026162147522,-0.16516855359077454,0.3915332853794098,0.7456496357917786,-0.14546535909175873,0.4336896240711212,0.7568713426589966,-0.1304507553577423
0.581620454788208,0.7511206269264221,-4.059257605604216e-07,0.5617941617965698,0.615215539932251,-0.013650082051753998,0.5081312656402588,0.45786240696907043,-0.04556324705481529,0.4708123505115509,0.3433922529220581,-0.07346486300230026,0.4849579930305481,0.24200868606567383,-0.10093141347169876,0.5169058442115784,0.503434956073761,-0.11275823414325714,0.3530174493789673,0.48260030150413513,-0.15727736055850983,0.3854791224002838,0.5118802785873413,-0.16700959205627441,0.4355177879333496,0.5227938890457153,-0.16794514656066895,0.5041824579238892,0.6064270734786987,-0.1251845508813858,0.33163195848464966,0.5760356187820435,-0.1639641374349594,0.37401893734931946,0.5965361595153809,-0.15160582959651947,0.4284402132034302,0.6099023818969727,-0.1436273604631424,0.4898794889450073,0.7010465264320374,-0.13477133214473724,0.3427056670188904,0.6649029850959778,-0.1651211678981781,0.38175490498542786,0.6779934167861938,-0.13484515249729156,0.4321810007095337,0.6844702363014221,-0.11395683139562607,0.47251391410827637,0.7825741171836853,-0.1441042274236679,0.3577442765235901,0.7412992119789124,-0.1653779298067093,0.38985973596572876,0.7438052296638489,-0.1464831531047821,0.4326131343841553,0.7535663843154907,-0.1319960057735443
0.5823985934257507,0.7504982948303223,-4.0987166016748233e-07,0.5630252361297607,0.6149886846542358,-0.013705184683203697,0.5093483924865723,0.4579690992832184,-0.04545570909976959,0.47032052278518677,0.3435092866420746,-0.07294925302267075,0.4837617874145508,0.24231627583503723,-0.09988734871149063,0.5174139738082886,0.5035381317138672,-0.11319267749786377,0.353626549243927,0.48195257782936096,-0.1575194150209427,0.3858979046344757,0.511172354221344,-0.16687239706516266,0.4354681372642517,0.5224606394767761,-0.16763092577457428,0.5045966506004333,0.6064780354499817,-0.1254921704530716,0.33179470896720886,0.575373113155365,-0.16399335861206055,0.374085009098053,0.5960230827331543,-0.15118326246738434,0.4283308982849121,0.6095276474952698,-0.1430676430463791,0.4901696741580963,0.701403796672821,-0.13491614162921906,0.34418678283691406,0.6644835472106934,-0.16503827273845673,0.3831796944141388,0.6781209111213684,-0.13409698009490967,0.4330005347728729,0.6846956610679626,-0.11294081807136536,0.47279608249664307,0.7832367420196533,-0.14409680664539337,0.35844579339027405,0.7415484189987183,-0.16514937579631805,0.39026138186454773,0.7445531487464905,-0.1459086537361145,0.4321095943450928,0.7545671463012695,-0.13130374252796173
0.5796887874603271,0.7473247647285461,-4.216982745219866e-07,0.5610525012016296,0.6128312349319458,-0.014121400192379951,0.508350133895874,0.4552093744277954,-0.04520298168063164,0.46918317675590515,0.342677503824234,-0.07222887128591537,0.4807176887989044,0.2424139678478241,-0.09845253825187683,0.5139865279197693,0.502261221408844,-0.10877787321805954,0.3507838249206543,0.48231416940689087,-0.15350627899169922,0.38389527797698975,0.5117571353912354,-0.1634792536497116,0.4343106150627136,0.5218580961227417,-0.16427208483219147,0.5021229982376099,0.6036445498466492,-0.1206894963979721,0.32886573672294617,0.5747777223587036,-0.16005462408065796,0.3722887337207794,0.5959263443946838,-0.14825759828090668,0.4274963438510895,0.609283983707428,-0.13996070623397827,0.4883658289909363,0.6966761350631714,-0.13013002276420593,0.34059643745422363,0.6641302108764648,-0.16126106679439545,0.3801247477531433,0.6785601377487183,-0.13175012171268463,0.43068188428878784,0.6843875646591187,-0.11079738289117813,0.47111815214157104,0.7771852016448975,-0.1393713653087616,0.3546738624572754,0.7396248579025269,-0.161088228225708,0.38692378997802734,0.7446107864379883,-0.14274564385414124,0.42998313903808594,0.7544199228286743,-0.12832394242286682
0.5800159573554993,0.7412645816802979,-4.1016957652573183e-07,0.5585537552833557,0.6088579893112183,-0.013130449689924717,0.505675196647644,0.45400911569595337,-0.044165607541799545,0.46773046255111694,0.3413870930671692,-0.07104600965976715,0.4779234528541565,0.24141255021095276,-0.0974520891904831,0.5135488510131836,0.49890097975730896,-0.11095333844423294,0.34985411167144775,0.4772433638572693,-0.1552201509475708,0.3807617425918579,0.5066908001899719,-0.16497740149497986,0.43000274896621704,0.51823490858078,-0.16580063104629517,0.5014983415603638,0.6000095009803772,-0.12341684848070145,0.32508987188339233,0.5702157020568848,-0.16151434183120728,0.3668903708457947,0.5910393595695496,-0.14916324615478516,0.4221342206001282,0.6042979955673218,-0.1410771757364273,0.48761895298957825,0.6936416625976562,-0.1330522894859314,0.3377680778503418,0.6614031195640564,-0.1624695509672165,0.37599435448646545,0.6754094362258911,-0.13201524317264557,0.42633041739463806,0.681354820728302,-0.11112070083618164,0.47035062313079834,0.7750822305679321,-0.14243705570697784,0.35200628638267517,0.7393915057182312,-0.1634097695350647,0.3824487030506134,0.7432467937469482,-0.1445930004119873,0.42429715394973755,0.75272536277771,-0.13012485206127167
0.5792728662490845,0.7412165999412537,-4.170141494341806e-07,0.5584583878517151,0.6096327304840088,-0.012904542498290539,0.5057218670845032,0.45348286628723145,-0.043653666973114014,0.4679664969444275,0.34143102169036865,-0.07037001848220825,0.4779147505760193,0.2419475018978119,-0.09661231935024261,0.5134949684143066,0.4974555969238281,-0.1104484274983406,0.35072094202041626,0.47759538888931274,-0.15363331139087677,0.38153403997421265,0.5081762671470642,-0.1625966876745224,0.43072909116744995,0.5188809037208557,-0.16305312514305115,0.5020160675048828,0.599287211894989,-0.1231195330619812,0.3266911506652832,0.569774866104126,-0.1608443707227707,0.36861780285835266,0.5919592380523682,-0.14835324883460999,0.42395859956741333,0.6054420471191406,-0.13997454941272736,0.48850521445274353,0.6932933330535889,-0.13283506035804749,0.33846819400787354,0.6605297327041626,-0.16200175881385803,0.3769756257534027,0.6756925582885742,-0.13143497705459595,0.4277086555957794,0.6824133396148682,-0.1104232594370842,0.47118493914604187,0.7756780385971069,-0.14225374162197113,0.3531438708305359,0.7395150661468506,-0.16313785314559937,0.38392820954322815,0.7434731721878052,-0.144108846783638,0.4262835383415222,0.7526684403419495,-0.1294632852077484
0.5754883885383606,0.7432213425636292,-3.8528239088009286e-07,0.5570534467697144,0.6089658141136169,-0.013914649374783039,0.504336953163147,0.4505552649497986,-0.045230433344841,0.4647029936313629,0.3384736180305481,-0.0721467062830925,0.47569596767425537,0.2374710738658905,-0.0984046533703804,0.5103150010108948,0.49831417202949524,-0.11178027093410492,0.3470832109451294,0.47551336884498596,-0.15511538088321686,0.3801000714302063,0.5027508735656738,-0.1639721393585205,0.4297313094139099,0.5130433440208435,-0.16419605910778046,0.49773091077804565,0.6008722186088562,-0.12391779571771622,0.32340627908706665,0.5651087760925293,-0.1622103601694107,0.36711233854293823,0.5847383141517639,-0.14978665113449097,0.4223197400569916,0.5997834205627441,-0.14115358889102936,0.48346269130706787,0.6948589086532593,-0.13307976722717285,0.3351697623729706,0.6542767286300659,-0.1625295728445053,0.37425681948661804,0.6670534014701843,-0.13201288878917694,0.42471927404403687,0.6746242046356201,-0.1106564849615097,0.46559566259384155,0.7763437032699585,-0.14201639592647552,0.3482789695262909,0.7313950657844543,-0.16248847544193268,0.37884780764579773,0.7346726655960083,-0.14320848882198334,0.4208453297615051,0.7462937831878662,-0.12832731008529663
0.5765650868415833,0.7459877729415894,-4.066516225975647e-07,0.5578498244285583,0.6109529137611389,-0.01413438655436039,0.5042321681976318,0.45200467109680176,-0.04522494599223137,0.46580085158348083,0.33837294578552246,-0.07208234816789627,0.47525835037231445,0.2373691201210022,-0.09834875911474228,0.5123647451400757,0.4977993369102478,-0.1121051013469696,0.34755876660346985,0.475119948387146,-0.1565074622631073,0.3789353668689728,0.5038633942604065,-0.16639328002929688,0.42833223938941956,0.5149007439613342,-0.16732025146484375,0.4993526041507721,0.5998730659484863,-0.12435120344161987,0.3238539695739746,0.5661182403564453,-0.16358914971351624,0.3662377893924713,0.5873243808746338,-0.15190374851226807,0.4213949143886566,0.6019500494003296,-0.14374473690986633,0.48471853137016296,0.6941558122634888,-0.13377629220485687,0.3357050120830536,0.6559261083602905,-0.16427725553512573,0.3739159107208252,0.6690057516098022,-0.13446812331676483,0.4243403971195221,0.6757680177688599,-0.11344264447689056,0.46656304597854614,0.7759328484535217,-0.1429879516363144,0.3502805829048157,0.7330200672149658,-0.16439108550548553,0.3805959224700928,0.7362825274467468,-0.1456860899925232,0.4226490557193756,0.7469971776008606,-0.131111279129982
0.5750869512557983,0.7434779405593872,-4.184635713500029e-07,0.5564982891082764,0.6090605854988098,-0.013240605592727661,0.5030014514923096,0.4522068500518799,-0.04379347339272499,0.463581383228302,0.33821070194244385,-0.07004672288894653,0.4755639433860779,0.23767146468162537,-0.09566932916641235,0.5115793347358704,0.49466124176979065,-0.10890671610832214,0.34914231300354004,0.47349193692207336,-0.1523754745721817,0.3812699615955353,0.5020899176597595,-0.16201254725456238,0.42998194694519043,0.5133762359619141,-0.16309334337711334,0.4995628893375397,0.5968428254127502,-0.1210634708404541,0.3259633183479309,0.5653773546218872,-0.1590760052204132,0.36890965700149536,0.5858409404754639,-0.14701175689697266,0.42357149720191956,0.6004154086112976,-0.1392233967781067,0.48486337065696716,0.6910987496376038,-0.1303320825099945,0.3386477530002594,0.6565191745758057,-0.16057905554771423,0.378584623336792,0.6710380911827087,-0.12968526780605316,0.428032249212265,0.6786659955978394,-0.10838762670755386,0.466293066740036,0.773749828338623,-0.1392493098974228,0.3521769046783447,0.7331677675247192,-0.1605968177318573,0.38730430603027344,0.7389360666275024,-0.140466570854187,0.4301786422729492,0.7503626942634583,-0.12500803172588348
0.5741936564445496,0.7451000809669495,-4.3293255203025183e-07,0.5572648048400879,0.6111407279968262,-0.013570476323366165,0.5046908855438232,0.45261988043785095,-0.0442507341504097,0.4636937379837036,0.3379489481449127,-0.07057537138462067,0.47492673993110657,0.23665353655815125,-0.09630387276411057,0.5127602219581604,0.49550801515579224,-0.10966428369283676,0.3498932421207428,0.4747171103954315,-0.15392936766147614,0.3825635313987732,0.50389164686203,-0.16427980363368988,0.4317159354686737,0.5146543383598328,-0.1657838672399521,0.5008482933044434,0.5971077084541321,-0.1215653195977211,0.3275616466999054,0.5659773945808411,-0.15924057364463806,0.36978879570961,0.5864832401275635,-0.1469832956790924,0.42382383346557617,0.6002954840660095,-0.139565572142601,0.48626187443733215,0.6913762092590332,-0.13065579533576965,0.3408132791519165,0.6556634306907654,-0.16125811636447906,0.38049745559692383,0.6708313226699829,-0.13030676543712616,0.4299560487270355,0.6788946390151978,-0.10922188311815262,0.4677183926105499,0.7740968465805054,-0.13938762247562408,0.3545877933502197,0.731170654296875,-0.16136115789413452,0.3901066184043884,0.7374383807182312,-0.14139078557491302,0.43321365118026733,0.7492998242378235,-0.1261158585548401
0.5773866176605225,0.7470556497573853,-4.420067512000969e-07,0.5598505735397339,0.6132567524909973,-0.012208263389766216,0.506446361541748,0.4559957981109619,-0.04131770133972168,0.4664924144744873,0.33969902992248535,-0.06658180803060532,0.47502845525741577,0.23836961388587952,-0.09146682173013687,0.5127315521240234,0.4976987838745117,-0.10485178232192993,0.3528292179107666,0.4756736159324646,-0.14741697907447815,0.38404029607772827,0.5061259269714355,-0.15829725563526154,0.43250006437301636,0.517118513584137,-0.1608944535255432,0.4987916648387909,0.5977426171302795,-0.11772532761096954,0.32854682207107544,0.5655346512794495,-0.15386511385440826,0.3679874837398529,0.5870216488838196,-0.14261065423488617,0.4217219352722168,0.6010584831237793,-0.1363200843334198,0.4832595884799957,0.6918907165527344,-0.12788048386573792,0.34159696102142334,0.6553643941879272,-0.1572861522436142,0.37890690565109253,0.6713463068008423,-0.12770217657089233,0.42798230051994324,0.6794838905334473,-0.10787846148014069,0.46446850895881653,0.7743052840232849,-0.1377188265323639,0.3547620475292206,0.7319506406784058,-0.15886637568473816,0.3876186013221741,0.7384360432624817,-0.13963022828102112,0.42985546588897705,0.7495684027671814,-0.1251300722360611
0.5747630596160889,0.7449724674224854,-4.2865826799243223e-07,0.5567625761032104,0.610763430595398,-0.013299367390573025,0.5036638379096985,0.4540640115737915,-0.0438227578997612,0.46475422382354736,0.339160680770874,-0.07021796703338623,0.4749397337436676,0.23746466636657715,-0.09602467715740204,0.5097029209136963,0.4971901774406433,-0.10810407996177673,0.34855392575263977,0.47553667426109314,-0.15170569717884064,0.38034725189208984,0.5056856870651245,-0.16168582439422607,0.42949244379997253,0.5171641707420349,-0.16292932629585266,0.4971696138381958,0.5980496406555176,-0.12042491883039474,0.3252837657928467,0.5667726993560791,-0.15848781168460846,0.36760908365249634,0.5891000032424927,-0.1465766429901123,0.4222772419452667,0.6036642789840698,-0.13879550993442535,0.48255982995033264,0.6919307112693787,-0.1300913393497467,0.3365143835544586,0.6563526391983032,-0.16030967235565186,0.3752366304397583,0.6718398332595825,-0.12997353076934814,0.4249798655509949,0.6793502569198608,-0.1089446172118187,0.4643629193305969,0.7738192081451416,-0.1394822597503662,0.35001832246780396,0.7332332134246826,-0.16100706160068512,0.38218560814857483,0.7393115162849426,-0.1418623924255371,0.42425599694252014,0.7509485483169556,-0.1270512193441391
0.577750563621521,0.7435916662216187,-4.3524164539121557e-07,0.5588270425796509,0.611318051815033,-0.015660686418414116,0.5030918121337891,0.45506972074508667,-0.04642690718173981,0.46525561809539795,0.3392522931098938,-0.07285330444574356,0.47658029198646545,0.2389967143535614,-0.09832275658845901,0.5138562917709351,0.4968951940536499,-0.10781367868185043,0.351065993309021,0.47584399580955505,-0.15337039530277252,0.381454199552536,0.5096323490142822,-0.16455750167369843,0.4304920434951782,0.5204216241836548,-0.16635651886463165,0.5009328722953796,0.5973351001739502,-0.11909811943769455,0.32869383692741394,0.5689191222190857,-0.15814362466335297,0.37042149901390076,0.5928664803504944,-0.14613844454288483,0.4242265224456787,0.604935348033905,-0.13798993825912476,0.48643025755882263,0.6920471787452698,-0.12837430834770203,0.34307849407196045,0.6595473885536194,-0.16071553528308868,0.38241443037986755,0.6754516959190369,-0.13100242614746094,0.43151769042015076,0.6811692118644714,-0.10975788533687592,0.4686422646045685,0.7747815251350403,-0.1375250220298767,0.3573358952999115,0.7354027032852173,-0.15982045233249664,0.39026570320129395,0.7414018511772156,-0.14075881242752075,0.4320235550403595,0.7520527243614197,-0.12581554055213928
0.5769537091255188,0.7437437176704407,-4.3925530235355836e-07,0.558157205581665,0.6104906797409058,-0.0143088074401021,0.5048210024833679,0.45458728075027466,-0.04488123580813408,0.4661675989627838,0.33962735533714294,-0.07146447151899338,0.47578588128089905,0.2388634979724884,-0.09727172553539276,0.5120675563812256,0.49572283029556274,-0.10639344155788422,0.3508155345916748,0.4756385385990143,-0.1516457349061966,0.3811461925506592,0.5095394253730774,-0.16266846656799316,0.4304680824279785,0.5206120014190674,-0.16441628336906433,0.4998587369918823,0.5950474739074707,-0.11830045282840729,0.32790887355804443,0.5689138770103455,-0.15714414417743683,0.36880624294281006,0.592442512512207,-0.14557525515556335,0.4229276478290558,0.6039386987686157,-0.13785229623317719,0.4866294860839844,0.6889305710792542,-0.12806496024131775,0.3415651321411133,0.659031331539154,-0.16003753244876862,0.38061654567718506,0.6747552752494812,-0.13087935745716095,0.43047505617141724,0.6796220541000366,-0.11020290851593018,0.4705071449279785,0.7712920308113098,-0.13754592835903168,0.35857468843460083,0.7359341382980347,-0.15994784235954285,0.3915335536003113,0.7408329248428345,-0.14168106019496918,0.4340289235115051,0.7490667104721069,-0.12727537751197815
0.5766342282295227,0.743619441986084,-4.354937175321538e-07,0.5580500960350037,0.6105964183807373,-0.01418687216937542,0.5047582387924194,0.45477116107940674,-0.044825028628110886,0.4664333164691925,0.33974969387054443,-0.07139723002910614,0.4757637083530426,0.23848482966423035,-0.09724929183721542,0.5124325752258301,0.4955224394798279,-0.10675067454576492,0.3510907292366028,0.4751913547515869,-0.1518539935350418,0.381883442401886,0.5085623264312744,-0.16296109557151794,0.4315175414085388,0.5201984643936157,-0.1648370325565338,0.4998277723789215,0.594712495803833,-0.11879723519086838,0.3276210129261017,0.5671630501747131,-0.1572306901216507,0.3686800003051758,0.5908373594284058,-0.14570929110050201,0.42317596077919006,0.6035319566726685,-0.13820594549179077,0.48627370595932007,0.6888004541397095,-0.12859980762004852,0.3414161205291748,0.6577889919281006,-0.16012655198574066,0.3804418444633484,0.674135148525238,-0.1307513266801834,0.4303833842277527,0.6799578666687012,-0.11015379428863525,0.4699515700340271,0.7716793417930603,-0.1381245106458664,0.35811007022857666,0.7357432842254639,-0.16045871376991272,0.3910748362541199,0.7414053678512573,-0.14194545149803162,0.4334573745727539,0.7504414319992065,-0.12745650112628937
0.5763431191444397,0.7450827360153198,-4.387674437111855e-07,0.557560920715332,0.6108558773994446,-0.012340253219008446,0.5052317976951599,0.45424067974090576,-0.042282283306121826,0.46774032711982727,0.34158051013946533,-0.06846391409635544,0.47631728649139404,0.2425348162651062,-0.09412171691656113,0.5144748687744141,0.4940048158168793,-0.10803913325071335,0.3503323197364807,0.4743071496486664,-0.15267355740070343,0.3816187381744385,0.5058269500732422,-0.1635892391204834,0.43062078952789307,0.5176960229873657,-0.16531889140605927,0.5025604367256165,0.5948265790939331,-0.12101263552904129,0.328428715467453,0.5654415488243103,-0.1593647003173828,0.3701694905757904,0.5883192420005798,-0.14775675535202026,0.4244644045829773,0.6021804809570312,-0.14035268127918243,0.48804137110710144,0.689110279083252,-0.13126860558986664,0.3416268229484558,0.6541329026222229,-0.16206218302249908,0.3802833557128906,0.6704956293106079,-0.13163697719573975,0.42952531576156616,0.6782077550888062,-0.11052197217941284,0.46985116600990295,0.7719200253486633,-0.14114227890968323,0.3563717305660248,0.7303838133811951,-0.162985697388649,0.38899412751197815,0.736473798751831,-0.14332017302513123,0.43109390139579773,0.7478780150413513,-0.12803791463375092
0.5746091604232788,0.7434554100036621,-4.4089119910495356e-07,0.5563955307006836,0.6098524332046509,-0.011063599027693272,0.5022728443145752,0.4543312191963196,-0.039366595447063446,0.4644180238246918,0.33882981538772583,-0.06439428776502609,0.4741721451282501,0.2373884916305542,-0.08919477462768555,0.5056979656219482,0.4915676414966583,-0.09992290288209915,0.34804755449295044,0.4707203209400177,-0.14291493594646454,0.3785800635814667,0.5031541585922241,-0.15432290732860565,0.42737340927124023,0.5155283808708191,-0.15682651102542877,0.4938786029815674,0.5916934609413147,-0.11329159140586853,0.32617467641830444,0.561935305595398,-0.14931456744670868,0.36693498492240906,0.5848135352134705,-0.13824805617332458,0.4208610951900482,0.5982012748718262,-0.13166522979736328,0.4809770882129669,0.6870793104171753,-0.12435926496982574,0.34015700221061707,0.65146803855896,-0.15438903868198395,0.3789554536342621,0.6679501533508301,-0.12522262334823608,0.4280821979045868,0.6752541661262512,-0.10508961230516434,0.46521490812301636,0.7709989547729492,-0.13493379950523376,0.3546520173549652,0.7301136255264282,-0.156303271651268,0.38778573274612427,0.7366167306900024,-0.13724753260612488,0.4299244284629822,0.7469932436943054,-0.12244977056980133
0.5741751194000244,0.7424871921539307,-4.232735761888762e-07,0.5565625429153442,0.6087809205055237,-0.012958310544490814,0.5040748119354248,0.4515925943851471,-0.043011151254177094,0.46470755338668823,0.3380654752254486,-0.06941791623830795,0.4713680148124695,0.2361842393875122,-0.09526848047971725,0.5076122283935547,0.4940396249294281,-0.1049598753452301,0.3465459644794464,0.47244787216186523,-0.14975474774837494,0.3774097263813019,0.5032023191452026,-0.1613968163728714,0.42693114280700684,0.514771044254303,-0.1636073887348175,0.49604302644729614,0.5956536531448364,-0.11787375062704086,0.3230842053890228,0.5643128752708435,-0.157211571931839,0.3656003773212433,0.5861305594444275,-0.1468852162361145,0.4214506149291992,0.5994312763214111,-0.13955701887607574,0.4832492768764496,0.689845621585846,-0.12840481102466583,0.3365158438682556,0.6545664072036743,-0.1604616940021515,0.37605395913124084,0.6686269640922546,-0.13134393095970154,0.4268052577972412,0.6748454570770264,-0.11034441739320755,0.4671717882156372,0.7722198367118835,-0.13855832815170288,0.3535962998867035,0.7311829924583435,-0.16140104830265045,0.38708052039146423,0.7359886169433594,-0.1426941603422165,0.43044039607048035,0.7461848258972168,-0.12769661843776703
0.5735585689544678,0.7417010068893433,-4.318220589993871e-07,0.5554094910621643,0.6083843111991882,-0.011689601466059685,0.5018202066421509,0.4523213505744934,-0.04141014441847801,0.4608360826969147,0.3398585915565491,-0.06776689738035202,0.4725474715232849,0.2392938733100891,-0.09351430088281631,0.5051181316375732,0.48850056529045105,-0.10415120422840118,0.343567430973053,0.4692351818084717,-0.14849264919757843,0.3761797845363617,0.5011637806892395,-0.1586107313632965,0.4260893762111664,0.5120603442192078,-0.15976670384407043,0.49448585510253906,0.5886359810829163,-0.11769738793373108,0.3201782703399658,0.5610912442207336,-0.15716838836669922,0.3630654811859131,0.5843563079833984,-0.14575831592082977,0.418089359998703,0.5970478057861328,-0.1374623328447342,0.48198625445365906,0.6840412616729736,-0.12879619002342224,0.3333432376384735,0.6525987386703491,-0.16048909723758698,0.37274909019470215,0.6675909757614136,-0.13096025586128235,0.42327848076820374,0.6727279424667358,-0.10960831493139267,0.4659819006919861,0.7682346105575562,-0.13938911259174347,0.3496346175670624,0.7284817695617676,-0.16155275702476501,0.3817563056945801,0.7331775426864624,-0.14303669333457947,0.4244890511035919,0.7424302697181702,-0.12812809646129608
0.5754501819610596,0.7416013479232788,-4.4553360112331575e-07,0.5568968057632446,0.6095012426376343,-0.01262781023979187,0.5022568702697754,0.45314398407936096,-0.042570777237415314,0.4611717164516449,0.34039855003356934,-0.06865216046571732,0.47168755531311035,0.23947015404701233,-0.09416736662387848,0.5071443915367126,0.4883822500705719,-0.10752163082361221,0.34600502252578735,0.46906185150146484,-0.15129336714744568,0.3774244487285614,0.5023401975631714,-0.16054439544677734,0.4261820316314697,0.513024628162384,-0.1615477055311203,0.49640119075775146,0.5879477262496948,-0.12045439332723618,0.3235643208026886,0.5623644590377808,-0.15851318836212158,0.3652632534503937,0.5851369500160217,-0.14583297073841095,0.4190320670604706,0.5965222120285034,-0.137733593583107,0.48374712467193604,0.6834640502929688,-0.13078181445598602,0.33787012100219727,0.6546302437782288,-0.16207186877727509,0.37749549746513367,0.6694031953811646,-0.13195914030075073,0.4269864559173584,0.6744813919067383,-0.1111283227801323,0.4675070345401764,0.7680931687355042,-0.14056243002414703,0.3527214229106903,0.7301487922668457,-0.16310761868953705,0.387058824300766,0.7347777485847473,-0.14425097405910492,0.4301159381866455,0.7433345317840576,-0.1295204609632492
0.5728617310523987,0.7385621070861816,-4.278916208022565e-07,0.5553890466690063,0.605288565158844,-0.013685531914234161,0.5012465715408325,0.4494749903678894,-0.04334420710802078,0.4610837399959564,0.3361145853996277,-0.06885866075754166,0.47155487537384033,0.23642385005950928,-0.09368685632944107,0.508457362651825,0.4897010326385498,-0.10621713101863861,0.3457375764846802,0.4683443307876587,-0.14985957741737366,0.37724342942237854,0.4981727600097656,-0.16025230288505554,0.4260469675064087,0.509600818157196,-0.16176608204841614,0.49584484100341797,0.5918033123016357,-0.1179768294095993,0.3240770101547241,0.5613951086997986,-0.15581798553466797,0.36608070135116577,0.5825790762901306,-0.14424997568130493,0.4199357032775879,0.5966790318489075,-0.13687284290790558,0.48077329993247986,0.6862878799438477,-0.1273178607225418,0.3359127938747406,0.651762068271637,-0.15816821157932281,0.3751680254936218,0.6671239137649536,-0.12842240929603577,0.42472711205482483,0.6747998595237732,-0.10768575966358185,0.4617951810359955,0.7694830298423767,-0.13638272881507874,0.34954333305358887,0.7292534112930298,-0.1586483120918274,0.383932888507843,0.7365089058876038,-0.13976939022541046,0.42661094665527344,0.7485195398330688,-0.12499077618122101
0.5719624161720276,0.7391802072525024,-4.2856314053096867e-07,0.5558900833129883,0.6052523851394653,-0.014006875455379486,0.5018173456192017,0.44805946946144104,-0.044180817902088165,0.4624931812286377,0.33419573307037354,-0.06997057050466537,0.47180119156837463,0.2352219521999359,-0.09490436315536499,0.5115466117858887,0.48864784836769104,-0.1096290871500969,0.3502529561519623,0.4661341607570648,-0.15388204157352448,0.3818316161632538,0.4963500499725342,-0.1634790152311325,0.43022677302360535,0.5068417191505432,-0.1643371433019638,0.4979051947593689,0.590559184551239,-0.12131506204605103,0.3276078402996063,0.5585364699363708,-0.16024050116539001,0.36994701623916626,0.5812430381774902,-0.1478869915008545,0.423611044883728,0.5952470898628235,-0.13952597975730896,0.48187965154647827,0.6844462752342224,-0.13040141761302948,0.33914607763290405,0.6500545144081116,-0.16182273626327515,0.3793235421180725,0.6649037599563599,-0.13139809668064117,0.428933322429657,0.6715736985206604,-0.11001915484666824,0.4623623788356781,0.7671566009521484,-0.13916818797588348,0.3515741527080536,0.7270142436027527,-0.16127866506576538,0.38741305470466614,0.7327090501785278,-0.14183935523033142,0.43062615394592285,0.7428187727928162,-0.12671947479248047
0.5760667324066162,0.743028998374939,-4.427454314281931e-07,0.5612970590591431,0.6099165081977844,-0.013270323164761066,0.507659912109375,0.4495505392551422,-0.04242502897977829,0.46716928482055664,0.3352220058441162,-0.06750355660915375,0.4768330454826355,0.2358703315258026,-0.09187213331460953,0.513515055179596,0.49309390783309937,-0.10733999311923981,0.3516407012939453,0.46808820962905884,-0.15126004815101624,0.38433316349983215,0.4989612102508545,-0.16191764175891876,0.4333655536174774,0.5098636150360107,-0.16378772258758545,0.4989425241947174,0.5939462780952454,-0.11964451521635056,0.32850998640060425,0.5589523911476135,-0.15629687905311584,0.3710455894470215,0.5806004405021667,-0.14349009096622467,0.4245700538158417,0.5934116244316101,-0.1358095407485962,0.48325514793395996,0.6876623630523682,-0.12945036590099335,0.34244853258132935,0.6462820172309875,-0.1601593792438507,0.38273748755455017,0.6627912521362305,-0.12931868433952332,0.43162351846694946,0.6713401079177856,-0.1082535982131958,0.4644244313240051,0.7697880268096924,-0.13893891870975494,0.35538405179977417,0.7226711511611938,-0.16100609302520752,0.39079752564430237,0.7298634648323059,-0.14083188772201538,0.4335106909275055,0.7423033714294434,-0.12543345987796783
0.5743514895439148,0.7392866611480713,-4.331106140398333e-07,0.5573912858963013,0.6064251065254211,-0.011716931127011776,0.504647970199585,0.4495922923088074,-0.04114589840173721,0.4662373661994934,0.33632850646972656,-0.06692271679639816,0.4763578474521637,0.23651191592216492,-0.09232940524816513,0.5086064338684082,0.4908778667449951,-0.10656587034463882,0.3479948937892914,0.4654233753681183,-0.14972145855426788,0.3798224627971649,0.496184766292572,-0.1595752090215683,0.4294675886631012,0.5090535283088684,-0.16079914569854736,0.49656420946121216,0.5920330882072449,-0.11949330568313599,0.32530689239501953,0.5585290193557739,-0.15674778819084167,0.36817413568496704,0.5807451009750366,-0.14444315433502197,0.4231206476688385,0.5946725606918335,-0.1366434097290039,0.4827273488044739,0.6859923601150513,-0.12969163060188293,0.33719298243522644,0.6469554901123047,-0.15962539613246918,0.37679848074913025,0.6626205444335938,-0.12936481833457947,0.4269201159477234,0.6703683137893677,-0.1085108146071434,0.46555715799331665,0.7679992914199829,-0.13943032920360565,0.3516094386577606,0.7248071432113647,-0.16099011898040771,0.3844475746154785,0.7306580543518066,-0.14187239110469818,0.4272240400314331,0.7419003248214722,-0.12711670994758606
0.5737417936325073,0.741433322429657,-3.9047537825354084e-07,0.5575464963912964,0.6062522530555725,-0.013674975372850895,0.5048984885215759,0.44884437322616577,-0.044809840619564056,0.46638670563697815,0.3367200791835785,-0.07166367769241333,0.47544044256210327,0.2370619773864746,-0.09787201136350632,0.5141075253486633,0.49316781759262085,-0.11219047755002975,0.3500760793685913,0.4671403169631958,-0.15637114644050598,0.38197004795074463,0.4955749809741974,-0.1663811206817627,0.4315825402736664,0.5082874894142151,-0.16745580732822418,0.4996514320373535,0.5966833829879761,-0.1243029236793518,0.3251558542251587,0.5586646795272827,-0.16305360198020935,0.3683278262615204,0.5790450572967529,-0.15105527639389038,0.4235905706882477,0.5949133038520813,-0.1429975926876068,0.48345598578453064,0.6906657218933105,-0.1334543526172638,0.3364654779434204,0.6479840874671936,-0.16357362270355225,0.376525342464447,0.6608502864837646,-0.13304683566093445,0.42691120505332947,0.6696354746818542,-0.1118907630443573,0.46402406692504883,0.7718347907066345,-0.14233195781707764,0.35245826840400696,0.7235037088394165,-0.1640748530626297,0.3872206211090088,0.7267518043518066,-0.14474891126155853,0.4299286901950836,0.7387873530387878,-0.12979328632354736
0.5735518932342529,0.7357686758041382,-4.196451754978625e-07,0.5551998019218445,0.6031589508056641,-0.012230423279106617,0.5028635859489441,0.4474429488182068,-0.04293489456176758,0.4651859700679779,0.3339102864265442,-0.06962449103593826,0.4756608009338379,0.23389211297035217,-0.09610666334629059,0.51103675365448,0.49076974391937256,-0.11114069074392319,0.34768036007881165,0.46687930822372437,-0.15548457205295563,0.3788299560546875,0.4971473813056946,-0.16576175391674042,0.4279894530773163,0.5083441138267517,-0.16735927760601044,0.4992969036102295,0.5912859439849854,-0.1242699846625328,0.3236367702484131,0.5586535334587097,-0.16249342262744904,0.3649740517139435,0.5807675123214722,-0.14992763102054596,0.42001333832740784,0.5945006608963013,-0.14203564822673798,0.4851207137107849,0.685916543006897,-0.13446706533432007,0.33603811264038086,0.6488953828811646,-0.16451580822467804,0.3741912841796875,0.6632220149040222,-0.13369351625442505,0.42440083622932434,0.6697582602500916,-0.11276017129421234,0.46741726994514465,0.768467903137207,-0.14420664310455322,0.3519866466522217,0.7273889780044556,-0.1659107804298401,0.38458725810050964,0.7315142154693604,-0.14659835398197174,0.42724430561065674,0.7413330674171448,-0.13188029825687408
