0.552114725112915,0.795723557472229,-6.468088713518227e-07,0.5894322395324707,0.6771016716957092,-0.004845493473112583,0.6044421792030334,0.5227908492088318,-0.024969128891825676,0.615304708480835,0.4102764129638672,-0.04215133935213089,0.6491787433624268,0.33830830454826355,-0.05772237852215767,0.5845209956169128,0.5268600583076477,-0.09036727994680405,0.470706582069397,0.419924795627594,-0.12309939414262772,0.478342741727829,0.4662761688232422,-0.1270916610956192,0.5093095302581787,0.5025949478149414,-0.12489024549722672,0.5384795665740967,0.5890378355979919,-0.0986945852637291,0.42453333735466003,0.4683983325958252,-0.1312076300382614,0.44183897972106934,0.5225457549095154,-0.12209957838058472,0.47630566358566284,0.5632258653640747,-0.11241114139556885,0.49226975440979004,0.6478079557418823,-0.10325586050748825,0.3977290093898773,0.5452309846878052,-0.12168962508440018,0.41474294662475586,0.5869201421737671,-0.10088153183460236,0.4507376253604889,0.6219447255134583,-0.08465796709060669,0.4425166845321655,0.6952512264251709,-0.10735633969306946,0.3643309772014618,0.5949703454971313,-0.12198501080274582,0.31507039070129395,0.5335480570793152,-0.12233627587556839,0.2787730097770691,0.4778671860694885,-0.12330051511526108
0.5511147975921631,0.7707434296607971,-6.308863476078841e-07,0.5943270921707153,0.6605638265609741,-0.008300155401229858,0.6158042550086975,0.5036497712135315,-0.029316391795873642,0.617951512336731,0.38144123554229736,-0.04730193316936493,0.6598515510559082,0.3094428479671478,-0.0626612976193428,0.6025430560112,0.5069510340690613,-0.09042298048734665,0.47766029834747314,0.39627164602279663,-0.12914539873600006,0.48508530855178833,0.45131194591522217,-0.13624152541160583,0.5177552700042725,0.4883444607257843,-0.1363724172115326,0.5565129518508911,0.5669558644294739,-0.10049355030059814,0.4331892430782318,0.45579278469085693,-0.13593348860740662,0.4474982023239136,0.5097866058349609,-0.12620113790035248,0.4812909960746765,0.542589545249939,-0.1194763332605362,0.5056162476539612,0.630007266998291,-0.10882701724767685,0.4062851369380951,0.5289625525474548,-0.13561324775218964,0.41970381140708923,0.5762122273445129,-0.11450053006410599,0.45567217469215393,0.6075655817985535,-0.1002081036567688,0.45400893688201904,0.684944748878479,-0.11660423874855042,0.37458956241607666,0.5843524932861328,-0.13678865134716034,0.3254108428955078,0.5289914608001709,-0.13778159022331238,0.2894136905670166,0.4777875542640686,-0.1395287811756134
0.5530732870101929,0.7763794660568237,-7.150853775783617e-07,0.5958164930343628,0.6615428924560547,-0.009099907241761684,0.6140285134315491,0.5046334266662598,-0.031994983553886414,0.616919994354248,0.38265109062194824,-0.05143582448363304,0.6644957065582275,0.31591278314590454,-0.0683402270078659,0.6046024560928345,0.5116645693778992,-0.09405665844678879,0.4802684187889099,0.3956372141838074,-0.1352393478155136,0.484432190656662,0.45571231842041016,-0.14503814280033112,0.5176990628242493,0.4924105405807495,-0.14771954715251923,0.5575677156448364,0.5733228325843811,-0.10383222997188568,0.43249428272247314,0.4622824490070343,-0.13784216344356537,0.4429926872253418,0.5135723352432251,-0.12591873109340668,0.47879719734191895,0.5402678847312927,-0.12007106840610504,0.5044891834259033,0.6362569332122803,-0.11219730228185654,0.40530526638031006,0.5302469730377197,-0.13955886662006378,0.4154871106147766,0.575320839881897,-0.11820591241121292,0.45187586545944214,0.6066392660140991,-0.10525991767644882,0.45231524109840393,0.6911085844039917,-0.11990274488925934,0.37467697262763977,0.585731029510498,-0.14303052425384521,0.32645830512046814,0.5284799337387085,-0.14497080445289612,0.2919822931289673,0.4771289527416229,-0.14749997854232788
0.5585061311721802,0.7718281149864197,-6.94731113526359e-07,0.6018694639205933,0.6550987362861633,-0.006370338145643473,0.6203463077545166,0.4959128201007843,-0.027265071868896484,0.620901882648468,0.37480929493904114,-0.045320216566324234,0.665550172328949,0.30838167667388916,-0.06069095805287361,0.6065829992294312,0.502337634563446,-0.08993179351091385,0.48433804512023926,0.38995349407196045,-0.12994958460330963,0.4923175275325775,0.4491081237792969,-0.14012449979782104,0.5267502069473267,0.4850761592388153,-0.1435966044664383,0.5587640404701233,0.565580427646637,-0.10103899240493774,0.43648701906204224,0.4534267485141754,-0.13491308689117432,0.45053890347480774,0.5071858763694763,-0.12365110963582993,0.4863441586494446,0.5350196957588196,-0.1180998906493187,0.5060487985610962,0.6299322247505188,-0.11041853576898575,0.40599125623703003,0.5210795402526855,-0.13709254562854767,0.4176061153411865,0.5678853988647461,-0.11460438370704651,0.45317167043685913,0.5990210771560669,-0.10079250484704971,0.45499399304389954,0.6857870817184448,-0.119187131524086,0.3803146481513977,0.5764707922935486,-0.14243431389331818,0.33359432220458984,0.5174964666366577,-0.14414376020431519,0.29872286319732666,0.46342694759368896,-0.1464565545320511
0.5563380122184753,0.7723749876022339,-6.836749548710941e-07,0.5998587608337402,0.6553581953048706,-0.009496496990323067,0.6196680068969727,0.4969005286693573,-0.03211778774857521,0.6210968494415283,0.3757052421569824,-0.05170895531773567,0.6683602333068848,0.30914920568466187,-0.0683969035744667,0.6074694395065308,0.5026938915252686,-0.09252700209617615,0.48332005739212036,0.39131826162338257,-0.1346634477376938,0.4907473921775818,0.45086586475372314,-0.14423251152038574,0.5259078741073608,0.48412156105041504,-0.14650364220142365,0.5595491528511047,0.5659019351005554,-0.10292699933052063,0.4363957345485687,0.45610469579696655,-0.14027400314807892,0.4505597949028015,0.5088797807693481,-0.12949228286743164,0.48651063442230225,0.5343713760375977,-0.12323962897062302,0.5066941976547241,0.6302193999290466,-0.11205796152353287,0.4064452648162842,0.5268200635910034,-0.14249563217163086,0.4191773533821106,0.5743623971939087,-0.12061596661806107,0.4552582800388336,0.6037648320198059,-0.1058744266629219,0.45475825667381287,0.6848995685577393,-0.12073355913162231,0.3792197108268738,0.5768850445747375,-0.14513419568538666,0.3326283097267151,0.5177243947982788,-0.14686456322669983,0.29813694953918457,0.46375030279159546,-0.14864547550678253
0.5631973743438721,0.7651782035827637,-6.705261625938874e-07,0.6066353917121887,0.6489904522895813,-0.006521056406199932,0.6286380290985107,0.4920855164527893,-0.02737552486360073,0.6296113133430481,0.3712688088417053,-0.045486826449632645,0.6741705536842346,0.3050574064254761,-0.061052240431308746,0.6107013821601868,0.5004194378852844,-0.08707059174776077,0.49300795793533325,0.38824257254600525,-0.1251140683889389,0.4998534321784973,0.44444751739501953,-0.13394099473953247,0.5323803424835205,0.4800538420677185,-0.13650944828987122,0.5628967881202698,0.5621920228004456,-0.0976562574505806,0.44439268112182617,0.45086920261383057,-0.13057149946689606,0.457042932510376,0.5021656155586243,-0.1199703961610794,0.4921433627605438,0.5303097367286682,-0.11461937427520752,0.5105107426643372,0.6237383484840393,-0.10644944757223129,0.4132593274116516,0.5155171751976013,-0.13294456899166107,0.4244254231452942,0.5598385334014893,-0.11158039420843124,0.4590506851673126,0.5901273488998413,-0.09812269359827042,0.4592059552669525,0.6764650940895081,-0.11452966928482056,0.3867649734020233,0.5697838664054871,-0.1369132250547409,0.34195923805236816,0.5129687190055847,-0.1382300853729248,0.3084385395050049,0.46088337898254395,-0.14017441868782043
0.5600981116294861,0.7638910412788391,-6.785692221455975e-07,0.6051120758056641,0.6485603451728821,-0.009766178205609322,0.626429557800293,0.4926457405090332,-0.03216024115681648,0.6276941895484924,0.3722037076950073,-0.051035813987255096,0.6754138469696045,0.30658745765686035,-0.06707268953323364,0.6126275658607483,0.49813467264175415,-0.09259172528982162,0.49072331190109253,0.3880764842033386,-0.13201995193958282,0.4976040720939636,0.4463270306587219,-0.13970065116882324,0.5317102074623108,0.47952693700790405,-0.14137792587280273,0.5659661889076233,0.5602806806564331,-0.10210343450307846,0.44453027844429016,0.45222896337509155,-0.13697516918182373,0.45755627751350403,0.5030342936515808,-0.12573827803134918,0.4925692677497864,0.5280804634094238,-0.12006151676177979,0.5138132572174072,0.6228129863739014,-0.11015618592500687,0.41488105058670044,0.5186811089515686,-0.13876789808273315,0.4274822175502777,0.5633898377418518,-0.11756479740142822,0.4628325402736664,0.5917595028877258,-0.10419703274965286,0.462026447057724,0.6752791404724121,-0.11767743527889252,0.3862943947315216,0.5708348751068115,-0.14174717664718628,0.3397100269794464,0.512545108795166,-0.14456133544445038,0.30519920587539673,0.45792528986930847,-0.14764101803302765
0.5694960355758667,0.7686113715171814,-7.226066713883483e-07,0.6128280758857727,0.65269935131073,-0.008043735288083553,0.632331132888794,0.4951283931732178,-0.029415911063551903,0.6354008316993713,0.37302693724632263,-0.04790099710226059,0.6816452145576477,0.3088623583316803,-0.06294622272253036,0.6250723600387573,0.500434160232544,-0.08839956670999527,0.5011039972305298,0.3847820460796356,-0.1296677440404892,0.5036489963531494,0.4451882243156433,-0.138343945145607,0.5374006032943726,0.48224401473999023,-0.1397179663181305,0.5768571496009827,0.5597867369651794,-0.09905374050140381,0.45302361249923706,0.4473797380924225,-0.13609468936920166,0.463101863861084,0.5009185075759888,-0.1251686066389084,0.49993598461151123,0.5280844569206238,-0.11823033541440964,0.5232741832733154,0.619968593120575,-0.1085166409611702,0.4226880967617035,0.5092648267745972,-0.13902947306632996,0.4317941665649414,0.556705117225647,-0.1183050274848938,0.4675203561782837,0.5873101353645325,-0.10415174067020416,0.47173914313316345,0.6724587678909302,-0.11735738813877106,0.3945314288139343,0.5699414610862732,-0.14167191088199615,0.34762606024742126,0.5144194960594177,-0.1442856788635254,0.31519001722335815,0.4613346755504608,-0.1465439349412918
0.5694898962974548,0.7689509987831116,-7.103327561708284e-07,0.6134371757507324,0.6531552672386169,-0.010561284609138966,0.6324961185455322,0.4942811131477356,-0.0330287367105484,0.6352776885032654,0.371671199798584,-0.052228640764951706,0.6841899156570435,0.3086773157119751,-0.06813571602106094,0.6233810782432556,0.5001497864723206,-0.09067627787590027,0.5005112290382385,0.3859821557998657,-0.1324920803308487,0.5034854412078857,0.44554048776626587,-0.14169834554195404,0.5377144813537598,0.48035693168640137,-0.14344459772109985,0.5756176114082336,0.5613604187965393,-0.10017462819814682,0.45195281505584717,0.4500156044960022,-0.13732163608074188,0.4620319604873657,0.5023226737976074,-0.12631914019584656,0.4987216889858246,0.5291551351547241,-0.11965484917163849,0.5227652788162231,0.6225183606147766,-0.1086929589509964,0.42098310589790344,0.5184282660484314,-0.13856488466262817,0.43057629466056824,0.5645050406455994,-0.11734232306480408,0.4662460386753082,0.5943908095359802,-0.10305026918649673,0.4717509150505066,0.6750149726867676,-0.11693909764289856,0.3952873945236206,0.5704950094223022,-0.1398056298494339,0.34904152154922485,0.5127053260803223,-0.14131945371627808,0.31650567054748535,0.45979592204093933,-0.14302079379558563
0.5799114108085632,0.7686203718185425,-7.381888167401485e-07,0.6213442087173462,0.6528714299201965,-0.004783607088029385,0.6408250331878662,0.49466750025749207,-0.024693390354514122,0.6426721215248108,0.3711709976196289,-0.04222063720226288,0.6891745328903198,0.3050088882446289,-0.056605830788612366,0.6323732733726501,0.49899518489837646,-0.08609997481107712,0.5101224780082703,0.3829289972782135,-0.12676534056663513,0.5145674347877502,0.443831205368042,-0.13715271651744843,0.5477306842803955,0.4811762571334839,-0.14073747396469116,0.5863492488861084,0.5589305758476257,-0.09771362692117691,0.4608227610588074,0.4466806948184967,-0.13324134051799774,0.4731065630912781,0.5018478035926819,-0.12252049893140793,0.5106528401374817,0.5283822417259216,-0.11680887639522552,0.5336236357688904,0.61944979429245,-0.10783825069665909,0.431545227766037,0.5069015026092529,-0.13618479669094086,0.44195452332496643,0.5541719794273376,-0.11439097672700882,0.4783710241317749,0.5847194194793701,-0.1006067767739296,0.4819241464138031,0.671744704246521,-0.11718665808439255,0.40520766377449036,0.5667944550514221,-0.14181269705295563,0.3576979637145996,0.5091841816902161,-0.14495350420475006,0.3237203359603882,0.4534720480442047,-0.14798468351364136
0.5787029266357422,0.7670089602470398,-7.115528433132567e-07,0.6199363470077515,0.6505100131034851,-0.008459734730422497,0.6389079093933105,0.49257269501686096,-0.03074965998530388,0.6424012184143066,0.36967888474464417,-0.04988337308168411,0.6921136379241943,0.30484825372695923,-0.0658794566988945,0.6327885389328003,0.49834883213043213,-0.09138835966587067,0.5095657110214233,0.38317424058914185,-0.13281658291816711,0.5136621594429016,0.4431034028530121,-0.1420794576406479,0.5474703311920166,0.4784197211265564,-0.14449931681156158,0.5862941741943359,0.5598083734512329,-0.10194286704063416,0.46041032671928406,0.4463307857513428,-0.13925176858901978,0.47205808758735657,0.5000674724578857,-0.1277579665184021,0.5098387002944946,0.5267296433448792,-0.12097560614347458,0.5335745811462402,0.6215571165084839,-0.11123695224523544,0.431795597076416,0.5097611546516418,-0.1415839046239853,0.44178593158721924,0.5550826787948608,-0.12014387547969818,0.4781355857849121,0.5847892761230469,-0.10596494376659393,0.4821934103965759,0.674380898475647,-0.11992155760526657,0.4055529832839966,0.568305492401123,-0.14541193842887878,0.35728806257247925,0.508941650390625,-0.1487242579460144,0.3227052688598633,0.453949898481369,-0.151586651802063
0.5827807188034058,0.7682269811630249,-7.494498390769877e-07,0.6230932474136353,0.650907576084137,-0.006811242084950209,0.6435073018074036,0.49132204055786133,-0.02807508036494255,0.6479741334915161,0.36822977662086487,-0.04703648015856743,0.6950966119766235,0.3021426200866699,-0.061840422451496124,0.6423272490501404,0.49370288848876953,-0.08505354821681976,0.5147601962089539,0.3794418275356293,-0.12963728606700897,0.519027054309845,0.44353389739990234,-0.1413394808769226,0.5544900298118591,0.4807626008987427,-0.14463692903518677,0.5968848466873169,0.5550462007522583,-0.09672217071056366,0.4679199159145355,0.44300535321235657,-0.13740402460098267,0.480182409286499,0.5002061128616333,-0.12816675007343292,0.5192323327064514,0.5268164873123169,-0.1216881275177002,0.5438171625137329,0.6163419485092163,-0.10771846771240234,0.43926551938056946,0.4988456666469574,-0.14092379808425903,0.44883543252944946,0.5483201742172241,-0.12023340910673141,0.486605703830719,0.5789675116539001,-0.10547430068254471,0.4918782413005829,0.6698542833328247,-0.11804624646902084,0.41368502378463745,0.5668701529502869,-0.14529307186603546,0.3629384934902191,0.5087385773658752,-0.14999563992023468,0.32780295610427856,0.45115578174591064,-0.15307170152664185
0.5820158123970032,0.7677775621414185,-7.686164735787315e-07,0.6246626377105713,0.6505140066146851,-0.0063515035435557365,0.6441279649734497,0.49110937118530273,-0.02733910083770752,0.6508328914642334,0.36901402473449707,-0.045576661825180054,0.6996780037879944,0.30396217107772827,-0.06047360599040985,0.6421103477478027,0.49379727244377136,-0.08876047283411026,0.5173362493515015,0.3776257038116455,-0.12949833273887634,0.5190685987472534,0.44173914194107056,-0.13898564875125885,0.5531699061393738,0.48149386048316956,-0.14187730848789215,0.5950903296470642,0.5537077188491821,-0.09992092102766037,0.46760663390159607,0.4380762279033661,-0.1356768012046814,0.4767530858516693,0.4950178563594818,-0.12462659180164337,0.5146917700767517,0.526492714881897,-0.11858250945806503,0.5420226454734802,0.6145454049110413,-0.10958912968635559,0.439764142036438,0.49538248777389526,-0.13870108127593994,0.4472722113132477,0.5455218553543091,-0.11781642585992813,0.4835113286972046,0.5806585550308228,-0.10465347766876221,0.4921296238899231,0.6687923669815063,-0.11844615638256073,0.4147416353225708,0.5683099031448364,-0.14431419968605042,0.36419904232025146,0.5114666223526001,-0.14864382147789001,0.32872045040130615,0.4570276439189911,-0.152193084359169
0.5850828289985657,0.752609133720398,-7.402745723084081e-07,0.627036452293396,0.6368975043296814,-0.009635932743549347,0.6469855904579163,0.4797731935977936,-0.03249859809875488,0.653830349445343,0.35670799016952515,-0.05151569843292236,0.7063876986503601,0.29638922214508057,-0.06661125272512436,0.6483897566795349,0.4874235689640045,-0.09434200823307037,0.5217490792274475,0.3752385377883911,-0.13653673231601715,0.5249060988426208,0.4383174180984497,-0.1463337391614914,0.5596015453338623,0.4756258726119995,-0.14971856772899628,0.6032911539077759,0.5491392612457275,-0.10365168750286102,0.47132226824760437,0.43759095668792725,-0.14067628979682922,0.4823078513145447,0.49428170919418335,-0.12847286462783813,0.5218338370323181,0.521915078163147,-0.1220448762178421,0.5500931143760681,0.610061764717102,-0.1117405816912651,0.44224607944488525,0.4962169826030731,-0.1409660130739212,0.4496667683124542,0.544934093952179,-0.11801297217607498,0.48659610748291016,0.5768007636070251,-0.1038844957947731,0.4988444447517395,0.6638377904891968,-0.11950419843196869,0.4200621545314789,0.5624435544013977,-0.14603286981582642,0.36960098147392273,0.5047130584716797,-0.1505841761827469,0.3348191976547241,0.44878801703453064,-0.15456534922122955
0.5845633745193481,0.7592267990112305,-8.049465805015643e-07,0.625884473323822,0.6425034403800964,-0.011157798580825329,0.6454847455024719,0.48375147581100464,-0.03481610119342804,0.6551867723464966,0.3609084188938141,-0.054438840597867966,0.7104147672653198,0.29876288771629333,-0.07028573006391525,0.6510747075080872,0.49072739481925964,-0.09739048033952713,0.5240062475204468,0.3727361857891083,-0.13739284873008728,0.5209224224090576,0.43715450167655945,-0.1439933478832245,0.553337812423706,0.47706443071365356,-0.1458720564842224,0.6068687438964844,0.54945969581604,-0.1070648655295372,0.47326067090034485,0.43431708216667175,-0.14329783618450165,0.47903525829315186,0.4931483864784241,-0.13041500747203827,0.5160202383995056,0.5250093936920166,-0.1240101307630539,0.5536689758300781,0.6109203100204468,-0.11545933783054352,0.4486721456050873,0.49616730213165283,-0.14746825397014618,0.45751097798347473,0.5469280481338501,-0.1273990422487259,0.4955689609050751,0.5825722217559814,-0.1152636930346489,0.5030316114425659,0.6664135456085205,-0.12307719886302948,0.4250491261482239,0.5656641721725464,-0.1532665640115738,0.371700644493103,0.5085102319717407,-0.15996824204921722,0.3328271508216858,0.4542226195335388,-0.16562116146087646
0.587968647480011,0.756794810295105,-8.027807893995487e-07,0.6306463479995728,0.640891432762146,-0.007074699737131596,0.6515602469444275,0.48613348603248596,-0.02813826873898506,0.6580608487129211,0.36437931656837463,-0.04567239433526993,0.7072800397872925,0.2980821430683136,-0.05952821671962738,0.6522831320762634,0.4875006377696991,-0.09226822853088379,0.5277634859085083,0.3707408010959625,-0.12918846309185028,0.5279883742332458,0.4336937367916107,-0.13489733636379242,0.5595319867134094,0.4728022515773773,-0.1367204636335373,0.6071242094039917,0.5453227162361145,-0.1033676266670227,0.4792715609073639,0.43128547072410583,-0.13628023862838745,0.48824870586395264,0.4872742295265198,-0.12417535483837128,0.5246895551681519,0.5190620422363281,-0.11924467980861664,0.5545571446418762,0.6052402257919312,-0.11271246522665024,0.45443981885910034,0.4884240925312042,-0.14216560125350952,0.4640738070011139,0.536787211894989,-0.12375256419181824,0.5009186267852783,0.5719024538993835,-0.11372499167919159,0.5052584409713745,0.659890353679657,-0.12082968652248383,0.4269282817840576,0.5618994832038879,-0.15025152266025543,0.37389498949050903,0.5065183043479919,-0.15757694840431213,0.33491605520248413,0.45299744606018066,-0.1639614999294281
0.5882008075714111,0.7534942626953125,-7.829170840523147e-07,0.6326538324356079,0.6381710767745972,-0.008293836377561092,0.6537530422210693,0.48242413997650146,-0.029863622039556503,0.6596882939338684,0.36073896288871765,-0.0477583147585392,0.7095855474472046,0.2974768877029419,-0.061999548226594925,0.6496067047119141,0.4884313642978668,-0.09325691312551498,0.5262898206710815,0.3719184994697571,-0.13182908296585083,0.5279190540313721,0.4348868131637573,-0.1384473592042923,0.5602197647094727,0.47367992997169495,-0.1403939574956894,0.6035953164100647,0.5477104783058167,-0.10393557697534561,0.47688689827919006,0.43243539333343506,-0.1386430412530899,0.4863394796848297,0.48850566148757935,-0.12679588794708252,0.5222220420837402,0.5204095244407654,-0.12139555811882019,0.5514039993286133,0.6077208518981934,-0.11305474489927292,0.4511007070541382,0.49557557702064514,-0.14282360672950745,0.46199142932891846,0.544291079044342,-0.1235303282737732,0.4989941716194153,0.5787590146064758,-0.11241702735424042,0.5028292536735535,0.6607859134674072,-0.12123465538024902,0.4246671497821808,0.5613997578620911,-0.149143248796463,0.3733099400997162,0.5049846768379211,-0.15537860989570618,0.3357483148574829,0.45045000314712524,-0.16110265254974365
0.5934073328971863,0.7502864003181458,-7.707272402512899e-07,0.6341745257377625,0.6336503028869629,-0.0076445299200713634,0.6517860293388367,0.4786375164985657,-0.02996530570089817,0.6602270603179932,0.35702383518218994,-0.04900375008583069,0.7124375104904175,0.293684184551239,-0.06468383222818375,0.6590299606323242,0.4827633500099182,-0.09153924137353897,0.532375156879425,0.37087035179138184,-0.13316710293293,0.5332791805267334,0.43385881185531616,-0.14395134150981903,0.5669499039649963,0.47136804461479187,-0.14816002547740936,0.6138163805007935,0.5426859259605408,-0.10235569626092911,0.4847848415374756,0.4310966432094574,-0.1377590149641037,0.4929340183734894,0.48682713508605957,-0.12612928450107574,0.5307220816612244,0.5153225064277649,-0.12058751285076141,0.5605019330978394,0.6028561592102051,-0.11189579963684082,0.4586579501628876,0.4863086938858032,-0.14136534929275513,0.46388283371925354,0.5336014032363892,-0.1206701397895813,0.49930432438850403,0.5668902397155762,-0.1082884892821312,0.5095909237861633,0.6562973260879517,-0.12069001793861389,0.4301401674747467,0.5571035146713257,-0.14780093729496002,0.37829434871673584,0.5008306503295898,-0.15298913419246674,0.34343239665031433,0.44725823402404785,-0.15743456780910492
0.5935959219932556,0.753873348236084,-8.087032483672374e-07,0.6338895559310913,0.6393492817878723,-0.008810353465378284,0.6504062414169312,0.4813578128814697,-0.030607018619775772,0.6593613624572754,0.35981854796409607,-0.04902603104710579,0.7111679911613464,0.2948039174079895,-0.06341277062892914,0.6582100987434387,0.4820641875267029,-0.094306081533432,0.5289393067359924,0.36904454231262207,-0.13520589470863342,0.528769314289093,0.43555814027786255,-0.1427280455827713,0.5627673268318176,0.4729797840118408,-0.14537405967712402,0.6156293749809265,0.5409815907478333,-0.10583483427762985,0.4810665249824524,0.4299899935722351,-0.14336532354354858,0.4899163544178009,0.4910458028316498,-0.1311107873916626,0.5283890962600708,0.5202541351318359,-0.1250520646572113,0.5625333189964294,0.602665901184082,-0.11629894375801086,0.457089364528656,0.49287161231040955,-0.14955520629882812,0.4674872159957886,0.5442639589309692,-0.13026414811611176,0.5066686868667603,0.5776202082633972,-0.11851581186056137,0.5112330317497253,0.6584266424179077,-0.12587034702301025,0.4346499741077423,0.5594678521156311,-0.15780429542064667,0.3811948597431183,0.5030666589736938,-0.16572320461273193,0.3424023985862732,0.4489881694316864,-0.17193163931369781
0.5933758020401001,0.7397741079330444,-7.900263199189794e-07,0.6358824968338013,0.6246321201324463,-0.010163269937038422,0.6556562781333923,0.47032105922698975,-0.03219467028975487,0.6639291048049927,0.34787601232528687,-0.050070080906152725,0.7150083184242249,0.28664135932922363,-0.06432495266199112,0.6598520278930664,0.48172175884246826,-0.09508125483989716,0.5327405333518982,0.3676595687866211,-0.133712038397789,0.5341269969940186,0.4303506016731262,-0.13998869061470032,0.5667544603347778,0.4673219323158264,-0.14173582196235657,0.61672443151474,0.5429093837738037,-0.10471948981285095,0.4863385558128357,0.42886120080947876,-0.13996508717536926,0.4954914450645447,0.4847763180732727,-0.12819410860538483,0.5312806963920593,0.5148139595985413,-0.12301653623580933,0.5650115013122559,0.6027754545211792,-0.1128731518983841,0.4602104723453522,0.4932076036930084,-0.1430918127298355,0.46946877241134644,0.5397055745124817,-0.12429922819137573,0.5054887533187866,0.5715600848197937,-0.11362758278846741,0.5155518054962158,0.6544484496116638,-0.12019918859004974,0.434101402759552,0.5563283562660217,-0.14806553721427917,0.38266152143478394,0.49972212314605713,-0.15453389286994934,0.34580838680267334,0.4454098343849182,-0.16057337820529938
0.5972628593444824,0.7505971193313599,-8.138009661706747e-07,0.6382936239242554,0.6357039213180542,-0.009727110154926777,0.6567386388778687,0.47775471210479736,-0.02970287948846817,0.6631520986557007,0.35443904995918274,-0.04551336541771889,0.7134568095207214,0.29009300470352173,-0.05706202983856201,0.6583765745162964,0.48264211416244507,-0.092149518430233,0.5329958200454712,0.3683111369609833,-0.12724696099758148,0.5343979597091675,0.42981499433517456,-0.12945634126663208,0.566847026348114,0.46721458435058594,-0.1286017745733261,0.616328775882721,0.5418596267700195,-0.10185936838388443,0.48569923639297485,0.42660778760910034,-0.13595780730247498,0.49676722288131714,0.4837649166584015,-0.123739093542099,0.5330779552459717,0.5149220824241638,-0.11773891001939774,0.5661071538925171,0.6018319129943848,-0.10995800793170929,0.46205633878707886,0.49329978227615356,-0.14164035022258759,0.47621387243270874,0.5431433916091919,-0.12462475150823593,0.5145708322525024,0.575367271900177,-0.11448986828327179,0.5174679756164551,0.6559723615646362,-0.11694270372390747,0.43765318393707275,0.5600073933601379,-0.14666159451007843,0.3854447901248932,0.5060567259788513,-0.15407471358776093,0.34454870223999023,0.453372597694397,-0.16034772992134094
0.5997251272201538,0.7459365725517273,-8.208082817873219e-07,0.6397862434387207,0.6299018859863281,-0.007743283174932003,0.6573150157928467,0.47241488099098206,-0.02802801877260208,0.6641940474510193,0.35084444284439087,-0.04501793533563614,0.7121551036834717,0.28743278980255127,-0.05819253250956535,0.6610889434814453,0.4790653884410858,-0.09333595633506775,0.5321046113967896,0.36669278144836426,-0.13240468502044678,0.5327988266944885,0.43157288432121277,-0.13844870030879974,0.5656270980834961,0.4687763452529907,-0.14001482725143433,0.6194023489952087,0.5398588180541992,-0.10439985245466232,0.4847007989883423,0.4298260807991028,-0.14031033217906952,0.49422523379325867,0.48814457654953003,-0.1279560625553131,0.5316119194030762,0.516403317451477,-0.12214688211679459,0.5683714151382446,0.6019477248191833,-0.11403558403253555,0.46170052886009216,0.49506518244743347,-0.1458791047334671,0.4723939895629883,0.5442931652069092,-0.12703783810138702,0.5106967091560364,0.576215922832489,-0.11582773178815842,0.5189581513404846,0.6571743488311768,-0.12262913584709167,0.44016748666763306,0.5591891407966614,-0.15270957350730896,0.3866068124771118,0.502621591091156,-0.16015222668647766,0.34758150577545166,0.44839298725128174,-0.16641153395175934
0.5991694927215576,0.7468589544296265,-8.391563142140512e-07,0.6385906934738159,0.632368266582489,-0.007821908220648766,0.6571826934814453,0.47571367025375366,-0.028005264699459076,0.6638410687446594,0.3550316095352173,-0.044950664043426514,0.7120208740234375,0.2903525233268738,-0.05791621655225754,0.6594241261482239,0.4778732657432556,-0.09405025094747543,0.5319874286651611,0.3662521243095398,-0.13209782540798187,0.5324518084526062,0.43229740858078003,-0.13621951639652252,0.5650960803031921,0.46952375769615173,-0.1367216259241104,0.6191478967666626,0.5389050245285034,-0.10535300523042679,0.4838925004005432,0.43094971776008606,-0.1413416564464569,0.4943518042564392,0.4918908178806305,-0.12797990441322327,0.53195720911026,0.5196783542633057,-0.12151405215263367,0.5691983103752136,0.6021336317062378,-0.11520561575889587,0.46182966232299805,0.49897876381874084,-0.1476573646068573,0.4745025336742401,0.5510895848274231,-0.12840045988559723,0.5133861303329468,0.5835992097854614,-0.11687536537647247,0.520435631275177,0.6589126586914062,-0.12400255352258682,0.44300249218940735,0.5603873133659363,-0.15521246194839478,0.3899904489517212,0.5053960084915161,-0.1627012938261032,0.3496844470500946,0.4526701271533966,-0.16887153685092926
0.6015841960906982,0.749366044998169,-8.353761700163886e-07,0.6373650431632996,0.6323758363723755,-0.008132779970765114,0.6548928618431091,0.4736124575138092,-0.02755509316921234,0.6619531512260437,0.3508636951446533,-0.04354793205857277,0.7083677053451538,0.28337132930755615,-0.055724870413541794,0.6569608449935913,0.4803370237350464,-0.09135392308235168,0.5324743986129761,0.3678930997848511,-0.12730546295642853,0.5328118205070496,0.432519793510437,-0.13031865656375885,0.5646539330482483,0.47004446387290955,-0.13019084930419922,0.6183905601501465,0.5420567393302917,-0.10225259512662888,0.4850996136665344,0.43200623989105225,-0.13676044344902039,0.49555113911628723,0.49011901021003723,-0.1242474690079689,0.5317373871803284,0.5200035572052002,-0.11842463165521622,0.5701895952224731,0.6054288744926453,-0.11160949617624283,0.461749404668808,0.5019634366035461,-0.14274750649929047,0.4744289517402649,0.5524682402610779,-0.12467847764492035,0.5115931630134583,0.5846412777900696,-0.11416999250650406,0.5233647227287292,0.6622343063354492,-0.1198921650648117,0.44116660952568054,0.5675643682479858,-0.1495092809200287,0.3881338834762573,0.5138368010520935,-0.15690366923809052,0.34725457429885864,0.4618993103504181,-0.16332373023033142
0.6012132167816162,0.752065896987915,-8.43202258238307e-07,0.637053906917572,0.6337381601333618,-0.007077068090438843,0.6530773639678955,0.4744097888469696,-0.02749824896454811,0.6627957224845886,0.353333055973053,-0.04496175795793533,0.7108643651008606,0.287425696849823,-0.05888102948665619,0.6578392386436462,0.4796406626701355,-0.09343339502811432,0.5313867926597595,0.3679804801940918,-0.1311386376619339,0.5311353206634521,0.43265241384506226,-0.13614831864833832,0.5635457634925842,0.46921080350875854,-0.13753359019756317,0.6188033819198608,0.5419449210166931,-0.10552013665437698,0.483665406703949,0.4329095482826233,-0.14147019386291504,0.4934188723564148,0.49053826928138733,-0.12930744886398315,0.5301195979118347,0.5197428464889526,-0.12386316061019897,0.5698352456092834,0.6063005924224854,-0.11596351116895676,0.45908817648887634,0.5022329688072205,-0.1473391205072403,0.47013038396835327,0.5515249967575073,-0.12848451733589172,0.506941020488739,0.5837797522544861,-0.1175994947552681,0.5222852826118469,0.6635478734970093,-0.12541550397872925,0.4398631453514099,0.5667396783828735,-0.15506456792354584,0.38636165857315063,0.5092126727104187,-0.1624147891998291,0.346146821975708,0.4541624188423157,-0.16899976134300232
0.604803740978241,0.7505702376365662,-7.828357979633438e-07,0.6354490518569946,0.630171000957489,-0.00950354989618063,0.6417185068130493,0.4678202271461487,-0.030758962035179138,0.6496214866638184,0.34447893500328064,-0.04813236743211746,0.7013028860092163,0.280966192483902,-0.06178836524486542,0.6530863046646118,0.47843870520591736,-0.09751719981431961,0.524259090423584,0.37567222118377686,-0.13271495699882507,0.5246570706367493,0.43886157870292664,-0.13326072692871094,0.5569546222686768,0.47598138451576233,-0.13151641190052032,0.6167056560516357,0.5417184829711914,-0.10798417776823044,0.48192715644836426,0.43837594985961914,-0.14113013446331024,0.49040311574935913,0.49376100301742554,-0.12625549733638763,0.5265896916389465,0.5225739479064941,-0.11949098110198975,0.5678644776344299,0.6069833040237427,-0.11655599623918533,0.4589599072933197,0.4980399012565613,-0.14804914593696594,0.46540459990501404,0.5489704608917236,-0.1282077431678772,0.4987654983997345,0.5821825861930847,-0.11691923439502716,0.5202513933181763,0.6666965484619141,-0.12407546490430832,0.43689748644828796,0.5801989436149597,-0.15586304664611816,0.38305988907814026,0.5318447947502136,-0.1636204570531845,0.34213435649871826,0.48564612865448,-0.1701022982597351
0.6030537486076355,0.7529019117355347,-8.07768230970396e-07,0.6351767182350159,0.6317721605300903,-0.005635607987642288,0.6438992619514465,0.47235313057899475,-0.02615818753838539,0.6526093482971191,0.35236263275146484,-0.04344727843999863,0.6984742879867554,0.2858092784881592,-0.05754050612449646,0.6520952582359314,0.48132315278053284,-0.0973176658153534,0.5260747075080872,0.3743860125541687,-0.13243992626667023,0.5265675187110901,0.437269926071167,-0.1351049840450287,0.558865487575531,0.4731011390686035,-0.13554587960243225,0.6150913834571838,0.5424058437347412,-0.10939903557300568,0.48201262950897217,0.4367111027240753,-0.14124317467212677,0.4894811809062958,0.4918062686920166,-0.12672679126262665,0.525616466999054,0.5204703211784363,-0.12092479318380356,0.5666648149490356,0.606778085231781,-0.11907604336738586,0.45800891518592834,0.494828462600708,-0.1471230387687683,0.4647476077079773,0.5437158346176147,-0.12639544904232025,0.4993096590042114,0.5766555666923523,-0.11573906987905502,0.519902765750885,0.6654857397079468,-0.12760262191295624,0.4377238154411316,0.5786793231964111,-0.15766456723213196,0.3830373287200928,0.5282014608383179,-0.1652776002883911,0.3424842953681946,0.4795527458190918,-0.17229706048965454
0.6123748421669006,0.7453418970108032,-7.435256748067332e-07,0.6282009482383728,0.6139215230941772,-0.010218312963843346,0.6162870526313782,0.4601410925388336,-0.034287214279174805,0.615688681602478,0.3392449617385864,-0.054808951914310455,0.6488305926322937,0.25318437814712524,-0.07190485298633575,0.6228164434432983,0.46717268228530884,-0.10481736809015274,0.48739874362945557,0.39211392402648926,-0.13870789110660553,0.49341851472854614,0.4517604112625122,-0.13767489790916443,0.5255764722824097,0.47932204604148865,-0.13753573596477509,0.6079205274581909,0.5379438996315002,-0.1170692890882492,0.45272356271743774,0.4676557183265686,-0.14917853474617004,0.4702215790748596,0.5213356614112854,-0.1328621804714203,0.5085621476173401,0.5363362431526184,-0.1286129504442215,0.573788046836853,0.6124973893165588,-0.12777681648731232,0.44091081619262695,0.5400813221931458,-0.15815648436546326,0.458805114030838,0.5862613320350647,-0.1376049965620041,0.49728068709373474,0.6089374423027039,-0.12968780100345612,0.537219762802124,0.6825026273727417,-0.13770675659179688,0.4391345679759979,0.6129792332649231,-0.17567573487758636,0.37970566749572754,0.566304624080658,-0.18769225478172302,0.33020731806755066,0.5202549695968628,-0.19880802929401398
0.6124444603919983,0.7448444366455078,-8.053814894992684e-07,0.6269137859344482,0.6187121868133545,-0.008081233128905296,0.6156355738639832,0.45923417806625366,-0.029092254117131233,0.614287793636322,0.33504435420036316,-0.04702587053179741,0.6475219130516052,0.2531820237636566,-0.061901792883872986,0.6240435242652893,0.4698351323604584,-0.09881933033466339,0.4877302050590515,0.3945450186729431,-0.13389596343040466,0.4938572347164154,0.45330023765563965,-0.1342405527830124,0.5263787508010864,0.47928354144096375,-0.1328146755695343,0.601324737071991,0.538765013217926,-0.11105015873908997,0.45196226239204407,0.4653102159500122,-0.14422272145748138,0.4663147032260895,0.5170812010765076,-0.12932038307189941,0.5030231475830078,0.5361153483390808,-0.12373609840869904,0.5645902156829834,0.6119022369384766,-0.12144333869218826,0.4367562234401703,0.5347097516059875,-0.150203138589859,0.4497116208076477,0.5809951424598694,-0.12825718522071838,0.4850812554359436,0.6050007939338684,-0.11743122339248657,0.5265247821807861,0.6779147386550903,-0.13111571967601776,0.4317145347595215,0.6081978678703308,-0.161286860704422,0.3729628324508667,0.5673307180404663,-0.16806083917617798,0.3260965943336487,0.5276016592979431,-0.17499855160713196
0.6090235114097595,0.7198372483253479,-7.092560849741858e-07,0.6130409836769104,0.5803788900375366,-0.013359133154153824,0.5923244953155518,0.4311492145061493,-0.04060814902186394,0.5774431824684143,0.31511223316192627,-0.06326686590909958,0.5964460372924805,0.2217302918434143,-0.0824495330452919,0.5950918793678284,0.4436579942703247,-0.10992972552776337,0.45041605830192566,0.3965242803096771,-0.14422282576560974,0.4659971594810486,0.45064347982406616,-0.14336997270584106,0.5017673969268799,0.4735732674598694,-0.14339275658130646,0.5874688625335693,0.5169959664344788,-0.12098570913076401,0.42271658778190613,0.4773515462875366,-0.1524529755115509,0.45236659049987793,0.5254597067832947,-0.1348465532064438,0.49392807483673096,0.5348561406135559,-0.13037867844104767,0.5631397366523743,0.5975465178489685,-0.1307533085346222,0.42229175567626953,0.5547127723693848,-0.16066627204418182,0.4542444348335266,0.5914626717567444,-0.13909746706485748,0.4980497658252716,0.6063569784164429,-0.1313292533159256,0.5358161926269531,0.6733564138412476,-0.13997206091880798,0.4300994277000427,0.6209871172904968,-0.17984522879123688,0.3630183935165405,0.5891894698143005,-0.19282330572605133,0.30286920070648193,0.5583974719047546,-0.20504355430603027
0.612263023853302,0.7202869057655334,-7.395252623609849e-07,0.6122003793716431,0.5827431678771973,-0.014720939099788666,0.5911387801170349,0.43068474531173706,-0.04207031428813934,0.5793560147285461,0.3164023458957672,-0.0641268864274025,0.5993423461914062,0.22467494010925293,-0.08259150385856628,0.5963557362556458,0.44342976808547974,-0.11415397375822067,0.451926589012146,0.3969971537590027,-0.14716027677059174,0.46716010570526123,0.4502326250076294,-0.14281393587589264,0.503961443901062,0.47085344791412354,-0.1391943246126175,0.5865022540092468,0.51853346824646,-0.1250682920217514,0.42569297552108765,0.47215503454208374,-0.15830686688423157,0.4516570270061493,0.5183655023574829,-0.1418243944644928,0.4914229214191437,0.5329005718231201,-0.13657814264297485,0.561897337436676,0.5997784733772278,-0.13383379578590393,0.42331835627555847,0.5558155179023743,-0.16346858441829681,0.45363375544548035,0.5919492244720459,-0.14238595962524414,0.49643251299858093,0.6050821542739868,-0.13390682637691498,0.5341837406158447,0.6747716665267944,-0.14202116429805756,0.4276494085788727,0.6229932904243469,-0.175587460398674,0.3644479513168335,0.5910483002662659,-0.1841670274734497,0.30846482515335083,0.5587932467460632,-0.1936960220336914
0.6092430353164673,0.6944447755813599,-7.938473913782218e-07,0.6029889583587646,0.5588574409484863,-0.01342784147709608,0.5692472457885742,0.410945326089859,-0.03603041544556618,0.5454901456832886,0.29966652393341064,-0.054554533213377,0.5610019564628601,0.21022900938987732,-0.06946894526481628,0.5794329047203064,0.41870784759521484,-0.09593319147825241,0.4330272972583771,0.3936615586280823,-0.12937387824058533,0.4517156481742859,0.4488517642021179,-0.1292300969362259,0.4894922077655792,0.46829354763031006,-0.12801146507263184,0.5742574334144592,0.4928027093410492,-0.10527322441339493,0.412984162569046,0.4782339930534363,-0.13693779706954956,0.44406092166900635,0.5232529044151306,-0.12286864966154099,0.4846329987049103,0.5305716395378113,-0.11871673166751862,0.5562974810600281,0.5747522115707397,-0.11378802359104156,0.41757693886756897,0.5572946071624756,-0.1440241038799286,0.4497694671154022,0.591515302658081,-0.12569543719291687,0.49234241247177124,0.5984653234481812,-0.11767158657312393,0.5359546542167664,0.6517955660820007,-0.12178652733564377,0.42717987298965454,0.6142311096191406,-0.15559954941272736,0.36166733503341675,0.5914811491966248,-0.16502054035663605,0.3034692704677582,0.5671710968017578,-0.17387834191322327
0.6132864356040955,0.6950777173042297,-8.168585168277787e-07,0.6053041219711304,0.5630151629447937,-0.014973681420087814,0.5707482695579529,0.415688693523407,-0.03881608322262764,0.5482207536697388,0.3028595447540283,-0.0579075925052166,0.5624424815177917,0.21145343780517578,-0.07287871092557907,0.5801523327827454,0.4152410328388214,-0.10257918387651443,0.4322560429573059,0.3906015455722809,-0.13801176846027374,0.451320618391037,0.44615602493286133,-0.13818198442459106,0.48970282077789307,0.4647049605846405,-0.13710732758045197,0.5774114727973938,0.48819172382354736,-0.11216169595718384,0.41301286220550537,0.47220444679260254,-0.14795337617397308,0.4434463679790497,0.5191993117332458,-0.13472814857959747,0.4843103587627411,0.5273913145065308,-0.1302991807460785,0.5596790909767151,0.5719781517982483,-0.1206870898604393,0.41854119300842285,0.5566820502281189,-0.15362337231636047,0.450244277715683,0.5913805961608887,-0.13502979278564453,0.49301865696907043,0.5971567630767822,-0.12613335251808167,0.5374999046325684,0.6520036458969116,-0.1287814825773239,0.4287481904029846,0.6162274479866028,-0.16333870589733124,0.36328864097595215,0.5910038352012634,-0.1726304441690445,0.30573609471321106,0.5632601976394653,-0.18134327232837677
0.6064578890800476,0.6736114025115967,-7.947562608023873e-07,0.5953115820884705,0.5423521399497986,-0.012363980524241924,0.556467592716217,0.3974924683570862,-0.03491881117224693,0.5335344672203064,0.287939190864563,-0.05355793237686157,0.5528245568275452,0.20147216320037842,-0.06860274821519852,0.5745629072189331,0.3946644961833954,-0.0951177179813385,0.42744842171669006,0.3823755085468292,-0.1289992332458496,0.4482543170452118,0.4369478225708008,-0.1306673288345337,0.4872278869152069,0.45069757103919983,-0.13121159374713898,0.5714295506477356,0.47022178769111633,-0.10551759600639343,0.4092547297477722,0.4654020071029663,-0.13916441798210144,0.44059184193611145,0.5094799995422363,-0.126266747713089,0.4828919470310211,0.5140383243560791,-0.12244365364313126,0.5550091862678528,0.5548787713050842,-0.11496999859809875,0.4162409007549286,0.5421373248100281,-0.14646956324577332,0.44576650857925415,0.5750913023948669,-0.12855607271194458,0.4882010817527771,0.579293966293335,-0.1202295795083046,0.5356677770614624,0.6340644359588623,-0.12392940372228622,0.4276363253593445,0.6008893847465515,-0.15713009238243103,0.3606080412864685,0.5810076594352722,-0.16636192798614502,0.3032218813896179,0.5589241981506348,-0.17510296404361725
0.6097787618637085,0.676946759223938,-8.14624115719198e-07,0.5985345840454102,0.5465152263641357,-0.01272738166153431,0.5551503300666809,0.40189945697784424,-0.03584371134638786,0.5298663377761841,0.28981223702430725,-0.05452995374798775,0.5507721304893494,0.20114129781723022,-0.06939102709293365,0.5766922831535339,0.39470958709716797,-0.09866802394390106,0.4282706379890442,0.38067421317100525,-0.13196271657943726,0.44943729043006897,0.4352605938911438,-0.13286498188972473,0.48852038383483887,0.44907712936401367,-0.13328304886817932,0.5724508762359619,0.46980172395706177,-0.10888822376728058,0.41128480434417725,0.4595145583152771,-0.14307215809822083,0.44254860281944275,0.5034052729606628,-0.13029174506664276,0.483969122171402,0.509650468826294,-0.12645158171653748,0.5535527467727661,0.554523229598999,-0.11769674718379974,0.4155917763710022,0.537632942199707,-0.14942817389965057,0.4458431303501129,0.5703217387199402,-0.13228681683540344,0.48867034912109375,0.5761535167694092,-0.12453550100326538,0.5310693979263306,0.6353887319564819,-0.12586669623851776,0.42332789301872253,0.5993129014968872,-0.16036652028560638,0.3577416241168976,0.5766193270683289,-0.17081788182258606,0.302145779132843,0.5533818602561951,-0.18018457293510437
0.6046708822250366,0.6744932532310486,-8.533289133083599e-07,0.5956326723098755,0.547023355960846,-0.013423674739897251,0.556194007396698,0.40138229727745056,-0.0357702262699604,0.530912458896637,0.2864034175872803,-0.05321301892399788,0.5516500473022461,0.19798335433006287,-0.06629803776741028,0.5759553909301758,0.39045438170433044,-0.10114169120788574,0.42878466844558716,0.36715447902679443,-0.13475021719932556,0.44752025604248047,0.42523378133773804,-0.13349276781082153,0.4859991669654846,0.4437224864959717,-0.1322403848171234,0.573759138584137,0.46136540174484253,-0.11030024290084839,0.4075344502925873,0.45037636160850525,-0.1467134803533554,0.43905648589134216,0.4994327127933502,-0.13245758414268494,0.48229289054870605,0.5063850283622742,-0.12665770947933197,0.555675208568573,0.5437660217285156,-0.11814091354608536,0.4131608307361603,0.5285235047340393,-0.15106554329395294,0.4449707269668579,0.5636903047561646,-0.13188333809375763,0.489298552274704,0.5688517093658447,-0.12215126305818558,0.533220112323761,0.6229498386383057,-0.12546713650226593,0.4256019592285156,0.5905190110206604,-0.16054289042949677,0.36021220684051514,0.5691615343093872,-0.171011820435524,0.303470253944397,0.5442885756492615,-0.18022245168685913
0.6061326265335083,0.6750292181968689,-8.218717084673699e-07,0.5981881022453308,0.5454760789871216,-0.013361304998397827,0.5577298402786255,0.39895033836364746,-0.034795504063367844,0.5308216214179993,0.28509992361068726,-0.052052032202482224,0.5479270219802856,0.19843855500221252,-0.06509750336408615,0.576355516910553,0.3941783607006073,-0.09511137008666992,0.42759084701538086,0.3664374351501465,-0.1298445463180542,0.4480341672897339,0.42251425981521606,-0.13160903751850128,0.4884168803691864,0.43994057178497314,-0.13182207942008972,0.5730417966842651,0.4664647579193115,-0.10419140756130219,0.40913859009742737,0.4469496011734009,-0.14072208106517792,0.44040167331695557,0.49262186884880066,-0.12936116755008698,0.48312339186668396,0.5010635256767273,-0.12506189942359924,0.554382860660553,0.548036515712738,-0.11220969259738922,0.41337305307388306,0.5249620676040649,-0.14528217911720276,0.4434105157852173,0.5597726106643677,-0.12833483517169952,0.4863637387752533,0.568195641040802,-0.11932842433452606,0.5315107703208923,0.6268662214279175,-0.11981332302093506,0.42426738142967224,0.5885351896286011,-0.15400011837482452,0.36001068353652954,0.5626006722450256,-0.1641407310962677,0.30533117055892944,0.5373532772064209,-0.17253603041172028
0.607698917388916,0.6736757755279541,-8.378138431908155e-07,0.6009290218353271,0.5452911257743835,-0.013464462012052536,0.5619790554046631,0.3986665606498718,-0.03481310233473778,0.5370229482650757,0.2839511036872864,-0.05144790932536125,0.5557777285575867,0.19593247771263123,-0.06395784020423889,0.5783251523971558,0.3901239335536957,-0.09699144959449768,0.432609498500824,0.36186519265174866,-0.13122640550136566,0.4515818655490875,0.418751060962677,-0.13263072073459625,0.4901812970638275,0.43957290053367615,-0.1330258995294571,0.573893666267395,0.4618391990661621,-0.10561241954565048,0.41045165061950684,0.44410285353660583,-0.14134661853313446,0.4430253803730011,0.49231183528900146,-0.12885546684265137,0.4857732355594635,0.500725507736206,-0.1242576390504837,0.5547362565994263,0.5445801019668579,-0.11314204335212708,0.41483330726623535,0.5233398079872131,-0.14609940350055695,0.44751468300819397,0.5594568252563477,-0.1287209391593933,0.491218626499176,0.5676881670951843,-0.11984173953533173,0.5317180752754211,0.6243389844894409,-0.12009211629629135,0.42547255754470825,0.5866292715072632,-0.1552821546792984,0.3614429831504822,0.562703549861908,-0.16613157093524933,0.3053533732891083,0.5366553068161011,-0.17536789178848267
0.607390284538269,0.6711514592170715,-8.292799975606613e-07,0.6003119945526123,0.544337272644043,-0.013518158346414566,0.5608894228935242,0.3983754813671112,-0.03471030667424202,0.5363425612449646,0.2841147780418396,-0.05118688941001892,0.5554684400558472,0.19641625881195068,-0.06355234980583191,0.5788067579269409,0.3909813463687897,-0.09632863849401474,0.4331008791923523,0.3627484440803528,-0.13012270629405975,0.45204296708106995,0.4191874563694,-0.1314132809638977,0.49095022678375244,0.4386259913444519,-0.1317717432975769,0.5736904740333557,0.4634335935115814,-0.10482557862997055,0.4118165969848633,0.44511404633522034,-0.14024433493614197,0.44378742575645447,0.4924124777317047,-0.1280706375837326,0.486698716878891,0.4994390904903412,-0.12367997318506241,0.5539050698280334,0.5462641716003418,-0.1121814176440239,0.41595813632011414,0.5243762135505676,-0.14529898762702942,0.44786161184310913,0.5589090585708618,-0.12857387959957123,0.49171140789985657,0.5654558539390564,-0.1199488714337349,0.5303269028663635,0.6255878210067749,-0.1188817024230957,0.4248058795928955,0.5867857933044434,-0.15361802279949188,0.36110925674438477,0.5624202489852905,-0.164154514670372,0.30586791038513184,0.5366684794425964,-0.17313805222511292
0.6076835989952087,0.6779873371124268,-8.409305110035348e-07,0.6060775518417358,0.5507407188415527,-0.01246951799839735,0.5700675845146179,0.4011878967285156,-0.03264227509498596,0.5458666086196899,0.28545889258384705,-0.04831310734152794,0.5631052255630493,0.1991553008556366,-0.05995126813650131,0.5859123468399048,0.39693403244018555,-0.09669273346662521,0.440752774477005,0.3647853136062622,-0.13016866147518158,0.45760196447372437,0.4206431210041046,-0.12975254654884338,0.4955812990665436,0.4403402507305145,-0.12823574244976044,0.5779235363006592,0.46970871090888977,-0.10611020028591156,0.4162551462650299,0.44190841913223267,-0.14270174503326416,0.44546735286712646,0.4902445375919342,-0.13020062446594238,0.48743894696235657,0.5013765096664429,-0.12438962608575821,0.5561754107475281,0.5515379309654236,-0.11405493319034576,0.41801944375038147,0.5233385562896729,-0.1479751169681549,0.4478720426559448,0.560084342956543,-0.13066652417182922,0.4898485541343689,0.5693460702896118,-0.12077661603689194,0.5303635597229004,0.6287952661514282,-0.12120429426431656,0.42547520995140076,0.587512195110321,-0.1551172137260437,0.36217743158340454,0.5627631545066833,-0.1645677387714386,0.3076464831829071,0.5363473296165466,-0.17248211801052094
0.6079176068305969,0.6774997711181641,-8.22628805963177e-07,0.6041787266731262,0.5493968725204468,-0.013350789435207844,0.5658745765686035,0.4017747938632965,-0.0347343310713768,0.5417496562004089,0.2856937348842621,-0.0514080747961998,0.5621152520179749,0.19827863574028015,-0.06387512385845184,0.5865392684936523,0.39925411343574524,-0.09647290408611298,0.4401971995830536,0.3661821186542511,-0.1298922449350357,0.45867812633514404,0.4217323660850525,-0.13070282340049744,0.49756646156311035,0.4414568841457367,-0.13056419789791107,0.5783450603485107,0.47210320830345154,-0.10536140948534012,0.41703057289123535,0.443999707698822,-0.1410636454820633,0.4481068253517151,0.4908544719219208,-0.12922008335590363,0.4909474551677704,0.5008109211921692,-0.12470214068889618,0.556165874004364,0.5530639886856079,-0.11288435012102127,0.4192485213279724,0.5220687389373779,-0.14588062465190887,0.44983431696891785,0.556821346282959,-0.1290738433599472,0.49225127696990967,0.5656450986862183,-0.12027233093976974,0.5305695533752441,0.6300288438796997,-0.11978829652070999,0.4263935387134552,0.5877945423126221,-0.15390534698963165,0.36338815093040466,0.5616447925567627,-0.16407832503318787,0.3082391321659088,0.5348552465438843,-0.17282862961292267
0.6094710826873779,0.6851866245269775,-8.482587077196513e-07,0.6064962148666382,0.5553255081176758,-0.010532282292842865,0.5704694390296936,0.4061310887336731,-0.03147656098008156,0.5483702421188354,0.2897016406059265,-0.04813371226191521,0.5699347257614136,0.20222830772399902,-0.06087018921971321,0.5895697474479675,0.3988197445869446,-0.09780298918485641,0.44398626685142517,0.36493366956710815,-0.13129612803459167,0.46036601066589355,0.4222593605518341,-0.1316976100206375,0.4983835816383362,0.44307392835617065,-0.13134609162807465,0.581973135471344,0.4711902439594269,-0.10827936977148056,0.4203096628189087,0.4410248398780823,-0.1434927135705948,0.44771766662597656,0.49023106694221497,-0.1301412582397461,0.489681601524353,0.5013790130615234,-0.12473054230213165,0.55949866771698,0.5536579489707947,-0.11702360957860947,0.4223049581050873,0.5202934741973877,-0.14938679337501526,0.4498329758644104,0.5574998259544373,-0.1309981346130371,0.4920090138912201,0.5677024126052856,-0.12140069156885147,0.5333282351493835,0.6327248215675354,-0.12491191178560257,0.42987126111984253,0.5890047550201416,-0.1594575047492981,0.36587220430374146,0.5629619359970093,-0.16931353509426117,0.3112785816192627,0.5351455807685852,-0.17775751650333405
0.6105172634124756,0.6832077503204346,-8.142277465594816e-07,0.6048832535743713,0.5536326766014099,-0.01153777725994587,0.5682024955749512,0.405177503824234,-0.033295851200819016,0.5473914742469788,0.28986886143684387,-0.05104465410113335,0.5698961615562439,0.20247885584831238,-0.06512580811977386,0.5904103517532349,0.4018667936325073,-0.09555790573358536,0.44549766182899475,0.3664694130420685,-0.12855374813079834,0.4617869257926941,0.42204007506370544,-0.12998729944229126,0.49924159049987793,0.4420795440673828,-0.1307206004858017,0.5824179649353027,0.473962664604187,-0.10572925209999084,0.4232042133808136,0.44345763325691223,-0.139794260263443,0.4498331546783447,0.4900510311126709,-0.1276610642671585,0.4909735321998596,0.5007089376449585,-0.1238592192530632,0.5595493316650391,0.5551185607910156,-0.11444224417209625,0.423620343208313,0.5179831385612488,-0.14625082910060883,0.4490661025047302,0.5538408160209656,-0.1290728896856308,0.4896385669708252,0.5647149085998535,-0.12078899145126343,0.5333159565925598,0.632448136806488,-0.12248238921165466,0.43024539947509766,0.5886452794075012,-0.15688425302505493,0.36652183532714844,0.5622457265853882,-0.16729170083999634,0.3117818534374237,0.535047173500061,-0.176465705037117
0.6135355830192566,0.6839246153831482,-8.255981924776279e-07,0.6096265912055969,0.557929515838623,-0.013437715359032154,0.5711556077003479,0.40791624784469604,-0.034769196063280106,0.5490525364875793,0.2908046841621399,-0.05106769874691963,0.5699367523193359,0.2027149200439453,-0.06323332339525223,0.5919838547706604,0.40130746364593506,-0.09930384904146194,0.446949303150177,0.3696223497390747,-0.13265682756900787,0.464438259601593,0.42596113681793213,-0.13365498185157776,0.5022016167640686,0.4463998079299927,-0.13416874408721924,0.5841594934463501,0.4732857942581177,-0.10794392228126526,0.422753244638443,0.4461260139942169,-0.1426103711128235,0.45185601711273193,0.49588266015052795,-0.12941338121891022,0.49422141909599304,0.5062509775161743,-0.12468185275793076,0.5613523721694946,0.5556913018226624,-0.11516185849905014,0.4249000549316406,0.5225803852081299,-0.14825491607189178,0.45320239663124084,0.5606479644775391,-0.13058580458164215,0.4958591163158417,0.5721086859703064,-0.12158434092998505,0.5351458191871643,0.6349017024040222,-0.12170484662055969,0.4331887662410736,0.5895518064498901,-0.15843002498149872,0.36825108528137207,0.5623944997787476,-0.16997195780277252,0.31238502264022827,0.5349133610725403,-0.17956244945526123
0.6125554442405701,0.6863905191421509,-8.327815521624871e-07,0.6069732308387756,0.5597503781318665,-0.012481396086513996,0.5699321031570435,0.4099734127521515,-0.03391021862626076,0.549234926700592,0.2933795154094696,-0.050800226628780365,0.5692875385284424,0.20429766178131104,-0.06358953565359116,0.5917335152626038,0.4023933410644531,-0.0981539934873581,0.44576770067214966,0.3697439134120941,-0.13132986426353455,0.4635685384273529,0.42629680037498474,-0.13195852935314178,0.5019344091415405,0.44536712765693665,-0.1322169452905655,0.5853094458580017,0.47382932901382446,-0.10772020369768143,0.4236989915370941,0.4477296471595764,-0.14271429181098938,0.45235446095466614,0.4962621033191681,-0.1298356056213379,0.49493855237960815,0.5052392482757568,-0.12529011070728302,0.5635641813278198,0.5556927919387817,-0.11588020622730255,0.4262368083000183,0.523327648639679,-0.14869344234466553,0.45387136936187744,0.5593949556350708,-0.13119103014469147,0.49669116735458374,0.5686259269714355,-0.12244237959384918,0.5381322503089905,0.6343700289726257,-0.12337983399629593,0.43474844098091125,0.5898683071136475,-0.15932893753051758,0.3690382242202759,0.5628830194473267,-0.17052000761032104,0.31319594383239746,0.5357434749603271,-0.1799839735031128
0.6134345531463623,0.683716356754303,-8.277307870230288e-07,0.6076756715774536,0.5545958876609802,-0.011685503646731377,0.569418728351593,0.4065861105918884,-0.03278637304902077,0.5471883416175842,0.2901665270328522,-0.04989100620150566,0.570015549659729,0.20277199149131775,-0.06284041702747345,0.590218722820282,0.4007769823074341,-0.09282112121582031,0.44585272669792175,0.36801642179489136,-0.12679943442344666,0.46542802453041077,0.42498311400413513,-0.12907521426677704,0.5047487020492554,0.4439680576324463,-0.13030825555324554,0.5842570662498474,0.47233378887176514,-0.10283932834863663,0.4235718250274658,0.44728273153305054,-0.1376171112060547,0.45391520857810974,0.49595576524734497,-0.12540557980537415,0.4969463646411896,0.5043163299560547,-0.12120860815048218,0.5631030201911926,0.5535833835601807,-0.11186584085226059,0.42574796080589294,0.523910403251648,-0.14389574527740479,0.4542006850242615,0.5606148838996887,-0.1262546181678772,0.4972180724143982,0.5695875287055969,-0.11740047484636307,0.5386322736740112,0.6317158937454224,-0.12043048441410065,0.4340794086456299,0.5902004241943359,-0.15475153923034668,0.3693338632583618,0.5629456043243408,-0.16515645384788513,0.3138551414012909,0.5345869660377502,-0.17417708039283752
0.6122968196868896,0.6843194961547852,-8.370587352146686e-07,0.6071673631668091,0.5545557737350464,-0.012039394117891788,0.5693317651748657,0.4067481458187103,-0.03317878395318985,0.5478451251983643,0.2903640866279602,-0.05011630430817604,0.5719530582427979,0.20261946320533752,-0.06292442977428436,0.5916737914085388,0.4018819332122803,-0.09297946095466614,0.44730058312416077,0.36884212493896484,-0.12752299010753632,0.4663904011249542,0.42510488629341125,-0.13083188235759735,0.5052333474159241,0.44450250267982483,-0.1326865255832672,0.5849345922470093,0.4732556641101837,-0.1025564968585968,0.42404061555862427,0.4475718140602112,-0.13761316239833832,0.4545692801475525,0.49553772807121277,-0.1262536197900772,0.49716639518737793,0.5042061805725098,-0.12263429909944534,0.5631608963012695,0.5542948842048645,-0.11112745106220245,0.42597419023513794,0.5255887508392334,-0.14340002834796906,0.45527464151382446,0.5620127320289612,-0.12639611959457397,0.49811530113220215,0.5710946321487427,-0.117843396961689,0.5378028750419617,0.6320714950561523,-0.11919201910495758,0.43407973647117615,0.5900605916976929,-0.1534157395362854,0.3699706196784973,0.5631226301193237,-0.16393570601940155,0.31440073251724243,0.5349032282829285,-0.1730612814426422
0.6094261407852173,0.6845904588699341,-8.361382128896366e-07,0.6029653549194336,0.5545364618301392,-0.012393833138048649,0.5661344528198242,0.40557801723480225,-0.03386445343494415,0.5450516939163208,0.28963446617126465,-0.050790537148714066,0.5664816498756409,0.20252034068107605,-0.06346996873617172,0.5922909379005432,0.4011266231536865,-0.09615206718444824,0.44567716121673584,0.37112927436828613,-0.12977296113967896,0.4630025625228882,0.42754003405570984,-0.13197682797908783,0.5013172030448914,0.44752997159957886,-0.13336524367332458,0.587375283241272,0.4722370505332947,-0.10542487353086472,0.4246363341808319,0.4485720098018646,-0.13914979994297028,0.45364782214164734,0.4965679943561554,-0.12658856809139252,0.495646595954895,0.5054187774658203,-0.12282906472682953,0.566061794757843,0.5536667108535767,-0.11348455399274826,0.427151083946228,0.5223571062088013,-0.14567600190639496,0.455733984708786,0.559073805809021,-0.12844383716583252,0.49946099519729614,0.5694055557250977,-0.12024049460887909,0.5405873656272888,0.632850706577301,-0.12091332674026489,0.4359564185142517,0.5890983939170837,-0.15657110512256622,0.37002789974212646,0.5627415180206299,-0.16789574921131134,0.31449490785598755,0.5367708206176758,-0.17767097055912018
0.6088117957115173,0.6812228560447693,-8.423317581218726e-07,0.6058260202407837,0.5520976781845093,-0.01293539721518755,0.5673713684082031,0.40356338024139404,-0.03463251516222954,0.5437012910842896,0.28780147433280945,-0.051916297525167465,0.5663662552833557,0.20223352313041687,-0.0648963674902916,0.5915297865867615,0.4004588723182678,-0.09581203758716583,0.44595223665237427,0.3698665201663971,-0.12936539947986603,0.4642166197299957,0.42863965034484863,-0.13091984391212463,0.5028598308563232,0.4469931721687317,-0.13204923272132874,0.5872179865837097,0.4737928509712219,-0.10507232695817947,0.4251033365726471,0.4492904543876648,-0.13896700739860535,0.45453324913978577,0.49768295884132385,-0.12585079669952393,0.4957543909549713,0.5053911805152893,-0.12183481454849243,0.5659743547439575,0.5556650757789612,-0.11327739804983139,0.4265282154083252,0.5274784564971924,-0.1458517462015152,0.45440474152565,0.5647521615028381,-0.12836222350597382,0.4963468015193939,0.574532151222229,-0.12004771083593369,0.5402441024780273,0.6341149806976318,-0.12093354016542435,0.43432170152664185,0.5893824696540833,-0.1569163203239441,0.3694422245025635,0.5613154172897339,-0.16808423399925232,0.31442028284072876,0.533707857131958,-0.17770777642726898
0.6082654595375061,0.6853756904602051,-8.412284273617843e-07,0.6044945120811462,0.5542199611663818,-0.01276142243295908,0.5673197507858276,0.40606915950775146,-0.03501322865486145,0.5426533222198486,0.29105913639068604,-0.052855584770441055,0.5630976557731628,0.20509585738182068,-0.06661366671323776,0.5932431221008301,0.40502607822418213,-0.09776415675878525,0.44760897755622864,0.37336936593055725,-0.13046541810035706,0.46408718824386597,0.42898207902908325,-0.1300504505634308,0.5012710690498352,0.445980429649353,-0.12972666323184967,0.5877538919448853,0.4788617193698883,-0.10773463547229767,0.4261646866798401,0.44917032122612,-0.1423214226961136,0.45279785990715027,0.4958139657974243,-0.1290939748287201,0.4928128123283386,0.504882276058197,-0.1246320903301239,0.5659202933311462,0.5602941513061523,-0.1162758469581604,0.42558151483535767,0.5261008739471436,-0.1492311656475067,0.451089471578598,0.5616947412490845,-0.13163207471370697,0.49120232462882996,0.5720733404159546,-0.12312575429677963,0.5398418307304382,0.6377997398376465,-0.12417452782392502,0.43331706523895264,0.5926759243011475,-0.16019126772880554,0.3687288761138916,0.564429521560669,-0.17095881700515747,0.3140255808830261,0.5369881987571716,-0.1801820546388626
0.6082140803337097,0.6872223019599915,-8.394453061555396e-07,0.6050678491592407,0.5560927987098694,-0.013141276314854622,0.5674535632133484,0.4071727693080902,-0.03547605872154236,0.5423424243927002,0.29111620783805847,-0.05343961343169212,0.5631513595581055,0.2046593725681305,-0.06723575294017792,0.5928703546524048,0.4061312675476074,-0.096476249396801,0.4474210739135742,0.37397560477256775,-0.12933148443698883,0.46433621644973755,0.43060436844825745,-0.12920838594436646,0.5019040107727051,0.4482083022594452,-0.1290300488471985,0.5869309306144714,0.4790833592414856,-0.10592959076166153,0.4259517788887024,0.4508621394634247,-0.140047088265419,0.45377859473228455,0.49815693497657776,-0.12662409245967865,0.4939676523208618,0.5067558884620667,-0.1221521645784378,0.5648596882820129,0.5596370100975037,-0.11419787257909775,0.4255642890930176,0.5264801979064941,-0.14689582586288452,0.45235806703567505,0.5621801614761353,-0.12948991358280182,0.4929802119731903,0.5722764134407043,-0.12120163440704346,0.5389211773872375,0.6365333795547485,-0.12186368554830551,0.4324955344200134,0.591739296913147,-0.15771113336086273,0.368043452501297,0.5647162795066833,-0.168686181306839,0.31312987208366394,0.5382872819900513,-0.17811952531337738
0.6063205003738403,0.6930513978004456,-8.492776828461501e-07,0.6055153608322144,0.5643144249916077,-0.010252446867525578,0.5676055550575256,0.41542989015579224,-0.031122514978051186,0.5437033772468567,0.29972484707832336,-0.048427317291498184,0.5641195178031921,0.21479125320911407,-0.06183189898729324,0.5932652950286865,0.4115127623081207,-0.09105534851551056,0.45065802335739136,0.37396103143692017,-0.1240387111902237,0.46521061658859253,0.4302540719509125,-0.1261097639799118,0.5013911724090576,0.4490078091621399,-0.12743915617465973,0.5829793810844421,0.4820687174797058,-0.10186869651079178,0.42564594745635986,0.4455883502960205,-0.13540393114089966,0.4490877091884613,0.4930979907512665,-0.12337753176689148,0.48798081278800964,0.5041899085044861,-0.11940787732601166,0.5580060482025146,0.5606890320777893,-0.11135409772396088,0.4226495027542114,0.5178827047348022,-0.1435120552778244,0.4452996253967285,0.5560058951377869,-0.1263883113861084,0.4844081401824951,0.5682536959648132,-0.11782877892255783,0.5303922891616821,0.6360033750534058,-0.12012742459774017,0.428424596786499,0.5903022289276123,-0.15536849200725555,0.36477726697921753,0.5641830563545227,-0.1660498082637787,0.311184823513031,0.5364764332771301,-0.17497703433036804
0.6039010286331177,0.693507969379425,-8.328280500791152e-07,0.6048848628997803,0.5646156668663025,-0.011408640071749687,0.5679613351821899,0.4149649739265442,-0.031989261507987976,0.5449119210243225,0.298457533121109,-0.04855921491980553,0.5644630193710327,0.2120380699634552,-0.061112068593502045,0.5900461673736572,0.4110666811466217,-0.09147043526172638,0.4475473165512085,0.37418133020401,-0.12459855526685715,0.4641711413860321,0.43026986718177795,-0.1271754801273346,0.5014857053756714,0.4509872794151306,-0.12880398333072662,0.5809258818626404,0.48138800263404846,-0.10128853470087051,0.42349323630332947,0.449363112449646,-0.1339627355337143,0.4512675702571869,0.49744507670402527,-0.12176955491304398,0.49207425117492676,0.5080371499061584,-0.11813134700059891,0.5571203827857971,0.5607534050941467,-0.11005941778421402,0.4233025908470154,0.5232771635055542,-0.1413867324590683,0.4509766101837158,0.5598248839378357,-0.1246446743607521,0.49286678433418274,0.5714606642723083,-0.11676064878702164,0.5308546423912048,0.6372771263122559,-0.1182064414024353,0.4282417297363281,0.5928192734718323,-0.15306934714317322,0.3643379807472229,0.5651373267173767,-0.16428698599338531,0.30984824895858765,0.5372326970100403,-0.17400330305099487
0.5947625637054443,0.7207804322242737,-8.983485031421878e-07,0.603603720664978,0.5941519737243652,-0.006563058588653803,0.5798165202140808,0.43999144434928894,-0.024678446352481842,0.5635422468185425,0.32434552907943726,-0.04004582762718201,0.5752919912338257,0.23824360966682434,-0.05133155733346939,0.5972470045089722,0.4255625605583191,-0.08840418606996536,0.45459359884262085,0.37744981050491333,-0.12359696626663208,0.4668291211128235,0.4366605877876282,-0.12656107544898987,0.5030230283737183,0.4605320394039154,-0.12675420939922333,0.5821467638015747,0.4921285808086395,-0.10109963268041611,0.4268282651901245,0.4452493190765381,-0.13643868267536163,0.4494805932044983,0.49634212255477905,-0.1256316900253296,0.4874073565006256,0.511817991733551,-0.12121739238500595,0.5529921054840088,0.567926824092865,-0.11231314390897751,0.4209982752799988,0.520054042339325,-0.14439600706100464,0.4468945562839508,0.5628029704093933,-0.12702973186969757,0.4870169460773468,0.5788093209266663,-0.11739572882652283,0.5207148790359497,0.6419422626495361,-0.12255481630563736,0.4248558580875397,0.5862604379653931,-0.15465475618839264,0.3641210198402405,0.5525289177894592,-0.163394033908844,0.3122885525226593,0.5171287059783936,-0.17078812420368195
0.5925555229187012,0.7076755166053772,-8.011837167032354e-07,0.6008421778678894,0.5807065367698669,-0.010817731730639935,0.5777169466018677,0.4299372434616089,-0.03212737292051315,0.5614411234855652,0.3182717561721802,-0.04971978813409805,0.5761331915855408,0.2313854694366455,-0.06419902294874191,0.5953730344772339,0.42625921964645386,-0.09521636366844177,0.45394662022590637,0.3772015869617462,-0.12808804214000702,0.4657227098941803,0.43514591455459595,-0.12939825654029846,0.5000157356262207,0.46044424176216125,-0.12949101626873016,0.5800657272338867,0.49660953879356384,-0.10556008666753769,0.42689749598503113,0.4504673182964325,-0.13644008338451385,0.44946226477622986,0.4988623261451721,-0.12397727370262146,0.48694321513175964,0.5137071013450623,-0.1209648922085762,0.5515311360359192,0.573314905166626,-0.1143796518445015,0.42153236269950867,0.5216634273529053,-0.1445162445306778,0.44593220949172974,0.5618926882743835,-0.12747034430503845,0.48513343930244446,0.5778385400772095,-0.12005485594272614,0.5216612219810486,0.6450305581092834,-0.12228342145681381,0.42470505833625793,0.5877043604850769,-0.15552785992622375,0.3635164797306061,0.5537000298500061,-0.16486810147762299,0.31103184819221497,0.5191657543182373,-0.17363619804382324
0.5707482099533081,0.7295656204223633,-8.440758847427787e-07,0.5897965431213379,0.6138554215431213,-0.005921182222664356,0.5923754572868347,0.46249619126319885,-0.027243031188845634,0.5917174220085144,0.3506125807762146,-0.046456363052129745,0.610169529914856,0.268848180770874,-0.06277737766504288,0.622420072555542,0.4526132643222809,-0.09469033032655716,0.49043524265289307,0.36789560317993164,-0.13058724999427795,0.48564422130584717,0.42962613701820374,-0.13104397058486938,0.5135194659233093,0.4579545557498932,-0.12793822586536407,0.5989555716514587,0.516373872756958,-0.10863912850618362,0.45718371868133545,0.4266320466995239,-0.1468818187713623,0.46228811144828796,0.4825778603553772,-0.13426898419857025,0.49314504861831665,0.5103850960731506,-0.12654022872447968,0.5586860775947571,0.5814762711524963,-0.12036500871181488,0.4356499910354614,0.4985307455062866,-0.15031279623508453,0.44369256496429443,0.5490215420722961,-0.12754367291927338,0.47548356652259827,0.5765547156333923,-0.11301679909229279,0.5099897384643555,0.6369642615318298,-0.13120445609092712,0.4241642951965332,0.5478827357292175,-0.1566883772611618,0.37318217754364014,0.4964780807495117,-0.15939486026763916,0.33754783868789673,0.4464215934276581,-0.16218166053295135
0.5733935832977295,0.7335099577903748,-7.681688884986215e-07,0.5926064252853394,0.6155800223350525,-0.005809151567518711,0.5915889143943787,0.468808650970459,-0.02793228067457676,0.5917891263961792,0.3569178581237793,-0.047501374036073685,0.6132379770278931,0.2750812768936157,-0.06434618681669235,0.6215896010398865,0.45910128951072693,-0.09915196895599365,0.49622878432273865,0.3683622479438782,-0.12643121182918549,0.4869416058063507,0.42559853196144104,-0.11923292279243469,0.5105429887771606,0.4540303647518158,-0.1141434833407402,0.5982629656791687,0.5220839381217957,-0.11306136101484299,0.4629364013671875,0.42594239115715027,-0.14152050018310547,0.46111220121383667,0.478071004152298,-0.1233598068356514,0.48723167181015015,0.5033106803894043,-0.11638959497213364,0.557106614112854,0.585743248462677,-0.12406695634126663,0.44079113006591797,0.487466037273407,-0.14928650856018066,0.4394569396972656,0.5342482328414917,-0.12636038661003113,0.46409788727760315,0.5661519765853882,-0.11607906222343445,0.5113869905471802,0.6427650451660156,-0.13398447632789612,0.43033871054649353,0.5558059811592102,-0.16426095366477966,0.3787769079208374,0.5040062665939331,-0.17109160125255585,0.34074485301971436,0.4571189880371094,-0.1780543029308319
0.5408685207366943,0.7481244802474976,-8.440739520665375e-07,0.5803146958351135,0.6446642875671387,-0.0048238192684948444,0.6011986136436462,0.5005429983139038,-0.02260497398674488,0.612891435623169,0.3893781900405884,-0.038371771574020386,0.6396098136901855,0.31040501594543457,-0.050018902868032455,0.6366316676139832,0.49223992228507996,-0.0807669535279274,0.522305428981781,0.37866079807281494,-0.11320391297340393,0.5133233070373535,0.43872326612472534,-0.11428388953208923,0.5393718481063843,0.4731082022190094,-0.1126498132944107,0.6013563871383667,0.5430981516838074,-0.09367725998163223,0.47901254892349243,0.4249122738838196,-0.12874022126197815,0.47804227471351624,0.47899049520492554,-0.11797494441270828,0.5064184665679932,0.5077990293502808,-0.111984483897686,0.5512995719909668,0.5925005078315735,-0.1049007922410965,0.44468122720718384,0.4792797267436981,-0.13517530262470245,0.4443565607070923,0.5271535515785217,-0.11613605171442032,0.4712362587451935,0.5561010837554932,-0.10377051681280136,0.4971618354320526,0.633136510848999,-0.11516968905925751,0.421853244304657,0.528696596622467,-0.14240558445453644,0.3765855133533478,0.46745696663856506,-0.14787578582763672,0.3461393713951111,0.40745222568511963,-0.15207122266292572
0.5466771721839905,0.739662766456604,-7.893826250437996e-07,0.5839533805847168,0.6318840384483337,-0.005195646546781063,0.5993213057518005,0.4869213104248047,-0.02149467170238495,0.6106456518173218,0.37638843059539795,-0.03518524020910263,0.63744056224823,0.2992401123046875,-0.045306190848350525,0.6350608468055725,0.48822659254074097,-0.0774497464299202,0.5225955247879028,0.3765827715396881,-0.10557917505502701,0.5154363512992859,0.4348921775817871,-0.10469668358564377,0.5387126207351685,0.47189584374427795,-0.1029597744345665,0.6005348563194275,0.5403106212615967,-0.08958984911441803,0.481256365776062,0.42618900537490845,-0.11882395297288895,0.48607635498046875,0.4798668920993805,-0.10781411081552505,0.5112701654434204,0.5091440677642822,-0.1041618064045906,0.5497788190841675,0.589686930179596,-0.10023819655179977,0.44745197892189026,0.48008406162261963,-0.12983419001102448,0.4554792642593384,0.5293662548065186,-0.11602272838354111,0.48314857482910156,0.5611258745193481,-0.1093718633055687,0.49597641825675964,0.633303701877594,-0.10934961587190628,0.4197625517845154,0.5285601615905762,-0.14133213460445404,0.3759232759475708,0.4698159992694855,-0.15110363066196442,0.3412514328956604,0.41081565618515015,-0.1590166836977005
0.5184102654457092,0.7645156383514404,-8.412245620093017e-07,0.5650736689567566,0.6615263819694519,-0.010195164941251278,0.5949723720550537,0.5207231044769287,-0.028103183954954147,0.610420286655426,0.41034412384033203,-0.04228907823562622,0.6277445554733276,0.3265727162361145,-0.05224285647273064,0.6303049325942993,0.5215892791748047,-0.0832771509885788,0.5230188965797424,0.39865642786026,-0.11433063447475433,0.5101842284202576,0.4526951313018799,-0.11457689106464386,0.5317442417144775,0.48805636167526245,-0.11301697790622711,0.5943328142166138,0.566461443901062,-0.09406063705682755,0.48096752166748047,0.43230801820755005,-0.128025084733963,0.47806569933891296,0.48380184173583984,-0.11904583871364594,0.5003600120544434,0.5187160968780518,-0.11480975896120071,0.5421710014343262,0.6098428964614868,-0.10360098630189896,0.44619080424308777,0.4863808751106262,-0.13575111329555511,0.4495774209499359,0.5365654230117798,-0.12181119620800018,0.47601938247680664,0.5737115144729614,-0.11350330710411072,0.4872013330459595,0.6497048139572144,-0.11234267055988312,0.41536036133766174,0.5479965209960938,-0.14482377469539642,0.3722667992115021,0.48606157302856445,-0.1552288830280304,0.3405507206916809,0.42602312564849854,-0.1630711704492569
0.5224699974060059,0.7607782483100891,-7.61902072099474e-07,0.572695791721344,0.6543252468109131,-0.010572998784482479,0.6006270051002502,0.5163077116012573,-0.02835431694984436,0.6153908967971802,0.40606963634490967,-0.04285100847482681,0.6330869197845459,0.3211129903793335,-0.05357681214809418,0.6275935769081116,0.5183791518211365,-0.07552401721477509,0.5190209150314331,0.39669615030288696,-0.1069197803735733,0.5101295709609985,0.4518613815307617,-0.10873102396726608,0.5330045223236084,0.4896965026855469,-0.10729532688856125,0.5894126892089844,0.5648540258407593,-0.08502797782421112,0.47568216919898987,0.4416823387145996,-0.11654917150735855,0.47930121421813965,0.4936477839946747,-0.10865584760904312,0.5033009052276611,0.52607661485672,-0.10588443279266357,0.5380691885948181,0.6072229146957397,-0.09410755336284637,0.44151535630226135,0.49404463171958923,-0.12550587952136993,0.44969356060028076,0.5443050861358643,-0.11452960968017578,0.47813552618026733,0.5798582434654236,-0.1084742322564125,0.48494574427604675,0.6465000510215759,-0.10230182856321335,0.41280239820480347,0.5401439666748047,-0.13293230533599854,0.37278950214385986,0.47704917192459106,-0.14264033734798431,0.34281450510025024,0.4155918061733246,-0.15009266138076782
0.5145940184593201,0.775334358215332,-7.730668585281819e-07,0.565686821937561,0.6699272990226746,-0.009554117918014526,0.5983115434646606,0.531721293926239,-0.027318134903907776,0.6133527755737305,0.4229225516319275,-0.04150478541851044,0.6101483106613159,0.340645968914032,-0.05177335813641548,0.6154332160949707,0.5353147387504578,-0.08230219036340714,0.5106024146080017,0.4102923572063446,-0.11380649358034134,0.5028642416000366,0.4672434628009796,-0.11497662961483002,0.5260257720947266,0.5050565004348755,-0.11362410336732864,0.5749659538269043,0.5855245590209961,-0.09291160106658936,0.46593010425567627,0.4502386152744293,-0.1250242441892624,0.4681153893470764,0.5053427815437317,-0.11561966687440872,0.4921221435070038,0.5414029955863953,-0.11174241453409195,0.5218138694763184,0.6297223567962646,-0.10230404883623123,0.4305408000946045,0.5068168640136719,-0.13260802626609802,0.436977744102478,0.55954909324646,-0.11890103667974472,0.4642171561717987,0.5986507534980774,-0.11138496547937393,0.46712398529052734,0.6692042350769043,-0.11095395684242249,0.40134018659591675,0.5653432607650757,-0.14117494225502014,0.3604746460914612,0.5020521283149719,-0.15028010308742523,0.32931867241859436,0.44124817848205566,-0.1577734649181366
0.5135026574134827,0.7733573317527771,-7.443051117661525e-07,0.5657455325126648,0.6660400032997131,-0.00872886087745428,0.5987911820411682,0.5324446558952332,-0.0272468701004982,0.6104491353034973,0.4249870181083679,-0.04217930883169174,0.6043040752410889,0.3435741662979126,-0.053504783660173416,0.6162172555923462,0.5372071266174316,-0.08596590906381607,0.5085611939430237,0.4087017774581909,-0.11764038354158401,0.4991147220134735,0.4635964632034302,-0.11759592592716217,0.5204958915710449,0.5015901327133179,-0.11483953893184662,0.5758096575737,0.5857095122337341,-0.09649690985679626,0.46416330337524414,0.4507862329483032,-0.12879520654678345,0.46475252509117126,0.5024586319923401,-0.11835707724094391,0.4900497794151306,0.5370211601257324,-0.11372220516204834,0.5222806930541992,0.6290253400802612,-0.10547862946987152,0.4311206638813019,0.5033373236656189,-0.13570654392242432,0.4376812279224396,0.5521472096443176,-0.12133660167455673,0.46813827753067017,0.5897069573402405,-0.11336831748485565,0.4679256081581116,0.666911244392395,-0.1133950725197792,0.40233317017555237,0.5620354413986206,-0.14301936328411102,0.3592006266117096,0.4970756769180298,-0.15143759548664093,0.3270210027694702,0.4361349940299988,-0.1585332602262497
0.5130032896995544,0.7836610674858093,-7.140607749533956e-07,0.5639421343803406,0.675089955329895,-0.010138393379747868,0.595554769039154,0.5365866422653198,-0.030958063900470734,0.607316255569458,0.42771822214126587,-0.04729833826422691,0.5945961475372314,0.34983107447624207,-0.06030604615807533,0.6094568371772766,0.5427335500717163,-0.09383835643529892,0.5004692077636719,0.42154020071029663,-0.1250121146440506,0.49345099925994873,0.4739193320274353,-0.123655304312706,0.5171574354171753,0.510195255279541,-0.12068675458431244,0.5696558952331543,0.5963191390037537,-0.10461211949586868,0.45539090037345886,0.4629661738872528,-0.13507796823978424,0.4586939513683319,0.5154883861541748,-0.12175559252500534,0.4843768775463104,0.5501680970191956,-0.11636068671941757,0.5172134041786194,0.6430084109306335,-0.1135338619351387,0.42111706733703613,0.5205487012863159,-0.14163152873516083,0.4304329454898834,0.5703366994857788,-0.12489684671163559,0.4601660370826721,0.6088165044784546,-0.1168765127658844,0.4631219506263733,0.6838274598121643,-0.12168195098638535,0.39354872703552246,0.5756815671920776,-0.15108223259449005,0.3513970971107483,0.511793851852417,-0.15868939459323883,0.3196604251861572,0.45271605253219604,-0.16601304709911346
0.5132952332496643,0.7795249819755554,-7.078036787788733e-07,0.564478874206543,0.6666179895401001,-0.01062784157693386,0.5954777598381042,0.5326566100120544,-0.03253260999917984,0.6040998101234436,0.42706382274627686,-0.04943656548857689,0.5908036231994629,0.34986788034439087,-0.06285697221755981,0.6094293594360352,0.5447061657905579,-0.10055974870920181,0.4993394613265991,0.42041274905204773,-0.12993907928466797,0.49064451456069946,0.4720649719238281,-0.12449537962675095,0.5127255916595459,0.5072598457336426,-0.11864388734102249,0.5689768195152283,0.5988591909408569,-0.11098939180374146,0.45360836386680603,0.4618947207927704,-0.14165230095386505,0.4541975259780884,0.5106236934661865,-0.12658683955669403,0.47963544726371765,0.5447644591331482,-0.11991862207651138,0.5161570906639099,0.6454323530197144,-0.11886847764253616,0.4197348356246948,0.5189566612243652,-0.1475214958190918,0.4276285767555237,0.566138505935669,-0.12951551377773285,0.458626925945282,0.6034890413284302,-0.12044144421815872,0.4632798433303833,0.6844755411148071,-0.12574613094329834,0.39427176117897034,0.5771777629852295,-0.1553596407175064,0.35114431381225586,0.5132663249969482,-0.1622770130634308,0.3186954855918884,0.454656720161438,-0.16907361149787903
0.517060399055481,0.787481427192688,-7.22749746273621e-07,0.5666208267211914,0.6747391819953918,-0.010196971707046032,0.5954371690750122,0.5366831421852112,-0.031461577862501144,0.6036214828491211,0.42848432064056396,-0.04765630513429642,0.5941361784934998,0.3493534326553345,-0.06053537130355835,0.6093922257423401,0.5477301478385925,-0.10170494765043259,0.5004456043243408,0.4284098744392395,-0.1294538676738739,0.4900539219379425,0.47918611764907837,-0.12191858142614365,0.5114880204200745,0.5150684714317322,-0.11516860127449036,0.570517897605896,0.605378270149231,-0.11247027665376663,0.45483165979385376,0.47124743461608887,-0.14226529002189636,0.4528268873691559,0.5220133662223816,-0.12490177899599075,0.4772062599658966,0.5570911169052124,-0.11692623794078827,0.5176607370376587,0.6554702520370483,-0.12061617523431778,0.4188975691795349,0.5328091382980347,-0.1493794322013855,0.4236186444759369,0.580684244632721,-0.13001523911952972,0.4512634873390198,0.6183579564094543,-0.12018565088510513,0.4632716774940491,0.6971195936203003,-0.1276230365037918,0.3942146599292755,0.5874301791191101,-0.1591777205467224,0.352556437253952,0.5232268571853638,-0.1665862798690796,0.32104653120040894,0.46461114287376404,-0.17348887026309967
0.5159497261047363,0.7861826419830322,-7.191658824012848e-07,0.5643642544746399,0.6721343398094177,-0.010147921741008759,0.5939785242080688,0.5359325408935547,-0.03136443719267845,0.6032435297966003,0.42775532603263855,-0.047692108899354935,0.5917929410934448,0.3491722345352173,-0.06065219268202782,0.6080477237701416,0.5473824143409729,-0.09898319095373154,0.4992610514163971,0.4274290204048157,-0.1275804340839386,0.4891240894794464,0.4788711965084076,-0.12184279412031174,0.5108805298805237,0.5137190818786621,-0.11600862443447113,0.5691664814949036,0.6042981147766113,-0.10936719179153442,0.4540081024169922,0.4726725220680237,-0.13942979276180267,0.4526839852333069,0.5218428373336792,-0.1235060840845108,0.4772825837135315,0.5553095936775208,-0.11633087694644928,0.517143726348877,0.653956413269043,-0.11734829097986221,0.42015397548675537,0.5334829092025757,-0.14636549353599548,0.4259779453277588,0.5810152888298035,-0.1283276081085205,0.4551290273666382,0.6186556220054626,-0.11906728148460388,0.4642956256866455,0.6952799558639526,-0.12421367317438126,0.39517077803611755,0.5890339016914368,-0.15475064516067505,0.3507172465324402,0.5247324705123901,-0.16246823966503143,0.31719970703125,0.4652867317199707,-0.16971997916698456
0.5140637755393982,0.7963666915893555,-7.667090358154383e-07,0.5653802752494812,0.6812754273414612,-0.010362262837588787,0.5940837860107422,0.540736973285675,-0.0322464294731617,0.6033039093017578,0.42983490228652954,-0.0490267351269722,0.5972328782081604,0.34881046414375305,-0.06192809343338013,0.6128549575805664,0.5501551628112793,-0.10297666490077972,0.49783065915107727,0.43386194109916687,-0.131875678896904,0.48890453577041626,0.486560583114624,-0.1249445378780365,0.5123423933982849,0.5215975642204285,-0.11895214766263962,0.5765801072120667,0.6093947887420654,-0.11441149562597275,0.45215654373168945,0.47627654671669006,-0.1451311707496643,0.45237478613853455,0.5299890637397766,-0.12656836211681366,0.47871822118759155,0.564745306968689,-0.11807125806808472,0.5249848365783691,0.6617798805236816,-0.12357842922210693,0.41899532079696655,0.5406060814857483,-0.15279793739318848,0.42658519744873047,0.5897430777549744,-0.13186338543891907,0.4568079710006714,0.6273758411407471,-0.12148003280162811,0.47155389189720154,0.7066764235496521,-0.13189660012722015,0.3994618058204651,0.5977351069450378,-0.16524729132652283,0.3544130027294159,0.5311239361763,-0.17386943101882935,0.3200923204421997,0.47037273645401,-0.18190926313400269
0.5145315527915955,0.7908802032470703,-7.333744065363135e-07,0.5668575763702393,0.6748778820037842,-0.01030480396002531,0.5973063707351685,0.5367763042449951,-0.03222031518816948,0.6093645691871643,0.42758697271347046,-0.04960058256983757,0.6006786823272705,0.34669673442840576,-0.06390291452407837,0.6099038124084473,0.5498714447021484,-0.09781362116336823,0.49837759137153625,0.434684157371521,-0.128365620970726,0.49072545766830444,0.48812592029571533,-0.12623286247253418,0.5142697691917419,0.5223751664161682,-0.1234378069639206,0.5727027058601379,0.610550582408905,-0.1090717688202858,0.4549503028392792,0.4802400469779968,-0.1379358321428299,0.45692145824432373,0.5313501358032227,-0.1226547434926033,0.48168131709098816,0.5649645924568176,-0.11735508590936661,0.5218742489814758,0.6626360416412354,-0.11834452301263809,0.42226818203926086,0.5418117642402649,-0.1461641490459442,0.42930713295936584,0.5885650515556335,-0.1273125559091568,0.4573820233345032,0.6262314915657043,-0.11863747239112854,0.46966493129730225,0.7063101530075073,-0.1268167942762375,0.4002287983894348,0.5970579385757446,-0.15740825235843658,0.3564237952232361,0.5308051705360413,-0.16424375772476196,0.32278141379356384,0.4719318449497223,-0.17134793102741241
0.518132209777832,0.7946922779083252,-7.375122095254483e-07,0.5677986145019531,0.6745566725730896,-0.011883494444191456,0.5972223281860352,0.5350052118301392,-0.03513849154114723,0.6086352467536926,0.42505761981010437,-0.0536959171295166,0.601856529712677,0.34538888931274414,-0.06863750517368317,0.6146262288093567,0.5491712093353271,-0.09954128414392471,0.4990004897117615,0.436139851808548,-0.1298278123140335,0.490887850522995,0.4909893572330475,-0.12557443976402283,0.515195369720459,0.525569498538971,-0.12126762419939041,0.5784016847610474,0.6099525690078735,-0.1104329377412796,0.45582765340805054,0.4829138517379761,-0.14106550812721252,0.45723798871040344,0.5369787812232971,-0.12455408275127411,0.4841027855873108,0.569973886013031,-0.11781667172908783,0.5272672772407532,0.6625264883041382,-0.11956299096345901,0.4246615171432495,0.5433967113494873,-0.14907440543174744,0.4309403598308563,0.5926323533058167,-0.12947462499141693,0.4601994752883911,0.6305832266807556,-0.11981362104415894,0.4744906425476074,0.7079653739929199,-0.1280217170715332,0.4055667817592621,0.6003223657608032,-0.15961310267448425,0.36126911640167236,0.5349552035331726,-0.166876882314682,0.32717782258987427,0.47655054926872253,-0.17408600449562073
0.5190141201019287,0.7927585244178772,-7.388376843664446e-07,0.5687123537063599,0.6760611534118652,-0.011099757626652718,0.5984523296356201,0.5363438129425049,-0.032819852232933044,0.6109806299209595,0.4264431893825531,-0.05024039000272751,0.6029821634292603,0.3463023900985718,-0.06420019268989563,0.6121931076049805,0.5495189428329468,-0.09449304640293121,0.5012815594673157,0.43281471729278564,-0.12585723400115967,0.49353447556495667,0.48779621720314026,-0.12441013753414154,0.5176185369491577,0.5229170322418213,-0.12187280505895615,0.5754446387290955,0.6088783740997314,-0.1051555648446083,0.4574987292289734,0.48107242584228516,-0.1355896294116974,0.4603157639503479,0.5333669185638428,-0.1216147318482399,0.48631352186203003,0.5656660795211792,-0.11659318953752518,0.5247296690940857,0.6605263948440552,-0.11427643895149231,0.426087886095047,0.5402183532714844,-0.14387691020965576,0.43328800797462463,0.5895717144012451,-0.1265839785337448,0.4618450999259949,0.6273194551467896,-0.11824092268943787,0.47283995151519775,0.7049533128738403,-0.12265421450138092,0.4035792946815491,0.5989739894866943,-0.15381240844726562,0.35941949486732483,0.534882664680481,-0.16172820329666138,0.3251664340496063,0.4764634370803833,-0.1693364977836609
0.5209876894950867,0.7929023504257202,-7.393946361844428e-07,0.5679022073745728,0.6724820137023926,-0.010202852077782154,0.594716489315033,0.5312158465385437,-0.033713601529598236,0.6068952679634094,0.42257583141326904,-0.05245611071586609,0.6025069355964661,0.34308892488479614,-0.06761213392019272,0.6125091314315796,0.5451884269714355,-0.10368888080120087,0.497653603553772,0.4334442615509033,-0.13329282402992249,0.4905727505683899,0.4896623492240906,-0.12852561473846436,0.5154761672019958,0.5236477851867676,-0.12471312284469604,0.5784532427787781,0.608431339263916,-0.11573037505149841,0.4551101326942444,0.4823044538497925,-0.14513754844665527,0.4579823315143585,0.5370317101478577,-0.12740686535835266,0.48525556921958923,0.5699381232261658,-0.1209583729505539,0.5282180309295654,0.6634290814399719,-0.12551802396774292,0.4241514801979065,0.5466943979263306,-0.15354390442371368,0.4321492314338684,0.595459520816803,-0.13296407461166382,0.46208900213241577,0.6326894760131836,-0.12394457310438156,0.4759760797023773,0.7098031640052795,-0.13448083400726318,0.4058232009410858,0.602290153503418,-0.1663443148136139,0.3609142303466797,0.5366129279136658,-0.1739833503961563,0.3261967897415161,0.47820544242858887,-0.1821918487548828
0.521643340587616,0.7929192781448364,-7.412816103169462e-07,0.568983256816864,0.6743779182434082,-0.009747961536049843,0.5961328744888306,0.5324855446815491,-0.032155174762010574,0.6082063317298889,0.42338770627975464,-0.05008392035961151,0.6024292707443237,0.3436344265937805,-0.06456442922353745,0.6120718121528625,0.5447560548782349,-0.10051130503416061,0.4987965226173401,0.4310082793235779,-0.12994849681854248,0.4915235638618469,0.48656028509140015,-0.12557783722877502,0.5162383913993835,0.5213567614555359,-0.12183956056833267,0.577294647693634,0.6066874861717224,-0.11243588477373123,0.4558974504470825,0.4796205759048462,-0.14187146723270416,0.45832449197769165,0.5327519178390503,-0.1252899318933487,0.48515182733535767,0.5657533407211304,-0.11924081295728683,0.5271903276443481,0.6610543131828308,-0.12214478850364685,0.4250452220439911,0.5414988994598389,-0.15050701797008514,0.4318736791610718,0.5898171067237854,-0.13104704022407532,0.4609220325946808,0.6270836591720581,-0.12228624522686005,0.4755050539970398,0.7075502872467041,-0.13096340000629425,0.405364453792572,0.6005792617797852,-0.16270005702972412,0.36008232831954956,0.5361882448196411,-0.170378640294075,0.3253304362297058,0.47873908281326294,-0.1782742738723755
0.5206193327903748,0.7864215970039368,-7.272980724337685e-07,0.5656459331512451,0.6665647029876709,-0.011231795884668827,0.5930633544921875,0.5276753306388855,-0.033204805105924606,0.6061874032020569,0.4192142188549042,-0.05071801692247391,0.6035591959953308,0.33913958072662354,-0.06492996215820312,0.6080638766288757,0.5411714911460876,-0.09618585556745529,0.4958524703979492,0.4301656186580658,-0.12608937919139862,0.4878990650177002,0.4839783012866974,-0.1237730011343956,0.5115716457366943,0.5171607136726379,-0.1214088425040245,0.5753245949745178,0.6030660271644592,-0.10683216899633408,0.4534892439842224,0.4800170660018921,-0.13568316400051117,0.4560474455356598,0.5316194295883179,-0.12055600434541702,0.4828313887119293,0.5624168515205383,-0.11553306877613068,0.5270005464553833,0.6575148105621338,-0.11582651734352112,0.42436885833740234,0.5417129993438721,-0.1445067971944809,0.4318538308143616,0.5885465145111084,-0.1260651797056198,0.4612050950527191,0.6246495842933655,-0.11761584877967834,0.47625380754470825,0.7039985060691833,-0.12410920113325119,0.40444934368133545,0.6000297665596008,-0.15626098215579987,0.3583608865737915,0.5356993079185486,-0.16434641182422638,0.32243260741233826,0.47744131088256836,-0.17228102684020996
0.5211951732635498,0.7844417691230774,-7.365759984168108e-07,0.5673588514328003,0.6669697761535645,-0.01216420903801918,0.594288170337677,0.5274097919464111,-0.03404906392097473,0.6053931713104248,0.41965484619140625,-0.05119137465953827,0.6044802665710449,0.3403867483139038,-0.06453840434551239,0.6096927523612976,0.5410329103469849,-0.09648507833480835,0.49582773447036743,0.4289860129356384,-0.12630124390125275,0.48974061012268066,0.48477545380592346,-0.12299646437168121,0.5149474143981934,0.5186424255371094,-0.11936760693788528,0.5740394592285156,0.6019480228424072,-0.10655173659324646,0.4524746537208557,0.47822755575180054,-0.1366572082042694,0.4568474590778351,0.5306604504585266,-0.12213575839996338,0.4844764471054077,0.5624873042106628,-0.11657173931598663,0.5247857570648193,0.6554768085479736,-0.11485722661018372,0.42296525835990906,0.5409274101257324,-0.14429788291454315,0.4319165349006653,0.5899616479873657,-0.12700431048870087,0.4624074697494507,0.6261347532272339,-0.1185816079378128,0.474405974149704,0.7016668319702148,-0.1224292740225792,0.4027760624885559,0.5978796482086182,-0.153574600815773,0.357202410697937,0.5355163216590881,-0.16123734414577484,0.3219914138317108,0.47859957814216614,-0.16853758692741394
0.5226736664772034,0.7930173873901367,-7.692829058214556e-07,0.5624496936798096,0.6759421825408936,-0.011123850010335445,0.5805241465568542,0.5315748453140259,-0.033333826810121536,0.5902050733566284,0.42170169949531555,-0.05176704376935959,0.6170064210891724,0.3411872684955597,-0.06680126488208771,0.6047308444976807,0.5360473394393921,-0.09415146708488464,0.48619234561920166,0.4264979362487793,-0.12463826686143875,0.4789746105670929,0.48285913467407227,-0.12303337454795837,0.5055004358291626,0.5181252360343933,-0.12119229882955551,0.5714887976646423,0.5992364883422852,-0.1051589697599411,0.44490769505500793,0.4775286614894867,-0.13514362275600433,0.44824621081352234,0.5302131772041321,-0.12166928499937057,0.4764173626899719,0.5626315474510193,-0.11737345159053802,0.5244477391242981,0.657667875289917,-0.11453244835138321,0.4162679612636566,0.5448581576347351,-0.14383254945278168,0.42429637908935547,0.5927955508232117,-0.1270289421081543,0.45487314462661743,0.6282970309257507,-0.11954943835735321,0.4758678674697876,0.7091730833053589,-0.1230909526348114,0.3994486927986145,0.6051894426345825,-0.15625089406967163,0.3529735207557678,0.5421217679977417,-0.165261909365654,0.31715214252471924,0.48687493801116943,-0.1731763333082199
0.5217135548591614,0.7941550016403198,-7.67800315770728e-07,0.5618680119514465,0.6764190196990967,-0.010871484875679016,0.5788249373435974,0.5334692001342773,-0.03339509293437004,0.5858907103538513,0.42359551787376404,-0.05146902799606323,0.6114398837089539,0.3421865701675415,-0.06599969416856766,0.605811595916748,0.5384738445281982,-0.09899713099002838,0.48868072032928467,0.42847293615341187,-0.12914584577083588,0.48191580176353455,0.4842875301837921,-0.1268892139196396,0.5070716738700867,0.5200209021568298,-0.12502624094486237,0.5729154348373413,0.5998207330703735,-0.11014022678136826,0.4474506080150604,0.475482314825058,-0.14081807434558868,0.44992130994796753,0.5285764336585999,-0.12645429372787476,0.4767691195011139,0.5635736584663391,-0.12137822806835175,0.5252119898796082,0.6582099795341492,-0.119242362678051,0.41874951124191284,0.5443485379219055,-0.149078369140625,0.42782631516456604,0.5930806398391724,-0.13113439083099365,0.4597579538822174,0.6302538514137268,-0.12293455749750137,0.4762819707393646,0.7095341682434082,-0.1274048089981079,0.39970460534095764,0.6073126792907715,-0.16214878857135773,0.35149085521698,0.5445654392242432,-0.17222832143306732,0.31454575061798096,0.48817747831344604,-0.18117816746234894
0.519885778427124,0.7869614362716675,-7.928284730951418e-07,0.5534382462501526,0.6684888601303101,-0.0064971256069839,0.5674805641174316,0.5258103609085083,-0.02882055565714836,0.5802287459373474,0.41922497749328613,-0.047491174191236496,0.6221726536750793,0.3532962501049042,-0.06292299926280975,0.5960575342178345,0.5251868963241577,-0.09845422953367233,0.4760129749774933,0.42255133390426636,-0.12672437727451324,0.4690627157688141,0.4826222062110901,-0.12196245789527893,0.49390900135040283,0.5183262825012207,-0.11931808292865753,0.5660985708236694,0.58935546875,-0.1113332062959671,0.4351721405982971,0.478891521692276,-0.13944612443447113,0.4419098496437073,0.5371350049972534,-0.12181761860847473,0.47175976634025574,0.5664056539535522,-0.11581476032733917,0.5194370746612549,0.6514983177185059,-0.12171949446201324,0.40856286883354187,0.5487666726112366,-0.1492118090391159,0.4219178855419159,0.5989999175071716,-0.12961041927337646,0.45608553290367126,0.6321609020233154,-0.12191816419363022,0.47042614221572876,0.7063068747520447,-0.1307092010974884,0.39025431871414185,0.6061598658561707,-0.16532011330127716,0.34298110008239746,0.5466997623443604,-0.17533151805400848,0.30598434805870056,0.49065831303596497,-0.18470069766044617
0.523284375667572,0.7869175672531128,-7.906862151685345e-07,0.5545912384986877,0.6694901585578918,-0.008202538825571537,0.5668090581893921,0.5257835984230042,-0.03178439661860466,0.5789220333099365,0.4175379276275635,-0.050906725227832794,0.6213908195495605,0.3486377000808716,-0.06681457161903381,0.5981401801109314,0.5270280241966248,-0.10533883422613144,0.47769060730934143,0.42222580313682556,-0.13401976227760315,0.47197383642196655,0.4810006618499756,-0.12829969823360443,0.49655699729919434,0.5181337594985962,-0.12473445385694504,0.5677211284637451,0.5905550718307495,-0.11739776283502579,0.4365309774875641,0.47518932819366455,-0.1464611291885376,0.44080886244773865,0.5320731997489929,-0.12770448625087738,0.4692443609237671,0.5644723773002625,-0.1207241639494896,0.5203110575675964,0.6522809267044067,-0.12664981186389923,0.4094482958316803,0.5461642742156982,-0.1541910618543625,0.4201942980289459,0.5971834063529968,-0.13293932378292084,0.4535677433013916,0.6332933902740479,-0.12411744892597198,0.4705794155597687,0.7064545154571533,-0.1346907764673233,0.3907976746559143,0.6065466403961182,-0.16966013610363007,0.3420502543449402,0.5485273003578186,-0.179348424077034,0.3038417398929596,0.4950670599937439,-0.18851743638515472
0.5198200345039368,0.7875969409942627,-8.254193630818918e-07,0.550481915473938,0.6720395684242249,-0.00609721802175045,0.5647844672203064,0.5282831788063049,-0.027404986321926117,0.5815680623054504,0.4213165044784546,-0.044946346431970596,0.627983808517456,0.3554092049598694,-0.0596393421292305,0.5940224528312683,0.5243234634399414,-0.09766311943531036,0.4757952094078064,0.41740307211875916,-0.12456367164850235,0.4680120348930359,0.4757550358772278,-0.11936815083026886,0.4916827976703644,0.5134271383285522,-0.11633448302745819,0.5639720559120178,0.5856518745422363,-0.10995417088270187,0.4330976605415344,0.47384175658226013,-0.1375758796930313,0.437269926071167,0.5303471088409424,-0.12034116685390472,0.46564948558807373,0.5624386668205261,-0.11414924263954163,0.5172920823097229,0.6466313600540161,-0.11947152018547058,0.4070901870727539,0.5420440435409546,-0.14640019834041595,0.4179854393005371,0.5911864042282104,-0.12756703794002533,0.4507524371147156,0.6260406374931335,-0.11994883418083191,0.4685593545436859,0.7009181380271912,-0.1274954378604889,0.38609614968299866,0.6017693281173706,-0.16182610392570496,0.33628183603286743,0.5456377267837524,-0.17201213538646698,0.29737651348114014,0.49318262934684753,-0.1811714917421341
0.521426796913147,0.7889629006385803,-8.279668008981389e-07,0.5507820248603821,0.6736161708831787,-0.007315564434975386,0.5653790831565857,0.5285535454750061,-0.02925102598965168,0.5816998481750488,0.4216304421424866,-0.04717853665351868,0.6291942596435547,0.3582990765571594,-0.06153295561671257,0.5956577658653259,0.521049976348877,-0.10074315220117569,0.47223177552223206,0.41645562648773193,-0.12897352874279022,0.46469011902809143,0.47829413414001465,-0.12263986468315125,0.48990094661712646,0.5155296921730042,-0.11817547678947449,0.5674099922180176,0.5842236280441284,-0.11270281672477722,0.42871901392936707,0.4742453098297119,-0.1419619917869568,0.4331161379814148,0.5338137149810791,-0.12279923260211945,0.46357065439224243,0.5639912486076355,-0.11476847529411316,0.5203236937522888,0.6466235518455505,-0.12217040359973907,0.4032691717147827,0.5453012585639954,-0.14964422583580017,0.4144219756126404,0.5967191457748413,-0.12879502773284912,0.4496007263660431,0.6310628652572632,-0.11959833651781082,0.47012871503829956,0.7018894553184509,-0.13034868240356445,0.3880937695503235,0.6016368269920349,-0.16428576409816742,0.3364241123199463,0.5454460978507996,-0.17356474697589874,0.2959173321723938,0.4937782883644104,-0.1819867342710495
0.5197997093200684,0.7867352366447449,-8.445776984444819e-07,0.547425389289856,0.6679575443267822,-0.003508435795083642,0.5620588064193726,0.5234841704368591,-0.025644022971391678,0.5800133347511292,0.41887229681015015,-0.04435790702700615,0.631115734577179,0.3584388792514801,-0.059563715010881424,0.596352756023407,0.5160393118858337,-0.1015058159828186,0.4717268943786621,0.41535478830337524,-0.12815150618553162,0.46454092860221863,0.47844377160072327,-0.12031500041484833,0.49028250575065613,0.5139013528823853,-0.115841343998909,0.5698117613792419,0.580247163772583,-0.11606592684984207,0.4297464191913605,0.47322961688041687,-0.14395754039287567,0.4345514476299286,0.5344768166542053,-0.12246300280094147,0.4657416343688965,0.5650323033332825,-0.11388233304023743,0.523012101650238,0.6435216665267944,-0.12777179479599,0.4060631990432739,0.54274982213974,-0.15328361093997955,0.41799604892730713,0.5954736471176147,-0.13004270195960999,0.45410579442977905,0.6304064989089966,-0.12075059115886688,0.4734712839126587,0.6993118524551392,-0.1380954533815384,0.3918150067329407,0.6006151437759399,-0.1726132184267044,0.339084267616272,0.5454449653625488,-0.18253685534000397,0.29789024591445923,0.49366044998168945,-0.1921873837709427
0.5193902850151062,0.7843382358551025,-8.548316827727831e-07,0.548224151134491,0.664970874786377,-0.002386464038863778,0.563261866569519,0.5229155421257019,-0.02313814125955105,0.5808617472648621,0.41975465416908264,-0.04072369262576103,0.629330039024353,0.3584282696247101,-0.055594153702259064,0.5962710976600647,0.5167188048362732,-0.098524309694767,0.4728192687034607,0.41410502791404724,-0.12493785470724106,0.46490854024887085,0.47478705644607544,-0.11870302259922028,0.489570677280426,0.5110578536987305,-0.11534624546766281,0.5685193538665771,0.580496609210968,-0.11327698826789856,0.4324837625026703,0.47250887751579285,-0.14058180153369904,0.4375613331794739,0.531709611415863,-0.1213301494717598,0.46737590432167053,0.563586413860321,-0.11440876126289368,0.5218281745910645,0.6436362266540527,-0.1249927207827568,0.4084959924221039,0.5424903631210327,-0.15119795501232147,0.4215342700481415,0.5945050120353699,-0.13059775531291962,0.45702090859413147,0.6293795704841614,-0.12292250245809555,0.47237661480903625,0.6996238827705383,-0.13499119877815247,0.39098501205444336,0.599892258644104,-0.17030839622020721,0.33998575806617737,0.5442327857017517,-0.18072816729545593,0.30009621381759644,0.4916534423828125,-0.19058620929718018
0.5194535255432129,0.7807260751724243,-8.350559141945268e-07,0.549077570438385,0.6650166511535645,-0.004906138405203819,0.5626208782196045,0.5240082144737244,-0.027474069967865944,0.5773944854736328,0.41980689764022827,-0.04646553099155426,0.6250587701797485,0.3561011552810669,-0.062234800308942795,0.5930711030960083,0.5147415995597839,-0.10211745649576187,0.4687427282333374,0.4130494296550751,-0.13032422959804535,0.4637673497200012,0.4757280945777893,-0.12442169338464737,0.48987698554992676,0.5120283365249634,-0.12093819677829742,0.5667461156845093,0.5773137211799622,-0.11545680463314056,0.42847317457199097,0.4737902879714966,-0.14324606955051422,0.4361976981163025,0.534464418888092,-0.12323947995901108,0.46750155091285706,0.564206600189209,-0.11593079566955566,0.5214769840240479,0.6394274234771729,-0.12611323595046997,0.40566447377204895,0.5434779524803162,-0.1513785570859909,0.4203852713108063,0.5954053401947021,-0.12959671020507812,0.4571308195590973,0.6288377046585083,-0.1215391457080841,0.47309792041778564,0.695111095905304,-0.13549946248531342,0.3909250795841217,0.5982731580734253,-0.16967034339904785,0.34013304114341736,0.5437254309654236,-0.17947588860988617,0.30018311738967896,0.49219200015068054,-0.18910722434520721
0.5215765237808228,0.7800083756446838,-8.25996721687261e-07,0.5501610636711121,0.662865161895752,-0.004632520489394665,0.5632097125053406,0.5215994715690613,-0.027241220697760582,0.577643632888794,0.41761255264282227,-0.0463823527097702,0.6261666417121887,0.3555358648300171,-0.062394436448812485,0.5949928760528564,0.512864887714386,-0.10149472951889038,0.47056666016578674,0.4123644232749939,-0.1292213499546051,0.464198499917984,0.4749935567378998,-0.12287629395723343,0.4898222088813782,0.5114287734031677,-0.11895622313022614,0.568251371383667,0.5769717693328857,-0.11526452004909515,0.43009334802627563,0.4727124571800232,-0.14299620687961578,0.43600672483444214,0.5327470898628235,-0.12282250821590424,0.46643954515457153,0.5631471276283264,-0.11503255367279053,0.5225808620452881,0.6404332518577576,-0.12627236545085907,0.4072061777114868,0.5430623888969421,-0.1515902578830719,0.4205169379711151,0.5945807099342346,-0.1295957863330841,0.45659780502319336,0.6286728382110596,-0.12103342264890671,0.4741434156894684,0.6967883110046387,-0.13590656220912933,0.3914833664894104,0.5991113185882568,-0.169242724776268,0.34020349383354187,0.545509397983551,-0.17810410261154175,0.3004399538040161,0.49522924423217773,-0.18693315982818604
0.5206654667854309,0.7839361429214478,-8.647597837807552e-07,0.5495011806488037,0.6667138338088989,-0.0009902877500280738,0.5629733800888062,0.5243032574653625,-0.02042613923549652,0.5780678391456604,0.4187459647655487,-0.037261608988046646,0.6251821517944336,0.35434234142303467,-0.051391035318374634,0.5929323434829712,0.50966876745224,-0.09121353924274445,0.4685836136341095,0.4131850004196167,-0.11563364416360855,0.4617375433444977,0.47577303647994995,-0.10882776230573654,0.48664820194244385,0.5131293535232544,-0.10512237250804901,0.5670984387397766,0.5718839764595032,-0.1058027520775795,0.4309134781360626,0.47160840034484863,-0.12986359000205994,0.4363555610179901,0.5332518219947815,-0.11031164228916168,0.46497511863708496,0.5640335083007812,-0.10346673429012299,0.5216587781906128,0.6354116797447205,-0.11757238209247589,0.40689802169799805,0.5404598712921143,-0.14116612076759338,0.4211260974407196,0.5944780111312866,-0.12099200487136841,0.4559994637966156,0.6294788718223572,-0.11407726258039474,0.4725160300731659,0.692954957485199,-0.12753483653068542,0.3881295323371887,0.5958849787712097,-0.16111677885055542,0.33717215061187744,0.5413413047790527,-0.17158550024032593,0.29681068658828735,0.48895806074142456,-0.181631401181221
0.5203770995140076,0.7827507257461548,-8.494183134644118e-07,0.5485379099845886,0.6656011939048767,-0.0033159174490720034,0.5626375079154968,0.5225059390068054,-0.024896277114748955,0.5783855319023132,0.41739243268966675,-0.04334018751978874,0.6273951530456543,0.35483768582344055,-0.05835297703742981,0.5937176942825317,0.5103377103805542,-0.09840725362300873,0.4672289490699768,0.41164231300354004,-0.1248830258846283,0.46108096837997437,0.4772758483886719,-0.11774195730686188,0.48760783672332764,0.5134215950965881,-0.11368031054735184,0.5687756538391113,0.5743276476860046,-0.11250017583370209,0.4269212484359741,0.4724158048629761,-0.1393154412508011,0.4336496591567993,0.5352038741111755,-0.11859802156686783,0.4653511047363281,0.5646669864654541,-0.11078109592199326,0.523328959941864,0.6382112503051758,-0.12386711686849594,0.4038859009742737,0.5418975949287415,-0.14820092916488647,0.4174862504005432,0.5966991782188416,-0.1257660835981369,0.45436233282089233,0.6315945386886597,-0.11730705946683884,0.4747074842453003,0.6950819492340088,-0.13386502861976624,0.39078304171562195,0.5983600616455078,-0.16713808476924896,0.3380609154701233,0.5448191165924072,-0.17685383558273315,0.2968282699584961,0.4942370355129242,-0.18646752834320068
0.518873929977417,0.7811846137046814,-8.273344747067313e-07,0.5466251373291016,0.6624096035957336,-0.0056206826120615005,0.5610377788543701,0.5196982026100159,-0.02648378536105156,0.5777801275253296,0.4150851368904114,-0.04387905076146126,0.625596284866333,0.3521255850791931,-0.05849914252758026,0.5901522636413574,0.5113778710365295,-0.09567595273256302,0.4663616120815277,0.41086119413375854,-0.12274940311908722,0.45710012316703796,0.4681762456893921,-0.11750943213701248,0.4805699288845062,0.5052958130836487,-0.11414945870637894,0.5640594959259033,0.573899507522583,-0.10827447474002838,0.4277162253856659,0.47073894739151,-0.13613711297512054,0.4317801594734192,0.5278393030166626,-0.11913097649812698,0.46090468764305115,0.5592686533927917,-0.11290523409843445,0.5194880962371826,0.6377473473548889,-0.118271604180336,0.4056169092655182,0.5399370789527893,-0.14580802619457245,0.4177083373069763,0.5903379917144775,-0.127518430352211,0.452562153339386,0.6249213218688965,-0.12017834186553955,0.47174105048179626,0.6962318420410156,-0.12673400342464447,0.3895699381828308,0.5993164777755737,-0.161926731467247,0.33787959814071655,0.5439400672912598,-0.17235498130321503,0.29743826389312744,0.49286678433418274,-0.18150709569454193
0.5204634070396423,0.7814069390296936,-8.378729035030119e-07,0.5481042861938477,0.662786602973938,-0.005063874181360006,0.5619435906410217,0.5185394883155823,-0.026191096752882004,0.578340470790863,0.4129578173160553,-0.04382689297199249,0.6270236968994141,0.3503638505935669,-0.058435335755348206,0.5911917090415955,0.510539710521698,-0.0977042019367218,0.4669632613658905,0.410658061504364,-0.12462940812110901,0.45948511362075806,0.47155338525772095,-0.11893251538276672,0.48417526483535767,0.5083829164505005,-0.11565957218408585,0.5652443170547485,0.5739861726760864,-0.11076246201992035,0.4278421401977539,0.4702029824256897,-0.13815362751483917,0.43296369910240173,0.5290302038192749,-0.11961651593446732,0.4627045691013336,0.5601146817207336,-0.11288658529520035,0.5203217267990112,0.6385967135429382,-0.12117443978786469,0.4059702455997467,0.5402206182479858,-0.14758621156215668,0.41878020763397217,0.5913198590278625,-0.12775357067584991,0.45406344532966614,0.6263749599456787,-0.12005945295095444,0.4726327061653137,0.6969830989837646,-0.13012638688087463,0.39060479402542114,0.6000937819480896,-0.16485166549682617,0.3380433917045593,0.5443181991577148,-0.17541246116161346,0.2965241074562073,0.4932832717895508,-0.1851627379655838
0.5188816785812378,0.7809435725212097,-8.369081569981063e-07,0.5464516282081604,0.6616153717041016,-0.0074419802986085415,0.5602620244026184,0.5152855515480042,-0.02848973125219345,0.5773837566375732,0.40949422121047974,-0.04538346827030182,0.6266698837280273,0.3468538820743561,-0.05890629440546036,0.5903561115264893,0.5061569809913635,-0.09690521657466888,0.4632020592689514,0.41057443618774414,-0.12607645988464355,0.4585181474685669,0.4728998839855194,-0.12321443110704422,0.48502376675605774,0.5090346336364746,-0.12147664278745651,0.5643202066421509,0.5716350078582764,-0.10812368988990784,0.42417553067207336,0.47232940793037415,-0.1370474249124527,0.43309202790260315,0.5327316522598267,-0.12066886574029922,0.4646928608417511,0.5629907250404358,-0.11496090143918991,0.5199064016342163,0.6377149820327759,-0.11716484278440475,0.4030293822288513,0.5441616773605347,-0.14518222212791443,0.4192180037498474,0.5964577198028564,-0.12732169032096863,0.4568575918674469,0.6312931776046753,-0.12017732113599777,0.47262635827064514,0.6973885893821716,-0.12488079071044922,0.38816216588020325,0.6007379293441772,-0.16048423945903778,0.33607304096221924,0.5448528528213501,-0.17208264768123627,0.295413613319397,0.49300286173820496,-0.1820724755525589
0.5186972618103027,0.7823085188865662,-8.406845495301241e-07,0.5484292507171631,0.6643455028533936,-0.007306486368179321,0.5624113082885742,0.517814040184021,-0.028106221929192543,0.5788781642913818,0.4105939567089081,-0.04500111937522888,0.6274489164352417,0.34698373079299927,-0.05846991762518883,0.5903186798095703,0.5078428387641907,-0.09616406261920929,0.464255154132843,0.41092562675476074,-0.12355698645114899,0.46006056666374207,0.4731377363204956,-0.11892691999673843,0.48621413111686707,0.5098361968994141,-0.11613582074642181,0.5635474920272827,0.5721805095672607,-0.10744740813970566,0.4234790802001953,0.4711374342441559,-0.13590356707572937,0.4327649772167206,0.5316896438598633,-0.11911308020353317,0.4643055498600006,0.5631752014160156,-0.11299675703048706,0.5189260244369507,0.6367126703262329,-0.1163763627409935,0.40139278769493103,0.5417471528053284,-0.14365246891975403,0.41663241386413574,0.5948172807693481,-0.1251918226480484,0.4528051018714905,0.6301481127738953,-0.11770748347043991,0.4718758463859558,0.6956977248191833,-0.12407627701759338,0.38854628801345825,0.5991559028625488,-0.15908795595169067,0.33659958839416504,0.544110894203186,-0.17015820741653442,0.2949877977371216,0.4932742714881897,-0.17979499697685242
0.5211538672447205,0.7804621458053589,-8.524461350134516e-07,0.5491878986358643,0.6613158583641052,-0.0058642057701945305,0.5617355108261108,0.5155012607574463,-0.026838915422558784,0.5782203078269958,0.4087904095649719,-0.04396533593535423,0.6276745796203613,0.3466968536376953,-0.05793485417962074,0.5912221670150757,0.5063939094543457,-0.09867808222770691,0.463346928358078,0.4102674722671509,-0.12601791322231293,0.45829784870147705,0.4734949469566345,-0.12079213559627533,0.48444899916648865,0.5099501609802246,-0.11783875524997711,0.5653764009475708,0.5724266171455383,-0.11094064265489578,0.42444121837615967,0.47204262018203735,-0.13861988484859467,0.43255138397216797,0.5328916907310486,-0.12041215598583221,0.4635753631591797,0.5634955167770386,-0.11401394009590149,0.5205351114273071,0.6386106610298157,-0.12065217643976212,0.4031601548194885,0.5462312698364258,-0.14746974408626556,0.4187198281288147,0.5985289812088013,-0.12842662632465363,0.45570600032806396,0.6329523324966431,-0.12133234739303589,0.47278454899787903,0.6978661417961121,-0.12887944281101227,0.38949012756347656,0.60150146484375,-0.16401800513267517,0.33696699142456055,0.5460140705108643,-0.17521417140960693,0.295248806476593,0.49453499913215637,-0.1855188012123108
0.5199614763259888,0.7810812592506409,-8.52454945743375e-07,0.5495110750198364,0.6648411750793457,-0.00610180851072073,0.5615425109863281,0.5166629552841187,-0.027074070647358894,0.5789243578910828,0.4082058072090149,-0.04390108212828636,0.6280540823936462,0.3453235626220703,-0.057440418750047684,0.5903353095054626,0.5055625438690186,-0.10032401978969574,0.46263420581817627,0.4108906686306,-0.12778522074222565,0.45866990089416504,0.4741976261138916,-0.12255743891000748,0.4852748513221741,0.5109859108924866,-0.11988964676856995,0.565001904964447,0.5719544887542725,-0.1119578629732132,0.4232271909713745,0.47114816308021545,-0.1394721120595932,0.43198513984680176,0.533623993396759,-0.12041500955820084,0.463602751493454,0.5641890168190002,-0.1135701909661293,0.5204705595970154,0.6380736231803894,-0.12099108844995499,0.4020790755748749,0.5430468916893005,-0.14702405035495758,0.41666579246520996,0.5959526300430298,-0.12698893249034882,0.4526382088661194,0.6314240097999573,-0.11955920606851578,0.47316238284111023,0.6974326968193054,-0.12864995002746582,0.3890925347805023,0.6010660529136658,-0.16447675228118896,0.3365623652935028,0.5454478859901428,-0.17651517689228058,0.295138955116272,0.49406301975250244,-0.18738020956516266
0.5209134817123413,0.7818806767463684,-8.254991143985535e-07,0.5483098030090332,0.6608856320381165,-0.006801143754273653,0.5608780980110168,0.51524817943573,-0.02944238670170307,0.5779095888137817,0.4086267054080963,-0.048052411526441574,0.6284844875335693,0.34587275981903076,-0.06331538408994675,0.5898381471633911,0.5091125965118408,-0.10152870416641235,0.46351689100265503,0.4124428331851959,-0.12886066734790802,0.46007633209228516,0.4758801758289337,-0.12345664948225021,0.48752161860466003,0.5125209093093872,-0.1207909882068634,0.5640078186988831,0.5753004550933838,-0.11398045718669891,0.4230758249759674,0.4695506691932678,-0.14174087345600128,0.43096649646759033,0.5308959484100342,-0.12288881838321686,0.46232807636260986,0.5631651878356934,-0.11617514491081238,0.5190392136573792,0.6407975554466248,-0.12372090667486191,0.40084904432296753,0.5407447218894958,-0.14938342571258545,0.4145330786705017,0.5933647155761719,-0.12839700281620026,0.4509051740169525,0.6294225454330444,-0.12048382312059402,0.4714275300502777,0.6999586820602417,-0.13230161368846893,0.3874078094959259,0.6017619371414185,-0.16703543066978455,0.3347706198692322,0.5457956790924072,-0.17754797637462616,0.2932944595813751,0.4950923025608063,-0.18755969405174255
0.5212623476982117,0.7821069359779358,-8.375021707252017e-07,0.547343909740448,0.6609541773796082,-0.006079534068703651,0.5592899918556213,0.5151165127754211,-0.028889350593090057,0.5763710141181946,0.408858984708786,-0.04771319776773453,0.6277276277542114,0.34700605273246765,-0.06316278874874115,0.5899867415428162,0.5079489946365356,-0.10311805456876755,0.46281537413597107,0.411376953125,-0.13057845830917358,0.4589689373970032,0.4750615954399109,-0.12454281747341156,0.48647114634513855,0.5115521550178528,-0.12139984220266342,0.564365804195404,0.5746435523033142,-0.11619452387094498,0.4219115376472473,0.4691781997680664,-0.14405591785907745,0.4298027753829956,0.5311328172683716,-0.12392520159482956,0.4617064595222473,0.563374400138855,-0.11635953187942505,0.5195241570472717,0.6409854888916016,-0.12648598849773407,0.4003308117389679,0.5420277714729309,-0.15193702280521393,0.41459566354751587,0.5944414734840393,-0.12976665794849396,0.4517209529876709,0.6305612325668335,-0.12124008685350418,0.47212541103363037,0.7007191181182861,-0.13560828566551208,0.38751381635665894,0.6023234128952026,-0.17049537599086761,0.3339731693267822,0.5460495352745056,-0.18089909851551056,0.2919020652770996,0.49536940455436707,-0.19093403220176697
0.5240786671638489,0.779815137386322,-8.013441288312606e-07,0.5504505038261414,0.6586498618125916,-0.007269129157066345,0.5619008541107178,0.5134735703468323,-0.031182654201984406,0.5774500370025635,0.4075952470302582,-0.051056865602731705,0.6261146068572998,0.3447035253047943,-0.06764412671327591,0.591952919960022,0.511712908744812,-0.10542305558919907,0.46545344591140747,0.4145411550998688,-0.1332143098115921,0.4608091115951538,0.4761614203453064,-0.12687718868255615,0.4875446557998657,0.5107062458992004,-0.12312760949134827,0.563784122467041,0.5797430872917175,-0.11847972124814987,0.424350768327713,0.47271591424942017,-0.1466721147298813,0.4313574731349945,0.531620442867279,-0.12674465775489807,0.46285930275917053,0.562450110912323,-0.11927898228168488,0.5176602602005005,0.6461788415908813,-0.12864069640636444,0.4010239243507385,0.5461087822914124,-0.1544577032327652,0.41479504108428955,0.5968568921089172,-0.13206230103969574,0.45136144757270813,0.63152015209198,-0.12310077250003815,0.4696059823036194,0.7046836018562317,-0.13769298791885376,0.38769346475601196,0.6052712798118591,-0.1707955300807953,0.3365182876586914,0.5491538643836975,-0.17911982536315918,0.2963574528694153,0.4989854693412781,-0.18772457540035248
0.5231313109397888,0.7799667716026306,-8.0499120258537e-07,0.5502094626426697,0.6593960523605347,-0.007507461588829756,0.5609865188598633,0.5140841603279114,-0.03142950311303139,0.5758659839630127,0.4079890847206116,-0.05105234310030937,0.6253143548965454,0.3452310562133789,-0.06732594966888428,0.5919764637947083,0.511071503162384,-0.10524987429380417,0.464916467666626,0.4140353500843048,-0.1337457001209259,0.46159154176712036,0.4766007959842682,-0.12864306569099426,0.48933690786361694,0.5122069716453552,-0.12570571899414062,0.5637241005897522,0.578639805316925,-0.11764801293611526,0.424199640750885,0.47244688868522644,-0.14576710760593414,0.4324243366718292,0.5315194725990295,-0.12658865749835968,0.46453583240509033,0.56254643201828,-0.11962495744228363,0.5176059603691101,0.6450238227844238,-0.12715475261211395,0.40159040689468384,0.54569011926651,-0.15246239304542542,0.416310578584671,0.5960688591003418,-0.1309192180633545,0.4535805284976959,0.6306179761886597,-0.12258739769458771,0.46955406665802,0.7036592960357666,-0.13555409014225006,0.38740819692611694,0.6051884889602661,-0.1687350869178772,0.3360133171081543,0.5486859679222107,-0.1779080629348755,0.295945942401886,0.4982375204563141,-0.18700893223285675
0.5246058106422424,0.7819262146949768,-8.272364198091964e-07,0.5522050261497498,0.6620876789093018,-0.006646744441241026,0.561899721622467,0.5142521858215332,-0.030802495777606964,0.5773900151252747,0.40585893392562866,-0.05077973008155823,0.6278975009918213,0.34201815724372864,-0.0671229287981987,0.5926673412322998,0.5117838382720947,-0.10796689987182617,0.4655117988586426,0.4142262935638428,-0.13548433780670166,0.4617542624473572,0.47750169038772583,-0.12771262228488922,0.4892079532146454,0.5123500227928162,-0.12344367057085037,0.5667142868041992,0.5809934735298157,-0.12129474431276321,0.4245084822177887,0.47562235593795776,-0.14919571578502655,0.4327850341796875,0.5362576842308044,-0.12726867198944092,0.46455690264701843,0.5663796663284302,-0.11901211738586426,0.5209454894065857,0.6485947966575623,-0.13169075548648834,0.4011250138282776,0.5514523386955261,-0.15669772028923035,0.4162241816520691,0.6028326749801636,-0.13280746340751648,0.45285236835479736,0.6366753578186035,-0.12371464818716049,0.4727574288845062,0.7077847719192505,-0.14094293117523193,0.3886622190475464,0.6079903244972229,-0.1753997951745987,0.3378499150276184,0.5512859225273132,-0.18507730960845947,0.2979585826396942,0.5002147555351257,-0.194900244474411
0.5257327556610107,0.7852251529693604,-8.270288844869356e-07,0.554057776927948,0.6656589508056641,-0.0070312730967998505,0.5640047788619995,0.5179991126060486,-0.030841492116451263,0.5789249539375305,0.4088718295097351,-0.05053023621439934,0.6276136040687561,0.3422561287879944,-0.066624715924263,0.5921002626419067,0.5132465958595276,-0.10653822124004364,0.4643342196941376,0.41450488567352295,-0.13335765898227692,0.4603196978569031,0.4774947762489319,-0.12517590820789337,0.48747721314430237,0.5128853917121887,-0.12051354348659515,0.5656813979148865,0.5807709693908691,-0.11926094442605972,0.4239673614501953,0.47665169835090637,-0.14671531319618225,0.4320507347583771,0.5360066890716553,-0.12550123035907745,0.46358591318130493,0.5657011866569519,-0.1177019253373146,0.5199713110923767,0.6471266746520996,-0.1290377378463745,0.40088528394699097,0.5494930744171143,-0.15402176976203918,0.4142407178878784,0.6000685691833496,-0.1311284452676773,0.4495117664337158,0.6331726908683777,-0.12249491363763809,0.47185757756233215,0.7061143517494202,-0.13765430450439453,0.3882582485675812,0.6073366403579712,-0.17172443866729736,0.3379387855529785,0.5507399439811707,-0.18134188652038574,0.2982555627822876,0.49957531690597534,-0.19093017280101776
0.5247588157653809,0.7831515073776245,-8.197776537599566e-07,0.5509114265441895,0.6620720624923706,-0.00989043340086937,0.5610960721969604,0.5128098130226135,-0.0334843210875988,0.5777274966239929,0.40399402379989624,-0.052007973194122314,0.6297898292541504,0.34268778562545776,-0.06626966595649719,0.5927085280418396,0.5109225511550903,-0.10748092830181122,0.46386846899986267,0.41331401467323303,-0.1378873586654663,0.46307802200317383,0.47867530584335327,-0.13309890031814575,0.49197712540626526,0.5155801177024841,-0.1303470879793167,0.5660529732704163,0.5793997645378113,-0.11834287643432617,0.4201410114765167,0.4738972783088684,-0.14953632652759552,0.4317903518676758,0.5377911329269409,-0.12985315918922424,0.4664275050163269,0.5683056712150574,-0.1219324842095375,0.5203688740730286,0.646807074546814,-0.1269315630197525,0.39920705556869507,0.5472006797790527,-0.15547382831573486,0.41650891304016113,0.6006742715835571,-0.13357976078987122,0.45567047595977783,0.6359688639640808,-0.1241641715168953,0.4724421501159668,0.7064241170883179,-0.13457027077674866,0.38822171092033386,0.6080490350723267,-0.17157189548015594,0.3350386917591095,0.5509579181671143,-0.18342287838459015,0.2928128242492676,0.4983159601688385,-0.19387564063072205
0.5259060859680176,0.7831737995147705,-8.084272167252493e-07,0.5515553951263428,0.6617357730865479,-0.010773262940347195,0.5608748197555542,0.5120135545730591,-0.03511454537510872,0.5776926279067993,0.40344661474227905,-0.05429253727197647,0.629496157169342,0.34148892760276794,-0.06903286278247833,0.5912922620773315,0.5123220086097717,-0.10909802466630936,0.46322014927864075,0.4146762490272522,-0.13757073879241943,0.46199050545692444,0.48032593727111816,-0.1308699995279312,0.4909605383872986,0.5151767730712891,-0.12729310989379883,0.5651282072067261,0.5813639760017395,-0.11981365829706192,0.4212050437927246,0.4763603210449219,-0.15011805295944214,0.43287044763565063,0.538278341293335,-0.13012976944446564,0.46685275435447693,0.5681563019752502,-0.12242929637432098,0.5193856954574585,0.6483402848243713,-0.12799915671348572,0.3988790512084961,0.5499435663223267,-0.15558774769306183,0.4156450629234314,0.6020829677581787,-0.13359598815441132,0.45367035269737244,0.6363228559494019,-0.12455925345420837,0.4712664484977722,0.7072502970695496,-0.135328471660614,0.3884972035884857,0.6086684465408325,-0.17118048667907715,0.3374030590057373,0.5510719418525696,-0.18227499723434448,0.2964019775390625,0.499250203371048,-0.19249100983142853
0.5282485485076904,0.7818779349327087,-8.150749977176019e-07,0.5558188557624817,0.6591373682022095,-0.009422996081411839,0.5659483075141907,0.5122019648551941,-0.034682244062423706,0.5808358192443848,0.4042358994483948,-0.055185794830322266,0.6331813931465149,0.3451422452926636,-0.0718916654586792,0.5978564023971558,0.5131792426109314,-0.10965100675821304,0.46879327297210693,0.41605478525161743,-0.13936132192611694,0.46456336975097656,0.47821152210235596,-0.13365130126476288,0.4919908940792084,0.5116172432899475,-0.13026130199432373,0.5699641704559326,0.5816649794578552,-0.12174259126186371,0.4264284074306488,0.47386983036994934,-0.15207386016845703,0.4334547221660614,0.5334948301315308,-0.13164649903774261,0.4653235971927643,0.5644717812538147,-0.12357138097286224,0.5230880379676819,0.6482609510421753,-0.13119590282440186,0.4036194384098053,0.5490623712539673,-0.15862995386123657,0.41800203919410706,0.5996547937393188,-0.13553133606910706,0.45544910430908203,0.6345765590667725,-0.12573400139808655,0.4740169048309326,0.7066133618354797,-0.13970783352851868,0.39035022258758545,0.6072157621383667,-0.17419646680355072,0.33820822834968567,0.5499975085258484,-0.1834251880645752,0.2974615693092346,0.49949824810028076,-0.19256365299224854
0.5275886654853821,0.7800238728523254,-7.903532832642668e-07,0.5546634793281555,0.6592709422111511,-0.011191149242222309,0.5663377642631531,0.5123260021209717,-0.03616064041852951,0.5820362567901611,0.4049795866012573,-0.056171637028455734,0.632135272026062,0.34154844284057617,-0.07233242690563202,0.5949094295501709,0.5145121812820435,-0.10830409824848175,0.46694472432136536,0.4172326922416687,-0.13682064414024353,0.4641345143318176,0.4794372618198395,-0.13083520531654358,0.49211597442626953,0.5133469700813293,-0.12750935554504395,0.5683764219284058,0.5827887654304504,-0.11905606836080551,0.42662256956100464,0.47726163268089294,-0.14874769747257233,0.4359453320503235,0.5348349213600159,-0.13007999956607819,0.46795281767845154,0.5648585557937622,-0.12353402376174927,0.5227899551391602,0.648389995098114,-0.12721188366413116,0.40318775177001953,0.55033278465271,-0.15469257533550262,0.4172711968421936,0.5996489524841309,-0.1336454302072525,0.4531606435775757,0.6330571174621582,-0.12524186074733734,0.47447890043258667,0.7058624029159546,-0.1344885230064392,0.39137718081474304,0.6072372198104858,-0.16924241185188293,0.3411286771297455,0.5496362447738647,-0.1791115701198578,0.30103278160095215,0.4987751841545105,-0.18855932354927063
0.5280371308326721,0.7775829434394836,-7.877038683545834e-07,0.5568220615386963,0.6578571200370789,-0.010876372456550598,0.5672534704208374,0.5113787651062012,-0.03646967187523842,0.5830429196357727,0.4043578505516052,-0.05687383562326431,0.6344627141952515,0.3435061573982239,-0.07339156419038773,0.5976940989494324,0.5147883296012878,-0.11289945244789124,0.4688567519187927,0.4152698814868927,-0.14310133457183838,0.466702401638031,0.4790699779987335,-0.13757742941379547,0.4959414005279541,0.5130730271339417,-0.13440553843975067,0.570204496383667,0.5843430161476135,-0.12384060770273209,0.4283905029296875,0.4756850600242615,-0.15491189062595367,0.43824106454849243,0.534686803817749,-0.13487447798252106,0.4716363251209259,0.5645217299461365,-0.12709945440292358,0.5236420631408691,0.6500043272972107,-0.13208284974098206,0.4051084518432617,0.5494937300682068,-0.16002722084522247,0.42012152075767517,0.5992249250411987,-0.1377071589231491,0.45768189430236816,0.6326572299003601,-0.12835368514060974,0.4746857285499573,0.7066690921783447,-0.139426127076149,0.3917142450809479,0.6069726943969727,-0.17475371062755585,0.34043633937835693,0.5501581430435181,-0.18466733396053314,0.3004072308540344,0.500291109085083,-0.19406138360500336
0.5284305214881897,0.7754890322685242,-7.733391385045252e-07,0.5568896532058716,0.6556317210197449,-0.011336189694702625,0.5680208206176758,0.5099784731864929,-0.03688306361436844,0.5840562582015991,0.4040946662425995,-0.057550057768821716,0.6345785856246948,0.3423585295677185,-0.07438088208436966,0.5970762372016907,0.5129354000091553,-0.10903239250183105,0.4684319496154785,0.416900098323822,-0.13985200226306915,0.46669307351112366,0.4792358875274658,-0.13571830093860626,0.49605894088745117,0.5126410126686096,-0.1333526372909546,0.5694564580917358,0.581898033618927,-0.1201658546924591,0.42706435918807983,0.47599902749061584,-0.15158048272132874,0.4381490647792816,0.5343825221061707,-0.13305158913135529,0.4720723628997803,0.5636819005012512,-0.12615929543972015,0.5234106779098511,0.6475972533226013,-0.12898489832878113,0.40377095341682434,0.5494141578674316,-0.15783073008060455,0.4193476736545563,0.5985886454582214,-0.13658249378204346,0.45673686265945435,0.630799412727356,-0.12760590016841888,0.4750250577926636,0.7051987648010254,-0.13699984550476074,0.39206984639167786,0.6066443920135498,-0.17245259881019592,0.3417494297027588,0.549602210521698,-0.182163268327713,0.30184486508369446,0.4991505742073059,-0.19125045835971832
0.5272769331932068,0.7754583954811096,-7.59741340061737e-07,0.5574121475219727,0.6552816033363342,-0.012610277161002159,0.568041980266571,0.5085448622703552,-0.03841179236769676,0.5827206373214722,0.40001964569091797,-0.05892456695437431,0.6354061961174011,0.3398439288139343,-0.07505158334970474,0.5948998928070068,0.5119814276695251,-0.10940779745578766,0.4661085307598114,0.4177780747413635,-0.14020122587680817,0.465899258852005,0.4810963273048401,-0.13469354808330536,0.49588632583618164,0.5146265029907227,-0.13129045069217682,0.5676074624061584,0.5817661881446838,-0.11971408128738403,0.42500317096710205,0.4766027331352234,-0.1522824913263321,0.4369794726371765,0.5360841751098633,-0.13306793570518494,0.4708782136440277,0.5655928254127502,-0.12511417269706726,0.5214142203330994,0.6478028297424316,-0.1279255747795105,0.4023872911930084,0.5490627288818359,-0.15791232883930206,0.4185177683830261,0.6003277897834778,-0.13609132170677185,0.45564568042755127,0.6337653398513794,-0.12626229226589203,0.47298941016197205,0.7056323885917664,-0.13544777035713196,0.39068955183029175,0.6095649600028992,-0.1727765053510666,0.34083205461502075,0.5540808439254761,-0.18385916948318481,0.30091869831085205,0.5037083625793457,-0.19348491728305817
0.5288870334625244,0.7766700983047485,-7.505431085519376e-07,0.5584238767623901,0.6574618816375732,-0.013474206440150738,0.5679042339324951,0.5093567967414856,-0.03935685753822327,0.582410454750061,0.39940524101257324,-0.05994567275047302,0.6357189416885376,0.3407213091850281,-0.07604331523180008,0.5944711565971375,0.5144492387771606,-0.11059097945690155,0.4668143391609192,0.4170568287372589,-0.1421976536512375,0.46606412529945374,0.47926387190818787,-0.13676056265830994,0.49618619680404663,0.5123039484024048,-0.13312353193759918,0.5665245652198792,0.5832712054252625,-0.12065046280622482,0.42523470520973206,0.4740414023399353,-0.15555106103420258,0.43622004985809326,0.531730592250824,-0.13716714084148407,0.470426470041275,0.5617346167564392,-0.12888139486312866,0.5204566717147827,0.6479679346084595,-0.12862004339694977,0.40271705389022827,0.5468611121177673,-0.16055457293987274,0.41749104857444763,0.596622109413147,-0.13923859596252441,0.454389750957489,0.630145788192749,-0.12872210144996643,0.4722995162010193,0.7044403553009033,-0.1359780877828598,0.391059547662735,0.6087002754211426,-0.17362664639949799,0.3409535586833954,0.5529842972755432,-0.18466706573963165,0.3012768030166626,0.5035426020622253,-0.19383743405342102
0.5312756896018982,0.7826321125030518,-7.818068752385443e-07,0.5600485801696777,0.662359356880188,-0.012848586775362492,0.5679144859313965,0.5120846033096313,-0.038446955382823944,0.5819001793861389,0.4009276032447815,-0.0587507039308548,0.6346806287765503,0.33994585275650024,-0.07469621300697327,0.5958966612815857,0.5150530338287354,-0.11050249636173248,0.4660632908344269,0.4167148768901825,-0.1420661211013794,0.46457555890083313,0.4795638918876648,-0.13681545853614807,0.49445465207099915,0.5138616561889648,-0.13316679000854492,0.5678104162216187,0.5833767056465149,-0.12063604593276978,0.42451101541519165,0.47547298669815063,-0.15394015610218048,0.435187965631485,0.5351503491401672,-0.13471481204032898,0.46934765577316284,0.5646116733551025,-0.12621434032917023,0.5212778449058533,0.6497334241867065,-0.12858320772647858,0.4014795124530792,0.5502804517745972,-0.1589929610490799,0.41672515869140625,0.600740909576416,-0.13749171793460846,0.45408034324645996,0.6332615613937378,-0.12737366557121277,0.47222936153411865,0.7084815502166748,-0.1358146369457245,0.3892849087715149,0.611447811126709,-0.17233213782310486,0.3383209705352783,0.5549757480621338,-0.1828935295343399,0.2978220582008362,0.5043042898178101,-0.19197888672351837
0.533743679523468,0.7829320430755615,-8.018132007237e-07,0.5606918931007385,0.6611490249633789,-0.011478208005428314,0.5673738718032837,0.5107221007347107,-0.03734275698661804,0.5815810561180115,0.39934486150741577,-0.057799968868494034,0.6347941160202026,0.3380233943462372,-0.07400256395339966,0.5961014032363892,0.5137501955032349,-0.1141703650355339,0.46586284041404724,0.4148217737674713,-0.14437633752822876,0.4641299843788147,0.47788771986961365,-0.1373467743396759,0.4933488070964813,0.5117533802986145,-0.13308045268058777,0.5693210363388062,0.5831496715545654,-0.12516885995864868,0.42455148696899414,0.47527390718460083,-0.15753282606601715,0.43435460329055786,0.5356807708740234,-0.13661357760429382,0.4683905243873596,0.5655107498168945,-0.12784038484096527,0.5229511260986328,0.6511684656143188,-0.13355624675750732,0.4015008807182312,0.5525489449501038,-0.16274380683898926,0.41734567284584045,0.6019933223724365,-0.1399013251066208,0.45564472675323486,0.634162962436676,-0.12995588779449463,0.4741290211677551,0.7108784317970276,-0.1410589963197708,0.38977205753326416,0.6123310923576355,-0.17738744616508484,0.33830752968788147,0.5544808506965637,-0.18798623979091644,0.2971193790435791,0.5029197335243225,-0.19785740971565247
0.5315772294998169,0.7817517518997192,-7.978645157891151e-07,0.5586277842521667,0.6600055694580078,-0.010714009404182434,0.5668789148330688,0.5082618594169617,-0.03631952404975891,0.582978367805481,0.3981512784957886,-0.05683901533484459,0.6374564170837402,0.3388359844684601,-0.07323691993951797,0.5954566597938538,0.5132876038551331,-0.11388429999351501,0.46599823236465454,0.41504764556884766,-0.14342738687992096,0.46374380588531494,0.4775019884109497,-0.1355525255203247,0.4925616979598999,0.5111455917358398,-0.13076432049274445,0.5688232779502869,0.5827688574790955,-0.12551714479923248,0.42400142550468445,0.47503626346588135,-0.15812170505523682,0.43310385942459106,0.5347645878791809,-0.13711124658584595,0.46698692440986633,0.5645971894264221,-0.12806835770606995,0.5225794315338135,0.6505424380302429,-0.13437248766422272,0.40099987387657166,0.5503473877906799,-0.16412416100502014,0.41518017649650574,0.5990167260169983,-0.1407003253698349,0.45209798216819763,0.6314582824707031,-0.1299748569726944,0.4739780128002167,0.7097235918045044,-0.14226827025413513,0.38971146941185,0.6111702919006348,-0.17893758416175842,0.33765390515327454,0.5540112853050232,-0.1891886293888092,0.29591605067253113,0.5030010938644409,-0.19858980178833008
0.5313901305198669,0.7823500037193298,-8.020945188036421e-07,0.5594738125801086,0.661013126373291,-0.011370610445737839,0.5667514801025391,0.5084470510482788,-0.036886293441057205,0.5820348262786865,0.3973848223686218,-0.057197559624910355,0.6366060376167297,0.3386502265930176,-0.07327558100223541,0.5954254865646362,0.5130544900894165,-0.11405928432941437,0.4661569893360138,0.41458892822265625,-0.14431077241897583,0.4642564356327057,0.47749125957489014,-0.1370452344417572,0.49360769987106323,0.5111405253410339,-0.13268794119358063,0.5688985586166382,0.5835408568382263,-0.12544138729572296,0.42386573553085327,0.4742968678474426,-0.15897683799266815,0.43335798382759094,0.5338162183761597,-0.13844643533229828,0.46739354729652405,0.5638434290885925,-0.12953926622867584,0.522752583026886,0.6521849036216736,-0.13417546451091766,0.40095216035842896,0.5509188771247864,-0.16479817032814026,0.41493403911590576,0.5993698239326477,-0.14175505936145782,0.4517601430416107,0.631887674331665,-0.13101735711097717,0.47427964210510254,0.7120789289474487,-0.14201097190380096,0.39057350158691406,0.6123149394989014,-0.1797095686197281,0.3391469717025757,0.5538496971130371,-0.19050148129463196,0.29828011989593506,0.5026462078094482,-0.20001858472824097
0.5343411564826965,0.7810018658638,-7.670500963286031e-07,0.5630847811698914,0.6624473333358765,-0.014917747117578983,0.5700451135635376,0.5098976492881775,-0.04027589410543442,0.5847841501235962,0.3961097002029419,-0.05972709879279137,0.6384770274162292,0.3374443054199219,-0.0745885819196701,0.5957454442977905,0.5144357681274414,-0.11282669007778168,0.4669491946697235,0.4153117835521698,-0.14444255828857422,0.4664800763130188,0.47668778896331787,-0.13905754685401917,0.4957519769668579,0.5112167596817017,-0.1354743391275406,0.5681797862052917,0.5839707255363464,-0.1213645190000534,0.4249943196773529,0.4745860695838928,-0.15612541139125824,0.43590742349624634,0.5344340205192566,-0.13749779760837555,0.4707042872905731,0.5637926459312439,-0.12910670042037964,0.5220547914505005,0.6507851481437683,-0.12778407335281372,0.4026499092578888,0.5473811626434326,-0.16075217723846436,0.4169115126132965,0.5968356728553772,-0.13980436325073242,0.45381006598472595,0.6303027868270874,-0.12922491133213043,0.4732571840286255,0.7095659971237183,-0.13346529006958008,0.3899381458759308,0.6105602979660034,-0.17258048057556152,0.3374398350715637,0.5531211495399475,-0.18436619639396667,0.2952479422092438,0.5026718974113464,-0.19386409223079681
0.5340717434883118,0.7813844084739685,-7.930286187729507e-07,0.5626076459884644,0.6647508144378662,-0.013534757308661938,0.5695226788520813,0.5116555094718933,-0.03844967484474182,0.5838034749031067,0.3967628479003906,-0.05767371878027916,0.6384255886077881,0.33868810534477234,-0.07241210341453552,0.5971245169639587,0.5124121904373169,-0.11273563653230667,0.4681173264980316,0.4142504334449768,-0.14513248205184937,0.4662567377090454,0.4755242168903351,-0.14026246964931488,0.49492958188056946,0.5098046064376831,-0.13708993792533875,0.5697827339172363,0.5820798873901367,-0.12200625240802765,0.4252457618713379,0.4738633632659912,-0.15758340060710907,0.4350642263889313,0.535216212272644,-0.1385180503129959,0.4702729880809784,0.5641175508499146,-0.12965606153011322,0.5236107707023621,0.6497067809104919,-0.1291539967060089,0.4031413495540619,0.548264741897583,-0.16279619932174683,0.4175651967525482,0.5983136892318726,-0.1411629617214203,0.4552484154701233,0.6319207549095154,-0.12994389235973358,0.4746045172214508,0.7088198661804199,-0.13544264435768127,0.3905424177646637,0.6109151840209961,-0.17533111572265625,0.3370342254638672,0.5541863441467285,-0.18752005696296692,0.2945267856121063,0.5034559965133667,-0.19722291827201843
0.5336431860923767,0.7804813981056213,-7.935366284073098e-07,0.562379002571106,0.6618649363517761,-0.012277549132704735,0.5704901814460754,0.5095230937004089,-0.03736453875899315,0.5862232446670532,0.39702075719833374,-0.05734992027282715,0.6404229402542114,0.33781641721725464,-0.0731201022863388,0.5970891714096069,0.5153475403785706,-0.11074219644069672,0.4692218601703644,0.4127964377403259,-0.14273428916931152,0.46643492579460144,0.47608059644699097,-0.13787291944026947,0.4954550266265869,0.5103812217712402,-0.13460025191307068,0.5686636567115784,0.583796501159668,-0.12124219536781311,0.4253802001476288,0.4732222557067871,-0.1559034287929535,0.4346688389778137,0.533696711063385,-0.13710996508598328,0.4696755111217499,0.563066840171814,-0.1287013739347458,0.5215370059013367,0.650417685508728,-0.12951597571372986,0.40163299441337585,0.549660861492157,-0.16132594645023346,0.4155825078487396,0.5994042754173279,-0.1399417519569397,0.4531162977218628,0.6313807964324951,-0.12940211594104767,0.4722418785095215,0.7080753445625305,-0.1369440257549286,0.38956958055496216,0.6103262305259705,-0.17372827231884003,0.33808645606040955,0.5534167289733887,-0.18440687656402588,0.29738473892211914,0.5022010207176208,-0.19359156489372253
0.5337803959846497,0.7804561257362366,-7.933850838526268e-07,0.5629435181617737,0.6617324948310852,-0.012162572704255581,0.5710752010345459,0.5092273354530334,-0.037170201539993286,0.5864105820655823,0.3966684639453888,-0.05708421394228935,0.6405397057533264,0.337680459022522,-0.07279738038778305,0.5974842309951782,0.5144574046134949,-0.11051928251981735,0.46923828125,0.4129752516746521,-0.1425364464521408,0.4668068289756775,0.47637051343917847,-0.13775534927845,0.4961671531200409,0.5101398825645447,-0.13449470698833466,0.5688608884811401,0.5833446979522705,-0.12110692262649536,0.4257068932056427,0.47292980551719666,-0.15568161010742188,0.4349251687526703,0.5334371328353882,-0.13685765862464905,0.46978846192359924,0.5629898309707642,-0.12838000059127808,0.5216925740242004,0.6503222584724426,-0.12946632504463196,0.4019199013710022,0.5499604344367981,-0.16109579801559448,0.415809690952301,0.5997986197471619,-0.13962097465991974,0.45330560207366943,0.6318411827087402,-0.12900319695472717,0.4723164141178131,0.708267331123352,-0.13697697222232819,0.38957518339157104,0.6103717684745789,-0.1733313798904419,0.3380594253540039,0.5535720586776733,-0.1837024837732315,0.29743820428848267,0.5025669932365417,-0.19269488751888275
0.5329886674880981,0.7784426808357239,-7.915622859400173e-07,0.5634701251983643,0.660537838935852,-0.013345283456146717,0.5707078576087952,0.5083712339401245,-0.03948738053441048,0.5850210785865784,0.394847571849823,-0.0599653497338295,0.6398270726203918,0.33566927909851074,-0.07590837776660919,0.597508430480957,0.5134378671646118,-0.11460839211940765,0.4685398042201996,0.4125882685184479,-0.1464315503835678,0.4664877653121948,0.4747715890407562,-0.14076094329357147,0.49529528617858887,0.5089905261993408,-0.13715465366840363,0.5689470171928406,0.5809890627861023,-0.12420238554477692,0.4245539903640747,0.47310882806777954,-0.1583661586046219,0.43498268723487854,0.53421550989151,-0.13806381821632385,0.4702112674713135,0.5633212924003601,-0.12899915874004364,0.5217497944831848,0.6467899084091187,-0.1315624862909317,0.40173232555389404,0.5472795367240906,-0.1628505289554596,0.4173209071159363,0.5970458388328552,-0.14041998982429504,0.4555898904800415,0.6300437450408936,-0.12970934808254242,0.4723806381225586,0.7039879560470581,-0.1381729394197464,0.38923633098602295,0.606909453868866,-0.17609907686710358,0.3363620638847351,0.5498083829879761,-0.1879025399684906,0.29420000314712524,0.4986226260662079,-0.19803497195243835
0.5333728790283203,0.7786288857460022,-7.836230224711471e-07,0.564163088798523,0.6598929762840271,-0.013814245350658894,0.5712680816650391,0.5078421831130981,-0.03975148871541023,0.5844920873641968,0.3940497636795044,-0.06014487147331238,0.6392022967338562,0.33544492721557617,-0.07616627216339111,0.5973396897315979,0.5131948590278625,-0.11230448633432388,0.46872448921203613,0.41356298327445984,-0.1444411724805832,0.4665384888648987,0.4749040901660919,-0.13981303572654724,0.4954531192779541,0.5085638165473938,-0.13661667704582214,0.5682761669158936,0.581135630607605,-0.12170250713825226,0.42575913667678833,0.4734618067741394,-0.1558535248041153,0.43610814213752747,0.5328354835510254,-0.13678668439388275,0.47064337134361267,0.5622574090957642,-0.12823520600795746,0.5214180946350098,0.6473702788352966,-0.12898634374141693,0.4031265676021576,0.5476003885269165,-0.16057604551315308,0.41849854588508606,0.5970526933670044,-0.13914704322814941,0.4560750722885132,0.6303228735923767,-0.12861140072345734,0.4725451171398163,0.7054832577705383,-0.1355566680431366,0.38984060287475586,0.6085732579231262,-0.17293576896190643,0.3377929925918579,0.551490068435669,-0.18425089120864868,0.29639944434165955,0.5008227825164795,-0.19372794032096863
0.5318608283996582,0.7793185710906982,-8.00144164259109e-07,0.5616828203201294,0.6604709625244141,-0.01200996432453394,0.5708838701248169,0.5072908997535706,-0.0369325652718544,0.5866820812225342,0.39371544122695923,-0.056412361562252045,0.6411470174789429,0.33405017852783203,-0.07161641865968704,0.5980794429779053,0.5107447504997253,-0.11213432252407074,0.46973171830177307,0.40883323550224304,-0.1431657373905182,0.4680648446083069,0.47232943773269653,-0.13751141726970673,0.4973088502883911,0.5078834295272827,-0.13384146988391876,0.5687808990478516,0.5786061882972717,-0.12203821539878845,0.4252505302429199,0.4684295058250427,-0.15526588261127472,0.4355901777744293,0.5296186208724976,-0.13575562834739685,0.47043150663375854,0.5602205395698547,-0.12735241651535034,0.5216296911239624,0.6445373892784119,-0.1294136941432953,0.4015868604183197,0.5400127172470093,-0.1593134105205536,0.41611868143081665,0.5916458368301392,-0.13698889315128326,0.45320114493370056,0.6263207793235779,-0.1264999508857727,0.47278302907943726,0.7022902965545654,-0.1359330713748932,0.38915207982063293,0.6035928726196289,-0.17199060320854187,0.3373095989227295,0.5457069873809814,-0.18288880586624146,0.2960919439792633,0.4929262697696686,-0.1924792230129242
0.5314083099365234,0.7777184844017029,-7.900900413915224e-07,0.5615552067756653,0.6593650579452515,-0.012875828891992569,0.5700128674507141,0.5059255957603455,-0.03788531944155693,0.5859830379486084,0.39233750104904175,-0.05731499567627907,0.6410295963287354,0.33416348695755005,-0.07238967716693878,0.597968578338623,0.5105717182159424,-0.11175396293401718,0.46967995166778564,0.4087233245372772,-0.14334993064403534,0.4691236913204193,0.4721715450286865,-0.13847361505031586,0.49903255701065063,0.507207989692688,-0.13520270586013794,0.568461000919342,0.5790801048278809,-0.12125618010759354,0.4256858229637146,0.4682958722114563,-0.15537004172801971,0.4364476203918457,0.5290606617927551,-0.13680119812488556,0.47156068682670593,0.559341549873352,-0.1287258267402649,0.5208712816238403,0.6446812748908997,-0.1283521056175232,0.40143999457359314,0.539790153503418,-0.15917453169822693,0.414993554353714,0.5902631282806396,-0.13758860528469086,0.45153895020484924,0.6243318915367126,-0.1271205097436905,0.4712398946285248,0.7017115354537964,-0.1346512883901596,0.38823094964027405,0.6023519039154053,-0.17096614837646484,0.33672502636909485,0.5443875789642334,-0.18181467056274414,0.29592883586883545,0.49201518297195435,-0.1911127269268036
0.5355352163314819,0.7778341770172119,-7.815768867658335e-07,0.5676891207695007,0.6614336967468262,-0.013789944350719452,0.5766846537590027,0.507659912109375,-0.03829050064086914,0.5914373993873596,0.392299622297287,-0.05713190510869026,0.645350456237793,0.33547937870025635,-0.07167378813028336,0.600108802318573,0.5135304927825928,-0.11161129921674728,0.4728930592536926,0.4074607491493225,-0.14468827843666077,0.46981796622276306,0.4679989516735077,-0.14115586876869202,0.49785012006759644,0.5049635767936707,-0.1383332908153534,0.5685487985610962,0.5810593962669373,-0.12037187069654465,0.428465336561203,0.4666267931461334,-0.15606504678726196,0.4378720819950104,0.5274820327758789,-0.13838660717010498,0.4726826548576355,0.5595539808273315,-0.1300867199897766,0.5201907157897949,0.6467012166976929,-0.12691637873649597,0.4057462513446808,0.538417398929596,-0.16079679131507874,0.4190686345100403,0.5897546410560608,-0.1402759999036789,0.4553529620170593,0.6266799569129944,-0.12920109927654266,0.4701141119003296,0.7042186856269836,-0.13252189755439758,0.3902128040790558,0.6032982468605042,-0.1712995171546936,0.3382931351661682,0.5448621511459351,-0.18293100595474243,0.29694604873657227,0.49318304657936096,-0.1920180469751358
0.5346375703811646,0.7791891098022461,-7.977657787705539e-07,0.5646930932998657,0.6611875295639038,-0.01305980421602726,0.574612557888031,0.5074836611747742,-0.03754798695445061,0.5906530618667603,0.39327770471572876,-0.05669664964079857,0.6454260349273682,0.33560866117477417,-0.07162706553936005,0.5992259383201599,0.5144435167312622,-0.11164022237062454,0.4736535847187042,0.406461626291275,-0.14427761733531952,0.4695857763290405,0.46775177121162415,-0.14018258452415466,0.4970996379852295,0.5045549869537354,-0.1371868997812271,0.5691050887107849,0.5805837512016296,-0.1210104450583458,0.4287201166152954,0.46853533387184143,-0.15621283650398254,0.4376278519630432,0.5287538170814514,-0.13821709156036377,0.47224944829940796,0.5592590570449829,-0.13018979132175446,0.5214793086051941,0.6462600827217102,-0.1281062215566635,0.40572354197502136,0.5405709743499756,-0.16158851981163025,0.4192393720149994,0.5911152362823486,-0.140941321849823,0.4555439352989197,0.626667857170105,-0.13017448782920837,0.4718082547187805,0.7038823366165161,-0.13422830402851105,0.39092278480529785,0.6039490103721619,-0.17229554057121277,0.33847853541374207,0.5455796122550964,-0.18374721705913544,0.2962695062160492,0.49338576197624207,-0.19314143061637878
0.5340937972068787,0.7767156362533569,-8.016304491320625e-07,0.5666621923446655,0.6576311588287354,-0.008808654733002186,0.5795007348060608,0.5070030093193054,-0.03205174207687378,0.5968996286392212,0.39608946442604065,-0.051206860691308975,0.6498674750328064,0.3384571671485901,-0.0669635757803917,0.5998140573501587,0.5136527419090271,-0.1054232120513916,0.4762254059314728,0.4036363661289215,-0.13755111396312714,0.4721898138523102,0.46557101607322693,-0.13447582721710205,0.5000420212745667,0.5024360418319702,-0.13195723295211792,0.5665984749794006,0.5790066123008728,-0.11719255894422531,0.4308098554611206,0.4634833335876465,-0.1504974663257599,0.4387161135673523,0.5231485366821289,-0.13358117640018463,0.4719758927822113,0.555026113986969,-0.12658432126045227,0.5178120732307434,0.6441187262535095,-0.12641797959804535,0.40544039011001587,0.5374213457107544,-0.1573895514011383,0.41889673471450806,0.5888009071350098,-0.13711343705654144,0.45495325326919556,0.6239908337593079,-0.12714602053165436,0.4683966040611267,0.7011381387710571,-0.13440105319023132,0.3884819447994232,0.6010937690734863,-0.16889505088329315,0.33806437253952026,0.542620837688446,-0.17833317816257477,0.29798057675361633,0.48908504843711853,-0.18684022128582
0.5341870188713074,0.7782222628593445,-8.162631388586306e-07,0.5660227537155151,0.6601119041442871,-0.008015083149075508,0.5785716772079468,0.5100117325782776,-0.030912043526768684,0.596067488193512,0.3991316258907318,-0.049982424825429916,0.6485124230384827,0.34049227833747864,-0.0656195729970932,0.599690854549408,0.5132726430892944,-0.10501030832529068,0.47622689604759216,0.40198150277137756,-0.1375981569290161,0.4706215560436249,0.4645524024963379,-0.13462550938129425,0.4981207251548767,0.5019538998603821,-0.1321495920419693,0.5669876933097839,0.5776631236076355,-0.11735252290964127,0.42939305305480957,0.46203890442848206,-0.15123866498470306,0.4363153278827667,0.5226079821586609,-0.13396711647510529,0.47040367126464844,0.554270327091217,-0.1264718472957611,0.5184736251831055,0.6429532170295715,-0.12724529206752777,0.40499818325042725,0.5363163352012634,-0.15861493349075317,0.41874396800994873,0.5884031653404236,-0.1381249725818634,0.45640015602111816,0.6236540079116821,-0.12783990800380707,0.4696519076824188,0.7004525661468506,-0.13586950302124023,0.3893086612224579,0.6011747717857361,-0.17118048667907715,0.33788758516311646,0.5428432822227478,-0.18124543130397797,0.29770636558532715,0.48954394459724426,-0.189985454082489
0.5327795743942261,0.7802635431289673,-8.332258403243031e-07,0.5676887035369873,0.6678093671798706,-0.008620761334896088,0.5851794481277466,0.5160617232322693,-0.03026820346713066,0.6066362261772156,0.4050626754760742,-0.048433639109134674,0.6572679281234741,0.34612351655960083,-0.06290407478809357,0.6037041544914246,0.5150573253631592,-0.10172632336616516,0.48046255111694336,0.3974652886390686,-0.13875584304332733,0.47487741708755493,0.46353042125701904,-0.14041796326637268,0.5038739442825317,0.5045664310455322,-0.14008398354053497,0.5706644058227539,0.5764549970626831,-0.11343067139387131,0.4311295449733734,0.45940446853637695,-0.15009315311908722,0.4388202726840973,0.5227658748626709,-0.1349152773618698,0.47561708092689514,0.554173469543457,-0.12796422839164734,0.5213763117790222,0.63966304063797,-0.12349749356508255,0.4073331356048584,0.5276422500610352,-0.15620660781860352,0.41889137029647827,0.5814937949180603,-0.13624103367328644,0.4571664035320282,0.6182130575180054,-0.12534776329994202,0.47155991196632385,0.6960228681564331,-0.13253071904182434,0.3926762044429779,0.5932437777519226,-0.1675862818956375,0.339702308177948,0.531619131565094,-0.1776856780052185,0.2998318672180176,0.4762817621231079,-0.1858416050672531
0.533140242099762,0.7796742916107178,-8.068970487329352e-07,0.5677708387374878,0.6637924313545227,-0.009471260011196136,0.58383709192276,0.5109825730323792,-0.03199775144457817,0.6037281155586243,0.3992651700973511,-0.05054415762424469,0.65858393907547,0.3447713255882263,-0.06510750949382782,0.6043171286582947,0.5161139965057373,-0.1019190102815628,0.48091956973075867,0.40040862560272217,-0.13735349476337433,0.4772348701953888,0.46554747223854065,-0.1367724984884262,0.5063160061836243,0.5065463185310364,-0.13502764701843262,0.5700675249099731,0.5787376761436462,-0.11298723518848419,0.43251654505729675,0.4589262902736664,-0.14805194735527039,0.43994832038879395,0.5221757888793945,-0.13170728087425232,0.4753963053226471,0.5548656582832336,-0.12416614592075348,0.5201623439788818,0.6412641406059265,-0.12221571803092957,0.4081503748893738,0.525528609752655,-0.1538105010986328,0.4188062250614166,0.5804468989372253,-0.13282416760921478,0.4558277130126953,0.6182977557182312,-0.12155789881944656,0.47039395570755005,0.6970874667167664,-0.1304883360862732,0.3915625214576721,0.5941006541252136,-0.16499368846416473,0.33977916836738586,0.5337850451469421,-0.17453457415103912,0.30058687925338745,0.47907358407974243,-0.18240168690681458
0.5297254920005798,0.7714532017707825,-6.99313147833891e-07,0.5801414251327515,0.6674929857254028,-0.00540901068598032,0.6160511374473572,0.520818293094635,-0.026709703728556633,0.6373963356018066,0.4083859920501709,-0.047127414494752884,0.6940874457359314,0.3684191107749939,-0.06501193344593048,0.6149028539657593,0.5357579588890076,-0.08304264396429062,0.5142587423324585,0.39450567960739136,-0.12553519010543823,0.5098527669906616,0.4560900628566742,-0.13597169518470764,0.5373859405517578,0.49882805347442627,-0.13903263211250305,0.5684350728988647,0.58445805311203,-0.09681480377912521,0.46467870473861694,0.44287216663360596,-0.13596105575561523,0.46793332695961,0.5009757876396179,-0.12676718831062317,0.496597558259964,0.5403987765312195,-0.1206962913274765,0.5127491354942322,0.6298120021820068,-0.10974160581827164,0.42814385890960693,0.498429536819458,-0.13841299712657928,0.43054085969924927,0.5491981506347656,-0.11637366563081741,0.4581054449081421,0.5882081985473633,-0.10186997056007385,0.4579024314880371,0.6642518043518066,-0.1224835067987442,0.3972819745540619,0.5492558479309082,-0.14388920366764069,0.3619445562362671,0.48434072732925415,-0.14515875279903412,0.3380505442619324,0.4257063865661621,-0.14718495309352875
0.5300191044807434,0.7659921646118164,-6.96271911238e-07,0.5795226693153381,0.6651005744934082,-0.006675211247056723,0.6152735948562622,0.5184520483016968,-0.028421197086572647,0.6387858390808105,0.40715596079826355,-0.04860551655292511,0.6946502327919006,0.3676667809486389,-0.06636174023151398,0.6124179363250732,0.5367329120635986,-0.08981383591890335,0.5123854875564575,0.3910810351371765,-0.13140742480754852,0.5073064565658569,0.45296797156333923,-0.14041921496391296,0.5343164205551147,0.496955543756485,-0.14295078814029694,0.5678349733352661,0.587409257888794,-0.10251940786838531,0.46497493982315063,0.4426930546760559,-0.14059430360794067,0.46689051389694214,0.49779975414276123,-0.13045406341552734,0.49533453583717346,0.5375565886497498,-0.1248866617679596,0.5127519369125366,0.6319804787635803,-0.11401808261871338,0.4289226233959198,0.4944441020488739,-0.1418820470571518,0.4285013973712921,0.541958212852478,-0.11981654912233353,0.4541502594947815,0.5819650888442993,-0.10634130984544754,0.4580543339252472,0.6648417711257935,-0.12527139484882355,0.39741575717926025,0.5497885942459106,-0.14722442626953125,0.36099135875701904,0.48537877202033997,-0.1489788144826889,0.3359251022338867,0.4289783239364624,-0.15175898373126984
0.5284586548805237,0.7592336535453796,-6.128377663117135e-07,0.5877596139907837,0.6661386489868164,-0.0070649003610014915,0.6411184668540955,0.5278578400611877,-0.028987830504775047,0.671895444393158,0.4191044569015503,-0.049465280026197433,0.7300400733947754,0.3756006956100464,-0.06727218627929688,0.6241577863693237,0.5302900671958923,-0.08032742142677307,0.5381848812103271,0.3790401518344879,-0.11969589442014694,0.5337931513786316,0.4331852197647095,-0.12875360250473022,0.5590174794197083,0.4758111834526062,-0.13042762875556946,0.5698977708816528,0.5729069709777832,-0.09248008579015732,0.48388245701789856,0.4177095592021942,-0.13093996047973633,0.4860256314277649,0.4685545563697815,-0.12391304969787598,0.5089560151100159,0.510593593120575,-0.11802151799201965,0.5120324492454529,0.6116947531700134,-0.10338325053453445,0.4402141869068146,0.46798163652420044,-0.132033571600914,0.4416830539703369,0.5143082141876221,-0.11108728498220444,0.4650346636772156,0.5551223754882812,-0.09577593207359314,0.45615318417549133,0.639767050743103,-0.11409904807806015,0.4029538631439209,0.5112394094467163,-0.13342542946338654,0.37743937969207764,0.437481164932251,-0.13304471969604492,0.3625376522541046,0.37007272243499756,-0.1334581822156906
0.5280181169509888,0.7579919099807739,-6.453437322306854e-07,0.5889091491699219,0.6663371324539185,-0.008779742754995823,0.6422064900398254,0.5289629101753235,-0.030897879973053932,0.6714974045753479,0.4200576841831207,-0.05089307948946953,0.7304362058639526,0.38121360540390015,-0.0678345188498497,0.6302276849746704,0.5265648365020752,-0.08460025489330292,0.538887083530426,0.37886592745780945,-0.12589456140995026,0.5320525169372559,0.4389107823371887,-0.13445690274238586,0.5576046109199524,0.4836216866970062,-0.13574232161045074,0.5762670040130615,0.5676102638244629,-0.0964183360338211,0.48594367504119873,0.4170353412628174,-0.13696949183940887,0.48695752024650574,0.47506117820739746,-0.1286773383617401,0.5125041007995605,0.5159087777137756,-0.12178947776556015,0.516569972038269,0.6073436737060547,-0.10722323507070541,0.44372519850730896,0.4667679965496063,-0.13935084640979767,0.44416916370391846,0.5181136131286621,-0.11834965646266937,0.46952372789382935,0.5598207116127014,-0.10257374495267868,0.45860975980758667,0.6376082897186279,-0.11770310997962952,0.40615004301071167,0.5082882642745972,-0.14219316840171814,0.37630969285964966,0.43588292598724365,-0.14412297308444977,0.3579508662223816,0.36995601654052734,-0.14513136446475983
0.5216436386108398,0.7424982786178589,-6.158254564070376e-07,0.587554931640625,0.655321478843689,-0.007813195697963238,0.6464767456054688,0.5229616761207581,-0.028918463736772537,0.6812334060668945,0.41627928614616394,-0.04796428978443146,0.7432043552398682,0.38339167833328247,-0.06380746513605118,0.6294844746589661,0.5171574950218201,-0.08099085837602615,0.5463807582855225,0.3667308986186981,-0.12047828733921051,0.5399823188781738,0.42451536655426025,-0.12872949242591858,0.564415693283081,0.46866464614868164,-0.1302408128976822,0.5720295310020447,0.5536512732505798,-0.0926189050078392,0.4900553524494171,0.3995531499385834,-0.13145409524440765,0.4904315769672394,0.45715656876564026,-0.1228974238038063,0.5147660374641418,0.49904370307922363,-0.11598968505859375,0.5104387402534485,0.5870689749717712,-0.10338502377271652,0.4456322193145752,0.44605815410614014,-0.1351717859506607,0.44771087169647217,0.497139036655426,-0.11598270386457443,0.47324565052986145,0.5382124781608582,-0.10153765231370926,0.4521918296813965,0.6097722053527832,-0.11360928416252136,0.40513113141059875,0.4824012517929077,-0.13802127540111542,0.3752414286136627,0.4122612476348877,-0.14109821617603302,0.3560948967933655,0.346519410610199,-0.14319679141044617
0.52243572473526,0.7436590194702148,-6.290360943239648e-07,0.5871505737304688,0.6564902067184448,-0.00804079044610262,0.6466344594955444,0.523016631603241,-0.029392197728157043,0.682924211025238,0.41683757305145264,-0.0486452579498291,0.743615984916687,0.38492414355278015,-0.06493818759918213,0.6315841674804688,0.5199084877967834,-0.0818563848733902,0.5483837723731995,0.3685733675956726,-0.12264533340930939,0.5403451323509216,0.426563024520874,-0.13203489780426025,0.5655231475830078,0.47033196687698364,-0.13415472209453583,0.5740433931350708,0.5557401776313782,-0.09349606931209564,0.4915831983089447,0.3996124267578125,-0.13342580199241638,0.4909505546092987,0.45673081278800964,-0.12531572580337524,0.5158359408378601,0.49858757853507996,-0.11851485818624496,0.5122603178024292,0.5882617235183716,-0.10417885333299637,0.44589775800704956,0.44350385665893555,-0.1361912488937378,0.4452560544013977,0.4943675398826599,-0.11651104688644409,0.4693478047847748,0.5362120866775513,-0.10158170759677887,0.453642874956131,0.6114345192909241,-0.11445024609565735,0.40625327825546265,0.4830349087715149,-0.13836058974266052,0.37833723425865173,0.41228383779525757,-0.14072084426879883,0.3616306185722351,0.34678465127944946,-0.1421709954738617
0.5146507620811462,0.7401841282844543,-6.269963819249824e-07,0.576589822769165,0.6536821126937866,-0.006583936978131533,0.6349239349365234,0.5180319547653198,-0.026707634329795837,0.6722903847694397,0.413822740316391,-0.0450507327914238,0.7346497774124146,0.383084774017334,-0.060320351272821426,0.6243270635604858,0.5062132477760315,-0.07933798432350159,0.542111873626709,0.35532423853874207,-0.1170227900147438,0.5305335521697998,0.41451960802078247,-0.12373654544353485,0.5532057285308838,0.4616016149520874,-0.12422478199005127,0.5706559419631958,0.5396159887313843,-0.09077802300453186,0.4873737096786499,0.38862812519073486,-0.1258351355791092,0.4830667972564697,0.44583189487457275,-0.11504615843296051,0.5064919590950012,0.4858289062976837,-0.10763037949800491,0.5095497369766235,0.5718390941619873,-0.1011478528380394,0.4409598708152771,0.43241649866104126,-0.12919679284095764,0.43733543157577515,0.48370373249053955,-0.10789431631565094,0.45958295464515686,0.52614426612854,-0.09313332289457321,0.44972822070121765,0.5962686538696289,-0.11104613542556763,0.40539485216140747,0.4701314866542816,-0.132638081908226,0.37870973348617554,0.40122324228286743,-0.1336289644241333,0.3627032935619354,0.33780813217163086,-0.13464030623435974
0.5139840245246887,0.7396456003189087,-6.363082434290845e-07,0.574815571308136,0.6530006527900696,-0.0069782012142241,0.6340200304985046,0.5177631378173828,-0.02703971229493618,0.6719236373901367,0.41209328174591064,-0.04515271261334419,0.7342033982276917,0.3811787962913513,-0.060056425631046295,0.6249384880065918,0.5085409283638,-0.07951255142688751,0.5425372123718262,0.35716062784194946,-0.11865612864494324,0.5310304760932922,0.41613757610321045,-0.12624779343605042,0.5543621778488159,0.4613988995552063,-0.1272328943014145,0.5700081586837769,0.5426903963088989,-0.09104251861572266,0.48670512437820435,0.38831016421318054,-0.12936323881149292,0.4818916916847229,0.44714075326919556,-0.11957928538322449,0.5058278441429138,0.4884057343006134,-0.1116408035159111,0.5081705451011658,0.5740687251091003,-0.10166343301534653,0.43977272510528564,0.4326358735561371,-0.13254347443580627,0.43662381172180176,0.4844304919242859,-0.11166847497224808,0.4603496193885803,0.5262550115585327,-0.0959775298833847,0.4478684961795807,0.5965039134025574,-0.11174958199262619,0.4033825397491455,0.4698799252510071,-0.13500505685806274,0.3765353858470917,0.40054944157600403,-0.13671261072158813,0.3611319661140442,0.3358672261238098,-0.13761162757873535
0.501255452632904,0.7218744158744812,-6.150823992356891e-07,0.5684207677841187,0.6389172077178955,-0.007158023305237293,0.629194974899292,0.508145272731781,-0.026124102994799614,0.661757230758667,0.4018051326274872,-0.04286058992147446,0.7228874564170837,0.3687168061733246,-0.05634269118309021,0.6124975085258484,0.49245330691337585,-0.0755632296204567,0.5325627326965332,0.34472575783729553,-0.10900356620550156,0.5227689743041992,0.40173614025115967,-0.11313989758491516,0.5443307757377625,0.44738736748695374,-0.11253834515810013,0.5589340925216675,0.5243802666664124,-0.08537358045578003,0.48003947734832764,0.37733107805252075,-0.11690432578325272,0.4758751690387726,0.4334484338760376,-0.10581096261739731,0.49731698632240295,0.473382830619812,-0.09876194596290588,0.4992094933986664,0.555209755897522,-0.09410911798477173,0.4349737763404846,0.42159467935562134,-0.11966820061206818,0.43260401487350464,0.47027552127838135,-0.09996646642684937,0.45473363995552063,0.511415958404541,-0.08691231161355972,0.440614253282547,0.5780356526374817,-0.102315254509449,0.39871421456336975,0.45529448986053467,-0.12286750972270966,0.37318146228790283,0.3858261704444885,-0.1252577006816864,0.35741037130355835,0.32188746333122253,-0.12774156033992767
0.5040620565414429,0.7236347198486328,-6.337757554319978e-07,0.5690231323242188,0.6396150588989258,-0.0061366967856884,0.629063606262207,0.5099763870239258,-0.025153564289212227,0.6630343198776245,0.4053093492984772,-0.04207371920347214,0.7218118906021118,0.37275516986846924,-0.05572420731186867,0.6150838136672974,0.4939531981945038,-0.07705667614936829,0.5341386795043945,0.3455736041069031,-0.11413997411727905,0.5242530703544617,0.4033219516277313,-0.12077538669109344,0.5468276143074036,0.44876188039779663,-0.12133213877677917,0.5599429607391357,0.5257154107093811,-0.08793224394321442,0.48002126812934875,0.3765384256839752,-0.12322026491165161,0.47631773352622986,0.4339165985584259,-0.11324867606163025,0.4997943937778473,0.47358444333076477,-0.1059526652097702,0.49895185232162476,0.5551493763923645,-0.0978035032749176,0.4352656900882721,0.41941359639167786,-0.12653212249279022,0.4336455166339874,0.469231516122818,-0.10688596963882446,0.45735397934913635,0.5097882151603699,-0.09275812655687332,0.43965303897857666,0.5764485001564026,-0.10699613392353058,0.39666903018951416,0.45227813720703125,-0.12988537549972534,0.3697870373725891,0.3832927942276001,-0.1326501965522766,0.353739857673645,0.3184252083301544,-0.13448429107666016
0.5010054707527161,0.7224748134613037,-6.025035759193997e-07,0.5648329854011536,0.6382772326469421,-0.006652436219155788,0.6245836615562439,0.5078583359718323,-0.026054108515381813,0.6570602059364319,0.40229830145835876,-0.04289823770523071,0.7179509997367859,0.36876192688941956,-0.056375738233327866,0.6112620234489441,0.48382797837257385,-0.07848980277776718,0.529534637928009,0.3411285877227783,-0.11142990738153458,0.5196934342384338,0.3986927568912506,-0.11389248073101044,0.5420536994934082,0.4423646032810211,-0.1118893027305603,0.5564155578613281,0.515834629535675,-0.08876447379589081,0.4772069454193115,0.37229132652282715,-0.12033683061599731,0.4737049639225006,0.4298819303512573,-0.10801851749420166,0.4963088929653168,0.46947652101516724,-0.09990428388118744,0.49569904804229736,0.5462475419044495,-0.09756624698638916,0.4319862127304077,0.4124217927455902,-0.12283357232809067,0.4303179383277893,0.4635719656944275,-0.10142943263053894,0.4534096121788025,0.5069882869720459,-0.08722127974033356,0.4360947906970978,0.5689990520477295,-0.10576475411653519,0.3948220908641815,0.4404027462005615,-0.12584355473518372,0.3683239221572876,0.36954444646835327,-0.12679193913936615,0.3521108031272888,0.3050328493118286,-0.12792786955833435
0.5004835724830627,0.7220571637153625,-6.266058676374087e-07,0.5629944801330566,0.6384674310684204,-0.005254183895885944,0.6237627863883972,0.5062668323516846,-0.02349797636270523,0.65965735912323,0.40165939927101135,-0.0400175042450428,0.7185317873954773,0.3673294186592102,-0.05341437831521034,0.6129269599914551,0.4850267171859741,-0.07375896722078323,0.5307245254516602,0.34082257747650146,-0.10980317741632462,0.5188184976577759,0.400035560131073,-0.11680199950933456,0.541877269744873,0.4434347152709961,-0.11743825674057007,0.5589457154273987,0.5166347622871399,-0.08481726050376892,0.4761957824230194,0.3735838234424591,-0.11776932328939438,0.471621036529541,0.4305834174156189,-0.10713062435388565,0.49580931663513184,0.4684101641178131,-0.09977569431066513,0.4982714056968689,0.5465534329414368,-0.09495342522859573,0.43048250675201416,0.4143269956111908,-0.12046551704406738,0.42751792073249817,0.46517413854599,-0.09910138696432114,0.45101889967918396,0.5074084401130676,-0.08444269001483917,0.43840333819389343,0.5675874352455139,-0.10467579960823059,0.3955654501914978,0.44099512696266174,-0.12302988767623901,0.36996620893478394,0.36915871500968933,-0.12309534847736359,0.35633987188339233,0.30341655015945435,-0.1235726922750473
0.4985661506652832,0.7179492115974426,-6.200920097398921e-07,0.56308513879776,0.6353292465209961,-0.004825274925678968,0.6239460706710815,0.5053415298461914,-0.02322203665971756,0.65683913230896,0.4004203975200653,-0.039729129523038864,0.716698944568634,0.36690622568130493,-0.05306491628289223,0.6108531951904297,0.4785957634449005,-0.0733921155333519,0.5275721549987793,0.33690905570983887,-0.10710041970014572,0.5172959566116333,0.39609262347221375,-0.11248081922531128,0.5402370691299438,0.43933871388435364,-0.11262764036655426,0.5566948056221008,0.5089631080627441,-0.0841333419084549,0.4743552505970001,0.36789196729660034,-0.11431510746479034,0.47083526849746704,0.4256230890750885,-0.10275042057037354,0.494832843542099,0.46346601843833923,-0.09574641287326813,0.49625691771507263,0.5388602614402771,-0.0936262309551239,0.42966532707214355,0.4078919291496277,-0.11683186888694763,0.4273808002471924,0.4595312178134918,-0.09499568492174149,0.4508940279483795,0.5026427507400513,-0.08111109584569931,0.43665504455566406,0.5614111423492432,-0.10262783616781235,0.39445221424102783,0.4335763156414032,-0.12076900899410248,0.36854973435401917,0.36239999532699585,-0.12093091011047363,0.3535573482513428,0.2978004515171051,-0.12181736528873444
0.5004150867462158,0.7170183062553406,-6.270838071031903e-07,0.5644851922988892,0.6347972750663757,-0.005054759327322245,0.6245274543762207,0.5038478970527649,-0.02337566763162613,0.6583037376403809,0.39877980947494507,-0.03977914899587631,0.7178133130073547,0.36623668670654297,-0.05295730009675026,0.6124957799911499,0.48005297780036926,-0.07414010912179947,0.5289592146873474,0.3363771438598633,-0.10900050401687622,0.5178067088127136,0.396137535572052,-0.11514797806739807,0.5408411622047424,0.44003531336784363,-0.11560401320457458,0.5577306151390076,0.5098967552185059,-0.08477883040904999,0.4742623269557953,0.3688422739505768,-0.11599476635456085,0.47059568762779236,0.4271604120731354,-0.1045965850353241,0.4953576326370239,0.4646143615245819,-0.09746240079402924,0.4966885447502136,0.5393204092979431,-0.09430845826864243,0.4292549788951874,0.4095425009727478,-0.11836365610361099,0.42706194519996643,0.46158498525619507,-0.09678240120410919,0.45130807161331177,0.5040604472160339,-0.08275613188743591,0.4369776248931885,0.5611349940299988,-0.10339608043432236,0.39442506432533264,0.4337363541126251,-0.1217278465628624,0.36856481432914734,0.3619230389595032,-0.12223454564809799,0.3541228175163269,0.2960893511772156,-0.12333063036203384
0.49639999866485596,0.7159267663955688,-6.0344763141984e-07,0.5596656799316406,0.6331019401550293,-0.007890979759395123,0.6213790774345398,0.5041673183441162,-0.02730085887014866,0.655167281627655,0.3994978666305542,-0.04419119283556938,0.7152889370918274,0.3675384521484375,-0.05784169211983681,0.6056316494941711,0.48268842697143555,-0.07725586742162704,0.5253913402557373,0.3377934694290161,-0.11132395267486572,0.5151171088218689,0.3962820768356323,-0.11538521945476532,0.5374110341072083,0.44117310643196106,-0.11419690400362015,0.5509597659111023,0.5127175450325012,-0.08678790181875229,0.4713827669620514,0.3671454191207886,-0.11929048597812653,0.4678409695625305,0.42529094219207764,-0.10812371224164963,0.4908580780029297,0.46562400460243225,-0.10023469477891922,0.4905480146408081,0.541546642780304,-0.09514076262712479,0.4250028133392334,0.4094853103160858,-0.12094886600971222,0.4231785237789154,0.4609929323196411,-0.10074187815189362,0.446513831615448,0.5042154788970947,-0.08672749251127243,0.43092110753059387,0.5626524686813354,-0.10307412594556808,0.39034831523895264,0.43546998500823975,-0.12253903597593307,0.3636431396007538,0.36600762605667114,-0.12343668192625046,0.34662729501724243,0.3034316301345825,-0.12441451847553253
0.4973980784416199,0.7161651849746704,-6.158946348477912e-07,0.5597860813140869,0.6343391537666321,-0.006167090032249689,0.6211241483688354,0.5040377974510193,-0.024626143276691437,0.6556203365325928,0.39847424626350403,-0.04086333140730858,0.7151933908462524,0.36568987369537354,-0.05423383414745331,0.6068498492240906,0.4810289144515991,-0.07461701333522797,0.525824785232544,0.3382108211517334,-0.1094493493437767,0.5158953666687012,0.3976562023162842,-0.11565527319908142,0.5390884280204773,0.4413803815841675,-0.11603366583585739,0.5530669689178467,0.5106845498085022,-0.08456166833639145,0.47260725498199463,0.36821693181991577,-0.11582688242197037,0.46884042024612427,0.42726317048072815,-0.10477478057146072,0.49213236570358276,0.4659266471862793,-0.09744250029325485,0.49283283948898315,0.5400704145431519,-0.09343178570270538,0.42707163095474243,0.41081640124320984,-0.1177670806646347,0.42559483647346497,0.46325787901878357,-0.09738606214523315,0.4496918022632599,0.5062722563743591,-0.08377578854560852,0.43297484517097473,0.5619972944259644,-0.10181467235088348,0.3904293477535248,0.43560951948165894,-0.11985836178064346,0.3643658757209778,0.3649354577064514,-0.12050975859165192,0.3492557406425476,0.30034589767456055,-0.12170135229825974
0.495131254196167,0.7167524099349976,-6.112103960731474e-07,0.5582532286643982,0.6331332921981812,-0.008208388462662697,0.618087112903595,0.5025184154510498,-0.027765002101659775,0.6505473852157593,0.3973289728164673,-0.04444364458322525,0.7095106244087219,0.3641135096549988,-0.0575217641890049,0.6008048057556152,0.48495832085609436,-0.0809582844376564,0.5205937027931213,0.33950144052505493,-0.11376119405031204,0.5101621747016907,0.3967815339565277,-0.11494482308626175,0.5321370363235474,0.4419691860675812,-0.11220956593751907,0.5472031235694885,0.5179890394210815,-0.09025619924068451,0.46634307503700256,0.37039831280708313,-0.122838594019413,0.46272656321525574,0.4281347692012787,-0.11010155081748962,0.4855513274669647,0.4687344431877136,-0.10142742097377777,0.4873810410499573,0.5489182472229004,-0.09816130250692368,0.4204203486442566,0.41386833786964417,-0.12411034852266312,0.4191111922264099,0.4661524295806885,-0.10286103934049606,0.44227319955825806,0.5092383623123169,-0.08859322965145111,0.4283771216869354,0.5714042782783508,-0.10561682283878326,0.38624364137649536,0.44596996903419495,-0.12704333662986755,0.35915040969848633,0.3767949640750885,-0.12968899309635162,0.34142249822616577,0.31244826316833496,-0.13215112686157227
0.4949091970920563,0.7185967564582825,-6.252168986975448e-07,0.5582011342048645,0.634579062461853,-0.007812481373548508,0.6182336211204529,0.5037403106689453,-0.0265988539904356,0.6502512693405151,0.397124320268631,-0.04251033440232277,0.7087939977645874,0.36220768094062805,-0.05500974878668785,0.6019770503044128,0.4839208722114563,-0.07857231795787811,0.5199168920516968,0.3399924039840698,-0.1119208112359047,0.5100587010383606,0.3982812166213989,-0.11500642448663712,0.5325965285301208,0.4430800676345825,-0.11341585963964462,0.5473876595497131,0.5159143805503845,-0.08782487362623215,0.4649621844291687,0.3697686195373535,-0.12068384885787964,0.4617864489555359,0.42938658595085144,-0.10933583974838257,0.4852786660194397,0.4709005355834961,-0.1011626347899437,0.48737120628356934,0.5464001893997192,-0.09574295580387115,0.4202486276626587,0.41497868299484253,-0.12157532572746277,0.4201365113258362,0.46810004115104675,-0.10138460248708725,0.4449116289615631,0.5111477375030518,-0.08749628812074661,0.428486168384552,0.5691786408424377,-0.10315831005573273,0.3849644660949707,0.4449408948421478,-0.12329333275556564,0.35707032680511475,0.3760547935962677,-0.12535138428211212,0.3393816351890564,0.3119891881942749,-0.12726673483848572
0.4917577803134918,0.7218292951583862,-6.273132839851314e-07,0.5561298727989197,0.6381981372833252,-0.00914006493985653,0.6144699454307556,0.5039681196212769,-0.028112076222896576,0.645598828792572,0.3962220251560211,-0.04393470659852028,0.7052218914031982,0.36116036772727966,-0.05599021911621094,0.5978725552558899,0.48557883501052856,-0.08003232628107071,0.5135853886604309,0.3405701220035553,-0.11382389068603516,0.5048587918281555,0.39926233887672424,-0.11665438860654831,0.5283849239349365,0.444020539522171,-0.11496233195066452,0.5437824726104736,0.5185773372650146,-0.08829593658447266,0.45917022228240967,0.37313294410705566,-0.12053947895765305,0.45674121379852295,0.430928498506546,-0.10824847966432571,0.48094701766967773,0.46951308846473694,-0.10015404224395752,0.4838985800743103,0.5503101348876953,-0.09548825025558472,0.4143773019313812,0.41774457693099976,-0.12139484286308289,0.4130792021751404,0.4699486196041107,-0.10060068964958191,0.436688095331192,0.5114649534225464,-0.08668794482946396,0.4255359172821045,0.5743708610534668,-0.1023327112197876,0.3813278377056122,0.45159029960632324,-0.12342450022697449,0.35318517684936523,0.3844555616378784,-0.12606430053710938,0.3347720205783844,0.3217528164386749,-0.12846939265727997
0.49228158593177795,0.7222443222999573,-6.29447640676517e-07,0.5556420683860779,0.6381356716156006,-0.009488298557698727,0.6140496730804443,0.5035605430603027,-0.029085354879498482,0.6452106833457947,0.3943042457103729,-0.0452718548476696,0.7058041095733643,0.35970014333724976,-0.05782372131943703,0.6000055074691772,0.4853113293647766,-0.08245938271284103,0.514007031917572,0.3396785259246826,-0.11767375469207764,0.5049433708190918,0.3988475203514099,-0.12193431705236435,0.5289064645767212,0.44249293208122253,-0.12124866992235184,0.5451098084449768,0.5188035368919373,-0.09083928912878036,0.4583382308483124,0.3711432218551636,-0.12402749061584473,0.454764723777771,0.4302525520324707,-0.11164774000644684,0.4795151650905609,0.46962079405784607,-0.10332189500331879,0.4840419590473175,0.5509519577026367,-0.09813139587640762,0.41316714882850647,0.4169045686721802,-0.12416809797286987,0.4105958640575409,0.4696102440357208,-0.10264009982347488,0.4350925385951996,0.5120723843574524,-0.08821170777082443,0.42463576793670654,0.5752166509628296,-0.10513433068990707,0.37911611795425415,0.45098865032196045,-0.126296266913414,0.35002458095550537,0.3825021982192993,-0.1286962479352951,0.3324018716812134,0.3189522325992584,-0.13084132969379425
0.4937978684902191,0.7235525846481323,-6.442161861741624e-07,0.5564475655555725,0.6361808776855469,-0.00985486526042223,0.6116572022438049,0.5005130767822266,-0.02988763153553009,0.6413976550102234,0.3923620581626892,-0.04627504199743271,0.7000501751899719,0.3549424409866333,-0.058668989688158035,0.5964733958244324,0.48430952429771423,-0.0853133499622345,0.5062711238861084,0.33939722180366516,-0.12009161710739136,0.49685874581336975,0.39882221817970276,-0.12243492901325226,0.520731508731842,0.4441806375980377,-0.12064428627490997,0.5440177917480469,0.521183967590332,-0.09373379498720169,0.4523943066596985,0.37600499391555786,-0.12689869105815887,0.45024722814559937,0.4339240491390228,-0.11354728788137436,0.47625914216041565,0.47130027413368225,-0.10514770448207855,0.48382270336151123,0.5567032098770142,-0.10098503530025482,0.40889039635658264,0.426987886428833,-0.1283978819847107,0.4090602397918701,0.4789687395095825,-0.1068868562579155,0.4351746439933777,0.5189963579177856,-0.09263430535793304,0.42451053857803345,0.58403080701828,-0.10776432603597641,0.3762470781803131,0.46103647351264954,-0.13162736594676971,0.34652408957481384,0.39299362897872925,-0.1350896656513214,0.3274499773979187,0.32810091972351074,-0.13790878653526306
0.49376344680786133,0.7221986055374146,-6.488012331828941e-07,0.5555444359779358,0.6349210739135742,-0.009611505083739758,0.6112375259399414,0.49919208884239197,-0.029314074665308,0.6410098075866699,0.3908202648162842,-0.0454661101102829,0.6999284029006958,0.35457107424736023,-0.057744625955820084,0.5972633957862854,0.4835858941078186,-0.08415565639734268,0.5080746412277222,0.3396115303039551,-0.11928584426641464,0.4986779987812042,0.3995249569416046,-0.12227959930896759,0.522764265537262,0.443328320980072,-0.12091521918773651,0.5439991354942322,0.5198037624359131,-0.09290417283773422,0.45287272334098816,0.37395140528678894,-0.126553475856781,0.45027101039886475,0.43312087655067444,-0.11340204626321793,0.47641631960868835,0.4710109531879425,-0.10469231754541397,0.4833984971046448,0.554982602596283,-0.10060250014066696,0.40949463844299316,0.42607370018959045,-0.1285303235054016,0.4107154905796051,0.47865623235702515,-0.10726239532232285,0.4382849633693695,0.5182056427001953,-0.09278301894664764,0.4239007234573364,0.5817724466323853,-0.10781088471412659,0.3760218620300293,0.4599199891090393,-0.13117919862270355,0.3454121947288513,0.39284759759902954,-0.134236678481102,0.3256722688674927,0.3280552625656128,-0.13676898181438446
0.5051913261413574,0.7348284125328064,-6.194567845341226e-07,0.5587524175643921,0.6400971412658691,-0.008476515300571918,0.6009613871574402,0.49347996711730957,-0.03013824112713337,0.6263223886489868,0.3792761564254761,-0.049996647983789444,0.6827878952026367,0.34089910984039307,-0.0674077644944191,0.5867706537246704,0.48062169551849365,-0.08283235877752304,0.4924072027206421,0.33854836225509644,-0.12368116527795792,0.48883044719696045,0.3996225595474243,-0.13504596054553986,0.5159153938293457,0.4451758861541748,-0.1391252726316452,0.5373521447181702,0.5194822549819946,-0.09380777925252914,0.44335275888442993,0.38492077589035034,-0.12691143155097961,0.44545140862464905,0.441051185131073,-0.11703315377235413,0.47150230407714844,0.4776034951210022,-0.11256881803274155,0.47931256890296936,0.5603739619255066,-0.104222871363163,0.40306854248046875,0.4368631839752197,-0.12797629833221436,0.40281593799591064,0.486015647649765,-0.10787392407655716,0.4272894859313965,0.5277469158172607,-0.09680769592523575,0.4227410554885864,0.5965332388877869,-0.11479884386062622,0.3704349100589752,0.4756382405757904,-0.1349925547838211,0.3352888524532318,0.4058842062950134,-0.13797268271446228,0.31070494651794434,0.34458351135253906,-0.1417773962020874
0.5040404796600342,0.7328000068664551,-6.410469950424158e-07,0.5536035895347595,0.63578200340271,-0.004177603404968977,0.5962357521057129,0.49092432856559753,-0.02359209954738617,0.6251521110534668,0.38188636302948,-0.042221151292324066,0.6824935674667358,0.34206318855285645,-0.05855919048190117,0.5880679488182068,0.47561365365982056,-0.07329189777374268,0.49539613723754883,0.34067463874816895,-0.11005998402833939,0.48763495683670044,0.39793169498443604,-0.1179693192243576,0.5123168230056763,0.4398321509361267,-0.11903226375579834,0.5402870178222656,0.5146976113319397,-0.0856894999742508,0.44924992322921753,0.3827918767929077,-0.11831803619861603,0.4468385577201843,0.4386849105358124,-0.109458789229393,0.4693305492401123,0.4759635329246521,-0.10341306775808334,0.48453086614608765,0.5568922162055969,-0.0968441516160965,0.4077870845794678,0.43797844648361206,-0.12061598896980286,0.407970666885376,0.49021998047828674,-0.10038666427135468,0.43188223242759705,0.5308942198753357,-0.08708512783050537,0.42827004194259644,0.5924463868141174,-0.1075674518942833,0.3711867928504944,0.4774430990219116,-0.12398748099803925,0.33854782581329346,0.4101315438747406,-0.1238708347082138,0.31811267137527466,0.3458198010921478,-0.12504942715168
0.5258417129516602,0.7323054075241089,-6.820434350629512e-07,0.5542163252830505,0.6196346282958984,-0.011482090689241886,0.5756925940513611,0.46753156185150146,-0.03452162817120552,0.5962755084037781,0.3551012873649597,-0.05428866669535637,0.6507732272148132,0.3021887540817261,-0.0717238336801529,0.5696163773536682,0.45231717824935913,-0.09581548720598221,0.44227519631385803,0.3535597324371338,-0.12975524365901947,0.43215781450271606,0.4113909900188446,-0.12931504845619202,0.4564807116985321,0.44575202465057373,-0.12626904249191284,0.5353518724441528,0.5093755125999451,-0.10541554540395737,0.4060152769088745,0.4144093096256256,-0.13849061727523804,0.403185099363327,0.46771398186683655,-0.12567058205604553,0.42722877860069275,0.4954453706741333,-0.1199444979429245,0.4893763065338135,0.5706640481948853,-0.11332077533006668,0.3814612627029419,0.4751960039138794,-0.14396315813064575,0.37373489141464233,0.5193355679512024,-0.1275407075881958,0.3929760754108429,0.5504312515258789,-0.11835082620382309,0.44325852394104004,0.6279435157775879,-0.12019915878772736,0.37015897035598755,0.5291342735290527,-0.1493198126554489,0.3210902214050293,0.46675074100494385,-0.15624579787254333,0.2831394672393799,0.4088587462902069,-0.16173714399337769
0.5232990384101868,0.7341839075088501,-6.080820753595617e-07,0.5521922707557678,0.6212145686149597,-0.005321885459125042,0.5727251768112183,0.4699039161205292,-0.031885139644145966,0.5932191610336304,0.3628495931625366,-0.05672173947095871,0.6472192406654358,0.3122209906578064,-0.07955967634916306,0.5754222869873047,0.452493816614151,-0.10120466351509094,0.44940274953842163,0.3469783663749695,-0.13715766370296478,0.44647014141082764,0.40885481238365173,-0.13669472932815552,0.47623932361602783,0.4426633417606354,-0.13298435509204865,0.5407814383506775,0.5106289386749268,-0.11547650396823883,0.4131426215171814,0.41033828258514404,-0.14831428229808807,0.4161415696144104,0.4634506404399872,-0.1319083422422409,0.4455975592136383,0.4907282590866089,-0.12379355728626251,0.4910927712917328,0.5721067786216736,-0.12711894512176514,0.3842880427837372,0.47063112258911133,-0.14851948618888855,0.3866605758666992,0.5216395854949951,-0.12314490228891373,0.41684889793395996,0.5577234029769897,-0.11033079773187637,0.439192533493042,0.6254409551620483,-0.13836070895195007,0.3690086603164673,0.5197370648384094,-0.1568433791399002,0.3231951594352722,0.4573690593242645,-0.15761986374855042,0.29059892892837524,0.40022385120391846,-0.16094890236854553
0.5292078852653503,0.7224439978599548,-6.897802222738392e-07,0.5547959208488464,0.6094245910644531,-0.010698927566409111,0.5633865594863892,0.4569207429885864,-0.03129301592707634,0.5767326354980469,0.34582430124282837,-0.04881368577480316,0.6237393617630005,0.2846219539642334,-0.0626622810959816,0.5586112141609192,0.4417268931865692,-0.08997729420661926,0.42433634400367737,0.36110639572143555,-0.12593626976013184,0.4300658702850342,0.42186588048934937,-0.12866337597370148,0.46557608246803284,0.4550495147705078,-0.12851114571094513,0.532799243927002,0.5038434267044067,-0.09983731061220169,0.38636672496795654,0.4288155138492584,-0.13418351113796234,0.40365737676620483,0.48575347661972046,-0.120554119348526,0.44181516766548157,0.505520761013031,-0.11416906863451004,0.49348488450050354,0.571439266204834,-0.10910211503505707,0.3704158067703247,0.49518656730651855,-0.1413133144378662,0.3875798285007477,0.5424725413322449,-0.12299318611621857,0.4243828058242798,0.5678593516349792,-0.11218495666980743,0.45421987771987915,0.635593593120575,-0.1177920550107956,0.3665279448032379,0.5545638203620911,-0.1516181081533432,0.31038862466812134,0.506323516368866,-0.16082541644573212,0.2650534510612488,0.4591732919216156,-0.16745127737522125
0.5247330069541931,0.724132776260376,-7.467781983905297e-07,0.5551531314849854,0.6107524633407593,-0.006272078491747379,0.5653892159461975,0.45796480774879456,-0.02579418197274208,0.5766116380691528,0.3498857021331787,-0.04310625046491623,0.6197823882102966,0.28951889276504517,-0.05697121098637581,0.5615768432617188,0.43737080693244934,-0.08904565125703812,0.42650681734085083,0.36035293340682983,-0.1255428045988083,0.4331902861595154,0.42392659187316895,-0.12940865755081177,0.4693933129310608,0.4538666605949402,-0.13033774495124817,0.5347512364387512,0.5002413392066956,-0.10144469141960144,0.3872947692871094,0.428087055683136,-0.13749781250953674,0.4039449095726013,0.4864245653152466,-0.12475370615720749,0.44256293773651123,0.5058079957962036,-0.11857488751411438,0.4943285882472992,0.5690759420394897,-0.11258482187986374,0.36943626403808594,0.4964839518070221,-0.14293861389160156,0.3871327340602875,0.5465838313102722,-0.12258999794721603,0.4256927967071533,0.5734645128250122,-0.11062487959861755,0.4528599679470062,0.6340329051017761,-0.12311505526304245,0.3676068186759949,0.5516275763511658,-0.15484246611595154,0.31223583221435547,0.5017402768135071,-0.1629723757505417,0.2689577341079712,0.4515208601951599,-0.1689712107181549
0.5384677648544312,0.7173373699188232,-7.373302537416748e-07,0.5627028942108154,0.600944459438324,-0.007638747803866863,0.5659763813018799,0.44751182198524475,-0.026775168254971504,0.5720560550689697,0.3365892171859741,-0.043460965156555176,0.6197994947433472,0.27655094861984253,-0.05725504085421562,0.5613259077072144,0.43869104981422424,-0.08335518091917038,0.4280337691307068,0.3672296702861786,-0.115171879529953,0.43401989340782166,0.42455559968948364,-0.115471251308918,0.46784019470214844,0.4558447599411011,-0.11369474977254868,0.5356181263923645,0.5024219751358032,-0.09435147792100906,0.392927348613739,0.43674013018608093,-0.12410180270671844,0.41003164649009705,0.4899950623512268,-0.10992623120546341,0.4467269480228424,0.5076799392700195,-0.10389479249715805,0.4976348578929901,0.57127445936203,-0.10451456159353256,0.37751108407974243,0.5067750215530396,-0.1330312043428421,0.39848315715789795,0.550753653049469,-0.1158672422170639,0.43703362345695496,0.5723801255226135,-0.10688306391239166,0.4586421251296997,0.6352970004081726,-0.11371906101703644,0.3685801327228546,0.5559127330780029,-0.14353610575199127,0.31298479437828064,0.5125969052314758,-0.15139620006084442,0.26737475395202637,0.46796923875808716,-0.15818987786769867
0.5356461405754089,0.7220911383628845,-7.630325740137778e-07,0.5616915822029114,0.6069192886352539,-0.00709477998316288,0.5660079717636108,0.4515489935874939,-0.026420291513204575,0.5725722312927246,0.34029579162597656,-0.04349980875849724,0.6195499897003174,0.279941201210022,-0.05741652101278305,0.564917266368866,0.43669393658638,-0.08619225025177002,0.42815619707107544,0.3673538565635681,-0.12178438901901245,0.4350299537181854,0.42776915431022644,-0.12423785030841827,0.4710913300514221,0.45705413818359375,-0.1234961748123169,0.5394232273101807,0.5016219615936279,-0.09787967056035995,0.3914982080459595,0.4375196099281311,-0.13269448280334473,0.40785157680511475,0.49218589067459106,-0.11956324428319931,0.44633838534355164,0.5085209012031555,-0.11301544308662415,0.5008544921875,0.5723205804824829,-0.10855308920145035,0.37472566962242126,0.5066032409667969,-0.1399097740650177,0.391690194606781,0.5523184537887573,-0.12085269391536713,0.4300881326198578,0.573754072189331,-0.10920021682977676,0.4603753089904785,0.6380479335784912,-0.11835253238677979,0.3698842227458954,0.5570143461227417,-0.14873620867729187,0.3132168650627136,0.5106241703033447,-0.15565016865730286,0.26975202560424805,0.4635627269744873,-0.16090276837348938
0.5442608594894409,0.727271556854248,-7.986176910890208e-07,0.5664483904838562,0.6098060011863708,-0.0065229181200265884,0.5689294934272766,0.4541284143924713,-0.02675211802124977,0.5750191807746887,0.3406935930252075,-0.04410436004400253,0.620419979095459,0.2770388722419739,-0.05795842036604881,0.5695977210998535,0.4398669898509979,-0.09295628219842911,0.43425077199935913,0.3663325309753418,-0.12524612247943878,0.4391513764858246,0.4285471439361572,-0.12339231371879578,0.4729548692703247,0.45936381816864014,-0.12073906511068344,0.5467703342437744,0.5042778849601746,-0.10446345806121826,0.39669618010520935,0.4341188669204712,-0.13514254987239838,0.4114214777946472,0.49220672249794006,-0.11760570853948593,0.44843825697898865,0.5113949179649353,-0.10973960906267166,0.5093526244163513,0.5748939514160156,-0.11432892829179764,0.3826674818992615,0.5055243968963623,-0.14038552343845367,0.39958456158638,0.5536759495735168,-0.11861305683851242,0.4376901686191559,0.579115629196167,-0.10776504129171371,0.4704396426677704,0.6398579478263855,-0.12342573702335358,0.3800482451915741,0.5594687461853027,-0.1522011160850525,0.32330289483070374,0.5121378898620605,-0.15980547666549683,0.2782091498374939,0.46557727456092834,-0.16702181100845337
0.5431039929389954,0.7233231663703918,-7.863944802011247e-07,0.5658102035522461,0.6062508821487427,-0.0076302955858409405,0.5681518912315369,0.45196402072906494,-0.028255801647901535,0.5752567052841187,0.3388698995113373,-0.046337079256772995,0.6218498349189758,0.27763649821281433,-0.061021219938993454,0.5719122886657715,0.44162869453430176,-0.09150087088346481,0.4369262158870697,0.36440685391426086,-0.12625785171985626,0.4411287009716034,0.42612192034721375,-0.12700049579143524,0.4747605621814728,0.4580738842487335,-0.1258859485387802,0.5479202270507812,0.5045367479324341,-0.10299075394868851,0.3985404372215271,0.4342476427555084,-0.13681820034980774,0.41228947043418884,0.4904261529445648,-0.12198613584041595,0.44892358779907227,0.5096042156219482,-0.11539489030838013,0.5094632506370544,0.5744489431381226,-0.11328557133674622,0.3836391270160675,0.5055117607116699,-0.1433003544807434,0.39963066577911377,0.5522618293762207,-0.12385045737028122,0.43691015243530273,0.5765320062637329,-0.11333321779966354,0.4696659743785858,0.6389610171318054,-0.12281940132379532,0.38042324781417847,0.5608755350112915,-0.1542544811964035,0.32304829359054565,0.5133260488510132,-0.16336634755134583,0.27734166383743286,0.4656464755535126,-0.17110010981559753
0.5480561852455139,0.7287719249725342,-7.842184572837141e-07,0.5741260647773743,0.6119253039360046,-0.00768357515335083,0.5778812766075134,0.45581042766571045,-0.0281212255358696,0.5825259685516357,0.34143224358558655,-0.04561363160610199,0.6310493350028992,0.28027641773223877,-0.05965762957930565,0.5782761573791504,0.44255080819129944,-0.0923374593257904,0.4423457980155945,0.36690419912338257,-0.12698279321193695,0.44906187057495117,0.42929548025131226,-0.12713438272476196,0.4843156337738037,0.4588429033756256,-0.12511757016181946,0.5520190596580505,0.5066969990730286,-0.10358649492263794,0.40418797731399536,0.4337129294872284,-0.13659590482711792,0.4188140332698822,0.4912261366844177,-0.12092725932598114,0.45595797896385193,0.5100040435791016,-0.11338092386722565,0.5124940276145935,0.576571524143219,-0.11342008411884308,0.3887254297733307,0.5059957504272461,-0.14218835532665253,0.4047766923904419,0.5545316338539124,-0.12182295322418213,0.44285452365875244,0.5791985988616943,-0.11060567200183868,0.4715229570865631,0.6402411460876465,-0.12242307513952255,0.38275593519210815,0.557660698890686,-0.15119223296642303,0.32630977034568787,0.5100533962249756,-0.1581023633480072,0.2820970118045807,0.4627217650413513,-0.16422413289546967
0.547583818435669,0.7261691093444824,-7.789893174958706e-07,0.5733568072319031,0.6093045473098755,-0.0073364367708563805,0.5768839120864868,0.45532360672950745,-0.027626121416687965,0.5834872126579285,0.3429732322692871,-0.04521488398313522,0.6288362741470337,0.28088533878326416,-0.059490881860256195,0.5780206322669983,0.44298040866851807,-0.09251436591148376,0.44434621930122375,0.364460289478302,-0.12706029415130615,0.449876993894577,0.4256316125392914,-0.12772446870803833,0.4837897717952728,0.45721450448036194,-0.1263936460018158,0.5523015856742859,0.5071377754211426,-0.10413239151239395,0.405422180891037,0.4331094026565552,-0.1376383900642395,0.4195776879787445,0.48885849118232727,-0.1229824349284172,0.45627710223197937,0.5082277059555054,-0.11642167717218399,0.5129948258399963,0.5776625275611877,-0.11422555893659592,0.38918280601501465,0.5055225491523743,-0.1440729945898056,0.4035097658634186,0.5524972081184387,-0.12444088608026505,0.4395143389701843,0.5773740410804749,-0.11363302171230316,0.4722974896430969,0.6421897411346436,-0.12341722100973129,0.3840762972831726,0.559565544128418,-0.15423168241977692,0.32756394147872925,0.5110474228858948,-0.16216367483139038,0.2827467620372772,0.4635070562362671,-0.16881757974624634
0.5467895865440369,0.7301765084266663,-7.786705396028992e-07,0.5748323202133179,0.6140924096107483,-0.0059357271529734135,0.5834632515907288,0.4581226408481598,-0.025292223319411278,0.5900890231132507,0.34672191739082336,-0.042105309665203094,0.6347616910934448,0.28426384925842285,-0.05508514866232872,0.5802536010742188,0.44467681646347046,-0.09248130768537521,0.44910112023353577,0.36483126878738403,-0.1255541890859604,0.45494940876960754,0.42621326446533203,-0.12349134683609009,0.4892524778842926,0.45791250467300415,-0.12022086977958679,0.5519819855690002,0.5092194676399231,-0.10504655539989471,0.40713775157928467,0.43126243352890015,-0.13862556219100952,0.4216371476650238,0.4880630671977997,-0.12257475405931473,0.45909664034843445,0.5082451701164246,-0.11464391648769379,0.5112112760543823,0.5790431499481201,-0.11575019359588623,0.3885542154312134,0.5039031505584717,-0.144364133477211,0.4027778208255768,0.5535367727279663,-0.12228447198867798,0.43902328610420227,0.5806113481521606,-0.10987282544374466,0.46933531761169434,0.642524242401123,-0.12566736340522766,0.3854075074195862,0.554816484451294,-0.15579235553741455,0.33150148391723633,0.501785933971405,-0.16292190551757812,0.2889299988746643,0.4505981504917145,-0.1688675433397293
0.546549916267395,0.7303382158279419,-7.704649078732473e-07,0.5742271542549133,0.615273118019104,-0.005829588044434786,0.5814397931098938,0.45899447798728943,-0.0255698561668396,0.5897592306137085,0.34711194038391113,-0.043268851935863495,0.6347759962081909,0.2850668430328369,-0.0574590265750885,0.5824667811393738,0.44427645206451416,-0.0906568318605423,0.44899266958236694,0.364540159702301,-0.12609592080116272,0.45412611961364746,0.42710554599761963,-0.12720897793769836,0.4884621798992157,0.45921605825424194,-0.12589000165462494,0.5549207329750061,0.5086316466331482,-0.10354606062173843,0.4096181392669678,0.4329756796360016,-0.13814161717891693,0.42289137840270996,0.49093472957611084,-0.12346389144659042,0.45959246158599854,0.5104596018791199,-0.11653885245323181,0.5130292773246765,0.5787229537963867,-0.11496075987815857,0.3896404206752777,0.5046678781509399,-0.14488431811332703,0.40184229612350464,0.5545811653137207,-0.1233820989727974,0.43669962882995605,0.5813243985176086,-0.11098100244998932,0.46938276290893555,0.6428588628768921,-0.12556003034114838,0.3852682113647461,0.5544276237487793,-0.15627658367156982,0.33132898807525635,0.5013024210929871,-0.16330723464488983,0.2892630994319916,0.44980746507644653,-0.16890425980091095
0.545349657535553,0.7288949489593506,-7.504852419515373e-07,0.5772444009780884,0.6135358810424805,-0.006046487484127283,0.5865859985351562,0.4571931064128876,-0.02482564188539982,0.5952287316322327,0.34549927711486816,-0.04125234857201576,0.640896201133728,0.2864220142364502,-0.05430663749575615,0.5833700299263,0.4463103413581848,-0.08813353627920151,0.45151519775390625,0.3624851703643799,-0.1228509396314621,0.45837393403053284,0.4234028160572052,-0.12427007406949997,0.4935932755470276,0.45606178045272827,-0.12265138328075409,0.55138099193573,0.5110675096511841,-0.10029055923223495,0.4101162850856781,0.42890000343322754,-0.13408754765987396,0.42569637298583984,0.4848770499229431,-0.1203792467713356,0.4627188444137573,0.5062522888183594,-0.11335378885269165,0.5082017779350281,0.5798240900039673,-0.1108998954296112,0.38999319076538086,0.5021362900733948,-0.14064960181713104,0.4053463935852051,0.5493543744087219,-0.12114664912223816,0.4413241744041443,0.5744315981864929,-0.10934625566005707,0.46436601877212524,0.6422668099403381,-0.1204838976264,0.3809093236923218,0.5509487986564636,-0.14864876866340637,0.3282402753829956,0.5002548694610596,-0.15405920147895813,0.2866915464401245,0.4511888325214386,-0.15845803916454315
0.5451155304908752,0.7299365997314453,-7.643737944817985e-07,0.5761826038360596,0.6147060990333557,-0.005638410337269306,0.5858218669891357,0.45827364921569824,-0.024595512077212334,0.595008134841919,0.3468221426010132,-0.041291989386081696,0.6406221389770508,0.28707021474838257,-0.054611191153526306,0.5838030576705933,0.44556280970573425,-0.08893295377492905,0.45176243782043457,0.3619610071182251,-0.1236221194267273,0.4575870931148529,0.4233219623565674,-0.12463028728961945,0.4924052357673645,0.4561123549938202,-0.1228993833065033,0.5525760650634766,0.5102839469909668,-0.10141149163246155,0.40974172949790955,0.4291062653064728,-0.13538485765457153,0.4245803952217102,0.48611122369766235,-0.12107618898153305,0.4616222083568573,0.50711989402771,-0.11375937610864639,0.50956130027771,0.5794737935066223,-0.11228744685649872,0.38902658224105835,0.5019497871398926,-0.14212645590305328,0.4038656949996948,0.5497358441352844,-0.12178653478622437,0.4397370517253876,0.5751413106918335,-0.10955256223678589,0.4654545783996582,0.642631471157074,-0.12213502079248428,0.38081789016723633,0.5505836009979248,-0.1509121060371399,0.32755768299102783,0.49949881434440613,-0.15642376244068146,0.2858442962169647,0.4500984251499176,-0.16087356209754944
0.5413194894790649,0.7272377014160156,-7.567221018689452e-07,0.574999988079071,0.6132842898368835,-0.005771170370280743,0.5850721001625061,0.45806825160980225,-0.02473970130085945,0.5939949154853821,0.3474475145339966,-0.04139208421111107,0.6390283107757568,0.28839534521102905,-0.05467624589800835,0.5839595794677734,0.4487289488315582,-0.08968514204025269,0.45283448696136475,0.3644565939903259,-0.1253921240568161,0.4584433138370514,0.424770325422287,-0.1274864375591278,0.4925389587879181,0.4572594463825226,-0.12659144401550293,0.5519504547119141,0.5112693905830383,-0.10169804841279984,0.41188845038414,0.43144872784614563,-0.135980486869812,0.426656574010849,0.4869895577430725,-0.12204748392105103,0.4629150629043579,0.5066953301429749,-0.11534987390041351,0.5080033540725708,0.5785810351371765,-0.11219051480293274,0.39035362005233765,0.5007802248001099,-0.14237461984157562,0.40533822774887085,0.5486167669296265,-0.1224365308880806,0.4405894875526428,0.5746206045150757,-0.11069952696561813,0.4630615711212158,0.6394343376159668,-0.1216849759221077,0.38076555728912354,0.5509715676307678,-0.15202800929546356,0.3285137414932251,0.5003716945648193,-0.15922178328037262,0.28741323947906494,0.4507494568824768,-0.16479572653770447
0.5436538457870483,0.7269026637077332,-7.582418675156077e-07,0.5748634338378906,0.6126880645751953,-0.0066452487371861935,0.5847863554954529,0.4575013220310211,-0.02632065676152706,0.5936402082443237,0.34549084305763245,-0.043364521116018295,0.6401727795600891,0.2864007353782654,-0.057182636111974716,0.5831741690635681,0.44880884885787964,-0.09085126221179962,0.45133233070373535,0.3640575706958771,-0.12606312334537506,0.4565763771533966,0.4243409037590027,-0.12744943797588348,0.4907025396823883,0.4569242596626282,-0.12617577612400055,0.5518599152565002,0.51079922914505,-0.10256343334913254,0.4105730652809143,0.43011152744293213,-0.13602042198181152,0.4249899983406067,0.48599570989608765,-0.12162292003631592,0.46111568808555603,0.506175696849823,-0.1148478165268898,0.508752167224884,0.5776839852333069,-0.11282157897949219,0.3906376361846924,0.4997756779193878,-0.143090158700943,0.4072178304195404,0.5474867820739746,-0.12401286512613297,0.4440346658229828,0.5735257863998413,-0.11314481496810913,0.46512120962142944,0.6384773254394531,-0.12201197445392609,0.38021332025527954,0.5512550473213196,-0.15270592272281647,0.32635271549224854,0.5021921992301941,-0.16050048172473907,0.28378161787986755,0.4533229470252991,-0.1667989045381546
0.5452926754951477,0.7326549887657166,-7.556863579338824e-07,0.5757154822349548,0.6170457601547241,-0.008723185397684574,0.5858563780784607,0.45984941720962524,-0.028793007135391235,0.5921781063079834,0.34618079662323,-0.04577631875872612,0.6395784020423889,0.28522878885269165,-0.05895926058292389,0.5824578404426575,0.44665294885635376,-0.09051511436700821,0.4491933286190033,0.3659648299217224,-0.12511776387691498,0.45557090640068054,0.42699262499809265,-0.1251549869775772,0.49036523699760437,0.459810346364975,-0.12278135865926743,0.5522710084915161,0.5101045370101929,-0.10130716860294342,0.40817421674728394,0.4323732256889343,-0.13524611294269562,0.42345017194747925,0.49003735184669495,-0.12078148871660233,0.46102991700172424,0.5106915235519409,-0.11351275444030762,0.5096530318260193,0.5790450572967529,-0.11079332232475281,0.3890542685985565,0.5039533376693726,-0.14134110510349274,0.4046441316604614,0.552435040473938,-0.12142787128686905,0.4417051076889038,0.5784090161323547,-0.1095508262515068,0.46560078859329224,0.6430434584617615,-0.11943595111370087,0.38153156638145447,0.5540587902069092,-0.14968128502368927,0.32778114080429077,0.5026218295097351,-0.1564818024635315,0.2850577235221863,0.4524303376674652,-0.16174519062042236
0.5439143180847168,0.733281135559082,-7.478633961000014e-07,0.5752501487731934,0.6182482242584229,-0.008713673800230026,0.5847718715667725,0.45983022451400757,-0.028732648119330406,0.5916284322738647,0.3462033271789551,-0.04573242738842964,0.6392782330513,0.28579503297805786,-0.058712437748909,0.5815060138702393,0.4472906291484833,-0.0916329175233841,0.4485852122306824,0.36691731214523315,-0.12670134007930756,0.45589980483055115,0.4288717806339264,-0.12699417769908905,0.4913255572319031,0.4609900712966919,-0.1248755231499672,0.5517216324806213,0.5117451548576355,-0.10226815938949585,0.4081721901893616,0.43387722969055176,-0.136832132935524,0.42289257049560547,0.4913862347602844,-0.1221272274851799,0.46087679266929626,0.5110591650009155,-0.11479957401752472,0.5089308619499207,0.5812495946884155,-0.11152548342943192,0.3882255256175995,0.5032735466957092,-0.14167019724845886,0.40018197894096375,0.5519874095916748,-0.12035892903804779,0.43550997972488403,0.5789526700973511,-0.10760531574487686,0.46402421593666077,0.6451159715652466,-0.12013459950685501,0.38290420174598694,0.55342036485672,-0.15042762458324432,0.3293755352497101,0.4990241527557373,-0.1571163535118103,0.2876380681991577,0.4479365348815918,-0.162179097533226
0.5434886813163757,0.7299059629440308,-7.498510967707261e-07,0.5758266448974609,0.6137464046478271,-0.00870480202138424,0.5834035277366638,0.45675086975097656,-0.02915271185338497,0.5931169986724854,0.34532630443573,-0.046568144112825394,0.6416276693344116,0.28731799125671387,-0.0602954737842083,0.5845256447792053,0.44574210047721863,-0.09346233308315277,0.4502718448638916,0.36372536420822144,-0.13118937611579895,0.4579131305217743,0.42580991983413696,-0.1344694197177887,0.49445316195487976,0.4570825695991516,-0.13412924110889435,0.5538297295570374,0.5116051435470581,-0.10440148413181305,0.4095235764980316,0.4317115843296051,-0.14061425626277924,0.425195574760437,0.488339364528656,-0.12717238068580627,0.46351736783981323,0.5080012083053589,-0.12051091343164444,0.5105493664741516,0.5812103748321533,-0.11404414474964142,0.3893774449825287,0.5035610795021057,-0.145575612783432,0.40338000655174255,0.550961434841156,-0.12543167173862457,0.44000035524368286,0.5765116810798645,-0.11308180540800095,0.4658688008785248,0.6442306041717529,-0.12295257300138474,0.38130488991737366,0.5529477596282959,-0.15323519706726074,0.3277251422405243,0.49927034974098206,-0.15986502170562744,0.2869965434074402,0.44870835542678833,-0.16485600173473358
0.5450595021247864,0.7301982641220093,-7.62551394473121e-07,0.5745634436607361,0.6135193109512329,-0.009059235453605652,0.5822411179542542,0.45599299669265747,-0.030152814462780952,0.5929350256919861,0.3441106081008911,-0.04816683381795883,0.6422504186630249,0.2849540710449219,-0.06276541948318481,0.5844317078590393,0.4470613896846771,-0.09490279108285904,0.4494172930717468,0.3622853755950928,-0.13140083849430084,0.4545044004917145,0.4243624806404114,-0.13250304758548737,0.4893939793109894,0.4565463960170746,-0.13066385686397552,0.5544525384902954,0.5119766592979431,-0.10598600655794144,0.4090377688407898,0.43196025490760803,-0.14136888086795807,0.42378565669059753,0.48918983340263367,-0.12697266042232513,0.46093183755874634,0.5096865296363831,-0.11986849457025528,0.5114919543266296,0.581450343132019,-0.11573700606822968,0.39015549421310425,0.5061039328575134,-0.14762431383132935,0.40691623091697693,0.5542745590209961,-0.12817052006721497,0.44503089785575867,0.5803234577178955,-0.11653720587491989,0.4673621654510498,0.6442784070968628,-0.12455818802118301,0.3813494145870209,0.5534746050834656,-0.15532687306404114,0.3274933695793152,0.5011131167411804,-0.1622464656829834,0.28578877449035645,0.45102229714393616,-0.16775760054588318
0.5442277193069458,0.7293762564659119,-7.694474675190577e-07,0.5758470296859741,0.6142021417617798,-0.008771761320531368,0.5861759185791016,0.458474338054657,-0.029347965493798256,0.5931270718574524,0.34528958797454834,-0.046942345798015594,0.6416635513305664,0.28573036193847656,-0.06063200533390045,0.5848330855369568,0.44650766253471375,-0.09229402244091034,0.452536940574646,0.3645864725112915,-0.12877240777015686,0.458313524723053,0.426035076379776,-0.13042311370372772,0.493659645318985,0.4584093987941742,-0.12906266748905182,0.554358959197998,0.5101423263549805,-0.10328718274831772,0.409992516040802,0.43075132369995117,-0.13917219638824463,0.42519301176071167,0.4869401454925537,-0.12575066089630127,0.46325039863586426,0.5074043273925781,-0.11906580626964569,0.5125589966773987,0.5780389308929443,-0.11296167224645615,0.3899462819099426,0.5022239089012146,-0.14398044347763062,0.40436309576034546,0.5506481528282166,-0.12421766668558121,0.4418087601661682,0.5767491459846497,-0.11248166859149933,0.4699283242225647,0.6401798129081726,-0.12200570106506348,0.3839878439903259,0.5528569221496582,-0.15187740325927734,0.3292925953865051,0.5002409219741821,-0.15902380645275116,0.28732261061668396,0.4492665231227875,-0.16474278271198273
0.5457460880279541,0.7300719022750854,-7.702000175413559e-07,0.5759913921356201,0.6144980788230896,-0.008318115957081318,0.5858361124992371,0.4589582085609436,-0.028779800981283188,0.592716634273529,0.3457517623901367,-0.04627402871847153,0.6405995488166809,0.28470948338508606,-0.05992923676967621,0.5852157473564148,0.4450392425060272,-0.09247425943613052,0.4513581395149231,0.36411571502685547,-0.12841284275054932,0.45685577392578125,0.42603248357772827,-0.12913323938846588,0.4917169511318207,0.459033340215683,-0.1271524429321289,0.5553443431854248,0.5085420608520508,-0.10377313941717148,0.4096352756023407,0.43039602041244507,-0.13908742368221283,0.4244844913482666,0.48810064792633057,-0.1250866949558258,0.4622536301612854,0.5087300539016724,-0.11814402788877487,0.5133533477783203,0.5771381258964539,-0.11367373168468475,0.3900734782218933,0.5029069185256958,-0.14465604722499847,0.4050462245941162,0.5520995259284973,-0.12461156398057938,0.44301265478134155,0.5782070755958557,-0.11277968436479568,0.4700515866279602,0.6408632397651672,-0.12282196432352066,0.3837813436985016,0.5532181262969971,-0.1531868726015091,0.3294459581375122,0.5011358857154846,-0.16026028990745544,0.28780728578567505,0.45026376843452454,-0.16584806144237518
0.5444289445877075,0.7273727655410767,-7.578120175821823e-07,0.5772948265075684,0.6132044792175293,-0.008178181946277618,0.5880377292633057,0.45734745264053345,-0.02839375101029873,0.5965095162391663,0.3449012041091919,-0.04559807851910591,0.6430044770240784,0.28411829471588135,-0.05942576006054878,0.5852012634277344,0.4490240812301636,-0.09308294951915741,0.45451077818870544,0.3643874526023865,-0.12677668035030365,0.4602682590484619,0.42381319403648376,-0.12615013122558594,0.49432113766670227,0.45569396018981934,-0.12353989481925964,0.5538736581802368,0.5119566917419434,-0.1043659895658493,0.41353222727775574,0.43058571219444275,-0.1379057765007019,0.42741522192955017,0.484784871339798,-0.12377984821796417,0.46373385190963745,0.5063686966896057,-0.11713235080242157,0.5119069218635559,0.5793282389640808,-0.11391481757164001,0.3941952586174011,0.5007292628288269,-0.14338518679141998,0.4076961874961853,0.54746013879776,-0.1237553134560585,0.44256794452667236,0.5735490918159485,-0.11260970681905746,0.46990418434143066,0.6402091383934021,-0.12261268496513367,0.38537073135375977,0.5517346858978271,-0.15147075057029724,0.3328896462917328,0.5003647208213806,-0.15781423449516296,0.2922845184803009,0.45048487186431885,-0.16327017545700073
0.5444625616073608,0.7284598350524902,-7.711745979577245e-07,0.5759376883506775,0.6143229603767395,-0.008272312581539154,0.5867316722869873,0.4578111171722412,-0.02884766459465027,0.5958633422851562,0.3439374566078186,-0.0463884174823761,0.6432511806488037,0.2821604013442993,-0.06067157909274101,0.5860984921455383,0.4465288519859314,-0.09319302439689636,0.45379430055618286,0.3621746599674225,-0.12663178145885468,0.4580015540122986,0.42276129126548767,-0.12540675699710846,0.4912426769733429,0.4551851451396942,-0.1225576177239418,0.555945634841919,0.5087258219718933,-0.10457831621170044,0.4139774441719055,0.4296092391014099,-0.13766305148601532,0.4274604618549347,0.48641064763069153,-0.12257730960845947,0.46304526925086975,0.5080562829971313,-0.11549299955368042,0.5133979320526123,0.5764901041984558,-0.11441422998905182,0.3943752348423004,0.5014887452125549,-0.14451535046100616,0.4107630252838135,0.5494150519371033,-0.12509334087371826,0.44749993085861206,0.5757941007614136,-0.1142750084400177,0.47008591890335083,0.6387194991111755,-0.1232471689581871,0.3834957182407379,0.5516376495361328,-0.15343815088272095,0.33011049032211304,0.5020949244499207,-0.16053228080272675,0.2881968319416046,0.4529338777065277,-0.1666421890258789
0.5489685535430908,0.7296462059020996,-7.990379913280776e-07,0.5774291157722473,0.6128572225570679,-0.006686858367174864,0.585717499256134,0.4587257504463196,-0.026350785046815872,0.5945827960968018,0.3465638756752014,-0.043287184089422226,0.6406790018081665,0.2849515676498413,-0.05706058815121651,0.5862526893615723,0.44685107469558716,-0.09126392006874084,0.45373156666755676,0.3626466393470764,-0.12507107853889465,0.45722249150276184,0.42293527722358704,-0.1256602555513382,0.48979493975639343,0.45564234256744385,-0.12434889376163483,0.5580278038978577,0.5080994963645935,-0.10280361771583557,0.41417229175567627,0.4293456971645355,-0.1349666863679886,0.4268224537372589,0.48501962423324585,-0.12094424664974213,0.46188849210739136,0.5066229104995728,-0.11529640853404999,0.5168947577476501,0.5753272771835327,-0.11271302402019501,0.39567142724990845,0.4990554749965668,-0.14155100286006927,0.41139230132102966,0.5465719699859619,-0.12303411215543747,0.44819068908691406,0.5737949013710022,-0.11358358711004257,0.47474583983421326,0.6377871632575989,-0.1216316893696785,0.38738584518432617,0.5526690483093262,-0.15211911499500275,0.33233675360679626,0.5016616582870483,-0.16063500940799713,0.28879737854003906,0.4516124427318573,-0.16804157197475433
0.5494452118873596,0.7295749187469482,-7.819877509973594e-07,0.5801268815994263,0.6135926246643066,-0.006042779423296452,0.5872660875320435,0.45857521891593933,-0.02469240128993988,0.595180094242096,0.3461381196975708,-0.04102880507707596,0.6410534381866455,0.2855401039123535,-0.05395100265741348,0.587238609790802,0.4453275501728058,-0.0858834981918335,0.4547951817512512,0.3639392554759979,-0.12065626680850983,0.4608162045478821,0.42558401823043823,-0.12259626388549805,0.49531081318855286,0.4572836458683014,-0.12164179235696793,0.5576154589653015,0.5080527663230896,-0.09772099554538727,0.4152228534221649,0.4315428137779236,-0.1308577060699463,0.4298137426376343,0.4879186451435089,-0.11758512258529663,0.4655294418334961,0.5080036520957947,-0.11154720932245255,0.5155285000801086,0.5759789943695068,-0.10833482444286346,0.3957935571670532,0.5035005807876587,-0.13806188106536865,0.41166794300079346,0.551201343536377,-0.11957304924726486,0.44786837697029114,0.575862467288971,-0.10902727395296097,0.4723173975944519,0.6383171081542969,-0.11792486160993576,0.3856431841850281,0.5517674684524536,-0.14698591828346252,0.33250683546066284,0.501619815826416,-0.15397009253501892,0.29070162773132324,0.4515173137187958,-0.15976452827453613
0.5490302443504333,0.7265895009040833,-7.570129696432559e-07,0.5783244371414185,0.6115173101425171,-0.008018290624022484,0.5869187116622925,0.4563109278678894,-0.027847928926348686,0.5961108803749084,0.3446875214576721,-0.04463754594326019,0.6426215767860413,0.2852747142314911,-0.057722724974155426,0.5877934098243713,0.44649842381477356,-0.09072595834732056,0.4548631012439728,0.3661092221736908,-0.12618406116962433,0.46264156699180603,0.4274436831474304,-0.12791533768177032,0.4979794919490814,0.4574037790298462,-0.12685924768447876,0.5580628514289856,0.5104714632034302,-0.10150935500860214,0.4139487147331238,0.4329676628112793,-0.13590888679027557,0.4303692877292633,0.48843252658843994,-0.12228436022996902,0.46719205379486084,0.5079456567764282,-0.11576507240533829,0.5158321857452393,0.5776344537734985,-0.11097857356071472,0.39449387788772583,0.5028643608093262,-0.1412055492401123,0.41085875034332275,0.5498583912849426,-0.12209346145391464,0.44713714718818665,0.5740361213684082,-0.11097632348537445,0.47241660952568054,0.6378908157348633,-0.1196061447262764,0.3853195905685425,0.553453266620636,-0.14868409931659698,0.33248770236968994,0.5051615238189697,-0.15554815530776978,0.2906063199043274,0.45623767375946045,-0.16121913492679596
0.5487381815910339,0.7274630069732666,-7.76978311023413e-07,0.5779976844787598,0.611993134021759,-0.007379175163805485,0.5870552062988281,0.4568237066268921,-0.027151107788085938,0.5957044959068298,0.3450312614440918,-0.04395253211259842,0.642126202583313,0.2847156822681427,-0.0570690780878067,0.5888891220092773,0.44523194432258606,-0.09142976254224777,0.45515695214271545,0.363809198141098,-0.1264887899160385,0.4614562690258026,0.42625659704208374,-0.1272447556257248,0.4959655702114105,0.4574788212776184,-0.1256169080734253,0.5591578483581543,0.5088094472885132,-0.10260063409805298,0.4133637547492981,0.43082395195961,-0.1370231956243515,0.4291837513446808,0.4883664548397064,-0.12275798618793488,0.4661356508731842,0.508650004863739,-0.1157817542552948,0.5166438221931458,0.5759533047676086,-0.11234419047832489,0.393645316362381,0.5015316605567932,-0.1428949534893036,0.4112890958786011,0.5499386191368103,-0.12359920144081116,0.4490973651409149,0.574570894241333,-0.11242560297250748,0.4729933440685272,0.6367928981781006,-0.12111811339855194,0.3844705820083618,0.5527024865150452,-0.15107132494449615,0.33083033561706543,0.5053434371948242,-0.1583191305398941,0.2884862422943115,0.4566025733947754,-0.1642458140850067
0.5484611988067627,0.7252532839775085,-7.797627858963097e-07,0.5796201229095459,0.6093885898590088,-0.005656283814460039,0.588718593120575,0.4581873416900635,-0.025478752329945564,0.5957980155944824,0.3465084731578827,-0.042451411485672,0.6409029364585876,0.2852468192577362,-0.05635416507720947,0.5868679881095886,0.44936054944992065,-0.09293212741613388,0.4561958611011505,0.3640671372413635,-0.1259125918149948,0.46167510747909546,0.4237403869628906,-0.12609101831912994,0.49466994404792786,0.4564855396747589,-0.12481775134801865,0.5579894185066223,0.5111162066459656,-0.10450604557991028,0.41561540961265564,0.4301898777484894,-0.13556693494319916,0.42999768257141113,0.4846740663051605,-0.1206246167421341,0.4663521647453308,0.5057768821716309,-0.11465008556842804,0.5167093276977539,0.5774182081222534,-0.11406248062849045,0.39740875363349915,0.49734821915626526,-0.1413288116455078,0.41372933983802795,0.5437607765197754,-0.12170019745826721,0.4509143531322479,0.5704434514045715,-0.11199435591697693,0.4750584661960602,0.6381546258926392,-0.12255850434303284,0.38908302783966064,0.5532474517822266,-0.15243980288505554,0.3338190019130707,0.504828929901123,-0.16056641936302185,0.29008305072784424,0.4571274518966675,-0.16788896918296814
0.5489659905433655,0.7246124744415283,-7.722673558419046e-07,0.5803833603858948,0.6098217964172363,-0.005736903753131628,0.589422345161438,0.4590461254119873,-0.025519004091620445,0.5955135226249695,0.34698307514190674,-0.042415447533130646,0.6407365798950195,0.285737007856369,-0.05627410486340523,0.5879803895950317,0.4489896297454834,-0.0922539085149765,0.45647889375686646,0.3629750609397888,-0.12605199217796326,0.46232864260673523,0.42305925488471985,-0.12691697478294373,0.49581655859947205,0.4564162492752075,-0.12590333819389343,0.5585879683494568,0.5114361643791199,-0.10382062941789627,0.4160308241844177,0.4302179217338562,-0.1358068436384201,0.43156424164772034,0.4852592647075653,-0.12128078937530518,0.46855711936950684,0.5056599974632263,-0.11510630697011948,0.5167937874794006,0.5785754323005676,-0.11356299370527267,0.39875566959381104,0.4985034167766571,-0.1426168531179428,0.41790637373924255,0.5446974039077759,-0.12388303875923157,0.4572218358516693,0.5705245733261108,-0.11407730728387833,0.47459137439727783,0.6401163935661316,-0.12204153835773468,0.38764193654060364,0.5551892518997192,-0.1533259153366089,0.33222514390945435,0.5078423619270325,-0.16205331683158875,0.2882017493247986,0.4606141746044159,-0.1694110929965973
0.5483423471450806,0.7245177030563354,-7.716373602306703e-07,0.5801502466201782,0.6096463203430176,-0.005893038585782051,0.5893747210502625,0.458373486995697,-0.025317108258605003,0.5956876873970032,0.34682437777519226,-0.04180362448096275,0.6403409242630005,0.2857958972454071,-0.055183861404657364,0.5873883962631226,0.44897618889808655,-0.09154928475618362,0.45617759227752686,0.36408352851867676,-0.12549477815628052,0.46276959776878357,0.42405763268470764,-0.12687948346138,0.49649614095687866,0.45675012469291687,-0.12619294226169586,0.5576712489128113,0.5117700695991516,-0.10293426364660263,0.41544774174690247,0.4308135211467743,-0.1348179131746292,0.43135297298431396,0.4857277274131775,-0.12062817066907883,0.46829506754875183,0.5060839653015137,-0.1146366223692894,0.5160020589828491,0.578886866569519,-0.11255192011594772,0.39825254678726196,0.49906423687934875,-0.14134883880615234,0.4171181917190552,0.5451382398605347,-0.12282777577638626,0.4560874402523041,0.5710822343826294,-0.11311092972755432,0.47415250539779663,0.6401704549789429,-0.12096317857503891,0.3877837359905243,0.5551953315734863,-0.15190783143043518,0.3322577476501465,0.5074635148048401,-0.16058263182640076,0.2881816029548645,0.4600523114204407,-0.1678602248430252
0.5523930191993713,0.7294825911521912,-7.916173672128934e-07,0.5823388695716858,0.6148024797439575,-0.00521972356364131,0.5900838375091553,0.45972901582717896,-0.023963795974850655,0.5971194505691528,0.3472359776496887,-0.04004475846886635,0.6426045894622803,0.28608646988868713,-0.05307646468281746,0.5897073149681091,0.4463155269622803,-0.0901079848408699,0.45709237456321716,0.36429405212402344,-0.12304741144180298,0.4623013436794281,0.425805002450943,-0.12346815317869186,0.4958883821964264,0.45821014046669006,-0.12204978615045547,0.560737669467926,0.5096325874328613,-0.10179822891950607,0.4168422222137451,0.43302345275878906,-0.13249890506267548,0.4314582943916321,0.489783376455307,-0.11788376420736313,0.4672117829322815,0.5107513666152954,-0.1117803081870079,0.5188875794410706,0.57736736536026,-0.11167016625404358,0.39797574281692505,0.5061480402946472,-0.13857406377792358,0.41538333892822266,0.5532830357551575,-0.11978572607040405,0.45337989926338196,0.579478919506073,-0.1103069931268692,0.475808322429657,0.6393744945526123,-0.1203446313738823,0.3873620927333832,0.5537766814231873,-0.14832879602909088,0.3325211703777313,0.505565881729126,-0.15536607801914215,0.28935086727142334,0.4585125148296356,-0.16186802089214325
0.5485935211181641,0.7284998297691345,-7.71282202549628e-07,0.5803109407424927,0.6140375137329102,-0.005118029657751322,0.5864551067352295,0.4586692750453949,-0.023761359974741936,0.5941148996353149,0.34472212195396423,-0.040276117622852325,0.6411788463592529,0.2832778990268707,-0.05352311581373215,0.5876863598823547,0.4456188976764679,-0.08415147662162781,0.4565940499305725,0.36705833673477173,-0.11979550868272781,0.4633241295814514,0.4271319508552551,-0.12387190014123917,0.49826982617378235,0.45778727531433105,-0.12460283190011978,0.5580041408538818,0.5063800811767578,-0.09599167853593826,0.4168979227542877,0.43348076939582825,-0.1281013935804367,0.43192529678344727,0.4891844689846039,-0.11492664366960526,0.4674358069896698,0.5075563192367554,-0.10945186018943787,0.51524817943573,0.5724857449531555,-0.10671473294496536,0.3961040675640106,0.5008905529975891,-0.13467222452163696,0.4113314747810364,0.5482072234153748,-0.11585412174463272,0.4467254877090454,0.5721375346183777,-0.10579783469438553,0.47178390622138977,0.6337754726409912,-0.11651518195867538,0.3848603069782257,0.551201581954956,-0.1447475552558899,0.3318224847316742,0.503937304019928,-0.1520744413137436,0.290529727935791,0.4556577205657959,-0.15840847790241241
0.5487000942230225,0.7311385869979858,-7.861075914661342e-07,0.5784116983413696,0.6141496896743774,-0.004756172187626362,0.5848976969718933,0.4591090977191925,-0.02418920025229454,0.5936972498893738,0.3460649847984314,-0.04139923304319382,0.640773594379425,0.2839183211326599,-0.05539178103208542,0.5872610807418823,0.44584259390830994,-0.08748608827590942,0.4558705985546112,0.36611419916152954,-0.12282629311084747,0.4621782898902893,0.4266955256462097,-0.12626291811466217,0.49694713950157166,0.4578877389431,-0.1270233392715454,0.558901309967041,0.5062239766120911,-0.09984896332025528,0.41574347019195557,0.4313860237598419,-0.13164246082305908,0.4310171902179718,0.48810359835624695,-0.1176036149263382,0.46732401847839355,0.5072122812271118,-0.11205427348613739,0.5175057053565979,0.5727458596229553,-0.11082980781793594,0.3967808187007904,0.4978245496749878,-0.13831079006195068,0.4132367968559265,0.546218991279602,-0.11887858062982559,0.45010673999786377,0.5724644064903259,-0.10913646221160889,0.47578734159469604,0.6348716020584106,-0.12092174589633942,0.3882789611816406,0.5524175763130188,-0.15039847791194916,0.3331136107444763,0.504199206829071,-0.1587904840707779,0.28999441862106323,0.4554840326309204,-0.1662239134311676
0.5474244356155396,0.7293058633804321,-7.777432529110229e-07,0.5759634375572205,0.6123997569084167,-0.006276279222220182,0.584071695804596,0.4577571451663971,-0.026146743446588516,0.5911194086074829,0.34363114833831787,-0.043623972684144974,0.6370433568954468,0.280825138092041,-0.058124519884586334,0.5850124955177307,0.4481741786003113,-0.08899214118719101,0.45145219564437866,0.3649716377258301,-0.12392614781856537,0.45543304085731506,0.425671249628067,-0.12616375088691711,0.48880910873413086,0.4580192267894745,-0.12583991885185242,0.555302619934082,0.5104389190673828,-0.10104861855506897,0.41170787811279297,0.43195706605911255,-0.13404718041419983,0.4249825179576874,0.4879581034183502,-0.12046505510807037,0.46084028482437134,0.5090852975845337,-0.11479180306196213,0.5130124688148499,0.5779373645782471,-0.11174119263887405,0.3933047950267792,0.500930905342102,-0.14208291471004486,0.4093135893344879,0.5486083030700684,-0.12360808998346329,0.44641974568367004,0.5746309757232666,-0.11356914788484573,0.4701724946498871,0.640550971031189,-0.12135124951601028,0.38333451747894287,0.5557072758674622,-0.15243038535118103,0.32804399728775024,0.5076172351837158,-0.16071461141109467,0.284385085105896,0.4590613543987274,-0.167703777551651
0.5478584170341492,0.7299779057502747,-7.830493586880038e-07,0.5753295421600342,0.6116024255752563,-0.005428008735179901,0.5823792815208435,0.4565318822860718,-0.0251592006534338,0.5920832753181458,0.3444406986236572,-0.042613714933395386,0.6380148530006409,0.2827063202857971,-0.057015519589185715,0.5850828886032104,0.44624218344688416,-0.08934922516345978,0.45222264528274536,0.3668224811553955,-0.12306023389101028,0.45694226026535034,0.4275096356868744,-0.12408255785703659,0.4908261299133301,0.4589565098285675,-0.12306725978851318,0.5562281012535095,0.5090667605400085,-0.10201438516378403,0.4120737910270691,0.43166470527648926,-0.13428010046482086,0.4252317249774933,0.48647555708885193,-0.11998673528432846,0.4613794982433319,0.5077661275863647,-0.11391578614711761,0.5150216221809387,0.5774551630020142,-0.11301205307245255,0.39369750022888184,0.49810320138931274,-0.1418452262878418,0.4075201153755188,0.5453094244003296,-0.12224483489990234,0.44281163811683655,0.5718989372253418,-0.11179719120264053,0.47345858812332153,0.6405574679374695,-0.12301444262266159,0.38627687096595764,0.5553498268127441,-0.1528647243976593,0.3309671878814697,0.5064676403999329,-0.16033335030078888,0.2876085638999939,0.45786064863204956,-0.16687248647212982
0.5454667210578918,0.7301526069641113,-7.83523034897371e-07,0.5767467021942139,0.613861620426178,-0.006608154624700546,0.5843530893325806,0.45815032720565796,-0.026023248210549355,0.5880563259124756,0.3430797755718231,-0.04279111698269844,0.6339928507804871,0.27886930108070374,-0.0561215877532959,0.5832007527351379,0.4436183273792267,-0.08760955184698105,0.4501428008079529,0.3664192855358124,-0.12090905010700226,0.4559762477874756,0.4271847605705261,-0.12149618566036224,0.4898410141468048,0.4593256711959839,-0.12039932608604431,0.5535754561424255,0.5055380463600159,-0.09929293394088745,0.40962886810302734,0.43254050612449646,-0.13144414126873016,0.4249105453491211,0.4897674322128296,-0.11741151660680771,0.4613567292690277,0.5106637477874756,-0.1114039197564125,0.5118488073348999,0.5734949111938477,-0.10959479957818985,0.3913930058479309,0.5001955628395081,-0.13912244141101837,0.40877988934516907,0.54936683177948,-0.12032335251569748,0.44612208008766174,0.5759586095809937,-0.1102481558918953,0.46999332308769226,0.6379337310791016,-0.11889780312776566,0.3823795020580292,0.5559338927268982,-0.15016435086727142,0.32705020904541016,0.5092949271202087,-0.15882709622383118,0.2830348014831543,0.4610230028629303,-0.16600637137889862
0.5482209324836731,0.731960654258728,-7.878028327468201e-07,0.5782110095024109,0.6144554018974304,-0.006032251287251711,0.58458012342453,0.4573621153831482,-0.02594488486647606,0.5895241498947144,0.341793417930603,-0.04320298135280609,0.6363062262535095,0.27845993638038635,-0.05725438520312309,0.5821816921234131,0.4445841312408447,-0.09079354256391525,0.44975560903549194,0.36653000116348267,-0.12354455888271332,0.45533543825149536,0.42697790265083313,-0.12310171127319336,0.48896852135658264,0.45973050594329834,-0.12145932018756866,0.5534141063690186,0.5074771046638489,-0.10294654965400696,0.4086805284023285,0.43235135078430176,-0.13441362977027893,0.4230283498764038,0.48853060603141785,-0.11926687508821487,0.45982205867767334,0.5100038051605225,-0.11291943490505219,0.5126652717590332,0.5768000483512878,-0.11332379281520844,0.3907434344291687,0.5005723834037781,-0.1414656937122345,0.405752569437027,0.5481075644493103,-0.1213858500123024,0.44186973571777344,0.5750365257263184,-0.11104372888803482,0.472164124250412,0.6417568922042847,-0.12271727621555328,0.3841596245765686,0.5574545860290527,-0.1529863178730011,0.3286187946796417,0.5080868601799011,-0.16090185940265656,0.28459590673446655,0.45900118350982666,-0.16791076958179474
0.5463226437568665,0.7323412895202637,-7.630292770954838e-07,0.5754492878913879,0.6173243522644043,-0.008370121009647846,0.5811215043067932,0.4612821042537689,-0.028277060016989708,0.5837912559509277,0.3448522388935089,-0.04551859572529793,0.6307267546653748,0.28036290407180786,-0.05919944494962692,0.5805599093437195,0.4431140124797821,-0.08713281899690628,0.44707515835762024,0.3644877076148987,-0.12215879559516907,0.4526575207710266,0.42554229497909546,-0.12363575398921967,0.48707523941993713,0.4580155313014984,-0.12200161814689636,0.5508524775505066,0.5051554441452026,-0.09779804199934006,0.40807193517684937,0.4337158203125,-0.1315217912197113,0.422605037689209,0.4892881214618683,-0.11821803450584412,0.45947569608688354,0.5085249543190002,-0.1117522120475769,0.5089739561080933,0.5735151767730713,-0.10741716623306274,0.38900232315063477,0.5025118589401245,-0.1378500759601593,0.4034571945667267,0.5504700541496277,-0.11929643154144287,0.44012248516082764,0.5751310586929321,-0.10826120525598526,0.4657210111618042,0.6381160020828247,-0.11619976907968521,0.37977537512779236,0.555194616317749,-0.14540092647075653,0.3258882164955139,0.5068778991699219,-0.15234427154064178,0.2840503454208374,0.4586849808692932,-0.1578260064125061
0.5462436079978943,0.7273260354995728,-7.651191253899015e-07,0.5769991874694824,0.6116167306900024,-0.0060694655403494835,0.5826072692871094,0.456753134727478,-0.02553361840546131,0.5880128741264343,0.3425166606903076,-0.042329661548137665,0.6334349513053894,0.2806861102581024,-0.05585722625255585,0.5802860856056213,0.44581493735313416,-0.0902264341711998,0.44968387484550476,0.36854326725006104,-0.12494160979986191,0.4563581347465515,0.42796647548675537,-0.12762223184108734,0.4907696545124054,0.45970582962036133,-0.12799058854579926,0.550841748714447,0.5077709555625916,-0.1017192080616951,0.4077123999595642,0.4336850941181183,-0.13389742374420166,0.42266443371772766,0.4890640676021576,-0.1195603609085083,0.45954430103302,0.5087908506393433,-0.11366716772317886,0.5093753337860107,0.5755732655525208,-0.11165731400251389,0.3878275454044342,0.5009735822677612,-0.13901224732398987,0.4022965133190155,0.5489884614944458,-0.11852197349071503,0.43820202350616455,0.575466513633728,-0.10790421068668365,0.46768584847450256,0.6385613083839417,-0.12085508555173874,0.38180387020111084,0.5553569197654724,-0.15040214359760284,0.326640248298645,0.5067538022994995,-0.15831755101680756,0.2832835018634796,0.45840856432914734,-0.1652921885251999
0.5436080694198608,0.7278770208358765,-7.798354317856138e-07,0.5727211833000183,0.6108947992324829,-0.009102104231715202,0.5796992182731628,0.4549444019794464,-0.030145907774567604,0.5846446752548218,0.3413534462451935,-0.04797494411468506,0.6316760778427124,0.2772011160850525,-0.062095850706100464,0.5822205543518066,0.4438493549823761,-0.09257831424474716,0.445933073759079,0.3668346405029297,-0.12907566130161285,0.45248255133628845,0.4293430745601654,-0.13146239519119263,0.4874984920024872,0.4600992500782013,-0.13120847940444946,0.554104208946228,0.5072706937789917,-0.10334507375955582,0.4061117470264435,0.43633517622947693,-0.1382616013288498,0.4235247075557709,0.49492350220680237,-0.12440552562475204,0.4620339572429657,0.5134485960006714,-0.11812388896942139,0.5127399563789368,0.5772811770439148,-0.11306768655776978,0.3896176218986511,0.508909285068512,-0.14430665969848633,0.40970468521118164,0.5581462383270264,-0.12549853324890137,0.45045098662376404,0.5823321342468262,-0.11495250463485718,0.4700167179107666,0.6424012184143066,-0.12200608104467392,0.3824300765991211,0.5610246658325195,-0.1541174352169037,0.3260291814804077,0.5134029388427734,-0.16328802704811096,0.28119754791259766,0.46507537364959717,-0.1706462800502777
0.547013521194458,0.7283926010131836,-7.806526127751567e-07,0.5736916065216064,0.6101652383804321,-0.008821400813758373,0.5807586908340454,0.4563339948654175,-0.02935820072889328,0.586037814617157,0.3436582088470459,-0.046927619725465775,0.6310592889785767,0.2788204550743103,-0.061145756393671036,0.5803967714309692,0.444631963968277,-0.09079927206039429,0.4455735385417938,0.3654015064239502,-0.12552417814731598,0.45052218437194824,0.42612457275390625,-0.1271049976348877,0.4837827682495117,0.45833295583724976,-0.12636013329029083,0.5530779957771301,0.5067632794380188,-0.10158935934305191,0.4075894355773926,0.43392062187194824,-0.13500629365444183,0.4230848252773285,0.4901135563850403,-0.12199179828166962,0.4602001905441284,0.5103811025619507,-0.11662068217992783,0.5124958753585815,0.5757299065589905,-0.11117790639400482,0.3913024663925171,0.504520058631897,-0.14255373179912567,0.40984874963760376,0.5517286062240601,-0.12545090913772583,0.44873562455177307,0.5770307183265686,-0.11618419736623764,0.4704548716545105,0.6406170725822449,-0.11977528035640717,0.3824640214443207,0.559761643409729,-0.15242153406143188,0.32576119899749756,0.5127155184745789,-0.16186121106147766,0.2795700430870056,0.4659510552883148,-0.16944606602191925
0.5445578694343567,0.7275949716567993,-7.853091119613964e-07,0.5735239386558533,0.6109758019447327,-0.008259640075266361,0.5805647969245911,0.4557163417339325,-0.028924113139510155,0.5854097604751587,0.3424223065376282,-0.04647792503237724,0.6314195394515991,0.27813223004341125,-0.06037208437919617,0.5821778178215027,0.44445163011550903,-0.09279108047485352,0.4460223317146301,0.36607182025909424,-0.12826451659202576,0.451941579580307,0.4286632537841797,-0.12952953577041626,0.486358642578125,0.46030116081237793,-0.12853562831878662,0.5538967847824097,0.5075013041496277,-0.10381030291318893,0.4056324362754822,0.43550539016723633,-0.13794802129268646,0.42260119318962097,0.49374035000801086,-0.12365564703941345,0.46090933680534363,0.5127394199371338,-0.11725892126560211,0.5124356150627136,0.5766943693161011,-0.11355208605527878,0.38878539204597473,0.5074018239974976,-0.14381131529808044,0.4084385335445404,0.5566809177398682,-0.12478102743625641,0.44871410727500916,0.5811980366706848,-0.11445493251085281,0.4697175920009613,0.6407043933868408,-0.12244516611099243,0.38169053196907043,0.5594139099121094,-0.15381115674972534,0.32573360204696655,0.5123156309127808,-0.16268424689769745,0.281216561794281,0.4643753170967102,-0.17002791166305542
0.5479933619499207,0.7289314270019531,-7.695471708757395e-07,0.5743130445480347,0.6104401350021362,-0.008516698144376278,0.5816222429275513,0.45673033595085144,-0.02868368849158287,0.5866379141807556,0.34428974986076355,-0.04614239186048508,0.6314181685447693,0.27956798672676086,-0.06041479855775833,0.5767521858215332,0.44647595286369324,-0.08852101862430573,0.4441364109516144,0.3673971891403198,-0.12158383429050446,0.44858860969543457,0.4270820617675781,-0.12132122367620468,0.48182618618011475,0.4594954550266266,-0.11918897181749344,0.5491651296615601,0.5099185705184937,-0.09963932633399963,0.40725764632225037,0.4367702603340149,-0.13233567774295807,0.42175087332725525,0.49188342690467834,-0.11908506602048874,0.4584410786628723,0.5125550031661987,-0.11333522200584412,0.509154200553894,0.5794099569320679,-0.10950782895088196,0.3900144696235657,0.5094425678253174,-0.14011982083320618,0.4087144434452057,0.5550654530525208,-0.12300673127174377,0.4478481411933899,0.5786992907524109,-0.113718181848526,0.4684220850467682,0.6439731121063232,-0.1183704137802124,0.38116735219955444,0.5637096762657166,-0.14941352605819702,0.32563313841819763,0.5165181756019592,-0.15766237676143646,0.28072336316108704,0.46921756863594055,-0.16457942128181458
0.5451669096946716,0.729143500328064,-7.636061809535022e-07,0.5752030611038208,0.6136473417282104,-0.008320086635649204,0.5811929106712341,0.4576237201690674,-0.02814505249261856,0.5857153534889221,0.3450213074684143,-0.04498928040266037,0.6302235126495361,0.28141897916793823,-0.05828263238072395,0.5798287987709045,0.44677725434303284,-0.09014401584863663,0.4456523656845093,0.3721941113471985,-0.12585586309432983,0.4530922770500183,0.4324391782283783,-0.12851916253566742,0.4884004294872284,0.46138474345207214,-0.12836690247058868,0.551840603351593,0.5109657049179077,-0.10090342909097672,0.40714192390441895,0.4402930736541748,-0.13448123633861542,0.4238542318344116,0.49560460448265076,-0.12061519175767899,0.460843563079834,0.5131049752235413,-0.11443381011486053,0.5109009146690369,0.5813122391700745,-0.11049117892980576,0.38874590396881104,0.5132270455360413,-0.13984613120555878,0.40600502490997314,0.5592812299728394,-0.1199883371591568,0.44320279359817505,0.5823726058006287,-0.10887830704450607,0.46813446283340454,0.6460404396057129,-0.11939534544944763,0.381193608045578,0.5617865324020386,-0.14941969513893127,0.3264331817626953,0.5127492547035217,-0.1568259745836258,0.2829161286354065,0.4643076956272125,-0.16298161447048187
0.5452491044998169,0.7291110754013062,-7.750856525490235e-07,0.5742495059967041,0.6121231317520142,-0.007250712253153324,0.5800790786743164,0.45659339427948,-0.026981377974152565,0.5850926041603088,0.3431593179702759,-0.0437450148165226,0.6313886642456055,0.28058964014053345,-0.057266734540462494,0.580188512802124,0.4461449384689331,-0.0891004353761673,0.44477832317352295,0.37130188941955566,-0.1224956139922142,0.4506140649318695,0.4313353896141052,-0.12359800934791565,0.4846113920211792,0.46187904477119446,-0.12273295223712921,0.552241861820221,0.5089201331138611,-0.10006066411733627,0.40673109889030457,0.4383562207221985,-0.13102801144123077,0.4222073256969452,0.49396729469299316,-0.11651111394166946,0.4589006006717682,0.5133077502250671,-0.11051356047391891,0.5112505555152893,0.5779743194580078,-0.1096452921628952,0.3897745609283447,0.5065961480140686,-0.13768553733825684,0.4076952040195465,0.5535219311714172,-0.11905960738658905,0.44591179490089417,0.5779974460601807,-0.1095549464225769,0.4690351188182831,0.6425859332084656,-0.1182742640376091,0.3805540204048157,0.562190055847168,-0.1481376588344574,0.32464486360549927,0.5168686509132385,-0.1564260572195053,0.27991044521331787,0.470648854970932,-0.16369396448135376
0.5444055795669556,0.7321967482566833,-7.498230161218089e-07,0.5718623399734497,0.6145828366279602,-0.008601202629506588,0.578588604927063,0.4589025676250458,-0.02920198254287243,0.5833334922790527,0.34538495540618896,-0.04669802263379097,0.6296369433403015,0.2811085283756256,-0.06073123589158058,0.5778845548629761,0.4479064643383026,-0.08979718387126923,0.4437795579433441,0.37109965085983276,-0.12396801263093948,0.44936907291412354,0.4306882917881012,-0.12471521645784378,0.48387858271598816,0.4628332555294037,-0.12327447533607483,0.5488793253898621,0.5111694931983948,-0.10007873922586441,0.40598440170288086,0.44045913219451904,-0.13273996114730835,0.422381192445755,0.49639564752578735,-0.1186341643333435,0.46083730459213257,0.5151899456977844,-0.11220680922269821,0.5074098110198975,0.5799151659011841,-0.10915389657020569,0.38819247484207153,0.5062544345855713,-0.13991224765777588,0.4082324206829071,0.553961992263794,-0.12172573804855347,0.4488712549209595,0.578479528427124,-0.11149480193853378,0.465017169713974,0.6447887420654297,-0.11722160875797272,0.3785219192504883,0.5657234787940979,-0.14940692484378815,0.322435200214386,0.5218008756637573,-0.1583588421344757,0.2776704728603363,0.47639790177345276,-0.16534261405467987
0.5442230105400085,0.7327247858047485,-7.563038479929673e-07,0.5726844668388367,0.614580512046814,-0.007697513792663813,0.5794781446456909,0.4589903950691223,-0.02794775739312172,0.5852155089378357,0.34614700078964233,-0.04522397741675377,0.6304293870925903,0.28276264667510986,-0.05914214253425598,0.5775410532951355,0.4509556293487549,-0.09031465649604797,0.445646196603775,0.3737250566482544,-0.12282517552375793,0.4505925178527832,0.43291622400283813,-0.12214983999729156,0.48419299721717834,0.46434468030929565,-0.12004359811544418,0.5474506616592407,0.5124645233154297,-0.10111888498067856,0.40537360310554504,0.44061803817749023,-0.133014976978302,0.4207512140274048,0.49550649523735046,-0.11832156032323837,0.4580477476119995,0.5152410864830017,-0.11162567138671875,0.5060070157051086,0.5801600813865662,-0.1103835329413414,0.3873170018196106,0.5076085329055786,-0.1395694613456726,0.4067153036594391,0.5546284914016724,-0.12110414355993271,0.4457436800003052,0.5790740847587585,-0.11114634573459625,0.4643048942089081,0.6436421871185303,-0.1186690554022789,0.3790341019630432,0.5653432011604309,-0.14925572276115417,0.3234387934207916,0.5200666785240173,-0.15795278549194336,0.27829694747924805,0.47305554151535034,-0.16527000069618225
0.539250373840332,0.7308447957038879,-7.563680810562801e-07,0.5685218572616577,0.6143094301223755,-0.00990619882941246,0.5768711566925049,0.4608023762702942,-0.03052397072315216,0.5788208246231079,0.3462951183319092,-0.047990310937166214,0.6253584027290344,0.2815069556236267,-0.06211467459797859,0.5715252757072449,0.4507436752319336,-0.08802177011966705,0.43982723355293274,0.3760398328304291,-0.12205188721418381,0.44437476992607117,0.4355062246322632,-0.12304742634296417,0.47792690992355347,0.46706968545913696,-0.12164171040058136,0.5427177548408508,0.5137385725975037,-0.09776897728443146,0.4025875926017761,0.4471502900123596,-0.13115249574184418,0.41882914304733276,0.5018649101257324,-0.1182076632976532,0.456410676240921,0.5208926200866699,-0.11229012906551361,0.5024952292442322,0.5823044776916504,-0.10646247863769531,0.3847758173942566,0.5168365836143494,-0.13743925094604492,0.4051169753074646,0.563537061214447,-0.1199699118733406,0.4448951780796051,0.58652263879776,-0.10998830199241638,0.4615735113620758,0.6466906666755676,-0.1143169179558754,0.374488890171051,0.569665253162384,-0.1450604498386383,0.3197011947631836,0.5248274803161621,-0.15328261256217957,0.27557557821273804,0.47760018706321716,-0.1599600911140442
0.5410367846488953,0.7346166968345642,-7.840711759854457e-07,0.5706461668014526,0.6166620254516602,-0.007371475454419851,0.5781213641166687,0.46264851093292236,-0.027524197474122047,0.5806549787521362,0.34831875562667847,-0.04483780637383461,0.6263603568077087,0.2827037274837494,-0.0589231438934803,0.5736581683158875,0.45049235224723816,-0.08837322145700455,0.4405035376548767,0.37747931480407715,-0.12093203514814377,0.4454140067100525,0.43778708577156067,-0.12075414508581161,0.47913336753845215,0.4689820408821106,-0.1188177838921547,0.5444878339767456,0.5133190155029297,-0.09934156388044357,0.40225762128829956,0.44644996523857117,-0.13060618937015533,0.4182608425617218,0.5012618899345398,-0.1161181628704071,0.4556953012943268,0.5207007527351379,-0.10975071042776108,0.5039505958557129,0.5819929242134094,-0.10887794941663742,0.3842426836490631,0.5160919427871704,-0.13697853684425354,0.4046466648578644,0.5625910758972168,-0.11835343390703201,0.4445667266845703,0.5861420631408691,-0.10866446048021317,0.46316930651664734,0.6467272639274597,-0.11745215952396393,0.3747255802154541,0.5687656402587891,-0.1461220383644104,0.3193127512931824,0.5246790051460266,-0.1533418446779251,0.2744494378566742,0.4791352152824402,-0.15991565585136414
0.5397338271141052,0.7400806546211243,-7.797380021656863e-07,0.5706082582473755,0.6228060722351074,-0.009110108949244022,0.5765606164932251,0.464053750038147,-0.028959346935153008,0.5793731808662415,0.3483083248138428,-0.04590168595314026,0.6257780194282532,0.28227877616882324,-0.05939352139830589,0.5729495286941528,0.4521424174308777,-0.08623450249433517,0.4403022825717926,0.3756020963191986,-0.12171654403209686,0.44559890031814575,0.4370783865451813,-0.12468322366476059,0.48076125979423523,0.4679981470108032,-0.12457722425460815,0.5428356528282166,0.5149163007736206,-0.09649782627820969,0.40050485730171204,0.4437662959098816,-0.12986856698989868,0.4159301519393921,0.5016611814498901,-0.11684340983629227,0.45314377546310425,0.5214621424674988,-0.11072958260774612,0.5016297101974487,0.5845820903778076,-0.10600048303604126,0.3826119899749756,0.5178751349449158,-0.13652683794498444,0.4024101197719574,0.5668669939041138,-0.11895927786827087,0.44244980812072754,0.5910913944244385,-0.10877662152051926,0.46038949489593506,0.6497029662132263,-0.11468243598937988,0.37321192026138306,0.5707565546035767,-0.1447456330060959,0.3171418309211731,0.5242953300476074,-0.15297311544418335,0.27221429347991943,0.47605183720588684,-0.15965218842029572
0.5374548435211182,0.7407762408256531,-7.770129286654992e-07,0.5695090889930725,0.622650146484375,-0.00865862239152193,0.5755186080932617,0.4640597701072693,-0.02905445545911789,0.5793425440788269,0.3475639820098877,-0.046518679708242416,0.6255844235420227,0.281473845243454,-0.06068067252635956,0.5735263228416443,0.4530026912689209,-0.08830766379833221,0.44046735763549805,0.3759365975856781,-0.1241401731967926,0.4459138512611389,0.43644654750823975,-0.1275363564491272,0.4813154637813568,0.46758049726486206,-0.12778495252132416,0.5431586503982544,0.5155031681060791,-0.09862564504146576,0.3999879062175751,0.44312286376953125,-0.13202251493930817,0.41510453820228577,0.4990334212779999,-0.11880946159362793,0.4522940516471863,0.519223690032959,-0.11295142024755478,0.5013259649276733,0.5842538475990295,-0.1079040914773941,0.38090938329696655,0.5135781168937683,-0.13745927810668945,0.39854851365089417,0.561249315738678,-0.11885728687047958,0.43646302819252014,0.5862586498260498,-0.10851631313562393,0.45936119556427,0.64863121509552,-0.1164211630821228,0.37184301018714905,0.5676338076591492,-0.14579106867313385,0.3163691461086273,0.5203676819801331,-0.15353567898273468,0.2721061706542969,0.4724521040916443,-0.16015224158763885
0.5384910702705383,0.7449560165405273,-7.863076803005242e-07,0.5633832812309265,0.6317429542541504,-0.007501798681914806,0.5717767477035522,0.47760385274887085,-0.02806047350168228,0.5800460577011108,0.36090707778930664,-0.0474659763276577,0.622573971748352,0.29393869638442993,-0.06341265887022018,0.5888034701347351,0.46567296981811523,-0.08499838411808014,0.458339661359787,0.36263322830200195,-0.1255517601966858,0.45467936992645264,0.42336326837539673,-0.13103115558624268,0.48498257994651794,0.4569113552570343,-0.13031603395938873,0.562551736831665,0.5237063765525818,-0.09701398015022278,0.42411041259765625,0.42581477761268616,-0.13588710129261017,0.4270477592945099,0.4750143587589264,-0.12598247826099396,0.4567931592464447,0.4979807734489441,-0.11978084594011307,0.5207816958427429,0.5855867862701416,-0.10836932808160782,0.40065866708755493,0.4908072054386139,-0.14098089933395386,0.4030817151069641,0.536608874797821,-0.12194129824638367,0.43214088678359985,0.5652533769607544,-0.10865746438503265,0.4745734930038452,0.6409366130828857,-0.11920499801635742,0.38712745904922485,0.5536308884620667,-0.14573751389980316,0.3353395164012909,0.5017793774604797,-0.1506584882736206,0.29875075817108154,0.45270878076553345,-0.15401877462863922
0.5439938902854919,0.7380170822143555,-7.416595622089517e-07,0.5674680471420288,0.6250650882720947,-0.01101577840745449,0.5750353932380676,0.47048529982566833,-0.03201735019683838,0.5857394933700562,0.3537543714046478,-0.051154740154743195,0.6288459897041321,0.2860981225967407,-0.06671906262636185,0.5881476998329163,0.46528691053390503,-0.08882441371679306,0.45923054218292236,0.3617039918899536,-0.127801775932312,0.45641300082206726,0.4222966730594635,-0.13052710890769958,0.48649317026138306,0.45628103613853455,-0.12850067019462585,0.5595798492431641,0.5246258974075317,-0.1000647023320198,0.42147451639175415,0.42117100954055786,-0.13948139548301697,0.42627716064453125,0.4707753360271454,-0.12947487831115723,0.4573896825313568,0.49561887979507446,-0.12340271472930908,0.5171631574630737,0.5869347453117371,-0.11069941520690918,0.3993264436721802,0.4899320602416992,-0.14585460722446442,0.4016748368740082,0.5362178683280945,-0.12843582034111023,0.4304141402244568,0.564373254776001,-0.11623477935791016,0.4740069508552551,0.6437335014343262,-0.12095103412866592,0.3884739875793457,0.559227705001831,-0.150983989238739,0.3383864760398865,0.5081931948661804,-0.15754593908786774,0.3017842173576355,0.4617388844490051,-0.16186045110225677
0.5417642593383789,0.7392560243606567,-7.720449843873212e-07,0.5650829672813416,0.6271744966506958,-0.007725995033979416,0.5726731419563293,0.4724867641925812,-0.02785499580204487,0.5851696729660034,0.3567681908607483,-0.046685632318258286,0.6266323328018188,0.28804588317871094,-0.062388963997364044,0.5893358588218689,0.46359774470329285,-0.08925727754831314,0.4616308808326721,0.3602098822593689,-0.12846894562244415,0.4580579400062561,0.42054715752601624,-0.13235759735107422,0.4875775873661041,0.45395949482917786,-0.1315944343805313,0.5621973276138306,0.5215486288070679,-0.10196828097105026,0.4246784746646881,0.42260900139808655,-0.1404137760400772,0.4285699725151062,0.4723811149597168,-0.12994205951690674,0.4599721431732178,0.4949555993080139,-0.12440559267997742,0.520173966884613,0.5844354629516602,-0.1137574166059494,0.4023303985595703,0.49042215943336487,-0.14742469787597656,0.40497854351997375,0.5375875234603882,-0.12940646708011627,0.4344780147075653,0.5666569471359253,-0.11764858663082123,0.4761978089809418,0.6418926119804382,-0.1249682828783989,0.3912913203239441,0.5587921738624573,-0.1551777571439743,0.338744580745697,0.5074660181999207,-0.16251206398010254,0.3008822202682495,0.45993006229400635,-0.16775761544704437
0.5377099514007568,0.730640172958374,-7.53537619857525e-07,0.5635144114494324,0.6234086155891418,-0.004828014876693487,0.573340654373169,0.475654274225235,-0.025274626910686493,0.585748016834259,0.3652012348175049,-0.045189179480075836,0.6254532337188721,0.2998576760292053,-0.06142517179250717,0.6087868809700012,0.46117275953292847,-0.0875779539346695,0.49206292629241943,0.3293222188949585,-0.13042064011096954,0.4796915650367737,0.38260746002197266,-0.13526307046413422,0.5042088031768799,0.41541558504104614,-0.13455383479595184,0.5849100351333618,0.5173512697219849,-0.1037742868065834,0.4522368609905243,0.387904554605484,-0.14737308025360107,0.448355495929718,0.4342130422592163,-0.1384579837322235,0.47371894121170044,0.45647433400154114,-0.13230592012405396,0.5419070720672607,0.5793416500091553,-0.11900068074464798,0.4232473373413086,0.46566104888916016,-0.15795691311359406,0.42129379510879517,0.514933705329895,-0.13949422538280487,0.4487665593624115,0.5450061559677124,-0.12559524178504944,0.49192458391189575,0.6354836821556091,-0.1330995112657547,0.40924304723739624,0.5367496609687805,-0.1672571897506714,0.3586848974227905,0.4751017093658447,-0.17523376643657684,0.32513317465782166,0.4151148498058319,-0.18009600043296814
0.5406129956245422,0.7158998847007751,-7.680636713303102e-07,0.5687791109085083,0.6183159947395325,0.0012326668947935104,0.5727421045303345,0.47381553053855896,-0.015144827775657177,0.5748909711837769,0.3631287217140198,-0.030599892139434814,0.6072795987129211,0.29933592677116394,-0.04075653851032257,0.6148408651351929,0.4581802487373352,-0.0899093896150589,0.5239556431770325,0.302450954914093,-0.1240403950214386,0.5023351311683655,0.36334216594696045,-0.11880727857351303,0.5213931202888489,0.4060959219932556,-0.11437258869409561,0.5877758264541626,0.515876829624176,-0.1091846153140068,0.4737337529659271,0.34932225942611694,-0.15326820313930511,0.4658772945404053,0.404134064912796,-0.1405666172504425,0.49195724725723267,0.43643277883529663,-0.1309822052717209,0.5396894216537476,0.5752778053283691,-0.12579265236854553,0.4327045977115631,0.439077764749527,-0.164908766746521,0.42784953117370605,0.48668989539146423,-0.1441008448600769,0.4539405107498169,0.5174265503883362,-0.12896758317947388,0.4871271848678589,0.6266392469406128,-0.14042523503303528,0.4128030240535736,0.5168218612670898,-0.1812693178653717,0.3693651556968689,0.4533523619174957,-0.19224204123020172,0.34135550260543823,0.3931036591529846,-0.19873593747615814
0.5380007028579712,0.7230032682418823,-8.691874313626613e-07,0.5619481801986694,0.618187427520752,0.001956411637365818,0.5674574971199036,0.46949541568756104,-0.012816840782761574,0.5728840231895447,0.35810181498527527,-0.02736884541809559,0.6091775894165039,0.30027398467063904,-0.037444062530994415,0.6126680970191956,0.45496925711631775,-0.08351913839578629,0.524994969367981,0.30264192819595337,-0.11585646867752075,0.4997372031211853,0.3639522194862366,-0.11228570342063904,0.5153577923774719,0.4073372781276703,-0.10995600372552872,0.5880141854286194,0.5116947293281555,-0.10235586762428284,0.47805267572402954,0.3509187698364258,-0.14196817576885223,0.46593305468559265,0.4034537076950073,-0.13027477264404297,0.4891831874847412,0.4335307776927948,-0.12321493774652481,0.5424453020095825,0.5715932250022888,-0.118801049888134,0.4381479024887085,0.4352048635482788,-0.15797683596611023,0.4297997057437897,0.4794776439666748,-0.14083808660507202,0.45188915729522705,0.5094466805458069,-0.12839539349079132,0.49047553539276123,0.6235796809196472,-0.13298729062080383,0.4144178628921509,0.5147103071212769,-0.1725589483976364,0.368380606174469,0.4524155259132385,-0.1839667707681656,0.3370349407196045,0.3933733105659485,-0.19136619567871094
0.5125890970230103,0.738852322101593,-9.512976930636796e-07,0.5475340485572815,0.625406801700592,0.004902718123048544,0.5716884732246399,0.48352888226509094,-0.008350557647645473,0.5832252502441406,0.371908575296402,-0.022357337176799774,0.6016891598701477,0.29694098234176636,-0.03378256410360336,0.6377207636833191,0.4856628477573395,-0.07191833108663559,0.5510476231575012,0.3508358895778656,-0.09949937462806702,0.5217441916465759,0.39134591817855835,-0.09796064347028732,0.5317602753639221,0.416371613740921,-0.09746110439300537,0.6177858114242554,0.5399408340454102,-0.0905713140964508,0.5160561203956604,0.3939375877380371,-0.12324235588312149,0.49548646807670593,0.4280966818332672,-0.11619444936513901,0.5054861903190613,0.4489879310131073,-0.11513441801071167,0.5750757455825806,0.588779628276825,-0.10635476559400558,0.4753836989402771,0.4597766399383545,-0.13670741021633148,0.4611930251121521,0.49901747703552246,-0.12220825999975204,0.47280409932136536,0.5275443196296692,-0.11481419205665588,0.5213955044746399,0.626522421836853,-0.12011314928531647,0.4532495141029358,0.5204749703407288,-0.15233594179153442,0.4109765291213989,0.45774611830711365,-0.16275469958782196,0.3806288242340088,0.39730650186538696,-0.17134417593479156
0.5148081183433533,0.7309032678604126,-6.972632604629325e-07,0.546459972858429,0.6111962795257568,-0.005716726183891296,0.570158064365387,0.47772231698036194,-0.02025396190583706,0.5802779197692871,0.3730907738208771,-0.03459400683641434,0.6012497544288635,0.29509881138801575,-0.04753303900361061,0.640264630317688,0.4834640324115753,-0.05820311978459358,0.5642971992492676,0.3646126985549927,-0.08559777587652206,0.52585768699646,0.37045490741729736,-0.08711795508861542,0.5271108150482178,0.37965792417526245,-0.08772648870944977,0.6154323816299438,0.5375887155532837,-0.07129257917404175,0.5231555700302124,0.4021832346916199,-0.10531633347272873,0.48733434081077576,0.4006873369216919,-0.10748957842588425,0.47977012395858765,0.40274736285209656,-0.11097001284360886,0.5751720070838928,0.5866778492927551,-0.08368409425020218,0.4766848087310791,0.46203356981277466,-0.12235824763774872,0.4330856502056122,0.4518270194530487,-0.12421918660402298,0.4159102439880371,0.4450296461582184,-0.12456637620925903,0.5279354453086853,0.629840612411499,-0.09401821345090866,0.4557025730609894,0.5201014280319214,-0.13077029585838318,0.41401663422584534,0.4616531729698181,-0.1461726427078247,0.38658520579338074,0.40661734342575073,-0.1556343138217926
0.5239146947860718,0.7265464067459106,-9.04964622350235e-07,0.5550485253334045,0.6084385514259338,0.006418309640139341,0.5797204971313477,0.4789300560951233,-0.010838337242603302,0.5932221412658691,0.3743044137954712,-0.028844328597187996,0.6183645129203796,0.3014964461326599,-0.041943278163671494,0.6560207605361938,0.483889639377594,-0.07435939460992813,0.5570057034492493,0.3410852551460266,-0.10108524560928345,0.5266449451446533,0.39283812046051025,-0.09569434076547623,0.5420449376106262,0.43366843461990356,-0.09219568967819214,0.6329233646392822,0.5342516899108887,-0.09378397464752197,0.5077100992202759,0.3876595199108124,-0.12045656889677048,0.49469995498657227,0.44297248125076294,-0.10074669122695923,0.514089047908783,0.47655534744262695,-0.09186890721321106,0.5867108702659607,0.5795448422431946,-0.11116465926170349,0.47218066453933716,0.4482746124267578,-0.13319207727909088,0.4666414260864258,0.503562867641449,-0.10923971980810165,0.4874017834663391,0.5451650023460388,-0.09875635802745819,0.534576952457428,0.6242287755012512,-0.12739090621471405,0.453909307718277,0.5059552788734436,-0.15896467864513397,0.4123743772506714,0.4409903287887573,-0.1690618246793747,0.38430753350257874,0.3804018795490265,-0.1773441582918167
0.5233873128890991,0.7343471050262451,-9.49638263136876e-07,0.5498612523078918,0.6175047755241394,0.0059529501013457775,0.576130211353302,0.48290571570396423,-0.008768465369939804,0.592282235622406,0.37542083859443665,-0.024133140221238136,0.6195094585418701,0.29908424615859985,-0.03457020968198776,0.653579831123352,0.48495665192604065,-0.0705917701125145,0.5584577322006226,0.3406655788421631,-0.09615948796272278,0.5266495943069458,0.3941047489643097,-0.08992951363325119,0.5412659049034119,0.43775808811187744,-0.08551038056612015,0.6312649250030518,0.5351071357727051,-0.08957851678133011,0.5081766247749329,0.38552963733673096,-0.11622100323438644,0.493090957403183,0.44173532724380493,-0.09752693772315979,0.5115214586257935,0.47862234711647034,-0.08872959762811661,0.5852988362312317,0.580055296421051,-0.10672180354595184,0.47139450907707214,0.4441315233707428,-0.13014835119247437,0.46177446842193604,0.4992213547229767,-0.10796665400266647,0.4811248779296875,0.541380763053894,-0.09776785224676132,0.532852828502655,0.6246615052223206,-0.12258943915367126,0.4512450397014618,0.5014879703521729,-0.15492400527000427,0.4098116457462311,0.43728822469711304,-0.16518212854862213,0.38357144594192505,0.37869563698768616,-0.17294806241989136
0.5165817141532898,0.7366746068000793,-8.40398286072741e-07,0.5468636751174927,0.6100221872329712,-0.0050770011730492115,0.5734755992889404,0.4731805920600891,-0.023595400154590607,0.5916873812675476,0.3698774576187134,-0.0405125692486763,0.6227492094039917,0.2984817326068878,-0.05263005569577217,0.6470824480056763,0.4824511706829071,-0.07147310674190521,0.5387272834777832,0.3580229878425598,-0.10149061679840088,0.5170958638191223,0.41665011644363403,-0.10327115654945374,0.5372034907341003,0.45711836218833923,-0.10408267378807068,0.6196089386940002,0.533597469329834,-0.0862509086728096,0.4941072463989258,0.40319693088531494,-0.11681776493787766,0.4882104992866516,0.4590613543987274,-0.10594858229160309,0.509796679019928,0.49273815751075745,-0.10224611312150955,0.5715596079826355,0.5794739723205566,-0.10060304403305054,0.4620296359062195,0.4585026204586029,-0.1283291131258011,0.4604070782661438,0.5098550915718079,-0.11328142136335373,0.4848785996437073,0.5472403764724731,-0.10671063512563705,0.5194875001907349,0.625282883644104,-0.11455737799406052,0.444660484790802,0.5126690864562988,-0.14702562987804413,0.4053550958633423,0.44995513558387756,-0.15798994898796082,0.37999558448791504,0.39032217860221863,-0.16623614728450775
0.5139331221580505,0.7385070323944092,-8.483821147819981e-07,0.5442565083503723,0.6112558245658875,-0.006509503815323114,0.5710203647613525,0.47425225377082825,-0.02514759637415409,0.5892524123191833,0.3700188994407654,-0.042111288756132126,0.6187360882759094,0.29809895157814026,-0.053867798298597336,0.6466786861419678,0.48358458280563354,-0.06882341206073761,0.5388438105583191,0.3623761534690857,-0.09979412704706192,0.5173317193984985,0.41837114095687866,-0.10210355371236801,0.5377511382102966,0.4561556875705719,-0.1025102436542511,0.6189142465591431,0.5337890982627869,-0.08250117301940918,0.4950893223285675,0.40454211831092834,-0.11493541300296783,0.48702317476272583,0.45605969429016113,-0.10523538291454315,0.5085904598236084,0.48705676198005676,-0.10126391053199768,0.5717263221740723,0.5788102746009827,-0.09594634920358658,0.46161574125289917,0.458484023809433,-0.12596814334392548,0.4557730555534363,0.5037608742713928,-0.11098019033670425,0.47888660430908203,0.5363478660583496,-0.1028667613863945,0.5203971862792969,0.6236298084259033,-0.1090475469827652,0.44561153650283813,0.5101235508918762,-0.14028529822826385,0.4076707363128662,0.4466533660888672,-0.14939568936824799,0.3844829201698303,0.3871793746948242,-0.15574371814727783
0.5203073024749756,0.732113778591156,-8.102211381810775e-07,0.5553150773048401,0.6115253567695618,-0.009580262936651707,0.5810651183128357,0.46651211380958557,-0.029115190729498863,0.6027816534042358,0.35759174823760986,-0.044689103960990906,0.6457194685935974,0.29233574867248535,-0.05549807846546173,0.6357656717300415,0.47790291905403137,-0.08356332033872604,0.5280138254165649,0.3578364849090576,-0.10754389315843582,0.5111185908317566,0.4176369905471802,-0.1004309207201004,0.5314568877220154,0.4573454260826111,-0.09594710916280746,0.6026737689971924,0.5325155258178711,-0.09454067796468735,0.48257124423980713,0.40610790252685547,-0.12067452073097229,0.48071393370628357,0.46593233942985535,-0.10421659052371979,0.5032052397727966,0.49890369176864624,-0.09790703654289246,0.5523258447647095,0.5809849500656128,-0.10432709753513336,0.4488803446292877,0.4651086926460266,-0.13138458132743835,0.4540594518184662,0.518661379814148,-0.11517642438411713,0.48091524839401245,0.5566032528877258,-0.1089511513710022,0.49984148144721985,0.6252942085266113,-0.11328680068254471,0.42582279443740845,0.5105456709861755,-0.14750608801841736,0.38392817974090576,0.4459225535392761,-0.15939836204051971,0.35389700531959534,0.383198082447052,-0.1693040430545807
0.5166730284690857,0.737892210483551,-9.690039632914704e-07,0.5511937737464905,0.6199257373809814,0.0004452653811313212,0.5763111114501953,0.47458967566490173,-0.018727269023656845,0.5968998670578003,0.3650490641593933,-0.035720475018024445,0.6419909000396729,0.3035464286804199,-0.048367176204919815,0.6388372182846069,0.4800272285938263,-0.08995544165372849,0.5277249813079834,0.35571157932281494,-0.11368115991353989,0.5082467794418335,0.4182667136192322,-0.10611999034881592,0.5272520780563354,0.456010639667511,-0.1029384434223175,0.6085778474807739,0.5343282222747803,-0.10740295797586441,0.48242834210395813,0.3996114134788513,-0.13415153324604034,0.47791892290115356,0.45896464586257935,-0.11613203585147858,0.4997655749320984,0.49362912774086,-0.11059543490409851,0.5570869445800781,0.5837472081184387,-0.12172374874353409,0.44720926880836487,0.4608267545700073,-0.14632393419742584,0.45009875297546387,0.5168922543525696,-0.12561888992786407,0.4774245321750641,0.5562571287155151,-0.11855759471654892,0.5014749765396118,0.6280166506767273,-0.13456660509109497,0.42744067311286926,0.513160765171051,-0.16747698187828064,0.3853384256362915,0.44572433829307556,-0.17830467224121094,0.35512489080429077,0.3807886838912964,-0.18906033039093018
0.5156107544898987,0.7386429905891418,-9.2503535142896e-07,0.5478466749191284,0.6198624968528748,-0.003919556736946106,0.5740235447883606,0.47364550828933716,-0.022635765373706818,0.5977479219436646,0.3643997311592102,-0.038364749401807785,0.6422111988067627,0.3030203580856323,-0.049331869930028915,0.6370687484741211,0.48176661133766174,-0.08860485255718231,0.5249291658401489,0.3588694930076599,-0.1114102452993393,0.5046536922454834,0.41929304599761963,-0.10224708169698715,0.5243211388587952,0.4567128121852875,-0.09709540009498596,0.6065782904624939,0.5353047847747803,-0.10315017402172089,0.4822440445423126,0.40510737895965576,-0.1306363195180893,0.477458119392395,0.46148863434791565,-0.11351773887872696,0.49929699301719666,0.49520909786224365,-0.1072494387626648,0.5563148856163025,0.5832412242889404,-0.11503415554761887,0.44907400012016296,0.4626052975654602,-0.14152352511882782,0.4493202269077301,0.514747679233551,-0.12311437726020813,0.474896639585495,0.551758348941803,-0.11609682440757751,0.5021291375160217,0.6276025176048279,-0.12567365169525146,0.42912399768829346,0.5135779976844788,-0.15888792276382446,0.38704967498779297,0.4455747604370117,-0.16993379592895508,0.35722994804382324,0.38163667917251587,-0.1798252910375595
0.5192357301712036,0.7471334934234619,-8.858324918037397e-07,0.5557411909103394,0.6340535879135132,-0.002982703736051917,0.5803443193435669,0.4837425947189331,-0.021466268226504326,0.6033929586410522,0.37172529101371765,-0.03732110559940338,0.6505832076072693,0.30918240547180176,-0.049419794231653214,0.6307986378669739,0.47920024394989014,-0.08374474942684174,0.5165630578994751,0.36202362179756165,-0.10762786865234375,0.5005995035171509,0.42074841260910034,-0.10234754532575607,0.5202428698539734,0.4586460590362549,-0.09995944052934647,0.5978779196739197,0.5315780639648438,-0.09849534928798676,0.4729353189468384,0.40668970346450806,-0.12367335706949234,0.47223129868507385,0.4660041332244873,-0.10700519382953644,0.49562424421310425,0.5004810094833374,-0.10162558406591415,0.5456251502037048,0.5805563926696777,-0.11111452430486679,0.4406740069389343,0.4617507755756378,-0.136551633477211,0.4448546767234802,0.5148240327835083,-0.11807798594236374,0.47195306420326233,0.5514907240867615,-0.11141671240329742,0.48982200026512146,0.6256119012832642,-0.12245415151119232,0.41571396589279175,0.5109728574752808,-0.15564881265163422,0.3731687366962433,0.44470903277397156,-0.16607049107551575,0.3413950800895691,0.37951725721359253,-0.17568963766098022
0.5214580297470093,0.7465237379074097,-8.265828910225537e-07,0.5592572689056396,0.6345338821411133,-0.006943069398403168,0.577593982219696,0.484467476606369,-0.026651306077837944,0.5964765548706055,0.37340420484542847,-0.04341092333197594,0.6440158486366272,0.3133997321128845,-0.0572778582572937,0.6152991056442261,0.47911596298217773,-0.08597088605165482,0.5011727213859558,0.36551088094711304,-0.11249305307865143,0.4875241816043854,0.4227754771709442,-0.10937847942113876,0.507613480091095,0.45868101716041565,-0.10725990682840347,0.5809980034828186,0.5325151681900024,-0.09773771464824677,0.4615100622177124,0.41810378432273865,-0.12555134296417236,0.46222808957099915,0.4697873890399933,-0.11355695873498917,0.4847736954689026,0.5002894997596741,-0.11060062050819397,0.5312735438346863,0.5827218294143677,-0.10732413083314896,0.42882317304611206,0.4729076027870178,-0.13594043254852295,0.43318942189216614,0.52093505859375,-0.12211568653583527,0.45880797505378723,0.5552858710289001,-0.11680545657873154,0.4783320724964142,0.6269635558128357,-0.11547613888978958,0.39959150552749634,0.5193950533866882,-0.14715208113193512,0.3565583825111389,0.4578261971473694,-0.15670864284038544,0.3237001895904541,0.3980148732662201,-0.1651095747947693
0.5223602652549744,0.7456392049789429,-8.237682322942419e-07,0.5598437190055847,0.6363176107406616,-0.0064144437201321125,0.5794182419776917,0.4877171516418457,-0.025666451081633568,0.5986273884773254,0.37744760513305664,-0.042690109461545944,0.6429464221000671,0.31356096267700195,-0.056146398186683655,0.6171866655349731,0.48119476437568665,-0.08302523195743561,0.4992232024669647,0.36525866389274597,-0.11435747891664505,0.488730788230896,0.4240315854549408,-0.11476428806781769,0.5127725005149841,0.46055805683135986,-0.11411882191896439,0.5829397439956665,0.532526969909668,-0.09568274021148682,0.45720231533050537,0.4125424027442932,-0.12872764468193054,0.45637911558151245,0.4643349051475525,-0.11829996854066849,0.4826222062110901,0.4957011938095093,-0.1148260086774826,0.532621443271637,0.5811728239059448,-0.10684098303318024,0.42506012320518494,0.46323633193969727,-0.1387411206960678,0.4251134693622589,0.510053277015686,-0.12313731759786606,0.45218342542648315,0.5433570742607117,-0.11486075818538666,0.4799707531929016,0.6249884963035583,-0.11691184341907501,0.3985668420791626,0.5198472738265991,-0.14953671395778656,0.3516010642051697,0.45929601788520813,-0.158945232629776,0.3190635144710541,0.40199485421180725,-0.16633719205856323
0.5206441283226013,0.7478274703025818,-8.360143510799389e-07,0.5540578961372375,0.6359680891036987,-0.005794345401227474,0.5697744488716125,0.4862772822380066,-0.02486676350235939,0.5872835516929626,0.3747967481613159,-0.0407109297811985,0.6336420178413391,0.31146299839019775,-0.05365467071533203,0.6020660400390625,0.4727419316768646,-0.08712133765220642,0.4828363358974457,0.368068128824234,-0.11492284387350082,0.4739183187484741,0.4298359751701355,-0.11246030032634735,0.4972098171710968,0.4675062894821167,-0.11067157238721848,0.5689073801040649,0.5282831192016602,-0.09847301244735718,0.44279980659484863,0.4223901629447937,-0.125749409198761,0.44603073596954346,0.4813382923603058,-0.11186514794826508,0.4714125692844391,0.5117010474205017,-0.10792147368192673,0.5185006260871887,0.5830720067024231,-0.10771868377923965,0.4112112522125244,0.4824785888195038,-0.13587482273578644,0.4199056625366211,0.5359923839569092,-0.12126559764146805,0.44918856024742126,0.5727150440216064,-0.11589962989091873,0.4642610549926758,0.632824718952179,-0.11526153236627579,0.3831733465194702,0.5289700031280518,-0.14882519841194153,0.3357238471508026,0.46971848607063293,-0.160352885723114,0.2982017993927002,0.41241520643234253,-0.17024396359920502
0.5218861103057861,0.7445236444473267,-8.27223118449183e-07,0.5559571981430054,0.6356061100959778,-0.007754819933325052,0.5719701647758484,0.4846310317516327,-0.026912597939372063,0.5897455811500549,0.37337756156921387,-0.0433591790497303,0.6350535154342651,0.3107249438762665,-0.056398723274469376,0.6027569770812988,0.47476816177368164,-0.08579625934362411,0.4806381165981293,0.367961585521698,-0.1179412305355072,0.472269743680954,0.42905792593955994,-0.11744482815265656,0.49771130084991455,0.46734046936035156,-0.11493803560733795,0.5684672594070435,0.5300419330596924,-0.09729664772748947,0.43911540508270264,0.4203571677207947,-0.13065394759178162,0.43981194496154785,0.47596582770347595,-0.11899499595165253,0.4665469825267792,0.505870521068573,-0.11388740688562393,0.5181822180747986,0.5844867825508118,-0.10722421854734421,0.40642231702804565,0.4802326560020447,-0.1392025649547577,0.40948665142059326,0.5298718810081482,-0.12348433583974838,0.43746495246887207,0.5630015730857849,-0.114438995718956,0.4650867283344269,0.6323578357696533,-0.11585842818021774,0.38314491510391235,0.5273281335830688,-0.14678701758384705,0.3344227075576782,0.46820154786109924,-0.15465718507766724,0.2985677719116211,0.412200391292572,-0.16076205670833588
0.5179104804992676,0.7425107359886169,-8.110102953651221e-07,0.5536445379257202,0.6317825317382812,-0.004784734919667244,0.5683932900428772,0.4840088486671448,-0.023705091327428818,0.5825711488723755,0.371285080909729,-0.03989033028483391,0.6267391443252563,0.303932249546051,-0.05312082916498184,0.588930606842041,0.46969255805015564,-0.08304983377456665,0.4696907103061676,0.3675171732902527,-0.10987211018800735,0.4613614082336426,0.42661499977111816,-0.1061062216758728,0.4856151342391968,0.4637817144393921,-0.10272662341594696,0.5543074607849121,0.521009087562561,-0.0937979444861412,0.42772093415260315,0.422928124666214,-0.11845692247152328,0.4294278025627136,0.48112449049949646,-0.10227097570896149,0.45660850405693054,0.5095041394233704,-0.09651713818311691,0.5043615698814392,0.5741577744483948,-0.10272076725959778,0.39594316482543945,0.4816567003726959,-0.12669959664344788,0.405152291059494,0.5332117080688477,-0.10978430509567261,0.43727362155914307,0.5659406185150146,-0.10331714153289795,0.45224326848983765,0.6234845519065857,-0.11019463837146759,0.3688546419143677,0.5278845429420471,-0.13919980823993683,0.3193857669830322,0.4758034944534302,-0.14860886335372925,0.28190159797668457,0.42320889234542847,-0.15729433298110962
0.5172067284584045,0.7428129315376282,-8.433549396613671e-07,0.5565101504325867,0.6375535726547241,-0.003632469568401575,0.5708756446838379,0.48662567138671875,-0.02097063884139061,0.5840106010437012,0.37198683619499207,-0.03608168289065361,0.6291367411613464,0.30744364857673645,-0.04762859269976616,0.5920792818069458,0.47073763608932495,-0.0829678475856781,0.47062405943870544,0.36926382780075073,-0.1107265055179596,0.4622422456741333,0.4305921792984009,-0.10608143359422684,0.4869348704814911,0.4678221344947815,-0.10074765980243683,0.5564084053039551,0.5237498879432678,-0.09455042332410812,0.4261251389980316,0.4236012101173401,-0.12186826020479202,0.4271095097064972,0.4802441895008087,-0.10563796758651733,0.4545435607433319,0.5073791742324829,-0.09801758080720901,0.5060531497001648,0.576809287071228,-0.10401225835084915,0.39345115423202515,0.482718288898468,-0.12848889827728271,0.3976079821586609,0.5348985195159912,-0.10894614458084106,0.4269523322582245,0.5676149725914001,-0.09885759651660919,0.453680157661438,0.62349933385849,-0.11211029440164566,0.3719649314880371,0.5241628885269165,-0.13711582124233246,0.32294780015945435,0.46976855397224426,-0.14246217906475067,0.2874833643436432,0.4168808162212372,-0.1475120186805725
0.516738772392273,0.7421451210975647,-8.173208811967925e-07,0.555842399597168,0.6362112760543823,-0.004857516847550869,0.5692409873008728,0.48435458540916443,-0.021931767463684082,0.5816181898117065,0.3692975640296936,-0.036155056208372116,0.6244416236877441,0.30472996830940247,-0.04723651707172394,0.586392343044281,0.46947160363197327,-0.0832236111164093,0.46440786123275757,0.3669053912162781,-0.11191296577453613,0.4579397737979889,0.4280164837837219,-0.10984238237142563,0.4836214780807495,0.4660380482673645,-0.10671532899141312,0.5483853220939636,0.5219096541404724,-0.09384725242853165,0.41981494426727295,0.42169275879859924,-0.1208893284201622,0.42367273569107056,0.479207307100296,-0.10564132779836655,0.4527045786380768,0.5076403617858887,-0.09912607818841934,0.49722328782081604,0.5751178860664368,-0.10259649157524109,0.38873499631881714,0.4796192944049835,-0.12816524505615234,0.3973812758922577,0.5293842554092407,-0.11045699566602707,0.42871731519699097,0.5607620477676392,-0.10181644558906555,0.4451170265674591,0.6238771677017212,-0.10993815958499908,0.3628935217857361,0.5255524516105652,-0.13814491033554077,0.3130890429019928,0.4732460677623749,-0.1454988718032837,0.27585554122924805,0.42070430517196655,-0.1518256664276123
0.5143179893493652,0.7441703081130981,-8.264850066552754e-07,0.5573636889457703,0.6403814554214478,-0.003822786035016179,0.5717728137969971,0.48666611313819885,-0.02024196647107601,0.5848516225814819,0.37174707651138306,-0.03420553728938103,0.6271584033966064,0.306399405002594,-0.04465574398636818,0.5873546600341797,0.47027722001075745,-0.08363621681928635,0.4651128351688385,0.3697162866592407,-0.11334935575723648,0.46079903841018677,0.4307715892791748,-0.11150842905044556,0.4876287281513214,0.4674224853515625,-0.10789348185062408,0.5487751364707947,0.5231665968894958,-0.09481491148471832,0.4185524582862854,0.4236087501049042,-0.12300097197294235,0.42371952533721924,0.4803531765937805,-0.10781862586736679,0.45333027839660645,0.5068470239639282,-0.100804902613163,0.4975859224796295,0.5767524242401123,-0.1039116233587265,0.38675013184547424,0.4814586639404297,-0.1290547102689743,0.3929979205131531,0.533925473690033,-0.10975559055805206,0.42265090346336365,0.5665627121925354,-0.09952583909034729,0.4454585909843445,0.6250095367431641,-0.11169912666082382,0.36670219898223877,0.5247281789779663,-0.13753162324428558,0.318087100982666,0.47054314613342285,-0.14310306310653687,0.2823459506034851,0.4178541898727417,-0.14798426628112793
0.5159274935722351,0.7441384196281433,-8.283519719043397e-07,0.5567760467529297,0.6385971307754517,-0.0027478986885398626,0.5698082447052002,0.48439228534698486,-0.01954454742372036,0.5831183195114136,0.3686820864677429,-0.034213025122880936,0.6264297366142273,0.3038666844367981,-0.0456993505358696,0.5856899619102478,0.4696160852909088,-0.08266337215900421,0.46387219429016113,0.36908191442489624,-0.11142716556787491,0.4589347243309021,0.4296431541442871,-0.1093611791729927,0.4854470193386078,0.46577751636505127,-0.10604143142700195,0.5478829741477966,0.5212606191635132,-0.09459701180458069,0.4195728600025177,0.4229103922843933,-0.12146291881799698,0.42360472679138184,0.479306161403656,-0.10620325803756714,0.451627641916275,0.5065582394599915,-0.09973613917827606,0.4972083270549774,0.5744101405143738,-0.1043308824300766,0.3875718414783478,0.4790555536746979,-0.1283522993326187,0.39326217770576477,0.530595064163208,-0.10927160829305649,0.4217437207698822,0.5635948777198792,-0.09996747970581055,0.4458748698234558,0.6228852272033691,-0.11268677562475204,0.3652621805667877,0.5227996110916138,-0.13837966322898865,0.3156241178512573,0.4688432216644287,-0.14431257545948029,0.27836447954177856,0.416099488735199,-0.14990337193012238
0.5160000324249268,0.7421208024024963,-8.074457014117797e-07,0.5565743446350098,0.6340681910514832,-0.004801255185157061,0.5710975527763367,0.4791412949562073,-0.021515697240829468,0.5815773010253906,0.3633434474468231,-0.03507180139422417,0.626107931137085,0.30173516273498535,-0.045833177864551544,0.5804517269134521,0.4692755341529846,-0.08610311150550842,0.4570259153842926,0.36883753538131714,-0.1134323701262474,0.45262253284454346,0.42905184626579285,-0.11028031259775162,0.4787178039550781,0.4664646089076996,-0.10649605840444565,0.539897620677948,0.5224894285202026,-0.09601262956857681,0.4120403826236725,0.424735426902771,-0.12183906883001328,0.41789695620536804,0.4826538562774658,-0.10646931827068329,0.44781237840652466,0.5113402605056763,-0.10009877383708954,0.48854827880859375,0.5772157907485962,-0.10340354591608047,0.38118550181388855,0.4861615300178528,-0.12663908302783966,0.39188435673713684,0.5369372963905334,-0.10858400166034698,0.4244273006916046,0.5690960884094238,-0.10021314769983292,0.4362848401069641,0.6275382041931152,-0.10932500660419464,0.3568885624408722,0.5280701518058777,-0.13438625633716583,0.30800995230674744,0.4751136600971222,-0.14022503793239594,0.2704531252384186,0.4229108989238739,-0.14604231715202332
0.5142970085144043,0.745143711566925,-8.019962365324318e-07,0.5561921000480652,0.6392862200737,-0.004589149262756109,0.5732698440551758,0.4827836751937866,-0.02059205435216427,0.5830152630805969,0.36772558093070984,-0.033765438944101334,0.6264522075653076,0.30643540620803833,-0.04390735179185867,0.579154372215271,0.47085458040237427,-0.08261134475469589,0.4582826793193817,0.371663361787796,-0.11310957372188568,0.4566097855567932,0.43092530965805054,-0.11402878165245056,0.48512327671051025,0.4664382040500641,-0.1124674454331398,0.5381921529769897,0.523671567440033,-0.09248067438602448,0.4115050733089447,0.4251156449317932,-0.12016898393630981,0.41780635714530945,0.4817667603492737,-0.10635489970445633,0.4490405321121216,0.5086531639099121,-0.10021384805440903,0.4872192442417145,0.5782303214073181,-0.10025371611118317,0.3799627125263214,0.485918790102005,-0.12332149595022202,0.3874673843383789,0.5371688008308411,-0.10434761643409729,0.41877639293670654,0.5689836740493774,-0.09457401931285858,0.43538379669189453,0.6277100443840027,-0.10698936134576797,0.3590617775917053,0.5291494727134705,-0.13032500445842743,0.3119150996208191,0.4752451181411743,-0.13523338735103607,0.2774014472961426,0.4222947657108307,-0.14002345502376556
0.5152541399002075,0.7465120553970337,-7.76700176174927e-07,0.5553367137908936,0.6396141648292542,-0.0059809996746480465,0.573147177696228,0.4825010299682617,-0.022343335673213005,0.5818541049957275,0.36539697647094727,-0.035782381892204285,0.6264641284942627,0.30519866943359375,-0.046538155525922775,0.5733906030654907,0.4727317988872528,-0.08214253932237625,0.45375725626945496,0.3729921877384186,-0.11261553317308426,0.45074817538261414,0.43104591965675354,-0.11358267068862915,0.4778728187084198,0.4677204489707947,-0.11161119490861893,0.5312228202819824,0.5256965756416321,-0.09134712815284729,0.40733838081359863,0.4292248785495758,-0.11909513920545578,0.4128986895084381,0.48397576808929443,-0.1060454323887825,0.4430183172225952,0.5112562775611877,-0.10002541542053223,0.480951726436615,0.5810102820396423,-0.0986185297369957,0.3762904405593872,0.4895879924297333,-0.12342670559883118,0.3834129571914673,0.5391172170639038,-0.10577289015054703,0.4134947657585144,0.570235550403595,-0.09595319628715515,0.43021437525749207,0.6317704916000366,-0.10470343381166458,0.35318079590797424,0.5340679287910461,-0.12838298082351685,0.3064643442630768,0.4800571799278259,-0.1330060064792633,0.27171364426612854,0.4259553551673889,-0.1371997892856598
0.5143012404441833,0.7518993020057678,-7.624614681844832e-07,0.555753231048584,0.6427942514419556,-0.005353456363081932,0.5734502077102661,0.4878806173801422,-0.022436317056417465,0.5781649947166443,0.37190309166908264,-0.03698663413524628,0.6221328973770142,0.30973902344703674,-0.048707351088523865,0.5702524781227112,0.4725396931171417,-0.07969857007265091,0.45174965262413025,0.37632429599761963,-0.11254831403493881,0.45057347416877747,0.43482789397239685,-0.11610420048236847,0.4800238311290741,0.47000789642333984,-0.11523724347352982,0.5282129049301147,0.5273223519325256,-0.08892646431922913,0.4047006666660309,0.4351198375225067,-0.11744976043701172,0.41070303320884705,0.49101966619491577,-0.10481735318899155,0.4426283538341522,0.5162267088890076,-0.09842975437641144,0.47735026478767395,0.5847344398498535,-0.09644158184528351,0.37242838740348816,0.500221312046051,-0.12083745002746582,0.3800768256187439,0.5503636598587036,-0.10208559781312943,0.4130156636238098,0.5806756615638733,-0.09083978831768036,0.4251116216182709,0.6373112797737122,-0.10282280296087265,0.35034850239753723,0.5377687215805054,-0.12473515421152115,0.3033198416233063,0.48245754837989807,-0.12748897075653076,0.26861169934272766,0.4292566180229187,-0.12992694973945618
0.5130997896194458,0.7523269653320312,-7.708487146373955e-07,0.5560457110404968,0.6439828872680664,-0.0030177999287843704,0.5725276470184326,0.48850154876708984,-0.018892662599682808,0.5769776701927185,0.37082165479660034,-0.03236735612154007,0.6213967800140381,0.3084586262702942,-0.042753562331199646,0.5700902342796326,0.47090834379196167,-0.07920610904693604,0.45326343178749084,0.37631678581237793,-0.10861839354038239,0.4527755081653595,0.4342385232448578,-0.10809393972158432,0.48179662227630615,0.46827611327171326,-0.10540121793746948,0.528039276599884,0.5237658619880676,-0.09022843837738037,0.4057069420814514,0.4310029447078705,-0.11779070645570755,0.4123538136482239,0.48854660987854004,-0.10284122824668884,0.44404342770576477,0.5138607621192932,-0.09507297724485397,0.4769004285335541,0.5808608531951904,-0.09926212579011917,0.3722411096096039,0.49468255043029785,-0.12361320853233337,0.3825140595436096,0.5457669496536255,-0.1034202054142952,0.4164896607398987,0.5746662616729736,-0.09182315319776535,0.424868106842041,0.6335970163345337,-0.10698385536670685,0.3490133583545685,0.5341619849205017,-0.13086584210395813,0.30008018016815186,0.48140251636505127,-0.13507847487926483,0.26300740242004395,0.4272630512714386,-0.13904422521591187
0.5165205597877502,0.7545745968818665,-7.456856110366061e-07,0.5563321709632874,0.6438401341438293,-0.005021445918828249,0.5721615552902222,0.4866284132003784,-0.022274432703852654,0.5778355002403259,0.3690813183784485,-0.03668509051203728,0.6233486533164978,0.30668067932128906,-0.04772556573152542,0.56767737865448,0.47120803594589233,-0.08220165222883224,0.4481792747974396,0.3782857060432434,-0.11338931322097778,0.4498763084411621,0.4365512430667877,-0.11366483569145203,0.4803341031074524,0.46958768367767334,-0.11121636629104614,0.5261023044586182,0.5256175994873047,-0.09235736727714539,0.402750164270401,0.43629390001296997,-0.1209607645869255,0.41131189465522766,0.4940422773361206,-0.10636445134878159,0.4436473548412323,0.5176136493682861,-0.09898298978805542,0.47513672709465027,0.5833295583724976,-0.10070136934518814,0.36992672085762024,0.5001319646835327,-0.1254114955663681,0.3815290927886963,0.5520470142364502,-0.10503462702035904,0.4161428213119507,0.580937922000885,-0.09338460862636566,0.42352837324142456,0.6368147730827332,-0.10794529318809509,0.3477652072906494,0.5384038090705872,-0.13138283789157867,0.3005332052707672,0.48475372791290283,-0.13515892624855042,0.264881432056427,0.43007805943489075,-0.13885152339935303
0.5127205848693848,0.7543085217475891,-7.592972224301775e-07,0.5544533133506775,0.6442083716392517,-0.004154050722718239,0.5718672275543213,0.48727771639823914,-0.020928990095853806,0.5759313106536865,0.36728978157043457,-0.03500549495220184,0.6216415762901306,0.30371779203414917,-0.04559917375445366,0.5665851831436157,0.4709782898426056,-0.08064044266939163,0.44880422949790955,0.37751203775405884,-0.11018970608711243,0.4504315257072449,0.43617963790893555,-0.10831132531166077,0.480096697807312,0.46845543384552,-0.10447448492050171,0.5249240398406982,0.5231972932815552,-0.09128042310476303,0.4034324288368225,0.433636337518692,-0.11940384656190872,0.41095995903015137,0.49233096837997437,-0.10376357287168503,0.44212523102760315,0.5163834691047668,-0.09528200328350067,0.47434473037719727,0.5798417329788208,-0.10001770406961441,0.37010854482650757,0.49474984407424927,-0.12444959580898285,0.3814811408519745,0.5479692220687866,-0.10302131623029709,0.41556376218795776,0.5764243006706238,-0.09052668511867523,0.42302948236465454,0.6316326260566711,-0.10766222327947617,0.3481552004814148,0.5340386629104614,-0.13160429894924164,0.30022549629211426,0.4822773039340973,-0.13564133644104004,0.26379549503326416,0.4274081587791443,-0.13940280675888062
0.514052152633667,0.7494491338729858,-7.049974897199718e-07,0.5563023686408997,0.6381825804710388,-0.0049315583892166615,0.5742213726043701,0.4836317002773285,-0.021735036745667458,0.5773341059684753,0.3666888475418091,-0.03638492152094841,0.6205546855926514,0.30404219031333923,-0.048217352479696274,0.5626348257064819,0.47242268919944763,-0.07444322854280472,0.4470219910144806,0.380867600440979,-0.10666777193546295,0.4509231150150299,0.43812114000320435,-0.11144562810659409,0.48229125142097473,0.47104787826538086,-0.11148853600025177,0.5180178284645081,0.525593638420105,-0.08406620472669601,0.40255317091941833,0.4390506148338318,-0.11146380752325058,0.41274386644363403,0.4927229881286621,-0.1003008708357811,0.44489359855651855,0.516329824924469,-0.09503157436847687,0.46709829568862915,0.5812715291976929,-0.0922066941857338,0.3685482144355774,0.5002817511558533,-0.11542443931102753,0.3791775405406952,0.5485213994979858,-0.09757533669471741,0.4119722843170166,0.5758583545684814,-0.0872320905327797,0.4166916310787201,0.6315608024597168,-0.09939437359571457,0.3427944779396057,0.5392330288887024,-0.1192946806550026,0.2970283627510071,0.4890437424182892,-0.12149064242839813,0.2624080777168274,0.4387446641921997,-0.12400144338607788
0.5129281878471375,0.7441986799240112,-6.842167294962564e-07,0.5540536642074585,0.6340216398239136,-0.005261166952550411,0.5742117762565613,0.48161524534225464,-0.022939924150705338,0.5762276649475098,0.3647880554199219,-0.03811255842447281,0.6199687719345093,0.30249956250190735,-0.05050552636384964,0.5618071556091309,0.4696677625179291,-0.07729566097259521,0.44613850116729736,0.3797069489955902,-0.10830537974834442,0.4494907259941101,0.4351365268230438,-0.11037236452102661,0.47960564494132996,0.4654650390148163,-0.10871308296918869,0.5173298716545105,0.5232986211776733,-0.08748645335435867,0.40275123715400696,0.4360765814781189,-0.1157258078455925,0.411735862493515,0.4889127016067505,-0.1038975790143013,0.4423675239086151,0.5122131109237671,-0.0978316143155098,0.4669688045978546,0.5799381732940674,-0.09589409083127975,0.3696436882019043,0.4942637085914612,-0.12053745985031128,0.3813842535018921,0.5428838729858398,-0.10180012136697769,0.41491082310676575,0.5703860521316528,-0.09058196097612381,0.4171111285686493,0.6305402517318726,-0.10325758904218674,0.34203726053237915,0.537790834903717,-0.12486034631729126,0.2953111529350281,0.4882819354534149,-0.12751926481723785,0.2603122591972351,0.43669506907463074,-0.13028757274150848
0.5173986554145813,0.7508739829063416,-6.777518706257979e-07,0.5571656227111816,0.6390761137008667,-0.008145716972649097,0.5733156800270081,0.48391398787498474,-0.026585644111037254,0.5733045339584351,0.3641098737716675,-0.04295938089489937,0.6201517581939697,0.30147427320480347,-0.05689041316509247,0.5526788830757141,0.4749830961227417,-0.07451387494802475,0.4386557936668396,0.3836350440979004,-0.11055874079465866,0.4448389410972595,0.4415692687034607,-0.11948797851800919,0.4782746434211731,0.4750700891017914,-0.12192277610301971,0.509252667427063,0.5295913219451904,-0.08337272703647614,0.3954326808452606,0.4458962082862854,-0.1132519543170929,0.4069783091545105,0.4990036189556122,-0.10332793742418289,0.4406048059463501,0.5235896110534668,-0.09844709932804108,0.46125146746635437,0.5877176523208618,-0.09171322733163834,0.3638421595096588,0.5061092972755432,-0.1154303103685379,0.3742567002773285,0.5517879724502563,-0.09696372598409653,0.4073481559753418,0.5801140666007996,-0.08599695563316345,0.41500288248062134,0.640829861164093,-0.09977784752845764,0.3380305767059326,0.5508694648742676,-0.11862026154994965,0.2911751866340637,0.5033811926841736,-0.11986450105905533,0.2566024959087372,0.4584484100341797,-0.1217615082859993
0.5152170062065125,0.7469972372055054,-6.498127049781033e-07,0.554811954498291,0.6339905858039856,-0.004683698993176222,0.5733962655067444,0.48094823956489563,-0.02200942672789097,0.5749658346176147,0.3631875514984131,-0.03804294019937515,0.6176705360412598,0.2987162470817566,-0.051738664507865906,0.5494128465652466,0.4727337956428528,-0.07077761739492416,0.4371653199195862,0.3831166625022888,-0.1047080010175705,0.4450514316558838,0.4386834502220154,-0.11167343705892563,0.4776632487773895,0.4687665104866028,-0.1128602996468544,0.5067055821418762,0.5269057750701904,-0.08162590861320496,0.39582034945487976,0.4406569004058838,-0.11019670963287354,0.4066716134548187,0.4918925166130066,-0.10000575333833694,0.4377409517765045,0.5161305665969849,-0.09483353793621063,0.4599040448665619,0.5852589011192322,-0.09155017882585526,0.3625374138355255,0.49855270981788635,-0.11421268433332443,0.3731473386287689,0.5439842939376831,-0.09478044509887695,0.40551015734672546,0.5719175338745117,-0.0832715556025505,0.41374725103378296,0.6371445059776306,-0.10105939954519272,0.33739399909973145,0.5490822196006775,-0.11929905414581299,0.28988805413246155,0.5019767880439758,-0.12027557939291,0.25428006052970886,0.45660415291786194,-0.1222822517156601
0.5155751705169678,0.7457060813903809,-6.52430117042968e-07,0.5550866723060608,0.6336902379989624,-0.005380946211516857,0.5736538171768188,0.481671541929245,-0.023110002279281616,0.5754677057266235,0.3644678592681885,-0.03932769596576691,0.6176469326019287,0.29910802841186523,-0.05316793546080589,0.5501060485839844,0.4716648459434509,-0.0725623071193695,0.43710923194885254,0.38367098569869995,-0.10662072896957397,0.44456636905670166,0.43939143419265747,-0.11333294212818146,0.4770503044128418,0.46910858154296875,-0.11433036625385284,0.5079008340835571,0.5256813168525696,-0.08300012350082397,0.396209180355072,0.44223204255104065,-0.11173233389854431,0.4068988561630249,0.49376380443573,-0.1012602224946022,0.43812108039855957,0.5168548822402954,-0.09596975892782211,0.46104535460472107,0.5837904810905457,-0.09251974523067474,0.36281561851501465,0.5015842318534851,-0.11548484116792679,0.3734428286552429,0.5470867156982422,-0.09631871432065964,0.4062427580356598,0.5740114450454712,-0.08497744798660278,0.4145265817642212,0.6354405879974365,-0.10161005705595016,0.33766376972198486,0.5476696491241455,-0.12026017159223557,0.289385050535202,0.5008284449577332,-0.12152983248233795,0.25322091579437256,0.45545101165771484,-0.12368181347846985
0.531191349029541,0.7489449381828308,-3.8974735616648104e-07,0.5679625272750854,0.6320732831954956,-0.01039778534322977,0.5849323272705078,0.4781063497066498,-0.03019113652408123,0.584526538848877,0.35813987255096436,-0.046675845980644226,0.6253105998039246,0.285072386264801,-0.06197001412510872,0.5205579996109009,0.4817083179950714,-0.07548543810844421,0.417567640542984,0.3911060094833374,-0.10116178542375565,0.4360084533691406,0.44008249044418335,-0.1032419502735138,0.4697747230529785,0.4767168164253235,-0.10096758604049683,0.4721256196498871,0.5407007932662964,-0.08116045594215393,0.3822460174560547,0.45179441571235657,-0.09729821979999542,0.4020867943763733,0.4937891960144043,-0.08589306473731995,0.4319187104701996,0.5240728855133057,-0.08207770437002182,0.42596709728240967,0.6012094616889954,-0.08498028665781021,0.3555959463119507,0.5105457901954651,-0.09773380309343338,0.3722553551197052,0.5470141768455505,-0.08134786784648895,0.4033086597919464,0.5786086320877075,-0.0740494579076767,0.3835297226905823,0.6550321578979492,-0.08831798285245895,0.3187445104122162,0.5643770098686218,-0.09728771448135376,0.2822631001472473,0.5156491994857788,-0.0948515459895134,0.25466087460517883,0.47562167048454285,-0.0959295779466629
0.5276187062263489,0.7526513338088989,-3.8461519125121413e-07,0.5652428865432739,0.6318690776824951,-0.01038492564111948,0.5834069848060608,0.4831852614879608,-0.02889714017510414,0.5852893590927124,0.36964255571365356,-0.045434992760419846,0.6252947449684143,0.29650405049324036,-0.060810964554548264,0.5121444463729858,0.4715491533279419,-0.0655902624130249,0.4163331985473633,0.3980247378349304,-0.0903753712773323,0.43528586626052856,0.4353298544883728,-0.09772412478923798,0.46843278408050537,0.46756821870803833,-0.09896505624055862,0.46524596214294434,0.5306086540222168,-0.07023321837186813,0.3843704164028168,0.45044052600860596,-0.08864346891641617,0.40320253372192383,0.49065083265304565,-0.08524752408266068,0.43191105127334595,0.5245972871780396,-0.08399344980716705,0.4235147535800934,0.5910441875457764,-0.07263166457414627,0.3571619391441345,0.5199061036109924,-0.08426656574010849,0.37276172637939453,0.5542839169502258,-0.0704629197716713,0.40179696679115295,0.5856126546859741,-0.062354154884815216,0.38298162817955017,0.6474425196647644,-0.07528014481067657,0.3199489712715149,0.5608401298522949,-0.07926733791828156,0.27984869480133057,0.5119365453720093,-0.0736917108297348,0.2501799762248993,0.47265827655792236,-0.071580670773983
0.5315952301025391,0.7520493268966675,-2.6022527777058713e-07,0.5579758882522583,0.626028835773468,-0.007773472461849451,0.5639006495475769,0.4740807116031647,-0.02567722648382187,0.5640270709991455,0.3597450256347656,-0.041154537349939346,0.6050428152084351,0.28338757157325745,-0.05635485425591469,0.49044185876846313,0.4867094159126282,-0.06422759592533112,0.4019734263420105,0.41906076669692993,-0.08179862797260284,0.42402923107147217,0.4485747516155243,-0.08355148881673813,0.45729005336761475,0.47794368863105774,-0.0810975730419159,0.4481770098209381,0.5502316355705261,-0.0681421309709549,0.3705057203769684,0.4714105725288391,-0.07500270754098892,0.38988620042800903,0.5010690093040466,-0.06675692647695541,0.4176411032676697,0.5330021977424622,-0.06461704522371292,0.41071784496307373,0.6123949289321899,-0.06891094893217087,0.34628403186798096,0.5428174734115601,-0.07088848203420639,0.362415611743927,0.5696902275085449,-0.05665994808077812,0.38972967863082886,0.5980002284049988,-0.051161546260118484,0.3748663067817688,0.6691096425056458,-0.0693487823009491,0.3090199828147888,0.5867651104927063,-0.06492745876312256,0.27313998341560364,0.54487544298172,-0.055464696139097214,0.24670107662677765,0.5166388750076294,-0.05230628326535225
0.5324893593788147,0.7494792342185974,-3.805621417996008e-07,0.5491831302642822,0.6189578175544739,-0.007566860876977444,0.5458159446716309,0.46879106760025024,-0.029600199311971664,0.5412935018539429,0.3564574122428894,-0.04945985972881317,0.5766707062721252,0.2739572823047638,-0.0688481554389,0.49124911427497864,0.47571229934692383,-0.07478959113359451,0.3802339434623718,0.43066906929016113,-0.10044213384389877,0.40483900904655457,0.4651924967765808,-0.10751471668481827,0.4425833523273468,0.485343337059021,-0.10977831482887268,0.45468229055404663,0.5466786026954651,-0.0825105607509613,0.3525152802467346,0.48788148164749146,-0.0994233638048172,0.3775739073753357,0.5242170691490173,-0.09170615673065186,0.4101443588733673,0.5476693511009216,-0.08981196582317352,0.4221493601799011,0.6196246147155762,-0.08730820566415787,0.3328063488006592,0.5562965273857117,-0.09613808989524841,0.3541879951953888,0.5855564475059509,-0.07723395526409149,0.38878703117370605,0.6081156730651855,-0.06828749179840088,0.3907870650291443,0.6872906684875488,-0.09226138889789581,0.3117692470550537,0.6176213026046753,-0.09712941944599152,0.26436448097229004,0.5787342190742493,-0.0916021317243576,0.22744210064411163,0.5469987988471985,-0.0908479243516922
0.5337573289871216,0.746357262134552,-3.750797077373136e-07,0.5495452880859375,0.6168399453163147,-0.0075333984568715096,0.5440224409103394,0.4667372405529022,-0.028598226606845856,0.5422155857086182,0.3533332049846649,-0.047167036682367325,0.5763312578201294,0.2731586694717407,-0.06499834358692169,0.4901573657989502,0.478049635887146,-0.07655849307775497,0.3797658085823059,0.43326616287231445,-0.10067372769117355,0.40462633967399597,0.4668715000152588,-0.10597800463438034,0.4411220848560333,0.4871472120285034,-0.10751677304506302,0.45596209168434143,0.547537088394165,-0.08419576287269592,0.3526933193206787,0.4889410734176636,-0.09943144023418427,0.3760837912559509,0.5236318111419678,-0.09028669446706772,0.40803566575050354,0.546242356300354,-0.08801393210887909,0.4241795539855957,0.6197937726974487,-0.08889633417129517,0.3350915312767029,0.5531050562858582,-0.09769456088542938,0.35563790798187256,0.5824469327926636,-0.07885278761386871,0.3902030885219574,0.6061080098152161,-0.0702865794301033,0.39368224143981934,0.686308741569519,-0.09361816942691803,0.3155662417411804,0.6183209419250488,-0.10027826577425003,0.26830828189849854,0.5824825763702393,-0.09585238248109818,0.2320948839187622,0.5539931654930115,-0.09585835039615631
0.5320265293121338,0.7341873645782471,-4.831253477277642e-07,0.5449274778366089,0.6100059747695923,-0.007481853943318129,0.5360613465309143,0.456345796585083,-0.029000140726566315,0.5303696393966675,0.34328001737594604,-0.04803716391324997,0.5626554489135742,0.26127931475639343,-0.06619954854249954,0.4955197274684906,0.4685925841331482,-0.08150092512369156,0.37518876791000366,0.42871344089508057,-0.10875360667705536,0.39677488803863525,0.46809718012809753,-0.11332882195711136,0.4347054064273834,0.4853533208370209,-0.11431706696748734,0.46674028038978577,0.5402284264564514,-0.09083661437034607,0.34793826937675476,0.490852952003479,-0.11212819069623947,0.37304848432540894,0.5295860171318054,-0.10203517973423004,0.408101886510849,0.5463883280754089,-0.09850150346755981,0.43865418434143066,0.6159093976020813,-0.09756240993738174,0.33319389820098877,0.560756266117096,-0.11269541084766388,0.356411337852478,0.5924272537231445,-0.09339899569749832,0.39418232440948486,0.6108372211456299,-0.0835220143198967,0.4098338782787323,0.6837921142578125,-0.10411650687456131,0.31683462858200073,0.6216979026794434,-0.11805746704339981,0.25920987129211426,0.5867601037025452,-0.1180429458618164,0.21501365303993225,0.5561953186988831,-0.12065929919481277
0.5289170742034912,0.7342146039009094,-4.897610779153183e-07,0.5448585748672485,0.6079695224761963,-0.00967978872358799,0.5373440980911255,0.45399510860443115,-0.03141644969582558,0.529723584651947,0.34153175354003906,-0.05023924633860588,0.5632087588310242,0.2635018825531006,-0.06723307073116302,0.49475526809692383,0.46663787961006165,-0.08296120166778564,0.37438616156578064,0.4273136258125305,-0.10898033529520035,0.39735645055770874,0.467991441488266,-0.10920336842536926,0.43439093232154846,0.48607850074768066,-0.10703105479478836,0.46570730209350586,0.537376880645752,-0.09161066263914108,0.3474779725074768,0.49205854535102844,-0.11338695138692856,0.37316691875457764,0.5304009914398193,-0.10083504021167755,0.4072847366333008,0.5448696613311768,-0.09505988657474518,0.4372936487197876,0.6127694845199585,-0.09809890389442444,0.3346361517906189,0.5623382925987244,-0.1150984913110733,0.359165757894516,0.593370258808136,-0.09677212685346603,0.39699774980545044,0.6104047894477844,-0.08691276609897614,0.409361332654953,0.6796305775642395,-0.10439210385084152,0.31905561685562134,0.6186720132827759,-0.11978409439325333,0.26217982172966003,0.5871891379356384,-0.12131940573453903,0.217301145195961,0.560029149055481,-0.12462595850229263
0.5303621292114258,0.7300931811332703,-5.451045694826462e-07,0.5449613332748413,0.6062890291213989,-0.009006393142044544,0.5334252715110779,0.4506734609603882,-0.031011203303933144,0.522479772567749,0.3379317820072174,-0.05029842257499695,0.5567404627799988,0.2605900764465332,-0.06783682852983475,0.5034563541412354,0.4626960754394531,-0.08489606529474258,0.3762175440788269,0.42825302481651306,-0.11768774688243866,0.400452584028244,0.47135671973228455,-0.12252616882324219,0.43961742520332336,0.48379912972450256,-0.12286591529846191,0.479263573884964,0.5354737639427185,-0.09510470926761627,0.34925568103790283,0.4982699453830719,-0.12451379001140594,0.3760501742362976,0.5358399152755737,-0.11377574503421783,0.41244328022003174,0.5455167293548584,-0.1081574335694313,0.4521058201789856,0.6132962107658386,-0.10376273095607758,0.3385069966316223,0.5725118517875671,-0.12667284905910492,0.363258421421051,0.602055013179779,-0.10873068869113922,0.4024988114833832,0.613298237323761,-0.0978328213095665,0.4233270287513733,0.6818138360977173,-0.11208697408437729,0.3253030776977539,0.6244127750396729,-0.13015571236610413,0.26654571294784546,0.5919104218482971,-0.13258957862854004,0.22032523155212402,0.5608723163604736,-0.13614225387573242
0.5313165187835693,0.7327303886413574,-6.080893513171759e-07,0.5434445738792419,0.6056826114654541,-0.007333825808018446,0.5313753485679626,0.44831717014312744,-0.029699338600039482,0.522484540939331,0.3352038562297821,-0.04964688420295715,0.5605309009552002,0.2589725852012634,-0.06816625595092773,0.5058954358100891,0.4599878489971161,-0.08463548868894577,0.3738587498664856,0.4271244704723358,-0.11966382712125778,0.39923352003097534,0.473470002412796,-0.12629367411136627,0.44109684228897095,0.4868142306804657,-0.12799908220767975,0.48277121782302856,0.5360427498817444,-0.09676656126976013,0.34709420800209045,0.4968890845775604,-0.12872181832790375,0.37575018405914307,0.5383307933807373,-0.11885536462068558,0.4151706397533417,0.5498727560043335,-0.11378654092550278,0.45606258511543274,0.6167876720428467,-0.10745847225189209,0.34162402153015137,0.5723470449447632,-0.1339617371559143,0.36728012561798096,0.6022010445594788,-0.11715790629386902,0.4070219099521637,0.61366206407547,-0.10688982158899307,0.4281131327152252,0.6887593865394592,-0.11734598875045776,0.3266963064670563,0.6303396224975586,-0.13865898549556732,0.2657167315483093,0.5983873605728149,-0.14208440482616425,0.21636326611042023,0.5672789216041565,-0.1462739259004593
0.5323652625083923,0.7390146851539612,-6.638006766479521e-07,0.5433478951454163,0.6136981248855591,-0.010187052190303802,0.5283584594726562,0.45620492100715637,-0.034383416175842285,0.5211989879608154,0.34026622772216797,-0.05500035360455513,0.5600476264953613,0.26028451323509216,-0.07370676100254059,0.5147431492805481,0.46504849195480347,-0.09381970018148422,0.37659400701522827,0.42873477935791016,-0.13015544414520264,0.3980352580547333,0.47896522283554077,-0.13639764487743378,0.43995052576065063,0.4940517544746399,-0.13836173713207245,0.4917990267276764,0.5382792949676514,-0.10388755798339844,0.34812039136886597,0.5032555460929871,-0.13609398901462555,0.37426865100860596,0.547814130783081,-0.12356219440698624,0.4154059886932373,0.5558664202690125,-0.117843858897686,0.4632565677165985,0.6179713606834412,-0.11253268271684647,0.34103554487228394,0.5729501247406006,-0.13903340697288513,0.3648686110973358,0.6043038368225098,-0.11995025724172592,0.4064371883869171,0.6138519048690796,-0.10936840623617172,0.43386027216911316,0.6903499364852905,-0.12061043083667755,0.3310239613056183,0.6341659426689148,-0.14471741020679474,0.26765257120132446,0.6042256355285645,-0.14943672716617584,0.21742035448551178,0.5732613205909729,-0.15474960207939148
0.5327184200286865,0.7396847009658813,-6.592587737941358e-07,0.5445728898048401,0.6113277077674866,-0.010372979566454887,0.5299093723297119,0.4545574486255646,-0.034861572086811066,0.5201848745346069,0.3392697274684906,-0.05558435246348381,0.5618262887001038,0.26097872853279114,-0.0741213709115982,0.513448178768158,0.46408236026763916,-0.09528221935033798,0.37594813108444214,0.42975056171417236,-0.12991002202033997,0.39621925354003906,0.4811123311519623,-0.13285024464130402,0.43768081068992615,0.49667078256607056,-0.1326717734336853,0.49074795842170715,0.5394397377967834,-0.10518402606248856,0.3488198518753052,0.5044745206832886,-0.1366686075925827,0.373902827501297,0.5489203333854675,-0.1222393810749054,0.415213406085968,0.5587831735610962,-0.11551476269960403,0.4619350731372833,0.6199924945831299,-0.11342093348503113,0.34049350023269653,0.572152316570282,-0.14041434228420258,0.3639618754386902,0.6058785915374756,-0.12008390575647354,0.405296266078949,0.6183385252952576,-0.1088690385222435,0.43301308155059814,0.6932998895645142,-0.12090431898832321,0.3322393000125885,0.6363227963447571,-0.1458316594362259,0.2716396450996399,0.6077426671981812,-0.1497562676668167,0.2232065051794052,0.5779320597648621,-0.15432412922382355
0.53309565782547,0.7396752834320068,-6.566353363268718e-07,0.544037938117981,0.6112845540046692,-0.01010986603796482,0.5293906331062317,0.4536246061325073,-0.03493056073784828,0.521050214767456,0.337985098361969,-0.05602143332362175,0.5630907416343689,0.25944456458091736,-0.07506357133388519,0.5134880542755127,0.4645555317401886,-0.09683769196271896,0.3756111264228821,0.4295191168785095,-0.1319921910762787,0.3964281976222992,0.4808800518512726,-0.13541682064533234,0.43806883692741394,0.49596691131591797,-0.1356252282857895,0.4909808039665222,0.540277898311615,-0.1069851741194725,0.3486188054084778,0.5046641230583191,-0.1387965828180313,0.3741959035396576,0.5494931936264038,-0.1242523342370987,0.41576388478279114,0.5591269731521606,-0.1175326555967331,0.4620962142944336,0.6212259531021118,-0.1153758242726326,0.3403525948524475,0.5731764435768127,-0.14209549129009247,0.3638920783996582,0.6067006587982178,-0.121385358273983,0.4054984748363495,0.6189543008804321,-0.11005017906427383,0.4326149523258209,0.6945544481277466,-0.12302622944116592,0.3316328227519989,0.6360026597976685,-0.14765924215316772,0.27069491147994995,0.6066868901252747,-0.15142694115638733,0.22215844690799713,0.5766780972480774,-0.15603621304035187
0.5337532758712769,0.7407220005989075,-6.619239911742625e-07,0.5435181856155396,0.6133768558502197,-0.011188448406755924,0.5239815711975098,0.45387083292007446,-0.03658444061875343,0.5151296257972717,0.33718544244766235,-0.05818737670779228,0.5598272681236267,0.2598395049571991,-0.07743269950151443,0.5106713771820068,0.4719378650188446,-0.09889700263738632,0.3685305416584015,0.43320852518081665,-0.13651570677757263,0.391939640045166,0.48591700196266174,-0.1417289674282074,0.43557676672935486,0.5005432963371277,-0.14290514588356018,0.48990172147750854,0.5478745698928833,-0.10880394279956818,0.3433133363723755,0.5116381049156189,-0.14223285019397736,0.3719329535961151,0.5556409955024719,-0.12782688438892365,0.41501110792160034,0.5630120038986206,-0.12099864333868027,0.46234750747680664,0.6279122829437256,-0.11731451004743576,0.33742040395736694,0.5786038637161255,-0.14461354911327362,0.3635554313659668,0.6112789511680603,-0.12373245507478714,0.4064722955226898,0.6216140389442444,-0.11221352964639664,0.43427419662475586,0.6986332535743713,-0.1253238320350647,0.32989659905433655,0.6442838907241821,-0.14969874918460846,0.2680632472038269,0.617152214050293,-0.1537056416273117,0.2184693068265915,0.5899734497070312,-0.15863671898841858
0.5331326127052307,0.7405054569244385,-6.83746463892021e-07,0.5428006649017334,0.6140890121459961,-0.010809721425175667,0.5243505239486694,0.45353972911834717,-0.035815365612506866,0.5168692469596863,0.33650803565979004,-0.05735999718308449,0.5609453916549683,0.25904762744903564,-0.07674821466207504,0.5111559629440308,0.47149166464805603,-0.09863176941871643,0.3704959750175476,0.4336516857147217,-0.13415870070457458,0.39087992906570435,0.4859892725944519,-0.13638968765735626,0.4329218864440918,0.49927011132240295,-0.13566237688064575,0.4907064437866211,0.5476733446121216,-0.1093912199139595,0.34355103969573975,0.5117520689964294,-0.1435927003622055,0.36944425106048584,0.555397629737854,-0.12883132696151733,0.4124891459941864,0.5637654662132263,-0.12118816375732422,0.46354442834854126,0.6280230283737183,-0.1184309795498848,0.33847928047180176,0.5810407996177673,-0.14628329873085022,0.36264756321907043,0.6141248345375061,-0.12490178644657135,0.4043499827384949,0.6237612962722778,-0.1125909611582756,0.4356885850429535,0.6986522674560547,-0.12700946629047394,0.33420079946517944,0.6428358554840088,-0.15113189816474915,0.27377933263778687,0.6145935654640198,-0.15422400832176208,0.22588509321212769,0.5855309963226318,-0.15848393738269806
0.5334854125976562,0.7474259734153748,-6.823086664553557e-07,0.5424161553382874,0.6201004981994629,-0.008081557229161263,0.521484375,0.4609057307243347,-0.03131920099258423,0.5095580816268921,0.3418865203857422,-0.051448795944452286,0.5516024827957153,0.26283973455429077,-0.06969854235649109,0.5090348720550537,0.4748578369617462,-0.09339015930891037,0.36669132113456726,0.4386810064315796,-0.13040952384471893,0.3906659781932831,0.49165287613868713,-0.1383712887763977,0.43426886200904846,0.508409321308136,-0.14223602414131165,0.48815807700157166,0.5492870211601257,-0.1041579619050026,0.34091365337371826,0.5153835415840149,-0.13572953641414642,0.3706761598587036,0.5595657825469971,-0.1233878880739212,0.4142192304134369,0.5671160817146301,-0.1186952218413353,0.4604416489601135,0.6292948722839355,-0.11335290968418121,0.33628103137016296,0.581335186958313,-0.13936561346054077,0.364167183637619,0.6132925748825073,-0.12035953253507614,0.40828728675842285,0.6237545609474182,-0.11076638102531433,0.43229755759239197,0.7018539309501648,-0.1217823252081871,0.32946205139160156,0.652528703212738,-0.14735448360443115,0.2656853497028351,0.6279915571212769,-0.15352587401866913,0.21347305178642273,0.6020694375038147,-0.16013309359550476
0.5337972044944763,0.7512345910072327,-7.160010113693716e-07,0.5391104221343994,0.6231365203857422,-0.007973473519086838,0.5155426859855652,0.462727427482605,-0.0303757693618536,0.5042182803153992,0.34358394145965576,-0.05002947524189949,0.5437616109848022,0.2605665922164917,-0.06786278635263443,0.500737190246582,0.4715266823768616,-0.08946516364812851,0.3589242994785309,0.44459596276283264,-0.12519598007202148,0.3828412592411041,0.498761385679245,-0.13194189965724945,0.42668187618255615,0.5144631266593933,-0.13460952043533325,0.48276302218437195,0.5473863482475281,-0.10069718211889267,0.3341161012649536,0.5235252380371094,-0.13164877891540527,0.3645109534263611,0.5680521130561829,-0.11875355988740921,0.4078880846500397,0.5746902823448181,-0.11356847733259201,0.4578160047531128,0.6298378705978394,-0.11063604056835175,0.33199185132980347,0.5944454073905945,-0.13684594631195068,0.3604567050933838,0.6265758275985718,-0.1175975501537323,0.40357154607772827,0.6357546448707581,-0.10759744048118591,0.4320535361766815,0.70505690574646,-0.11979977786540985,0.32843953371047974,0.6571329236030579,-0.144088476896286,0.2665209472179413,0.6349148750305176,-0.14804145693778992,0.21532446146011353,0.6121099591255188,-0.15298977494239807
0.5326188802719116,0.750037431716919,-7.24579706457007e-07,0.538394570350647,0.6212818026542664,-0.007953840307891369,0.5152757167816162,0.46116819977760315,-0.030779413878917694,0.5053595900535583,0.34341737627983093,-0.05089597776532173,0.5437722206115723,0.2607210576534271,-0.06944499909877777,0.5026073455810547,0.47137677669525146,-0.09202124178409576,0.36173635721206665,0.44270089268684387,-0.1276266872882843,0.3835379481315613,0.49675267934799194,-0.13345836102962494,0.4254474341869354,0.5119872093200684,-0.13558398187160492,0.4831610918045044,0.5477990508079529,-0.10382048785686493,0.3351505696773529,0.5221359133720398,-0.13678529858589172,0.363664448261261,0.5671460032463074,-0.12469495087862015,0.40652012825012207,0.5761855244636536,-0.11944282054901123,0.45764970779418945,0.6305476427078247,-0.11400696635246277,0.33311671018600464,0.5964580178260803,-0.14119504392147064,0.36128440499305725,0.6284436583518982,-0.1222066581249237,0.40416812896728516,0.6369785070419312,-0.11193664371967316,0.43145257234573364,0.705156683921814,-0.12338273972272873,0.3282415568828583,0.6581295728683472,-0.14774687588214874,0.26679569482803345,0.63465416431427,-0.15161383152008057,0.2163991630077362,0.6092602014541626,-0.15644888579845428
0.5325482487678528,0.738963782787323,-6.704142379021505e-07,0.5362378358840942,0.610620379447937,-0.009581714868545532,0.5097282528877258,0.45420587062835693,-0.033457741141319275,0.4939332604408264,0.3368566632270813,-0.054346971213817596,0.5333102345466614,0.2547397017478943,-0.07339376211166382,0.49546173214912415,0.4699101746082306,-0.09115280956029892,0.35375070571899414,0.44375842809677124,-0.12860055267810822,0.3768349587917328,0.49421030282974243,-0.13580544292926788,0.42016586661338806,0.50991290807724,-0.13840100169181824,0.4784020185470581,0.5456122159957886,-0.1019558534026146,0.3278573751449585,0.52253258228302,-0.13518667221069336,0.3578919768333435,0.563597559928894,-0.12289632856845856,0.4016288220882416,0.5695798993110657,-0.11746122688055038,0.454770565032959,0.627272367477417,-0.1117343157529831,0.32695794105529785,0.5912715792655945,-0.14014549553394318,0.354873925447464,0.6216508746147156,-0.12099909037351608,0.39759325981140137,0.629599392414093,-0.1103232204914093,0.4305126368999481,0.7013364434242249,-0.12086385488510132,0.32455697655677795,0.6567926406860352,-0.14652620255947113,0.2628231346607208,0.6360223293304443,-0.15111508965492249,0.2119462788105011,0.6134243607521057,-0.1562747359275818
0.5322125554084778,0.7391568422317505,-7.073153369674401e-07,0.5348551273345947,0.6121562123298645,-0.00956001691520214,0.5083179473876953,0.45478567481040955,-0.03395798057317734,0.49753105640411377,0.3383826017379761,-0.05552712455391884,0.5359161496162415,0.2562563419342041,-0.07524837553501129,0.49859774112701416,0.4657106101512909,-0.09483214467763901,0.3559878170490265,0.44345322251319885,-0.13195650279521942,0.37723350524902344,0.49693524837493896,-0.13771210610866547,0.41911062598228455,0.5109440684318542,-0.1395452469587326,0.4814128875732422,0.541581392288208,-0.10622066259384155,0.33097976446151733,0.523387610912323,-0.14044685661792755,0.3589351177215576,0.5683709979057312,-0.12731489539146423,0.4015694260597229,0.5739932060241699,-0.12117743492126465,0.4572484791278839,0.6249769926071167,-0.11625093966722488,0.3293238878250122,0.5953931212425232,-0.14515548944473267,0.3568735718727112,0.6287786960601807,-0.12521786987781525,0.399749219417572,0.6365274786949158,-0.11395088583230972,0.4320552349090576,0.7004586458206177,-0.125645712018013,0.32839512825012207,0.6562225818634033,-0.1518775224685669,0.26573389768600464,0.6351374387741089,-0.15640246868133545,0.21470551192760468,0.6110165119171143,-0.16149500012397766
0.5324045419692993,0.7433411478996277,-7.412084528368723e-07,0.5357142090797424,0.6153534054756165,-0.006907002069056034,0.5080262422561646,0.4584391713142395,-0.029668238013982773,0.4925871789455414,0.3408946692943573,-0.05000976100564003,0.5275614857673645,0.2563634216785431,-0.06829103082418442,0.49803656339645386,0.4613487422466278,-0.09045045077800751,0.35359224677085876,0.44023704528808594,-0.1267155557870865,0.3769471347332001,0.49495816230773926,-0.1321595162153244,0.41972672939300537,0.5088029503822327,-0.13378262519836426,0.48208922147750854,0.5370471477508545,-0.1028900295495987,0.33008459210395813,0.5205416083335876,-0.1352388560771942,0.35947853326797485,0.565758466720581,-0.12144877761602402,0.402106374502182,0.57039475440979,-0.11530649662017822,0.45816200971603394,0.6208257675170898,-0.11413142085075378,0.3301277160644531,0.5950585603713989,-0.14110401272773743,0.3593248128890991,0.6262646317481995,-0.12115496397018433,0.4035405218601227,0.6318942308425903,-0.11057262867689133,0.432639479637146,0.6974983215332031,-0.12453258037567139,0.32652127742767334,0.6552509069442749,-0.14897961914539337,0.26351916790008545,0.6357038021087646,-0.15305021405220032,0.21232032775878906,0.6133003234863281,-0.15812736749649048
0.5298565030097961,0.7436474561691284,-7.707674285484245e-07,0.5339139699935913,0.6147966384887695,-0.008335060440003872,0.5079360604286194,0.45759317278862,-0.031125560402870178,0.49244844913482666,0.33925706148147583,-0.05103980004787445,0.5270947217941284,0.25429943203926086,-0.06843838095664978,0.4971767067909241,0.46037757396698,-0.09259219467639923,0.35186976194381714,0.44112759828567505,-0.1271117776632309,0.37322938442230225,0.4976169168949127,-0.12951551377773285,0.4148745834827423,0.5129573345184326,-0.12959066033363342,0.482359915971756,0.5348144769668579,-0.1040947437286377,0.3275635838508606,0.5214398503303528,-0.136363223195076,0.35707640647888184,0.5687264800071716,-0.12122614681720734,0.39992424845695496,0.5730494856834412,-0.114445760846138,0.45879215002059937,0.6180405020713806,-0.11437155306339264,0.329163134098053,0.5979464650154114,-0.14161896705627441,0.3606494665145874,0.6299764513969421,-0.12131884694099426,0.40628084540367126,0.6345970630645752,-0.11095905303955078,0.43374696373939514,0.6952844858169556,-0.12391524016857147,0.3293972909450531,0.6558301448822021,-0.15083792805671692,0.2656814157962799,0.6360660195350647,-0.1567257195711136,0.21269923448562622,0.6124696135520935,-0.16312509775161743
0.5313090682029724,0.7326124906539917,-7.404138386846171e-07,0.5278677344322205,0.6018102169036865,-0.00984502024948597,0.49573615193367004,0.45277124643325806,-0.033955033868551254,0.4804828464984894,0.3373889625072479,-0.05479992553591728,0.5119274854660034,0.250949889421463,-0.07249070703983307,0.49501845240592957,0.4553409814834595,-0.09317997843027115,0.3489052653312683,0.43987682461738586,-0.1270219087600708,0.3722909688949585,0.4946316182613373,-0.1281219869852066,0.4146013557910919,0.5103046894073486,-0.12751515209674835,0.48291152715682983,0.5281513333320618,-0.10371696949005127,0.3256736397743225,0.5192059278488159,-0.13502401113510132,0.35664451122283936,0.5641435980796814,-0.1191217452287674,0.4002232551574707,0.5648590326309204,-0.11224661767482758,0.4610033333301544,0.6089271306991577,-0.11328960210084915,0.3274005651473999,0.5853617191314697,-0.14145910739898682,0.3592589497566223,0.6162812113761902,-0.12160121649503708,0.4046277701854706,0.6185142993927002,-0.11171920597553253,0.43912217020988464,0.683489203453064,-0.12224767357110977,0.33539074659347534,0.652961790561676,-0.15155380964279175,0.2710922956466675,0.6373587846755981,-0.1592751145362854,0.2158937007188797,0.6165546774864197,-0.16686709225177765
0.5339857935905457,0.7336077690124512,-7.628182743246725e-07,0.5302713513374329,0.604978084564209,-0.010707415640354156,0.49689972400665283,0.45438152551651,-0.034766294062137604,0.48139598965644836,0.3389078974723816,-0.055227313190698624,0.5130975842475891,0.2536216974258423,-0.07258283346891403,0.4971349537372589,0.4567316472530365,-0.09595344215631485,0.34864309430122375,0.44060030579566956,-0.12996211647987366,0.3695847988128662,0.49614936113357544,-0.13049732148647308,0.4116913974285126,0.5125646591186523,-0.12907536327838898,0.48475509881973267,0.529484748840332,-0.10625725984573364,0.3255506753921509,0.5185660123825073,-0.1384192258119583,0.3538074791431427,0.5640864372253418,-0.12272163480520248,0.3967708647251129,0.5672045350074768,-0.11560975760221481,0.462792307138443,0.6106118559837341,-0.11533045768737793,0.3273066282272339,0.5882043838500977,-0.14394274353981018,0.3562370538711548,0.6201008558273315,-0.12419981509447098,0.39969825744628906,0.6236032843589783,-0.1140567883849144,0.44012588262557983,0.685691773891449,-0.12376092374324799,0.33479905128479004,0.6530876755714417,-0.1518227756023407,0.2701537013053894,0.6363475322723389,-0.15819257497787476,0.21509116888046265,0.6152999401092529,-0.16491954028606415
0.5324244499206543,0.7323376536369324,-7.520973781538487e-07,0.5292246341705322,0.6029399037361145,-0.010122531093657017,0.49730390310287476,0.4529552161693573,-0.034379199147224426,0.48114120960235596,0.3376678228378296,-0.05530625209212303,0.5130884051322937,0.251994788646698,-0.07310684025287628,0.49538180232048035,0.4571569561958313,-0.09452091157436371,0.3486834466457367,0.44077354669570923,-0.12823283672332764,0.3708142638206482,0.4952649176120758,-0.12857715785503387,0.4131298065185547,0.5110120177268982,-0.12715743482112885,0.4832700192928314,0.530001699924469,-0.10508180409669876,0.32541581988334656,0.520344078540802,-0.13676320016384125,0.355304479598999,0.5647232532501221,-0.12052696198225021,0.39860135316848755,0.5662323832511902,-0.11314773559570312,0.4619096517562866,0.6105202436447144,-0.11453887820243835,0.3273966312408447,0.587823748588562,-0.14262862503528595,0.3580722212791443,0.6181461215019226,-0.12244679033756256,0.40233439207077026,0.6205897927284241,-0.11223137378692627,0.440064936876297,0.6846321225166321,-0.12338989228010178,0.3349146544933319,0.6532079577445984,-0.15167152881622314,0.270549476146698,0.6373599767684937,-0.15850231051445007,0.21551640331745148,0.6168666481971741,-0.16561973094940186
0.5166525840759277,0.7251900434494019,-8.108063980216684e-07,0.5080689787864685,0.5965698957443237,-0.010960446670651436,0.47793063521385193,0.4580291509628296,-0.037069786339998245,0.4677571952342987,0.34675055742263794,-0.05910932272672653,0.4945507347583771,0.2592054605484009,-0.07693979144096375,0.5095345377922058,0.4351556897163391,-0.0980527400970459,0.36087745428085327,0.42633509635925293,-0.13972586393356323,0.3824407160282135,0.4812276065349579,-0.15025639533996582,0.41753748059272766,0.49316102266311646,-0.15697966516017914,0.5113574862480164,0.5003991723060608,-0.1095011979341507,0.34456974267959595,0.5009216666221619,-0.14663222432136536,0.37699660658836365,0.5475870966911316,-0.1360185146331787,0.41744524240493774,0.545225203037262,-0.13384176790714264,0.49230897426605225,0.5793122053146362,-0.1207413300871849,0.348821759223938,0.5669407248497009,-0.15352390706539154,0.37762224674224854,0.6000959873199463,-0.13636240363121033,0.4209408164024353,0.6021748185157776,-0.1289602816104889,0.4677489995956421,0.654352605342865,-0.13133211433887482,0.3577139377593994,0.6364910006523132,-0.16796909272670746,0.2874342203140259,0.6330258846282959,-0.18071496486663818,0.22864098846912384,0.6218125224113464,-0.19172541797161102
0.5299052000045776,0.7197948694229126,-6.087983024372079e-07,0.5254927277565002,0.5888076424598694,-0.018185630440711975,0.4879433512687683,0.45286881923675537,-0.04832977429032326,0.4704095423221588,0.3426719307899475,-0.07381482422351837,0.48858246207237244,0.2536524534225464,-0.09562230855226517,0.501966118812561,0.4395734667778015,-0.10647305101156235,0.3588390350341797,0.41943424940109253,-0.14277514815330505,0.38144341111183167,0.47619062662124634,-0.14676658809185028,0.4177660048007965,0.49222731590270996,-0.15075087547302246,0.5035343170166016,0.512579083442688,-0.11689843237400055,0.33900386095046997,0.49384933710098267,-0.14835864305496216,0.3719656765460968,0.5447007417678833,-0.13173462450504303,0.4123823940753937,0.5494028329849243,-0.12686917185783386,0.485178679227829,0.5911462306976318,-0.12752661108970642,0.34128883481025696,0.5741364359855652,-0.15637753903865814,0.37362104654312134,0.6075743436813354,-0.134254589676857,0.4181927442550659,0.6159760355949402,-0.12603937089443207,0.46410995721817017,0.6674915552139282,-0.1387404054403305,0.3479613959789276,0.6437662243843079,-0.1792527139186859,0.2849009037017822,0.6301079392433167,-0.19023139774799347,0.231734037399292,0.6120783686637878,-0.20005133748054504
0.4943169355392456,0.7214338183403015,-9.298684631176002e-07,0.46141567826271057,0.5831491351127625,-0.0018456745892763138,0.441476970911026,0.44233238697052,-0.01917271316051483,0.4398884177207947,0.3425709903240204,-0.03777679055929184,0.46628260612487793,0.26880010962486267,-0.054742246866226196,0.5144909024238586,0.4117926359176636,-0.06386696547269821,0.39503175020217896,0.40626877546310425,-0.09432940185070038,0.39661169052124023,0.46482086181640625,-0.0988571047782898,0.4229280948638916,0.4750123620033264,-0.10115033388137817,0.5265317559242249,0.47726625204086304,-0.08259434998035431,0.38871610164642334,0.47576022148132324,-0.11607180535793304,0.3915508985519409,0.5144893527030945,-0.11100861430168152,0.4199881851673126,0.5208221673965454,-0.10944349318742752,0.5226576328277588,0.5511664152145386,-0.10054326057434082,0.3887891471385956,0.5426025986671448,-0.13276967406272888,0.3877316415309906,0.5741103887557983,-0.11956597119569778,0.4130263328552246,0.5774653553962708,-0.1107892170548439,0.5120598673820496,0.6247794032096863,-0.11769219487905502,0.4027654230594635,0.6009235382080078,-0.14442281424999237,0.34137940406799316,0.5968925952911377,-0.14606651663780212,0.3016906976699829,0.5847214460372925,-0.14669623970985413
0.48618990182876587,0.7028635740280151,-8.70485393988929e-07,0.44532549381256104,0.5575762391090393,-0.017539629712700844,0.4356748163700104,0.42786529660224915,-0.033978771418333054,0.4414633810520172,0.33456021547317505,-0.0486069954931736,0.46490588784217834,0.2747328281402588,-0.05676482245326042,0.5365291833877563,0.39155900478363037,-0.0455261655151844,0.41738903522491455,0.3935319185256958,-0.0808582603931427,0.41106152534484863,0.4542601406574249,-0.09349881857633591,0.43771013617515564,0.47066378593444824,-0.09940285235643387,0.5597001314163208,0.45113107562065125,-0.05314206704497337,0.41722211241722107,0.4587535560131073,-0.08774420619010925,0.41799166798591614,0.5031350255012512,-0.08514685928821564,0.4442554712295532,0.512858510017395,-0.08257327228784561,0.5630303621292114,0.5210695862770081,-0.06441953778266907,0.4280194342136383,0.5200440883636475,-0.09970507770776749,0.4231189787387848,0.549583375453949,-0.08942880481481552,0.4427063465118408,0.5566607713699341,-0.07899853587150574,0.5564689636230469,0.596888542175293,-0.07739830017089844,0.4527305066585541,0.5817701816558838,-0.10659628361463547,0.40099841356277466,0.5693367719650269,-0.11193760484457016,0.3675147294998169,0.5532253980636597,-0.11164875328540802
0.4791170060634613,0.6994648575782776,-7.639568480044545e-07,0.4460335075855255,0.5664026737213135,-0.02205570414662361,0.438435435295105,0.4416860044002533,-0.036959074437618256,0.43927881121635437,0.3517341613769531,-0.04856029152870178,0.45507267117500305,0.28442245721817017,-0.05277516320347786,0.5355799794197083,0.3897004723548889,-0.038360849022865295,0.41907817125320435,0.3947451710700989,-0.0681871846318245,0.41257157921791077,0.4543153643608093,-0.08009511977434158,0.44052380323410034,0.4707345962524414,-0.08649221062660217,0.5611198544502258,0.44603538513183594,-0.04306812584400177,0.4192214012145996,0.4537756145000458,-0.0723518580198288,0.4184846878051758,0.5017253756523132,-0.07321351021528244,0.44398772716522217,0.5167229771614075,-0.07312525808811188,0.565231204032898,0.5150471925735474,-0.05131913721561432,0.42903193831443787,0.5177004337310791,-0.08318093419075012,0.4243168234825134,0.5519793033599854,-0.07551496475934982,0.44331061840057373,0.5670093894004822,-0.06705566495656967,0.5574775338172913,0.590380847454071,-0.06190456449985504,0.45343923568725586,0.575153648853302,-0.09043093770742416,0.4082188308238983,0.5688864588737488,-0.09445708990097046,0.3814690113067627,0.5611544847488403,-0.09253424406051636
0.4711850881576538,0.689254879951477,-8.054329896367562e-07,0.440673828125,0.5655652284622192,-0.0200897678732872,0.43573635816574097,0.4488917589187622,-0.03325505554676056,0.43896737694740295,0.36304765939712524,-0.04459669068455696,0.4537319540977478,0.29629403352737427,-0.04874195158481598,0.5396838784217834,0.3904905319213867,-0.02882273495197296,0.43747276067733765,0.37963587045669556,-0.05954901874065399,0.42396464943885803,0.4288142919540405,-0.07573619484901428,0.44290411472320557,0.44898492097854614,-0.08489249646663666,0.5717267394065857,0.43694329261779785,-0.0324632003903389,0.4415680170059204,0.44251853227615356,-0.05973988398909569,0.430662602186203,0.49143803119659424,-0.06244669482111931,0.44827592372894287,0.5079222321510315,-0.06316553056240082,0.5823054313659668,0.4972560703754425,-0.04034827649593353,0.45524781942367554,0.505390465259552,-0.06937786191701889,0.4459353983402252,0.545286238193512,-0.06284461915493011,0.46039459109306335,0.5673407316207886,-0.05478783696889877,0.5769801735877991,0.5670346021652222,-0.05093264952301979,0.4862062931060791,0.5494241118431091,-0.07651891559362411,0.4380571246147156,0.5337970852851868,-0.0808509886264801,0.4052164554595947,0.521466076374054,-0.07903248071670532
0.4785301983356476,0.7004299759864807,-7.35570893084514e-07,0.4437856674194336,0.5821799635887146,-0.01994146779179573,0.4385972023010254,0.4626862406730652,-0.03278040140867233,0.43903255462646484,0.3744821846485138,-0.043992072343826294,0.450127512216568,0.30265694856643677,-0.048371922224760056,0.5395740270614624,0.3925771415233612,-0.022811826318502426,0.43957385420799255,0.3802540898323059,-0.0526728592813015,0.4253956377506256,0.4287317991256714,-0.06990528851747513,0.4460274279117584,0.4481675326824188,-0.07936941832304001,0.5699163675308228,0.43911030888557434,-0.026499029248952866,0.44449466466903687,0.44465577602386475,-0.05162256956100464,0.429828405380249,0.486184686422348,-0.056688740849494934,0.4439839720726013,0.49983805418014526,-0.059015560895204544,0.5803076028823853,0.500256359577179,-0.03453875705599785,0.455645352602005,0.506205141544342,-0.06119353696703911,0.43407872319221497,0.5374526381492615,-0.05700318142771721,0.4372548460960388,0.5539721846580505,-0.0509524941444397,0.574948787689209,0.570365846157074,-0.04545845091342926,0.4848591089248657,0.5524572730064392,-0.06787291169166565,0.43691402673721313,0.5375615358352661,-0.07140769809484482,0.4024767279624939,0.5249165296554565,-0.06925950199365616
0.47303295135498047,0.7013957500457764,-7.562904329461162e-07,0.4463091492652893,0.5778319835662842,-0.012094832956790924,0.4442708194255829,0.4675293564796448,-0.02499130181968212,0.44766366481781006,0.38255566358566284,-0.03758250176906586,0.46135982871055603,0.31107354164123535,-0.04259714111685753,0.5429703593254089,0.39480486512184143,-0.026457803323864937,0.44403544068336487,0.3845776915550232,-0.05083230137825012,0.4315308928489685,0.429676353931427,-0.06008432060480118,0.44832953810691833,0.4499029517173767,-0.06617265939712524,0.5792562961578369,0.4430917501449585,-0.035086337476968765,0.4490373134613037,0.44478467106819153,-0.05711234360933304,0.4372522234916687,0.4937637150287628,-0.054282400757074356,0.4522581696510315,0.5106562972068787,-0.05217563360929489,0.591100811958313,0.5032764077186584,-0.04684675857424736,0.461474746465683,0.5112526416778564,-0.06955521553754807,0.45341411232948303,0.5581886172294617,-0.055469729006290436,0.4660528898239136,0.5864856243133545,-0.04419645294547081,0.5846095085144043,0.5757445096969604,-0.06122710183262825,0.49870702624320984,0.5513026118278503,-0.08610749989748001,0.4530600607395172,0.5282782912254333,-0.08878298103809357,0.41828978061676025,0.5064416527748108,-0.08617254346609116
0.4725075960159302,0.7049367427825928,-6.854656930954661e-07,0.4466422200202942,0.5833818316459656,-0.014184839092195034,0.44488272070884705,0.4730565547943115,-0.029051950201392174,0.44656461477279663,0.38604089617729187,-0.04293521121144295,0.45951026678085327,0.3117945194244385,-0.04945753887295723,0.5447178483009338,0.3943403363227844,-0.027881154790520668,0.4451466202735901,0.38352489471435547,-0.05295020341873169,0.4340973198413849,0.42886054515838623,-0.06557478755712509,0.45222803950309753,0.44822853803634644,-0.07423719018697739,0.5810985565185547,0.4445120096206665,-0.03498218208551407,0.44971418380737305,0.4446840286254883,-0.05431655794382095,0.43784430623054504,0.49218326807022095,-0.05215086787939072,0.4523526728153229,0.5101156830787659,-0.051536139100790024,0.5920019149780273,0.505840539932251,-0.04527702555060387,0.4608626365661621,0.5125452280044556,-0.063703253865242,0.4513394236564636,0.5572313070297241,-0.04854700714349747,0.461541086435318,0.5861561894416809,-0.037769876420497894,0.5831374526023865,0.5781769752502441,-0.05867942422628403,0.4978632628917694,0.5503242015838623,-0.0800483301281929,0.4546933174133301,0.5271058678627014,-0.08078337460756302,0.4211943745613098,0.5065199732780457,-0.07733549177646637
0.47245773673057556,0.7084027528762817,-7.178608143476595e-07,0.4463002383708954,0.5852764844894409,-0.014415929093956947,0.4439324140548706,0.4736916422843933,-0.029076864942908287,0.44632428884506226,0.38656148314476013,-0.042876970022916794,0.4590555429458618,0.31133365631103516,-0.04942340776324272,0.5459250807762146,0.3946800231933594,-0.02729869820177555,0.44767478108406067,0.38333404064178467,-0.05304017290472984,0.4340518116950989,0.42778605222702026,-0.06637348979711533,0.45007380843162537,0.4462433457374573,-0.07534466683864594,0.5815185308456421,0.4443400502204895,-0.03476240113377571,0.4520514905452728,0.4451504349708557,-0.055333755910396576,0.4373667240142822,0.4913870096206665,-0.05462951213121414,0.449524462223053,0.5092490315437317,-0.054727889597415924,0.5923841595649719,0.5055822730064392,-0.0454791821539402,0.46184444427490234,0.5136609673500061,-0.06550770998001099,0.450280100107193,0.5586479306221008,-0.051618192344903946,0.45871561765670776,0.5887008905410767,-0.041202422231435776,0.5839044451713562,0.5773667097091675,-0.059301771223545074,0.4980480372905731,0.5503044724464417,-0.08145584166049957,0.4538300335407257,0.5271345376968384,-0.08247219026088715,0.4193146824836731,0.5067227482795715,-0.07899823039770126
0.4690823256969452,0.7055907249450684,-7.662952157261316e-07,0.4463399350643158,0.5892707705497742,-0.022597216069698334,0.44444793462753296,0.4750209450721741,-0.037808939814567566,0.44823938608169556,0.38748404383659363,-0.04996763914823532,0.46181267499923706,0.31166863441467285,-0.05381223186850548,0.5517119765281677,0.3939864933490753,-0.03261520713567734,0.4528101980686188,0.38974714279174805,-0.0593203566968441,0.4372660219669342,0.43502625823020935,-0.07110921293497086,0.4527752101421356,0.4521048665046692,-0.07816975563764572,0.5881626009941101,0.4437587261199951,-0.035026323050260544,0.45871126651763916,0.4489884376525879,-0.05895199999213219,0.44284433126449585,0.49882936477661133,-0.058995142579078674,0.4552440941333771,0.5142748951911926,-0.058267269283533096,0.6000216007232666,0.5063700675964355,-0.041181959211826324,0.46872687339782715,0.5146563649177551,-0.06532981246709824,0.4546203315258026,0.5595274567604065,-0.05381033569574356,0.46249979734420776,0.5844030380249023,-0.043475441634655,0.5933536291122437,0.5785036087036133,-0.05069538205862045,0.506240725517273,0.5528474450111389,-0.07378292828798294,0.4653840661048889,0.5293907523155212,-0.07571938633918762,0.4365152418613434,0.5064660906791687,-0.072138212621212
0.471296489238739,0.707129955291748,-7.791956591063354e-07,0.4453483819961548,0.588680624961853,-0.020792460069060326,0.4416646361351013,0.4746454060077667,-0.03528135269880295,0.44567734003067017,0.3879648447036743,-0.047408200800418854,0.46104881167411804,0.3174862265586853,-0.051292598247528076,0.55448979139328,0.3951948583126068,-0.025125617161393166,0.4587417244911194,0.38202473521232605,-0.0561128705739975,0.4401722550392151,0.4266345202922821,-0.07353739440441132,0.45805203914642334,0.44070619344711304,-0.08393478393554688,0.5885658264160156,0.4427795112133026,-0.028756121173501015,0.4616568088531494,0.4424578845500946,-0.05421264097094536,0.44282209873199463,0.4902716279029846,-0.056215472519397736,0.4585730731487274,0.500628650188446,-0.05609847605228424,0.5995385646820068,0.5050429701805115,-0.0369064100086689,0.4700973629951477,0.509329617023468,-0.06116161867976189,0.45248180627822876,0.5487486720085144,-0.05008842051029205,0.46128708124160767,0.5664939880371094,-0.03953351825475693,0.5924555659294128,0.5750232934951782,-0.04865967482328415,0.5026417970657349,0.550500214099884,-0.07006683200597763,0.46628537774086,0.5347186923027039,-0.07044840604066849,0.44497883319854736,0.517745852470398,-0.06525644659996033
0.47272735834121704,0.710401713848114,-8.388255992031191e-07,0.4465824365615845,0.5877141952514648,-0.0174688920378685,0.44302746653556824,0.4741581678390503,-0.029795033857226372,0.44824129343032837,0.3875204622745514,-0.04072319343686104,0.4615591764450073,0.31561538577079773,-0.04478376731276512,0.5547848343849182,0.40526264905929565,-0.02403307519853115,0.4694471061229706,0.39072102308273315,-0.050591181963682175,0.44368696212768555,0.4168628454208374,-0.06479513645172119,0.4467063546180725,0.4259468913078308,-0.07291936874389648,0.5875144004821777,0.44979432225227356,-0.028928469866514206,0.47065770626068115,0.45062750577926636,-0.05231395736336708,0.44665366411209106,0.48575249314308167,-0.056994255632162094,0.4497521221637726,0.49982520937919617,-0.05966982990503311,0.5995503664016724,0.5100456476211548,-0.03731271252036095,0.4760555326938629,0.5151164531707764,-0.06226171925663948,0.4547542929649353,0.5524131059646606,-0.05677465349435806,0.4552415609359741,0.5763034820556641,-0.050221797078847885,0.5935306549072266,0.5779944062232971,-0.048483580350875854,0.5080376863479614,0.5530741810798645,-0.06975653767585754,0.4669288396835327,0.5314855575561523,-0.07211779803037643,0.43709391355514526,0.5129218697547913,-0.06940726935863495
0.886684000492096,0.4625990390777588,-8.024460385058774e-07,0.8313277959823608,0.39873701333999634,0.0027437498793005943,0.7457098960876465,0.319389283657074,-0.00023892748868092895,0.6993752121925354,0.23767784237861633,-0.002366670174524188,0.6961705088615417,0.1661747246980667,-0.0059601436369121075,0.6949087381362915,0.25172290205955505,-0.041598401963710785,0.6061293482780457,0.35770079493522644,-0.05584053322672844,0.6011061668395996,0.41698023676872253,-0.0550239272415638,0.605711817741394,0.43773525953292847,-0.0561412014067173,0.7198137640953064,0.2859286963939667,-0.05566014349460602,0.6136974692344666,0.40728703141212463,-0.07182229310274124,0.6072423458099365,0.463445246219635,-0.06879539787769318,0.6045761108398438,0.4970859885215759,-0.07025943696498871,0.7441877722740173,0.34827762842178345,-0.06830716133117676,0.6349060535430908,0.46369439363479614,-0.09267684072256088,0.6182332038879395,0.514191210269928,-0.08954799920320511,0.6094844937324524,0.5408262610435486,-0.08874348551034927,0.7683048248291016,0.43205881118774414,-0.07899653166532516,0.6632124781608582,0.4869266152381897,-0.11211720108985901,0.6042715311050415,0.5143429040908813,-0.12356524169445038,0.5526506304740906,0.5300519466400146,-0.1302088052034378
0.3190469443798065,0.7873754501342773,5.2913202353011e-07,0.37531790137290955,0.7464986443519592,0.041694339364767075,0.3951130211353302,0.6627234816551208,0.06172839552164078,0.40349867939949036,0.6113305687904358,0.06710361689329147,0.41056588292121887,0.5714665651321411,0.07238873839378357,0.32818835973739624,0.5650705099105835,0.07490243762731552,0.35952621698379517,0.48663192987442017,0.074410580098629,0.40931057929992676,0.47072774171829224,0.06672322005033493,0.444469153881073,0.48079654574394226,0.06172652170062065,0.3186068534851074,0.5575810074806213,0.04055957496166229,0.3574448525905609,0.4618832468986511,0.03646284341812134,0.41994595527648926,0.4499712586402893,0.024506155401468277,0.45771101117134094,0.47156500816345215,0.017678292468190193,0.31302931904792786,0.5588850975036621,0.004218266811221838,0.3496930003166199,0.4575272500514984,-0.0036956111434847116,0.4123305082321167,0.45629647374153137,-0.012306718155741692,0.44864821434020996,0.4792478084564209,-0.016741806641221046,0.3142307996749878,0.5692213177680969,-0.03009786456823349,0.34866073727607727,0.48651444911956787,-0.038139708340168,0.3919124901294708,0.48519396781921387,-0.03933541476726532,0.41840803623199463,0.5072255730628967,-0.039079178124666214
0.2947489023208618,0.8030483722686768,4.0065958728519036e-07,0.3613899052143097,0.7382692098617554,0.026950567960739136,0.3849274814128876,0.6473377346992493,0.03024047240614891,0.4101150929927826,0.5804478526115417,0.022323863580822945,0.438858300447464,0.5279897451400757,0.015885528177022934,0.2757501006126404,0.5641689300537109,0.042676642537117004,0.3217003345489502,0.46566346287727356,0.03198673576116562,0.38066044449806213,0.4549020230770111,0.01807473786175251,0.42276644706726074,0.4754912257194519,0.010109759867191315,0.264167845249176,0.5634874105453491,0.016025204211473465,0.3181525766849518,0.43658512830734253,0.005697410553693771,0.3841949701309204,0.4239902198314667,-0.0049701714888215065,0.42467445135116577,0.44288963079452515,-0.010216214694082737,0.26859915256500244,0.5733433961868286,-0.01156888622790575,0.31484106183052063,0.4372343420982361,-0.020057542249560356,0.3821287751197815,0.4269278049468994,-0.020121082663536072,0.4218789041042328,0.4468159079551697,-0.01902599260210991,0.2942204177379608,0.5931646227836609,-0.038164276629686356,0.33980509638786316,0.489614337682724,-0.041621897369623184,0.3870358467102051,0.48297229409217834,-0.03381558880209923,0.41584035754203796,0.501978874206543,-0.027301937341690063
0.2908344566822052,0.8183173537254333,1.564401372888824e-07,0.3624022305011749,0.7312287092208862,0.026569409295916557,0.38814252614974976,0.6410348415374756,0.02826281450688839,0.4111641049385071,0.579429030418396,0.01755271665751934,0.43228644132614136,0.527673065662384,0.008087472058832645,0.2750927805900574,0.5568626523017883,0.040495503693819046,0.31544607877731323,0.456653356552124,0.0243179053068161,0.3757857084274292,0.44909602403640747,0.004972934722900391,0.4197167754173279,0.4712757468223572,-0.0070440019480884075,0.260407954454422,0.5602629780769348,0.011866915971040726,0.31327155232429504,0.43565142154693604,-0.001641242066398263,0.3782288432121277,0.43489357829093933,-0.016179194673895836,0.41793927550315857,0.46158790588378906,-0.024825792759656906,0.26528966426849365,0.5733933448791504,-0.017904527485370636,0.31112140417099,0.43828701972961426,-0.029188329353928566,0.3759426176548004,0.4317420721054077,-0.03195149078965187,0.4171468913555145,0.45552971959114075,-0.03302386403083801,0.2927582859992981,0.5948139429092407,-0.04706032946705818,0.33868393301963806,0.49700725078582764,-0.05471771955490112,0.38738617300987244,0.48952531814575195,-0.05061515048146248,0.4213404655456543,0.5069647431373596,-0.04670927673578262
0.2926607131958008,0.8245436549186707,1.906654745198466e-07,0.3604387640953064,0.7412171363830566,0.0218978188931942,0.38366463780403137,0.6489145755767822,0.02066812478005886,0.40862682461738586,0.5809495449066162,0.007496881298720837,0.42534178495407104,0.5247901678085327,-0.0037160164210945368,0.2701509892940521,0.5653703808784485,0.03830918297171593,0.3080707788467407,0.45838358998298645,0.01941191777586937,0.3698927164077759,0.4489126205444336,-0.002835152903571725,0.41330066323280334,0.4736703038215637,-0.016119955107569695,0.25722283124923706,0.5698125958442688,0.01126612164080143,0.3081108033657074,0.4344754219055176,-0.00576422642916441,0.37495988607406616,0.43664076924324036,-0.022997109219431877,0.4110877513885498,0.4684288799762726,-0.032578494399785995,0.2611812651157379,0.5812565684318542,-0.017390748485922813,0.3033103346824646,0.442361056804657,-0.029799891635775566,0.3692408502101898,0.4360464811325073,-0.03263319283723831,0.4068569839000702,0.46486130356788635,-0.03330786153674126,0.28679159283638,0.5992474555969238,-0.04599742218852043,0.33110249042510986,0.49665185809135437,-0.05230419337749481,0.37962716817855835,0.48772650957107544,-0.04685051366686821,0.4104498624801636,0.5084115266799927,-0.04212210699915886
0.28998395800590515,0.8290373682975769,9.752343288482734e-08,0.363643079996109,0.7401921153068542,0.02662685699760914,0.3851586580276489,0.6490060091018677,0.028476566076278687,0.40406671166419983,0.586626410484314,0.01717057079076767,0.4140450954437256,0.5317966341972351,0.00728926807641983,0.2672271132469177,0.5672476291656494,0.04260244220495224,0.30673155188560486,0.4532596468925476,0.023673564195632935,0.3667922616004944,0.44610604643821716,0.0019213921623304486,0.4065645933151245,0.47434931993484497,-0.010712752118706703,0.2532331645488739,0.5720027089118958,0.012890488840639591,0.3046761155128479,0.4313124418258667,-0.0039628492668271065,0.3718070089817047,0.4336640536785126,-0.021014561876654625,0.4066009819507599,0.4687288999557495,-0.030584409832954407,0.2580292224884033,0.5823975801467896,-0.018374308943748474,0.29848694801330566,0.4362548291683197,-0.031561803072690964,0.3651324510574341,0.43238455057144165,-0.03434635326266289,0.40185022354125977,0.46437907218933105,-0.03474634885787964,0.28348907828330994,0.5969216227531433,-0.04915027692914009,0.3209894895553589,0.48869556188583374,-0.056801315397024155,0.3682393431663513,0.4827307164669037,-0.05125105381011963,0.39825621247291565,0.5069881677627563,-0.04628831148147583
0.29052719473838806,0.8284485936164856,4.5375241342071604e-08,0.36044842004776,0.7351767420768738,0.029953230172395706,0.3823072910308838,0.6499534845352173,0.031557124108076096,0.40589141845703125,0.5859612822532654,0.01870894804596901,0.407916396856308,0.5298581719398499,0.007409602403640747,0.2620556950569153,0.5688185691833496,0.04711141064763069,0.30322569608688354,0.45326465368270874,0.029957115650177002,0.35988426208496094,0.45012420415878296,0.009823826141655445,0.3934714198112488,0.484559029340744,-0.0009395011584274471,0.250080406665802,0.5739507675170898,0.016164347529411316,0.30099260807037354,0.43180158734321594,0.002903006039559841,0.36576369404792786,0.4420698285102844,-0.01189275924116373,0.39431023597717285,0.4837791323661804,-0.019840754568576813,0.257400244474411,0.5838910341262817,-0.016090253368020058,0.2986852824687958,0.43646350502967834,-0.024905936792492867,0.3625955283641815,0.44386228919029236,-0.024239586666226387,0.3917419910430908,0.48338133096694946,-0.022530823945999146,0.2839084267616272,0.5971970558166504,-0.04769895225763321,0.32195332646369934,0.4875021278858185,-0.049810077995061874,0.3659726083278656,0.4922367334365845,-0.039786919951438904,0.38914698362350464,0.5279104709625244,-0.032018836587667465
0.29151809215545654,0.831459641456604,-4.56919266866862e-08,0.3611544966697693,0.7366546392440796,0.04138227179646492,0.3794097602367401,0.6540340781211853,0.049150727689266205,0.40311843156814575,0.5904772877693176,0.039427366107702255,0.4031452536582947,0.5396132469177246,0.03010408766567707,0.2581776976585388,0.5745383501052856,0.06392300873994827,0.2940397262573242,0.456615149974823,0.052160583436489105,0.35002100467681885,0.4541623294353485,0.03321010619401932,0.38292771577835083,0.4922822117805481,0.022786181420087814,0.2473682165145874,0.5787861347198486,0.028593353927135468,0.29621151089668274,0.43748027086257935,0.02056381292641163,0.35945311188697815,0.45224863290786743,0.004300136584788561,0.38517001271247864,0.5000929832458496,-0.0054990812204778194,0.25640183687210083,0.584648847579956,-0.007215744350105524,0.2956773042678833,0.44015270471572876,-0.008670245297253132,0.3582814335823059,0.4509391784667969,-0.008556568063795567,0.3855348229408264,0.4950225353240967,-0.008635996840894222,0.28323894739151,0.593317985534668,-0.04179585725069046,0.3170022964477539,0.47973501682281494,-0.03680449724197388,0.36185193061828613,0.48011159896850586,-0.025533901527523994,0.38668420910835266,0.5138127207756042,-0.018169205635786057
0.2832528352737427,0.833247721195221,5.8484213028009435e-09,0.35879069566726685,0.7453727126121521,0.025487178936600685,0.38135772943496704,0.6685352325439453,0.029171712696552277,0.3925078511238098,0.6197637915611267,0.018363498151302338,0.3863549828529358,0.5809610486030579,0.008773176930844784,0.2588683068752289,0.5813834071159363,0.04969898611307144,0.2997058928012848,0.4779222309589386,0.03217905014753342,0.3554571270942688,0.4820883870124817,0.011489122174680233,0.38555821776390076,0.5203819274902344,0.0006738934898748994,0.24274590611457825,0.5823742151260376,0.022555271163582802,0.28968724608421326,0.4509446620941162,0.00574116688221693,0.3554989993572235,0.466356486082077,-0.012225168757140636,0.38666629791259766,0.5133942365646362,-0.020867250859737396,0.24662131071090698,0.5846602320671082,-0.006727379746735096,0.2870180904865265,0.44473689794540405,-0.020528221502900124,0.3526802659034729,0.45876234769821167,-0.026314400136470795,0.38413071632385254,0.504362940788269,-0.026649190112948418,0.26924532651901245,0.5917321443557739,-0.03538799658417702,0.31035536527633667,0.4864790439605713,-0.04116441309452057,0.35692092776298523,0.4901502728462219,-0.03697971627116203,0.3838295638561249,0.5227106213569641,-0.0324091762304306
0.28833675384521484,0.8293495178222656,8.107573989946104e-08,0.35743677616119385,0.736538827419281,0.02042715810239315,0.3773234486579895,0.6549493074417114,0.02164800465106964,0.38077524304389954,0.5979821085929871,0.010707545094192028,0.37163710594177246,0.555743396282196,0.0018947020871564746,0.2519257366657257,0.5837780833244324,0.041520074009895325,0.2933679521083832,0.48067665100097656,0.02307296358048916,0.3488290309906006,0.4787767827510834,0.002008593874052167,0.3829459547996521,0.509817898273468,-0.009298368357121944,0.23671093583106995,0.5863538980484009,0.01745106466114521,0.2876233756542206,0.4558817148208618,0.0004668367619160563,0.3524203300476074,0.4665813446044922,-0.015938719734549522,0.3853211998939514,0.50705885887146,-0.023464713245630264,0.24338141083717346,0.5895681977272034,-0.008629453368484974,0.2876264750957489,0.4506669044494629,-0.02278183028101921,0.350278377532959,0.46334582567214966,-0.026222238317131996,0.3819042146205902,0.5063595175743103,-0.02495359256863594,0.26874488592147827,0.5963549017906189,-0.03459760919213295,0.308835506439209,0.496216356754303,-0.040655262768268585,0.34965822100639343,0.5074774026870728,-0.034711990505456924,0.3728264570236206,0.5449285507202148,-0.028478065505623817
0.28887948393821716,0.8219481706619263,9.627436980963466e-08,0.35245245695114136,0.7285447716712952,0.020612269639968872,0.3703196942806244,0.6526012420654297,0.022209279239177704,0.37440329790115356,0.599731981754303,0.011524055153131485,0.3621649742126465,0.5548595190048218,0.002666844753548503,0.24769292771816254,0.585211455821991,0.042802844196558,0.2890160083770752,0.4848531484603882,0.02372361533343792,0.3427521884441376,0.47941842675209045,0.0023582091089338064,0.3781552016735077,0.5061694383621216,-0.008591897785663605,0.23435276746749878,0.588241457939148,0.019511349499225616,0.28385165333747864,0.4599752426147461,0.0022312018554657698,0.3458186388015747,0.4683271050453186,-0.014293712563812733,0.3812944293022156,0.5063309073448181,-0.02164461649954319,0.24167588353157043,0.590638279914856,-0.005821452010422945,0.289468377828598,0.45729538798332214,-0.020616913214325905,0.3504687547683716,0.4681328535079956,-0.02403312548995018,0.3842504918575287,0.5107146501541138,-0.02186945080757141,0.26668983697891235,0.5961986184120178,-0.030949020758271217,0.31038013100624084,0.49611175060272217,-0.036234330385923386,0.3535086214542389,0.5028505325317383,-0.029863275587558746,0.3811981678009033,0.5364090800285339,-0.022816268727183342
0.28571468591690063,0.82521653175354,6.116691508850636e-08,0.34817853569984436,0.7329708337783813,0.02309897541999817,0.3610212206840515,0.6584063768386841,0.02886553294956684,0.3609884977340698,0.6035143733024597,0.022647716104984283,0.35100188851356506,0.5570304989814758,0.017929045483469963,0.24162529408931732,0.594425618648529,0.04838266596198082,0.28448137640953064,0.49489831924438477,0.035020243376493454,0.3367813527584076,0.48965293169021606,0.01761862263083458,0.3724184036254883,0.5145465731620789,0.009036070667207241,0.22841012477874756,0.5949469804763794,0.027149155735969543,0.2813832759857178,0.4749755859375,0.01485500019043684,0.34040284156799316,0.48185211420059204,0.000318440463161096,0.37570831179618835,0.5161533355712891,-0.006144524086266756,0.23745492100715637,0.595160722732544,0.00416540214791894,0.2912210524082184,0.47001826763153076,-0.008188317529857159,0.35067635774612427,0.4816312789916992,-0.012680726125836372,0.3859374225139618,0.5229787826538086,-0.010898632928729057,0.2640721797943115,0.5965686440467834,-0.018051786348223686,0.3067614436149597,0.4973391890525818,-0.021090304479002953,0.3487977087497711,0.4997398257255554,-0.015373237431049347,0.37895846366882324,0.528715968132019,-0.00872376374900341
0.2830803692340851,0.8202859163284302,6.225484838751072e-08,0.3392162024974823,0.7315146327018738,0.02350727654993534,0.3470924496650696,0.6574198603630066,0.030351348221302032,0.34718990325927734,0.6021835803985596,0.025684989988803864,0.3402775824069977,0.5569648742675781,0.022949863225221634,0.22732320427894592,0.6010801792144775,0.046120576560497284,0.2740355134010315,0.5026070475578308,0.03159245476126671,0.3272789716720581,0.4971368908882141,0.013418305665254593,0.3643556237220764,0.5224947929382324,0.004798490554094315,0.21559177339076996,0.60029536485672,0.02618568018078804,0.27805304527282715,0.48504042625427246,0.014665111899375916,0.33731576800346375,0.4971388578414917,0.0011169806821271777,0.370874285697937,0.5349270701408386,-0.004890597425401211,0.22615087032318115,0.5980240702629089,0.0046990555711090565,0.2880888879299164,0.4790298044681549,-0.00548245245590806,0.34512072801589966,0.497959703207016,-0.008339622989296913,0.37726277112960815,0.5425487756729126,-0.005906745791435242,0.25328826904296875,0.59587562084198,-0.016053294762969017,0.30291271209716797,0.502967119216919,-0.016948293894529343,0.34322306513786316,0.5087677240371704,-0.010458295233547688,0.37030401825904846,0.5377619862556458,-0.0032793621066957712
0.2837828993797302,0.8130704164505005,1.0281392093247632e-07,0.3396478593349457,0.7311281561851501,0.014737054705619812,0.34993839263916016,0.6640939712524414,0.015851393342018127,0.3528245985507965,0.6138706207275391,0.0075671677477657795,0.34792619943618774,0.5697835683822632,0.0018487159395590425,0.2195279598236084,0.607803225517273,0.031225301325321198,0.26672548055648804,0.5087391138076782,0.014429143629968166,0.3192632496356964,0.505636990070343,-0.0034634761977940798,0.35698574781417847,0.5305962562561035,-0.011733156628906727,0.2097540646791458,0.6051706075668335,0.015288959257304668,0.2718460261821747,0.4874601662158966,0.003176391590386629,0.3288109004497528,0.4966807961463928,-0.007980492897331715,0.36260488629341125,0.5316692590713501,-0.012700974009931087,0.22191473841667175,0.6013073325157166,-0.0023999344557523727,0.2842123508453369,0.4808048605918884,-0.012996725738048553,0.3372225761413574,0.4973523020744324,-0.01484799012541771,0.36791783571243286,0.5401439666748047,-0.012053311802446842,0.25049400329589844,0.5973841547966003,-0.01997809112071991,0.29999783635139465,0.5069904327392578,-0.02201223187148571,0.3390657901763916,0.5135502815246582,-0.016139041632413864,0.36685362458229065,0.5436997413635254,-0.009358863346278667
0.2840631604194641,0.8125787973403931,8.74295906783118e-08,0.33787718415260315,0.7278986573219299,0.01922750473022461,0.3443695902824402,0.6581584811210632,0.02367372252047062,0.3508821427822113,0.605981171131134,0.01786191202700138,0.35013800859451294,0.5613069534301758,0.01440510805696249,0.20566371083259583,0.6089422106742859,0.040604665875434875,0.25310683250427246,0.5090104937553406,0.02793540619313717,0.3073016107082367,0.5020557045936584,0.011262131854891777,0.3469693958759308,0.5246394276618958,0.0028928383253514767,0.2002730816602707,0.6032253503799438,0.02328006736934185,0.2644857168197632,0.4895208477973938,0.015938974916934967,0.3230128586292267,0.4978729784488678,0.0037934894207865,0.35937565565109253,0.5328983664512634,-0.0027538156136870384,0.2167084515094757,0.596859335899353,0.004524006508290768,0.2811388671398163,0.48555564880371094,-0.0016339590074494481,0.3365529179573059,0.5001661777496338,-0.004999333526939154,0.37009239196777344,0.540771484375,-0.004355964716523886,0.2493477314710617,0.5910567045211792,-0.013907692395150661,0.2969636917114258,0.5065937638282776,-0.012463572435081005,0.3390701711177826,0.5126921534538269,-0.006508701015263796,0.37087470293045044,0.5431072115898132,-0.00037579142372123897
0.28189030289649963,0.8140994310379028,-6.1157652275767305e-09,0.33560454845428467,0.7263215780258179,0.013825607486069202,0.3416273593902588,0.6542009115219116,0.015539468266069889,0.3426264226436615,0.603469967842102,0.007972612045705318,0.33964255452156067,0.5586040616035461,0.0027968757785856724,0.20765839517116547,0.6035677790641785,0.034381356090307236,0.25913795828819275,0.5063472986221313,0.017704663798213005,0.3148635923862457,0.5068132281303406,-0.001571161556057632,0.35391536355018616,0.5367680191993713,-0.01089254766702652,0.2011377513408661,0.5989900827407837,0.018313487991690636,0.2693887948989868,0.4906570315361023,0.00765533372759819,0.33002275228500366,0.5015720725059509,-0.005228041671216488,0.36690062284469604,0.5390012264251709,-0.011611112393438816,0.21588343381881714,0.5948631167411804,9.421337017556652e-05,0.2833714485168457,0.48663169145584106,-0.011476200073957443,0.34132370352745056,0.5014119744300842,-0.01581118255853653,0.37636739015579224,0.5429105162620544,-0.014369484037160873,0.24511553347110748,0.5917847156524658,-0.017992937937378883,0.2924257516860962,0.5044317245483398,-0.02127307653427124,0.33528077602386475,0.5109621286392212,-0.015754088759422302,0.36746785044670105,0.5431193709373474,-0.008889035321772099
0.27923139929771423,0.8168304562568665,-4.1474422118881193e-08,0.3320644199848175,0.7281055450439453,0.019991783425211906,0.3355734944343567,0.6522473692893982,0.02521040290594101,0.3403967022895813,0.5988461375236511,0.019671523943543434,0.3400006592273712,0.5543043613433838,0.016540326178073883,0.20368501543998718,0.607271671295166,0.044526588171720505,0.25381043553352356,0.5087529420852661,0.030335256829857826,0.3079811930656433,0.5143250823020935,0.012458295561373234,0.344259649515152,0.5499539375305176,0.004154173191636801,0.19831325113773346,0.6033639311790466,0.026245729997754097,0.2618446946144104,0.49027910828590393,0.01774771884083748,0.320046603679657,0.5078709125518799,0.00538122421130538,0.35344552993774414,0.552056074142456,-0.0003641477378550917,0.21452325582504272,0.5983877778053284,0.00613021245226264,0.27546051144599915,0.48508787155151367,-0.0024270627181977034,0.33212581276893616,0.5079789161682129,-0.004909099545329809,0.36418479681015015,0.5557253956794739,-0.002439115196466446,0.24650810658931732,0.5936315655708313,-0.013521779328584671,0.28940433263778687,0.5042684078216553,-0.01458387728780508,0.3330366611480713,0.5136280059814453,-0.0077451313845813274,0.36457735300064087,0.5470681190490723,-0.0001331596140516922
0.2813374400138855,0.8197728395462036,-6.399983476512716e-08,0.3320625424385071,0.7296404838562012,0.01761605590581894,0.3348737955093384,0.6531133651733398,0.021030806005001068,0.3404962420463562,0.5975926518440247,0.014516285620629787,0.3408791720867157,0.5519242286682129,0.011082099750638008,0.19892965257167816,0.609775960445404,0.04034324362874031,0.24712495505809784,0.5100141167640686,0.025279145687818527,0.2997119128704071,0.5161305665969849,0.006964333821088076,0.33398401737213135,0.552781879901886,-0.001490105059929192,0.19377022981643677,0.6055412292480469,0.023277807980775833,0.2543175518512726,0.4921347498893738,0.015160605311393738,0.3113837242126465,0.5096990466117859,0.002949410816654563,0.3428496718406677,0.55367112159729,-0.003071744693443179,0.21070238947868347,0.5999677777290344,0.0044370354153215885,0.26712489128112793,0.4849010109901428,-0.003215573728084564,0.3222307860851288,0.5073442459106445,-0.005005232524126768,0.35304298996925354,0.5548848509788513,-0.0025838257279247046,0.24398024380207062,0.5943074822425842,-0.014140268787741661,0.2832663059234619,0.5021401643753052,-0.015031554736196995,0.32659706473350525,0.5134105086326599,-0.007722662296146154,0.3579254746437073,0.5488596558570862,0.00018310581799596548
0.28254434466362,0.8197460770606995,-8.44476701900021e-08,0.31353604793548584,0.7136465311050415,0.02209983766078949,0.3028930723667145,0.6375977396965027,0.027965594083070755,0.2999902665615082,0.5839136838912964,0.022568542510271072,0.2961832880973816,0.5453580617904663,0.020109212026000023,0.17443740367889404,0.6316618323326111,0.049132946878671646,0.22188706696033478,0.5354334712028503,0.03503262996673584,0.2737360894680023,0.5429233312606812,0.01799163967370987,0.30295079946517944,0.5829390287399292,0.010577193461358547,0.16947199404239655,0.629399836063385,0.029990114271640778,0.22818683087825775,0.5201737880706787,0.02172713540494442,0.28160059452056885,0.5383560657501221,0.011113706044852734,0.30326390266418457,0.5816834568977356,0.006217439658939838,0.18222147226333618,0.6216378808021545,0.008515420369803905,0.23767316341400146,0.5088937282562256,0.0004958632052876055,0.2878081202507019,0.536479115486145,0.0005292840651236475,0.3078906834125519,0.582203209400177,0.00415710499510169,0.20684567093849182,0.6102653741836548,-0.012161114253103733,0.24585846066474915,0.5124158263206482,-0.010964201763272285,0.2816465198993683,0.5330626964569092,-0.0004643122083507478,0.29911157488822937,0.5727834701538086,0.008922699838876724
0.26659494638442993,0.8288617730140686,-1.682232095845393e-07,0.3024926781654358,0.7229897975921631,0.019113272428512573,0.28959232568740845,0.655329704284668,0.025591209530830383,0.28381600975990295,0.6124310493469238,0.021510502323508263,0.28026238083839417,0.5743414163589478,0.020230382680892944,0.1643901765346527,0.6382219195365906,0.05062929913401604,0.21399691700935364,0.5438536405563354,0.03672436252236366,0.2628597319126129,0.5549497604370117,0.018563661724328995,0.2924019992351532,0.5953989028930664,0.009769771248102188,0.15745435655117035,0.637856125831604,0.03207750618457794,0.22308644652366638,0.5308697819709778,0.0224516112357378,0.27785056829452515,0.5502902865409851,0.010638199746608734,0.306751549243927,0.5932202339172363,0.005507645662873983,0.1668713539838791,0.6313138604164124,0.010600482113659382,0.23218974471092224,0.5190458297729492,0.0008993244264274836,0.2828550934791565,0.5457423329353333,0.0003759512328542769,0.3079453408718109,0.5944204926490784,0.004461757373064756,0.18798863887786865,0.6216025948524475,-0.010800684802234173,0.23360273241996765,0.5276439785957336,-0.01160428300499916,0.2708401083946228,0.5420244932174683,-0.002762686926871538,0.29251065850257874,0.5764097571372986,0.006171765737235546
0.26853981614112854,0.8227242231369019,-1.738846577836739e-07,0.30532509088516235,0.720047116279602,0.015947381034493446,0.29195094108581543,0.6526187658309937,0.022180847823619843,0.2824171483516693,0.609732449054718,0.018230104818940163,0.27956023812294006,0.5665607452392578,0.01712282933294773,0.17168506979942322,0.6360653638839722,0.050141241401433945,0.21465784311294556,0.5474326014518738,0.03609912097454071,0.26081719994544983,0.5531455278396606,0.018599502742290497,0.2899312973022461,0.5889075398445129,0.010433129034936428,0.16380774974822998,0.6367558240890503,0.03355931490659714,0.22247299551963806,0.5328306555747986,0.02187771163880825,0.2764584720134735,0.5476565957069397,0.009265303611755371,0.3061850666999817,0.5887112617492676,0.004664575215429068,0.17156940698623657,0.6308600902557373,0.013603868894279003,0.23357631266117096,0.5205813646316528,-0.0010222700657323003,0.2850630581378937,0.5463305115699768,-0.004402869381010532,0.31255048513412476,0.5950963497161865,-0.00022021582117304206,0.19065839052200317,0.6217913031578064,-0.006109980866312981,0.23191121220588684,0.529692530632019,-0.012693585827946663,0.2703758180141449,0.5434781908988953,-0.007118790876120329,0.29585739970207214,0.5778643488883972,0.0010092761367559433
0.25888288021087646,0.8247213363647461,-6.595750079441132e-08,0.28690266609191895,0.7228896021842957,0.024904705584049225,0.27349069714546204,0.655520498752594,0.0344654805958271,0.2676699161529541,0.609940230846405,0.03262433037161827,0.2668648958206177,0.5735432505607605,0.03315448760986328,0.1465565264225006,0.6469455361366272,0.05951869487762451,0.20045338571071625,0.5548855066299438,0.05067085474729538,0.2484411597251892,0.5618705749511719,0.035298626869916916,0.27818426489830017,0.5964698791503906,0.028020497411489487,0.13966511189937592,0.6458247900009155,0.039874378591775894,0.2068585455417633,0.5406205058097839,0.03384353592991829,0.2605471611022949,0.5540148615837097,0.021939579397439957,0.29267388582229614,0.592079222202301,0.01711597479879856,0.14971327781677246,0.6386438608169556,0.018044468015432358,0.2175583690404892,0.5270951390266418,0.010713447816669941,0.26939326524734497,0.5504381656646729,0.007941250689327717,0.2972725033760071,0.5945266485214233,0.011115088127553463,0.17176231741905212,0.6267514228820801,-0.0028803544119000435,0.219383105635643,0.5329523086547852,-0.0016493358416482806,0.2566721439361572,0.5484416484832764,0.006422536447644234,0.27939969301223755,0.5832061171531677,0.015072629787027836
0.26094308495521545,0.8193134665489197,-1.8181269467731909e-07,0.28887036442756653,0.7212854027748108,0.018224284052848816,0.27454084157943726,0.6563156843185425,0.024248722940683365,0.26612961292266846,0.6133305430412292,0.020810924470424652,0.266872376203537,0.5746996402740479,0.02012629806995392,0.14900225400924683,0.6383605599403381,0.047827426344156265,0.2027011662721634,0.5474966764450073,0.03413868695497513,0.24865762889385223,0.5569228529930115,0.016746629029512405,0.27699947357177734,0.5956963300704956,0.008421400561928749,0.14302974939346313,0.6389938592910767,0.03104814887046814,0.20893815159797668,0.5350736379623413,0.021253639832139015,0.2629619836807251,0.5501741170883179,0.01034474652260542,0.29367852210998535,0.5908787250518799,0.006436607334762812,0.15296748280525208,0.633717954158783,0.01165725663304329,0.21874575316905975,0.524654746055603,-0.001037968322634697,0.270571768283844,0.5489663481712341,-0.002621551277115941,0.2979065179824829,0.5957529544830322,0.0024008029140532017,0.17275568842887878,0.6255871653556824,-0.007126851473003626,0.2191690057516098,0.5352561473846436,-0.011073604226112366,0.25564560294151306,0.5513275861740112,-0.003812780138105154,0.2753666937351227,0.5874511003494263,0.005225673317909241
0.24900509417057037,0.8250027894973755,-6.510142469551283e-08,0.27858495712280273,0.7221065163612366,0.017221789807081223,0.25887829065322876,0.6570259928703308,0.024359891191124916,0.24716387689113617,0.6133437156677246,0.021288229152560234,0.2442297637462616,0.5704818367958069,0.0208904966711998,0.13452956080436707,0.6480934619903564,0.05481857433915138,0.1850004494190216,0.5609485507011414,0.04118598625063896,0.234625443816185,0.5616796016693115,0.02290945313870907,0.2679123878479004,0.592052161693573,0.01442818995565176,0.12748262286186218,0.6467491388320923,0.037406075745821,0.19315680861473083,0.5472399592399597,0.02615714818239212,0.2478885054588318,0.5583765506744385,0.012649021111428738,0.2811550199985504,0.5936726927757263,0.00796023104339838,0.13506478071212769,0.6404264569282532,0.01664191484451294,0.20246294140815735,0.5348908305168152,0.001132698031142354,0.25487545132637024,0.5600494742393494,-0.002679671859368682,0.28418076038360596,0.6062772274017334,0.0023819126654416323,0.15221679210662842,0.6318309903144836,-0.0037772853393107653,0.19830568134784698,0.5392293930053711,-0.010784913785755634,0.23920336365699768,0.5529752969741821,-0.0043247658759355545,0.26665905117988586,0.5869693756103516,0.005496400874108076
0.2454090416431427,0.8247596025466919,-7.158944015372981e-08,0.27341920137405396,0.7246576547622681,0.0149149801582098,0.25488555431365967,0.6605530381202698,0.021368199959397316,0.24307012557983398,0.6171482801437378,0.018076041713356972,0.23912692070007324,0.5729516744613647,0.017465518787503242,0.12948033213615417,0.6569986343383789,0.053732726722955704,0.17519119381904602,0.5716074705123901,0.03978867083787918,0.22218486666679382,0.5694617033004761,0.021530885249376297,0.25615358352661133,0.5962260961532593,0.013288324698805809,0.12273741513490677,0.656014084815979,0.038296036422252655,0.18445736169815063,0.5552253127098083,0.025386767461895943,0.2385730743408203,0.563357412815094,0.011503967456519604,0.27244240045547485,0.5978521704673767,0.0073040565475821495,0.13019223511219025,0.6477088928222656,0.019236089661717415,0.19437985122203827,0.5383691191673279,0.000838352192658931,0.24684084951877594,0.5634260177612305,-0.005067355930805206,0.2777784466743469,0.6103432178497314,-0.00018448373884893954,0.1468173712491989,0.6349580883979797,0.0007272048387676477,0.19218489527702332,0.5414265394210815,-0.009490651078522205,0.2325764298439026,0.559723436832428,-0.005481135565787554,0.259541392326355,0.5975596308708191,0.0034674254711717367
0.24666188657283783,0.8226715922355652,-1.740183250831251e-07,0.275378555059433,0.7228031754493713,0.01945921778678894,0.2560109794139862,0.6565331220626831,0.02981853298842907,0.2434695065021515,0.6137422323226929,0.02937624230980873,0.23787686228752136,0.5719128251075745,0.031199712306261063,0.13563230633735657,0.653114914894104,0.06267755478620529,0.1815299242734909,0.5677750110626221,0.051614854484796524,0.2267424315214157,0.5679324865341187,0.034957971423864365,0.2586820721626282,0.5980445146560669,0.02759392373263836,0.12766006588935852,0.6530200242996216,0.04613703489303589,0.18747727572917938,0.5521249771118164,0.03590916097164154,0.23934929072856903,0.562605619430542,0.02262868359684944,0.27139079570770264,0.599625825881958,0.018574461340904236,0.1332676112651825,0.6458250880241394,0.02598949335515499,0.19513103365898132,0.5375866889953613,0.01036170031875372,0.24554181098937988,0.563742995262146,0.004853777587413788,0.2744603753089905,0.6105539202690125,0.009279171004891396,0.14744436740875244,0.634407639503479,0.006692008581012487,0.19047772884368896,0.5425112843513489,-0.0005468724993988872,0.2277807593345642,0.5621135830879211,0.004107077140361071,0.250931978225708,0.599230170249939,0.012619220651686192
0.24414990842342377,0.8220523595809937,-1.3527795772461104e-07,0.27286630868911743,0.72435063123703,0.014937794767320156,0.2540106475353241,0.6587883830070496,0.022649623453617096,0.24079327285289764,0.6158868670463562,0.020354773849248886,0.23523204028606415,0.5740303993225098,0.020618142560124397,0.13432000577449799,0.6590046882629395,0.05437970906496048,0.17749625444412231,0.5754644870758057,0.04024145007133484,0.22394870221614838,0.5733011960983276,0.023036327213048935,0.25656458735466003,0.6013634204864502,0.015916116535663605,0.1259472668170929,0.658277153968811,0.03871013969182968,0.1813572347164154,0.5569127798080444,0.025067323818802834,0.23419976234436035,0.5647222995758057,0.01196847204118967,0.26683250069618225,0.5993487238883972,0.00878872163593769,0.13083067536354065,0.6506031155586243,0.019171880558133125,0.188704714179039,0.540682315826416,-3.169136107317172e-05,0.24080254137516022,0.5642631649971008,-0.005400237627327442,0.2704390287399292,0.609065592288971,0.0001445318921469152,0.14523857831954956,0.6391369700431824,0.00025419105077162385,0.18324364721775055,0.5436230897903442,-0.010082455351948738,0.22210809588432312,0.5602396726608276,-0.005558991339057684,0.24833613634109497,0.5961342453956604,0.0036179423332214355
0.24558839201927185,0.8236418962478638,-1.8422110770188738e-07,0.2728799283504486,0.7236806154251099,0.015279496088624,0.25218793749809265,0.6576355695724487,0.022857431322336197,0.23753751814365387,0.6136415004730225,0.02052270621061325,0.23172888159751892,0.5727218389511108,0.02086499333381653,0.13717450201511383,0.6570188999176025,0.053203921765089035,0.1817079335451126,0.5700986385345459,0.03824888914823532,0.22773832082748413,0.5708929896354675,0.02072383277118206,0.25966519117355347,0.6036131978034973,0.013592272065579891,0.12816977500915527,0.6582951545715332,0.03794209659099579,0.18103961646556854,0.5530897378921509,0.02468179352581501,0.2334374636411667,0.5626746416091919,0.012575329281389713,0.2655867636203766,0.6006129384040833,0.009796424768865108,0.132526695728302,0.6518171429634094,0.01884171925485134,0.1872296780347824,0.5392480492591858,0.001754945726133883,0.23849564790725708,0.5624634027481079,-0.0018734788754954934,0.26720327138900757,0.6081907153129578,0.003877568058669567,0.14622043073177338,0.6412302851676941,0.0002642414183355868,0.18262390792369843,0.5450463891029358,-0.00687806261703372,0.21854402124881744,0.56111741065979,-0.0008172095404006541,0.24081870913505554,0.5966723561286926,0.008413245901465416
0.24513600766658783,0.8239304423332214,-2.0184695870284486e-07,0.27175426483154297,0.7233965992927551,0.016804412007331848,0.25155171751976013,0.6575258374214172,0.02547595091164112,0.23775184154510498,0.6140168309211731,0.02350383996963501,0.23096054792404175,0.5737752318382263,0.023999422788619995,0.14226484298706055,0.6543934345245361,0.05691027268767357,0.18368932604789734,0.5724098682403564,0.04140087217092514,0.22921007871627808,0.5733016729354858,0.022793808951973915,0.2607092261314392,0.6047145128250122,0.014955512247979641,0.13296425342559814,0.654853105545044,0.040461961179971695,0.18225254118442535,0.5538756847381592,0.026072386652231216,0.2343512773513794,0.5656070113182068,0.012888689525425434,0.2650115489959717,0.6036018133163452,0.009777865372598171,0.13526597619056702,0.6488386392593384,0.020003855228424072,0.18677252531051636,0.5400546789169312,0.0019286595052108169,0.237493634223938,0.5649106502532959,-0.0019887378439307213,0.26450082659721375,0.611062228679657,0.0039566028863191605,0.1456063836812973,0.6412602663040161,0.00013521770597435534,0.1809433400630951,0.5473223328590393,-0.007816266268491745,0.21687988936901093,0.5643362402915955,-0.0016911157872527838,0.2384873330593109,0.6004129648208618,0.007886995561420918
0.24699965119361877,0.8252178430557251,-1.2581030262026616e-07,0.2717239260673523,0.7244028449058533,0.01592671498656273,0.24925439059734344,0.6581812500953674,0.023153936490416527,0.2353985756635666,0.6148030161857605,0.019962642341852188,0.22968889772891998,0.5749643445014954,0.019545696675777435,0.13279001414775848,0.6631478071212769,0.05074888840317726,0.17807182669639587,0.5760133862495422,0.031976036727428436,0.2263469696044922,0.5738221406936646,0.01167533453553915,0.26084092259407043,0.6018732786178589,0.0028851786628365517,0.12390830367803574,0.663309633731842,0.03335615620017052,0.17835628986358643,0.5575806498527527,0.015351613983511925,0.23301997780799866,0.5678382515907288,0.0017904747510328889,0.2668078541755676,0.6036848425865173,-0.0010779763106256723,0.1282883584499359,0.6562773585319519,0.012058130465447903,0.1839434653520584,0.543192982673645,-0.009195953607559204,0.2369013875722885,0.566267728805542,-0.013115886598825455,0.2664298117160797,0.6111651062965393,-0.006545244250446558,0.1416601985692978,0.645815372467041,-0.008738130331039429,0.1789848357439041,0.548808753490448,-0.019546160474419594,0.21761128306388855,0.5641472339630127,-0.013808460906147957,0.24261441826820374,0.5996241569519043,-0.003923514857888222
0.23755869269371033,0.8277937769889832,-1.0124266935918058e-07,0.26111477613449097,0.7277306318283081,0.018258824944496155,0.23840096592903137,0.6633599996566772,0.025501910597085953,0.2265712320804596,0.6216556429862976,0.022070201113820076,0.22043022513389587,0.579654335975647,0.021078186109662056,0.11828643828630447,0.6724206805229187,0.05410338193178177,0.16144198179244995,0.5834642052650452,0.03970701992511749,0.21087470650672913,0.5769672989845276,0.021493708714842796,0.24905943870544434,0.6042240858078003,0.013919712975621223,0.11083023250102997,0.6715307235717773,0.036813486367464066,0.16513454914093018,0.5698866248130798,0.025380589067935944,0.21875131130218506,0.5723360776901245,0.012436316348612309,0.25387558341026306,0.6048876643180847,0.008362202905118465,0.11686473339796066,0.6621648073196411,0.016186043620109558,0.170876145362854,0.5543637871742249,0.0005127167678438127,0.22288279235363007,0.570692777633667,-0.004383509978652,0.2545973062515259,0.6129575371742249,0.0002415850176475942,0.13078048825263977,0.6462383270263672,-0.003774701151996851,0.16555465757846832,0.5505497455596924,-0.011035316623747349,0.20564450323581696,0.5604609251022339,-0.005443903151899576,0.23378393054008484,0.5947055816650391,0.0039609926752746105
0.23239335417747498,0.8247877955436707,-1.5280669174444483e-07,0.25549033284187317,0.7220635414123535,0.016167432069778442,0.23282745480537415,0.6609777212142944,0.024096885696053505,0.21660327911376953,0.621695876121521,0.020732557401061058,0.20756949484348297,0.5803428292274475,0.01968802697956562,0.12444344162940979,0.668000340461731,0.057553980499506,0.16070832312107086,0.5831792950630188,0.039952054619789124,0.20755408704280853,0.5781638622283936,0.019737107679247856,0.2440517246723175,0.6057491302490234,0.011582148261368275,0.11421634256839752,0.6685873866081238,0.04110392928123474,0.16062380373477936,0.5667166709899902,0.025230679661035538,0.2136385142803192,0.5712652206420898,0.010454611852765083,0.24713614583015442,0.6050737500190735,0.006696338299661875,0.11489907652139664,0.6605045795440674,0.02030554786324501,0.1643262654542923,0.551204264163971,-0.0003104277711827308,0.21619689464569092,0.5727126002311707,-0.006246534641832113,0.24638453125953674,0.6177763938903809,-0.00044194768997840583,0.12223164737224579,0.648171067237854,9.065381163964048e-05,0.156763955950737,0.5532436966896057,-0.009835678152740002,0.19571152329444885,0.5665149688720703,-0.004873227793723345,0.221828892827034,0.6020549535751343,0.004883428104221821
0.23201815783977509,0.8245514035224915,-1.8129018997115054e-07,0.25412771105766296,0.7232928276062012,0.017829082906246185,0.23187518119812012,0.6599988341331482,0.02669101394712925,0.2170916199684143,0.617332935333252,0.02415115386247635,0.20812799036502838,0.5765162110328674,0.02395063452422619,0.12107108533382416,0.6688364148139954,0.05840916186571121,0.15933619439601898,0.5816333293914795,0.042030517011880875,0.20632579922676086,0.5767935514450073,0.022959958761930466,0.23923319578170776,0.6056886315345764,0.015033610165119171,0.11114230006933212,0.6687261462211609,0.04108911007642746,0.15901680290699005,0.5644663572311401,0.025263197720050812,0.21238256990909576,0.5698936581611633,0.010548718273639679,0.24347007274627686,0.6055771112442017,0.006595466285943985,0.11269625276327133,0.6601017713546753,0.01970982737839222,0.16168642044067383,0.5490127801895142,-0.0006596948951482773,0.21410740911960602,0.5706547498703003,-0.006130424793809652,0.24154049158096313,0.6158344149589539,-0.000631926057394594,0.12213853001594543,0.6475774049758911,-0.0008607739000581205,0.1559172123670578,0.5522565841674805,-0.010832798667252064,0.19381484389305115,0.5684946179389954,-0.00562530942261219,0.21623168885707855,0.6055789589881897,0.00378431542776525
0.2269001603126526,0.8282166719436646,-9.308558190923577e-08,0.25047287344932556,0.7249645590782166,0.01681964471936226,0.228111132979393,0.6619513034820557,0.02516952157020569,0.21309290826320648,0.622750997543335,0.02245410531759262,0.2041158825159073,0.5822331309318542,0.022062284871935844,0.11119070649147034,0.6766387224197388,0.05718725174665451,0.14929941296577454,0.589256763458252,0.04080038145184517,0.19792142510414124,0.5781691074371338,0.020821118727326393,0.23636338114738464,0.6007174849510193,0.012246369384229183,0.10218337178230286,0.676496148109436,0.040631141513586044,0.15289172530174255,0.5731825232505798,0.026177922263741493,0.20717833936214447,0.5713220238685608,0.011090081185102463,0.24275459349155426,0.600806474685669,0.006271555554121733,0.10650046169757843,0.6668460965156555,0.020068254321813583,0.15788498520851135,0.5570058822631836,0.0010600917739793658,0.21098974347114563,0.5703921318054199,-0.0054173097014427185,0.24333788454532623,0.610569953918457,-0.0009488684590905905,0.11897756159305573,0.6507054567337036,7.984544936334714e-05,0.154852032661438,0.555601179599762,-0.009130110964179039,0.1944252997636795,0.5662204027175903,-0.00458651315420866,0.22154469788074493,0.6001045107841492,0.004366867244243622
0.22172613441944122,0.8277044892311096,-1.4656927760370309e-07,0.24813459813594818,0.726717472076416,0.013295846059918404,0.22624778747558594,0.6637594699859619,0.01943203993141651,0.211756631731987,0.6246700286865234,0.015121637843549252,0.20178157091140747,0.5845447778701782,0.01363937184214592,0.10954216867685318,0.6838301420211792,0.051791001111269,0.14070719480514526,0.5966920256614685,0.03361942619085312,0.1870725303888321,0.5894450545310974,0.013535945676267147,0.22147078812122345,0.6163365244865417,0.004895552061498165,0.10067502409219742,0.6840828061103821,0.036389123648405075,0.14556527137756348,0.581031084060669,0.020111635327339172,0.1981150507926941,0.581045925617218,0.005758852232247591,0.2292022705078125,0.6127549409866333,0.001452028751373291,0.10322102904319763,0.6733101010322571,0.016585756093263626,0.15136554837226868,0.5635124444961548,-0.003788782050833106,0.20301681756973267,0.5789730548858643,-0.009132280014455318,0.2309068739414215,0.6197985410690308,-0.004084001295268536,0.11344671994447708,0.6552863717079163,-0.0029258064460009336,0.14805921912193298,0.5612027645111084,-0.012823223136365414,0.18655043840408325,0.5726923942565918,-0.008358193561434746,0.2098831683397293,0.6053902506828308,0.00018642122449818999
0.2116200029850006,0.8357478976249695,-8.780913418604541e-08,0.22164487838745117,0.7345768213272095,0.013957860879600048,0.19381798803806305,0.6817797422409058,0.02026824839413166,0.17484882473945618,0.6480503082275391,0.016376594081521034,0.16071085631847382,0.6165702939033508,0.015345722436904907,0.08826825022697449,0.7162691354751587,0.04715606942772865,0.12178976833820343,0.6233437657356262,0.02642328292131424,0.17014940083026886,0.6155303120613098,0.0052932691760361195,0.2067575752735138,0.6408613920211792,-0.0032707639038562775,0.07966532558202744,0.7189053297042847,0.03145516291260719,0.12515789270401,0.6078047156333923,0.01102974358946085,0.1766745001077652,0.6142287850379944,-0.004179403185844421,0.207351952791214,0.6487436890602112,-0.007930231280624866,0.08123822510242462,0.7080385684967041,0.011775129474699497,0.12882795929908752,0.5921871066093445,-0.010264039039611816,0.17752084136009216,0.6130918860435486,-0.014834723435342312,0.20329926908016205,0.6568660736083984,-0.008574843406677246,0.08909477293491364,0.6900581121444702,-0.007636646740138531,0.11615718901157379,0.5942604541778564,-0.01741127297282219,0.15096823871135712,0.6047536134719849,-0.011761561967432499,0.17407427728176117,0.6357882022857666,-0.0020174887031316757
0.20379045605659485,0.8466476202011108,-1.7087884884858795e-07,0.22056660056114197,0.7595107555389404,0.016178477555513382,0.19771623611450195,0.7082522511482239,0.02550169639289379,0.1823517382144928,0.6773701310157776,0.0249425508081913,0.17103609442710876,0.6490184664726257,0.02612144500017166,0.08697015792131424,0.7416068315505981,0.05234589800238609,0.11920753121376038,0.6484513878822327,0.039979398250579834,0.1642048954963684,0.634828507900238,0.023721972480416298,0.19812344014644623,0.6536518335342407,0.01694769226014614,0.07743015140295029,0.7361820340156555,0.038107868283987045,0.1178140640258789,0.6291249990463257,0.027783114463090897,0.16539175808429718,0.6277129650115967,0.015500804409384727,0.19678092002868652,0.6559436321258545,0.011366322636604309,0.07795620709657669,0.7177995443344116,0.020697779953479767,0.11774876713752747,0.6085171699523926,0.007474998943507671,0.1646442711353302,0.6204737424850464,0.0025200205855071545,0.1935441642999649,0.6568059921264648,0.006050915457308292,0.08445213735103607,0.6918346285820007,0.003822331316769123,0.10920942574739456,0.5986945033073425,0.00020033672626595944,0.1449420154094696,0.6044521927833557,0.005737963132560253,0.17032837867736816,0.6316155791282654,0.013834712095558643
0.1986858993768692,0.8515312075614929,-2.073183935635825e-07,0.2150438278913498,0.7583807706832886,0.01609845645725727,0.18873938918113708,0.710708737373352,0.027663154527544975,0.16783034801483154,0.6831241846084595,0.0283353254199028,0.1503915935754776,0.6566588878631592,0.03071664460003376,0.09678243100643158,0.7428750991821289,0.05983998626470566,0.11946625262498856,0.6619840264320374,0.04649006202816963,0.15928088128566742,0.6496032476425171,0.029728082939982414,0.1906615048646927,0.6698612570762634,0.023382864892482758,0.08528557419776917,0.740989625453949,0.04538852348923683,0.11414039134979248,0.6435249447822571,0.03198840841650963,0.15917618572711945,0.643046498298645,0.01848636567592621,0.18857461214065552,0.6729810237884521,0.015077878721058369,0.07804957032203674,0.7279971241950989,0.026637308299541473,0.10923008620738983,0.6268624067306519,0.00880694855004549,0.15442736446857452,0.6415250897407532,0.001306976773776114,0.18150168657302856,0.6815415620803833,0.004806982818990946,0.07336032390594482,0.7100767493247986,0.008505837060511112,0.09697842597961426,0.6219320297241211,0.0008994669187813997,0.1330939531326294,0.631277859210968,0.004131798632442951,0.15824642777442932,0.6620008945465088,0.011429990641772747
0.1951145976781845,0.8567100167274475,-2.204695590535266e-07,0.20393192768096924,0.7761882543563843,0.02340439334511757,0.17609888315200806,0.7313137650489807,0.04008863866329193,0.15376558899879456,0.6991857290267944,0.04434184730052948,0.13411398231983185,0.6742101907730103,0.04914790019392967,0.10530238598585129,0.7602721452713013,0.07175183296203613,0.11980447918176651,0.6878332495689392,0.06380602717399597,0.1559702455997467,0.6744489669799805,0.049297746270895004,0.18565502762794495,0.69061279296875,0.044182613492012024,0.09073208272457123,0.7583310604095459,0.05597643554210663,0.11342792958021164,0.667094349861145,0.04628704488277435,0.15577353537082672,0.6667706370353699,0.030834004282951355,0.18150277435779572,0.6940208673477173,0.02559962123632431,0.07879140973091125,0.7476643323898315,0.03652864694595337,0.10426321625709534,0.6494987607002258,0.021306706592440605,0.14931075274944305,0.6657276153564453,0.010914013721048832,0.17328767478466034,0.7058591246604919,0.011876381933689117,0.06784181296825409,0.7353209853172302,0.01875644363462925,0.08217465877532959,0.652910590171814,0.012825753539800644,0.1166396364569664,0.6620872020721436,0.015664666891098022,0.14138911664485931,0.6928642988204956,0.02227972075343132
0.19139596819877625,0.8651477098464966,-1.2532638038464938e-07,0.20435631275177002,0.7762916684150696,0.027735253795981407,0.17967599630355835,0.7355806827545166,0.04667339473962784,0.15950413048267365,0.709828794002533,0.052359066903591156,0.14225980639457703,0.6854124069213867,0.05891561508178711,0.10223738849163055,0.783875584602356,0.08072464913129807,0.12019995599985123,0.7092055678367615,0.0760892704129219,0.15509133040905,0.6831163167953491,0.06358858197927475,0.18561851978302002,0.6893860697746277,0.059451550245285034,0.08600999414920807,0.780413806438446,0.06296368688344955,0.11297690868377686,0.6834682822227478,0.05503974109888077,0.1558387577533722,0.6729146838188171,0.039411768317222595,0.18459583818912506,0.6948844790458679,0.034156788140535355,0.07413120567798615,0.7640933990478516,0.041601210832595825,0.10345465689897537,0.6645106673240662,0.028079746291041374,0.14999231696128845,0.6702653765678406,0.01624366082251072,0.17718660831451416,0.7045923471450806,0.016248244792222977,0.06275101751089096,0.7426739931106567,0.022167887538671494,0.08380627632141113,0.6572423577308655,0.01890609599649906,0.11807359755039215,0.6637606620788574,0.02118544839322567,0.14170023798942566,0.6941670775413513,0.02686590701341629
0.19269603490829468,0.8673275113105774,-2.4617943950033805e-07,0.20073111355304718,0.7790822386741638,0.029261095449328423,0.17260004580020905,0.7366302013397217,0.04902835935354233,0.14939460158348083,0.7047642469406128,0.0551406592130661,0.13136889040470123,0.6765959858894348,0.06178250163793564,0.09847865253686905,0.786273181438446,0.08270670473575592,0.11629920452833176,0.707560122013092,0.07638692110776901,0.15452882647514343,0.6884287595748901,0.06302177160978317,0.18552792072296143,0.7024267911911011,0.058874987065792084,0.08367511630058289,0.780853271484375,0.06452684849500656,0.10919018089771271,0.6844435334205627,0.05561139062047005,0.1539240926504135,0.6819679141044617,0.04081455245614052,0.18108931183815002,0.7089653611183167,0.03707408159971237,0.07332094013690948,0.7647083401679993,0.04273499548435211,0.10013739764690399,0.6626245975494385,0.02737549878656864,0.14783057570457458,0.678166389465332,0.017545007169246674,0.17303603887557983,0.7182065844535828,0.020033635199069977,0.06531701236963272,0.7468191981315613,0.023177780210971832,0.08231909573078156,0.6589786410331726,0.018351305276155472,0.11925987899303436,0.6684693098068237,0.021995937451720238,0.14447398483753204,0.6988666653633118,0.029639801010489464
0.1918601244688034,0.8734646439552307,-1.6842338368405763e-07,0.19796526432037354,0.7838293313980103,0.03293706104159355,0.1696310043334961,0.7415429353713989,0.05381900072097778,0.14869187772274017,0.7102792263031006,0.06066777557134628,0.13171754777431488,0.681841254234314,0.06789923459291458,0.08873474597930908,0.7981212139129639,0.08724869787693024,0.1083574965596199,0.7145062685012817,0.08308443427085876,0.1479819118976593,0.689640462398529,0.06952770799398422,0.18121713399887085,0.6990435123443604,0.06467799842357635,0.07513222843408585,0.7923698425292969,0.0677291601896286,0.10224048048257828,0.6906027793884277,0.06237175315618515,0.14729058742523193,0.6810071468353271,0.04707694798707962,0.17783677577972412,0.703192412853241,0.04185466840863228,0.06828512251377106,0.7739050984382629,0.045065730810165405,0.09680376946926117,0.6672735214233398,0.034590814262628555,0.14448320865631104,0.6766397953033447,0.024864211678504944,0.17258736491203308,0.712820827960968,0.025946592912077904,0.06450803577899933,0.7507408261299133,0.024657906964421272,0.08406561613082886,0.6624168157577515,0.024396024644374847,0.11996779590845108,0.6700659394264221,0.028857989236712456,0.145346000790596,0.6993371844291687,0.03603958338499069
0.1896211802959442,0.8713342547416687,-2.3906895307845843e-07,0.20147696137428284,0.7838515043258667,0.031943339854478836,0.17489606142044067,0.7427640557289124,0.05169069021940231,0.1541365385055542,0.7157394886016846,0.05740416422486305,0.13895583152770996,0.687299370765686,0.06395593285560608,0.09003184735774994,0.7909526228904724,0.08656606823205948,0.11010278761386871,0.7071477174758911,0.08196528255939484,0.14833885431289673,0.6899822950363159,0.06897484511137009,0.18235404789447784,0.7034342288970947,0.0646195039153099,0.07648743689060211,0.7870848178863525,0.06679762899875641,0.10472732782363892,0.6840543150901794,0.06085507944226265,0.1479080617427826,0.6811130046844482,0.04678858816623688,0.17782118916511536,0.7056158781051636,0.042667146772146225,0.06877057254314423,0.7702151536941528,0.04358511045575142,0.09801804274320602,0.6650988459587097,0.0341845266520977,0.1439444124698639,0.6787664890289307,0.02609538845717907,0.17085275053977966,0.7151179313659668,0.028074027970433235,0.06291098147630692,0.7470413446426392,0.022194046527147293,0.08338259160518646,0.6610315442085266,0.024266069754958153,0.11590727418661118,0.670758068561554,0.02935784123837948,0.13699135184288025,0.6996968388557434,0.03637214004993439
0.18478095531463623,0.8792250752449036,-2.2331398952246673e-07,0.194798082113266,0.8129447102546692,0.02983248420059681,0.1727789044380188,0.7708806991577148,0.04247303307056427,0.15459808707237244,0.7393984198570251,0.04317713901400566,0.13801342248916626,0.7105026841163635,0.04395212605595589,0.06873287260532379,0.8039377331733704,0.06352856010198593,0.09374852478504181,0.7157971262931824,0.057631511241197586,0.1369016021490097,0.703093945980072,0.04652920365333557,0.16837455332279205,0.7187314033508301,0.04195352643728256,0.0607600063085556,0.7904394268989563,0.0441180057823658,0.09374704957008362,0.6919797658920288,0.04241795465350151,0.14026756584644318,0.6898393630981445,0.03392484784126282,0.17084750533103943,0.7143309712409973,0.030695810914039612,0.0627598762512207,0.766944169998169,0.02285010926425457,0.10356926172971725,0.6686298847198486,0.016393503174185753,0.15198349952697754,0.6853582262992859,0.012139755301177502,0.18024663627147675,0.7202267646789551,0.01370925921946764,0.07042667269706726,0.7371405959129333,0.003444539150223136,0.10952208936214447,0.6588197946548462,0.00493029085919261,0.14716698229312897,0.6742618680000305,0.00988785084336996,0.1702849119901657,0.7040389776229858,0.015609330497682095
0.16307741403579712,0.874626100063324,-4.7435594296985073e-07,0.11364387720823288,0.8481101393699646,0.030416283756494522,0.08896622061729431,0.7994192838668823,0.0345749706029892,0.09437134861946106,0.7543961405754089,0.02876635268330574,0.11656995117664337,0.7191973328590393,0.02082858607172966,0.05217655003070831,0.7627623081207275,0.030190322548151016,0.09232333302497864,0.7103996872901917,0.025325704365968704,0.12200437486171722,0.7297369837760925,0.017535904422402382,0.13398458063602448,0.7613784074783325,0.011582847684621811,0.06793350726366043,0.7333050966262817,0.00719972001388669,0.11562066525220871,0.6886343955993652,0.008316019549965858,0.143909752368927,0.7155095338821411,0.003005324164405465,0.15471695363521576,0.7515643239021301,-0.0016146169509738684,0.09043940901756287,0.707979679107666,-0.01390100084245205,0.14118331670761108,0.6715736389160156,-0.014597037807106972,0.17091073095798492,0.7041449546813965,-0.013786754570901394,0.1800377070903778,0.7406530380249023,-0.013484302908182144,0.11761493235826492,0.6891524791717529,-0.03335816413164139,0.16330935060977936,0.6616512537002563,-0.03143007308244705,0.18980281054973602,0.6925435662269592,-0.02521366812288761,0.1997831016778946,0.7272403836250305,-0.020002631470561028
0.15062656998634338,0.8731896877288818,-2.708851525312639e-07,0.10566755384206772,0.844179630279541,0.02216050587594509,0.08500585705041885,0.7951425909996033,0.024841932579874992,0.09437578916549683,0.7516024112701416,0.019730083644390106,0.11690274626016617,0.7228561639785767,0.013756567612290382,0.05643639713525772,0.7602841854095459,0.0236547589302063,0.08964899927377701,0.7088306546211243,0.01729896292090416,0.11790413409471512,0.724811315536499,0.009679636918008327,0.1311555802822113,0.7532474398612976,0.005603480152785778,0.07176046818494797,0.7319045066833496,0.006800105795264244,0.11337781697511673,0.6887034773826599,0.006747561041265726,0.1404930204153061,0.7097211480140686,0.0022862304467707872,0.15276288986206055,0.7396213412284851,-0.0001822662743506953,0.09572050720453262,0.7074171304702759,-0.008858607150614262,0.14147192239761353,0.6686990857124329,-0.009861702099442482,0.1704363375902176,0.6951007843017578,-0.007901253178715706,0.18442265689373016,0.7263858914375305,-0.005021801218390465,0.12450330704450607,0.6887390613555908,-0.023531487211585045,0.16355004906654358,0.6580410003662109,-0.020750846713781357,0.18736684322357178,0.6821869015693665,-0.012719615362584591,0.1993350088596344,0.7106243371963501,-0.004737230949103832
0.8655560612678528,0.8255895972251892,-7.623486908414634e-07,0.807754635810852,0.7398871183395386,-0.0022896802984178066,0.7335236072540283,0.6346469521522522,-0.021275434643030167,0.6999960541725159,0.5425236225128174,-0.037790004163980484,0.7087352275848389,0.4602295160293579,-0.055507857352495193,0.7133159041404724,0.5690584182739258,-0.09969986975193024,0.5824530720710754,0.6615644693374634,-0.11956249177455902,0.5957320928573608,0.7266656756401062,-0.10753632336854935,0.6258537769317627,0.7367367148399353,-0.1020921841263771,0.7465345859527588,0.6284846663475037,-0.11829821765422821,0.5988633632659912,0.7389839291572571,-0.14486166834831238,0.6174485087394714,0.7965548634529114,-0.12739546597003937,0.6468907594680786,0.8078714609146118,-0.12100048363208771,0.768322229385376,0.7188754677772522,-0.13320611417293549,0.6255514621734619,0.8122405409812927,-0.16327883303165436,0.61851567029953,0.8665261268615723,-0.14632943272590637,0.6318045854568481,0.889386773109436,-0.13945181667804718,0.7842669486999512,0.8192101120948792,-0.14590194821357727,0.6634482741355896,0.8764164447784424,-0.18623852729797363,0.6008248925209045,0.9050796627998352,-0.19725865125656128,0.5575181841850281,0.9187973737716675,-0.2053525298833847
0.8362328410148621,0.8729290962219238,-9.759781960383407e-07,0.7931902408599854,0.7662089467048645,0.010096593759953976,0.7263453006744385,0.6467524766921997,0.0016491946298629045,0.6941381692886353,0.54847651720047,-0.0081171914935112,0.6984157562255859,0.46999406814575195,-0.01930459588766098,0.7157163619995117,0.5743812322616577,-0.0725543200969696,0.5866005420684814,0.645000696182251,-0.09213513880968094,0.5869835615158081,0.7141351103782654,-0.07956285029649734,0.610855758190155,0.7340176701545715,-0.0709485188126564,0.7436249852180481,0.6264829635620117,-0.09414537996053696,0.5936991572380066,0.7081305980682373,-0.12126683443784714,0.5919671058654785,0.7757375240325928,-0.10637097805738449,0.6134456992149353,0.8064632415771484,-0.0983155146241188,0.7646129131317139,0.7062814831733704,-0.11248458176851273,0.6149287819862366,0.7749654054641724,-0.14282189309597015,0.6042302250862122,0.8378530740737915,-0.128143310546875,0.6141289472579956,0.8698243498802185,-0.11895450949668884,0.7809677124023438,0.7958216667175293,-0.12781406939029694,0.6618180274963379,0.8371495008468628,-0.16414880752563477,0.5992848873138428,0.8606003522872925,-0.17576122283935547,0.5514564514160156,0.8659492135047913,-0.18268434703350067
0.8277661800384521,0.8859912157058716,-9.971896588467644e-07,0.7713876366615295,0.7813172340393066,0.0075181820429861546,0.7104851007461548,0.6540924310684204,-0.0035477469209581614,0.6845514178276062,0.5490008592605591,-0.015105332247912884,0.6877511739730835,0.4686591327190399,-0.02467449940741062,0.7193453907966614,0.5590876340866089,-0.07688640803098679,0.5787627696990967,0.6317556500434875,-0.10257072746753693,0.5897838473320007,0.696373701095581,-0.09560956060886383,0.6209543943405151,0.7135449051856995,-0.09035467356443405,0.7527759075164795,0.6109484434127808,-0.09798973798751831,0.5884498357772827,0.7058637738227844,-0.12822091579437256,0.6046123504638672,0.7625991106033325,-0.10931919515132904,0.6340977549552917,0.780289351940155,-0.09857325255870819,0.7714408040046692,0.6945050358772278,-0.1168791651725769,0.6108184456825256,0.7708301544189453,-0.1508844494819641,0.6145312190055847,0.8246413469314575,-0.12735629081726074,0.634196400642395,0.8496996164321899,-0.11145669221878052,0.7829261422157288,0.7916222810745239,-0.13358522951602936,0.6543617844581604,0.8244157433509827,-0.17391642928123474,0.5888143181800842,0.8461616039276123,-0.18172769248485565,0.5388738512992859,0.8587987422943115,-0.18430104851722717
0.8286407589912415,0.9043226838111877,-9.517056014374248e-07,0.7438318729400635,0.8048140406608582,-0.005154086276888847,0.6902113556861877,0.6689956188201904,-0.01972763054072857,0.6748195290565491,0.5579760670661926,-0.03377223014831543,0.6836047172546387,0.4715169072151184,-0.04472719505429268,0.7139590978622437,0.5567267537117004,-0.06806523352861404,0.5767262578010559,0.6418390274047852,-0.09663192182779312,0.5831243395805359,0.7104269862174988,-0.09525983035564423,0.611629843711853,0.7257282733917236,-0.092454694211483,0.7520454525947571,0.610328197479248,-0.08394382894039154,0.5924885272979736,0.7209973931312561,-0.11787672340869904,0.5959307551383972,0.7775910496711731,-0.10869704186916351,0.6162993907928467,0.7951221466064453,-0.10281628370285034,0.7748174071311951,0.6947143077850342,-0.09971651434898376,0.6172923445701599,0.7838038802146912,-0.13698133826255798,0.5967969298362732,0.8382593989372253,-0.12568481266498566,0.5969970226287842,0.8609430193901062,-0.1160370483994484,0.7893603444099426,0.7958477139472961,-0.11455206573009491,0.6681599617004395,0.832736611366272,-0.148081973195076,0.6052197217941284,0.8549309968948364,-0.1558794379234314,0.5588909983634949,0.868256151676178,-0.1583319902420044
0.8386051058769226,0.9062825441360474,-9.943190661942936e-07,0.75239098072052,0.8022280931472778,-0.0035949067678302526,0.6959480047225952,0.6666814684867859,-0.01701224409043789,0.6742898225784302,0.5574766993522644,-0.03023442067205906,0.6801863312721252,0.46897223591804504,-0.04132073000073433,0.7081685066223145,0.5637306571006775,-0.06630122661590576,0.5695449709892273,0.6500442624092102,-0.09164846688508987,0.572289228439331,0.7215267419815063,-0.08762094378471375,0.5983845591545105,0.7439566254615784,-0.08325536549091339,0.7442915439605713,0.6188973188400269,-0.08147282153367996,0.5867986083030701,0.7280504703521729,-0.11255646497011185,0.5886789560317993,0.793427586555481,-0.10239432752132416,0.6078601479530334,0.8182134032249451,-0.0962962806224823,0.7659874558448792,0.7028294205665588,-0.09592608362436295,0.610848605632782,0.7895415425300598,-0.13208791613578796,0.595219612121582,0.8497575521469116,-0.12116214632987976,0.599852442741394,0.8762021064758301,-0.11184147000312805,0.7790467739105225,0.8030943870544434,-0.1090008020401001,0.6577246785163879,0.8474981188774109,-0.1424255669116974,0.5933324098587036,0.8730183839797974,-0.15026108920574188,0.5443124771118164,0.8882100582122803,-0.15287615358829498
0.8530020713806152,0.9013950824737549,-1.030178850669472e-06,0.7716281414031982,0.7930551171302795,0.0035369049292057753,0.7040036916732788,0.6627143025398254,-0.00819367915391922,0.6743981242179871,0.5567854642868042,-0.021347053349018097,0.671781599521637,0.4668455719947815,-0.034881629049777985,0.6994002461433411,0.5660675764083862,-0.0658196434378624,0.5635852813720703,0.6586223840713501,-0.09393785893917084,0.5590303540229797,0.7348735928535461,-0.09266816824674606,0.5813764333724976,0.7685778141021729,-0.08964698761701584,0.7322964668273926,0.62601238489151,-0.08486328274011612,0.581938624382019,0.7374024391174316,-0.11668458580970764,0.5755743384361267,0.8081629276275635,-0.10869917273521423,0.5899145007133484,0.8406500220298767,-0.10479731857776642,0.7546602487564087,0.7145920991897583,-0.10223398357629776,0.6037542819976807,0.8054236769676208,-0.14013797044754028,0.5756703615188599,0.8732753992080688,-0.130966916680336,0.5708499550819397,0.9070212841033936,-0.12308729439973831,0.7687211036682129,0.818845272064209,-0.11693546175956726,0.6402802467346191,0.870537519454956,-0.15282130241394043,0.5737718343734741,0.9025568962097168,-0.1604578197002411,0.5251864194869995,0.9209149479866028,-0.16248047351837158
0.8405245542526245,0.8954187631607056,-1.0110770745086484e-06,0.7807779312133789,0.7843377590179443,0.013338159769773483,0.7077876925468445,0.6557165384292603,0.002990421373397112,0.6723793148994446,0.5468037724494934,-0.009611863642930984,0.6697787642478943,0.46047651767730713,-0.02035299688577652,0.6991354823112488,0.5661366581916809,-0.07532471418380737,0.5577883720397949,0.655936598777771,-0.10004611313343048,0.574772834777832,0.7215216755867004,-0.09101707488298416,0.6080650091171265,0.7328599691390991,-0.08515553921461105,0.7320477962493896,0.6207889318466187,-0.09974008053541183,0.5715174674987793,0.7322508692741394,-0.12924425303936005,0.5922417640686035,0.7903409600257874,-0.10810241848230362,0.6233516931533813,0.8007518649101257,-0.09691456705331802,0.751201868057251,0.7099028825759888,-0.12142883986234665,0.5937497019767761,0.8001234531402588,-0.1540893167257309,0.6023339629173279,0.8557543754577637,-0.12814722955226898,0.6245715618133545,0.8765095472335815,-0.11205844581127167,0.7644188404083252,0.8122589588165283,-0.14061492681503296,0.6385452151298523,0.8631849884986877,-0.1806136816740036,0.57491135597229,0.8926199674606323,-0.18872897326946259,0.5254693627357483,0.909385085105896,-0.1924121230840683
0.8366791009902954,0.8979110717773438,-1.0510802894714288e-06,0.7742397785186768,0.7864508628845215,0.009318264201283455,0.7075634002685547,0.6547033786773682,-0.0009361266274936497,0.6737586855888367,0.5478811860084534,-0.012966027483344078,0.6682653427124023,0.4627370238304138,-0.024643035605549812,0.7074460983276367,0.5614940524101257,-0.07509667426347733,0.5644537210464478,0.6398130655288696,-0.10015904158353806,0.5658531785011292,0.7115474343299866,-0.09122985601425171,0.5926320552825928,0.7367910742759705,-0.08358744531869888,0.739827036857605,0.6174630522727966,-0.09694359451532364,0.579256534576416,0.7140958309173584,-0.12656261026859283,0.5789268612861633,0.7794029116630554,-0.10826513171195984,0.6009083986282349,0.8059229254722595,-0.09722790122032166,0.7594773769378662,0.7046353816986084,-0.11624642461538315,0.6005024909973145,0.7818289995193481,-0.15213823318481445,0.5855011343955994,0.8406611680984497,-0.13240069150924683,0.5938597321510315,0.8705691695213318,-0.1177620068192482,0.7707562446594238,0.8058573603630066,-0.13267168402671814,0.6436132788658142,0.8467862010002136,-0.17236466705799103,0.5770081877708435,0.8752717971801758,-0.1798165887594223,0.5296725034713745,0.8927868008613586,-0.18133485317230225
0.8367052674293518,0.8947293162345886,-1.0185233350057388e-06,0.766883134841919,0.7838338613510132,0.004523010924458504,0.7058445811271667,0.6490110754966736,-0.007020102813839912,0.6763781905174255,0.5433787703514099,-0.019967883825302124,0.6695010662078857,0.4561077654361725,-0.03257394954562187,0.7119044065475464,0.553783655166626,-0.06904123723506927,0.571214497089386,0.6301151514053345,-0.09629353880882263,0.5703126788139343,0.7015130519866943,-0.09295444935560226,0.5966298580169678,0.7313607931137085,-0.0885881707072258,0.7450355291366577,0.6101029515266418,-0.08865191787481308,0.5857927799224854,0.7041802406311035,-0.12042565643787384,0.5811623930931091,0.7701234817504883,-0.1089606061577797,0.6009571552276611,0.803257942199707,-0.10214321315288544,0.7653743624687195,0.6967475414276123,-0.10661642253398895,0.6068156361579895,0.7666422128677368,-0.14404386281967163,0.5852406620979309,0.8271685242652893,-0.12986236810684204,0.5893025398254395,0.8607316017150879,-0.11823742836713791,0.7770034074783325,0.7981495261192322,-0.12213489413261414,0.6509920358657837,0.8340337872505188,-0.16061970591545105,0.5836342573165894,0.8608250617980957,-0.1688670814037323,0.536246657371521,0.8775081038475037,-0.17085924744606018
0.8331897854804993,0.9029592275619507,-1.0574710813671118e-06,0.7513772249221802,0.7946011424064636,0.001744452165439725,0.6955932378768921,0.6570924520492554,-0.011835141107439995,0.6720754504203796,0.550055742263794,-0.026150984689593315,0.669215977191925,0.4637596905231476,-0.03951944038271904,0.7144492864608765,0.5525414943695068,-0.07154537737369537,0.5710111260414124,0.634373664855957,-0.10040080547332764,0.5663909912109375,0.7103809118270874,-0.09837929159402847,0.589844286441803,0.7415547370910645,-0.09516496956348419,0.7509192228317261,0.6093921065330505,-0.09104305505752563,0.5880523920059204,0.7120221257209778,-0.1251722276210785,0.5817779302597046,0.7791617512702942,-0.11722323298454285,0.5985088348388672,0.8082021474838257,-0.1136951595544815,0.7737983465194702,0.6961092948913574,-0.10882719606161118,0.6107412576675415,0.7779238820075989,-0.14669020473957062,0.582234263420105,0.8408532738685608,-0.1351294219493866,0.5788870453834534,0.8707756996154785,-0.12658551335334778,0.7867888808250427,0.7990400195121765,-0.12450429052114487,0.6589950919151306,0.8337165713310242,-0.16108664870262146,0.5899736881256104,0.8580142259597778,-0.1690734177827835,0.5403090715408325,0.8696964383125305,-0.17204464972019196
