0.6254039406776428,0.8994776010513306,1.4414462157219532e-06,0.5677359700202942,0.9015389084815979,-0.1129503920674324,0.5398202538490295,0.8641808032989502,-0.19049343466758728,0.5839191675186157,0.857288122177124,-0.2559727430343628,0.6446182131767273,0.8457971215248108,-0.3186646103858948,0.5410417318344116,0.6707268953323364,-0.1635366827249527,0.51148521900177,0.5294235348701477,-0.24806049466133118,0.49258852005004883,0.43522167205810547,-0.29875338077545166,0.4821488857269287,0.3536865711212158,-0.33285725116729736,0.6106498837471008,0.6753913164138794,-0.15508221089839935,0.6289951801300049,0.5211251378059387,-0.2520224153995514,0.640785813331604,0.424408882856369,-0.3031429946422577,0.65259850025177,0.3355483412742615,-0.33030271530151367,0.6697869300842285,0.7153571248054504,-0.15411697328090668,0.6951287388801575,0.6500013470649719,-0.26283523440361023,0.666746199131012,0.7600390315055847,-0.2763654291629791,0.6496616005897522,0.8274742364883423,-0.2621396780014038,0.7206841111183167,0.7659720182418823,-0.16051073372364044,0.728169322013855,0.7471823692321777,-0.2493819296360016,0.7049492597579956,0.8198238015174866,-0.2587384283542633,0.6885721683502197,0.8655924201011658,-0.2485305815935135
0.6096965074539185,0.9600444436073303,1.8444790157445823e-06,0.5613396763801575,0.9465416669845581,-0.10156986862421036,0.5342109203338623,0.8927838802337646,-0.17014403641223907,0.5838556885719299,0.8556269407272339,-0.22974547743797302,0.657058835029602,0.8244510889053345,-0.2853938043117523,0.543613612651825,0.6788764595985413,-0.1208881288766861,0.520496129989624,0.5393242835998535,-0.18641093373298645,0.5039697289466858,0.4390411972999573,-0.22525443136692047,0.49208128452301025,0.35409289598464966,-0.24942201375961304,0.6122427582740784,0.674877941608429,-0.1144716739654541,0.6335460543632507,0.514263927936554,-0.18219080567359924,0.644902229309082,0.4101518988609314,-0.2122744619846344,0.6458956003189087,0.3107759952545166,-0.22264538705348969,0.6709563732147217,0.7143827676773071,-0.11783318221569061,0.6972693800926208,0.6578335762023926,-0.20050467550754547,0.6823374032974243,0.7695145010948181,-0.2048341929912567,0.6616839170455933,0.8327100276947021,-0.18512561917304993,0.715771496295929,0.7687734365463257,-0.12974125146865845,0.7399460673332214,0.748636782169342,-0.19171816110610962,0.7175833582878113,0.8230994939804077,-0.18956919014453888,0.688032329082489,0.8671629428863525,-0.1736515909433365
0.6111732721328735,1.0023219585418701,1.7838741541709169e-06,0.5504351854324341,0.9819422960281372,-0.1268673837184906,0.5237416625022888,0.9087560176849365,-0.20032308995723724,0.5793650150299072,0.8583128452301025,-0.2607177197933197,0.6646437048912048,0.8227978348731995,-0.31566181778907776,0.5494428277015686,0.6797358989715576,-0.12194030731916428,0.5277541875839233,0.5346226692199707,-0.1865839660167694,0.5096325874328613,0.43065038323402405,-0.2246779501438141,0.49682265520095825,0.3450888395309448,-0.24784599244594574,0.6201314330101013,0.6810742616653442,-0.10118785500526428,0.6421775817871094,0.5186560750007629,-0.16670209169387817,0.6519636511802673,0.40880686044692993,-0.19528645277023315,0.652789294719696,0.3106563687324524,-0.2039831578731537,0.6772288680076599,0.7252461314201355,-0.09520260989665985,0.6976936459541321,0.6628386974334717,-0.18670772016048431,0.6791504621505737,0.7745273113250732,-0.20302627980709076,0.6617704033851624,0.8409366011619568,-0.18769171833992004,0.7203893065452576,0.7784029245376587,-0.0991704910993576,0.7417113184928894,0.7484541535377502,-0.17030666768550873,0.7163308262825012,0.8213618993759155,-0.18098968267440796,0.6895120143890381,0.867784857749939,-0.17283542454242706
0.6163153052330017,1.022449016571045,1.5777957287355093e-06,0.5508787035942078,0.9842129945755005,-0.10895560681819916,0.5276021957397461,0.9003316164016724,-0.17126163840293884,0.5907500386238098,0.8529385328292847,-0.22330515086650848,0.6749594211578369,0.8376650810241699,-0.26956602931022644,0.5555997490882874,0.6782569289207458,-0.10041606426239014,0.5341947674751282,0.5320006608963013,-0.15680161118507385,0.5186508297920227,0.4315750002861023,-0.1908579021692276,0.5073566436767578,0.34757882356643677,-0.21230719983577728,0.6252737641334534,0.6781869530677795,-0.08509703725576401,0.6486417651176453,0.5139836668968201,-0.14425574243068695,0.6600276231765747,0.40539076924324036,-0.17276659607887268,0.6653939485549927,0.3115048408508301,-0.18314996361732483,0.6810846328735352,0.7216451168060303,-0.08235588669776917,0.7093257904052734,0.6602218151092529,-0.1626337617635727,0.6858233213424683,0.7699501514434814,-0.17354455590248108,0.6648111343383789,0.8364646434783936,-0.15701952576637268,0.7249948978424072,0.7797427773475647,-0.08869834989309311,0.7471261620521545,0.7495924830436707,-0.147825226187706,0.7204408049583435,0.8207756876945496,-0.15161776542663574,0.6949877738952637,0.8649969100952148,-0.14026091992855072
0.6178984045982361,1.0230299234390259,1.5594326896462007e-06,0.5506708025932312,0.9851126670837402,-0.11409929394721985,0.5286880135536194,0.9028338193893433,-0.17831376194953918,0.5923264026641846,0.8581844568252563,-0.23195655643939972,0.6713889837265015,0.8314069509506226,-0.28006449341773987,0.5563552379608154,0.6786348223686218,-0.10678545385599136,0.5333366990089417,0.5308511853218079,-0.16397470235824585,0.5168374180793762,0.43084874749183655,-0.1977934092283249,0.5078914761543274,0.3474222719669342,-0.21867667138576508,0.6253210306167603,0.6779569983482361,-0.09044606983661652,0.648393988609314,0.511716365814209,-0.1497098207473755,0.6601431369781494,0.4032112658023834,-0.17960922420024872,0.6682363748550415,0.3111012578010559,-0.1918247640132904,0.6807124018669128,0.7185996174812317,-0.08741755038499832,0.7092395424842834,0.6610344052314758,-0.1704425811767578,0.6867170333862305,0.7681871056556702,-0.18835221230983734,0.6677640676498413,0.8358814716339111,-0.17715775966644287,0.7231349349021912,0.7724398970603943,-0.09359640628099442,0.7447004318237305,0.7436492443084717,-0.15451839566230774,0.7172784805297852,0.8132582306861877,-0.16318537294864655,0.6923739910125732,0.8597192764282227,-0.1564696729183197
0.6193192601203918,1.0265491008758545,1.514293330728833e-06,0.5576288104057312,0.9855467677116394,-0.1159653514623642,0.5376682281494141,0.9032461047172546,-0.17862549424171448,0.6000012159347534,0.8540816903114319,-0.22995160520076752,0.6835291981697083,0.8340203166007996,-0.2754765748977661,0.5621756911277771,0.6799532175064087,-0.1015692874789238,0.5384533405303955,0.5287204384803772,-0.15339164435863495,0.5201655626296997,0.42918863892555237,-0.1855592280626297,0.5092073678970337,0.3467721939086914,-0.20665478706359863,0.6293336153030396,0.6792358756065369,-0.08302358537912369,0.6505948901176453,0.5106582641601562,-0.13647529482841492,0.6618474125862122,0.402935266494751,-0.1670859009027481,0.6697755455970764,0.3136410415172577,-0.18174448609352112,0.6831824779510498,0.7209065556526184,-0.07780817896127701,0.7132742404937744,0.6529474854469299,-0.15540891885757446,0.6926442980766296,0.7512475252151489,-0.1771439164876938,0.6742944121360779,0.8178595304489136,-0.170796737074852,0.7243947982788086,0.7751085758209229,-0.08198138326406479,0.745293915271759,0.7371777892112732,-0.140712708234787,0.7217284440994263,0.8008133172988892,-0.15231743454933167,0.7009099125862122,0.8485417366027832,-0.14900104701519012
0.6211249828338623,1.0263476371765137,1.5808182070031762e-06,0.557787299156189,0.985525369644165,-0.12385230511426926,0.5367108583450317,0.9037832021713257,-0.18938131630420685,0.5996483564376831,0.8564195036888123,-0.24215039610862732,0.6834233403205872,0.833769679069519,-0.28861552476882935,0.56172776222229,0.6773160099983215,-0.10521310567855835,0.5386687517166138,0.5280012488365173,-0.1578681319952011,0.5205399394035339,0.4264904260635376,-0.18954478204250336,0.5097880959510803,0.3442627787590027,-0.20948666334152222,0.6287802457809448,0.6793470978736877,-0.0826408714056015,0.649850606918335,0.510738730430603,-0.13601002097129822,0.6608442664146423,0.4028034806251526,-0.1640944927930832,0.6687279343605042,0.31239259243011475,-0.1760103851556778,0.6830804944038391,0.7209916710853577,-0.07484355568885803,0.712744951248169,0.6575182676315308,-0.15463900566101074,0.6907365918159485,0.7582010626792908,-0.1762886643409729,0.6710838675498962,0.8227964639663696,-0.16845673322677612,0.7256543636322021,0.7718603610992432,-0.07711488753557205,0.747601330280304,0.7374995350837708,-0.1372252255678177,0.7225244641304016,0.8028930425643921,-0.14965303242206573,0.7001240253448486,0.8487117290496826,-0.14638406038284302
0.6154563426971436,1.0170117616653442,1.6118542589538265e-06,0.5503395795822144,0.9729068279266357,-0.12118510156869888,0.5317369103431702,0.8893975019454956,-0.18758898973464966,0.5990582704544067,0.8504812121391296,-0.24195006489753723,0.6778411865234375,0.8232933878898621,-0.29055145382881165,0.5607446432113647,0.6704272627830505,-0.11009376496076584,0.5384434461593628,0.524336576461792,-0.16601189970970154,0.5215622186660767,0.42444753646850586,-0.19915848970413208,0.5115238428115845,0.34495052695274353,-0.21960234642028809,0.6282273530960083,0.6751715540885925,-0.09106858819723129,0.6531234383583069,0.5052926540374756,-0.1479674130678177,0.663810670375824,0.3993552029132843,-0.17669199407100677,0.6701380610466003,0.31220221519470215,-0.18831156194210052,0.6825861930847168,0.7191353440284729,-0.08645918220281601,0.7135860323905945,0.6561061143875122,-0.16919921338558197,0.6890072226524353,0.7608656287193298,-0.1896803230047226,0.6676772832870483,0.8236453533172607,-0.1808113157749176,0.7238931059837341,0.7737293839454651,-0.09159871190786362,0.7484457492828369,0.7411066293716431,-0.15296107530593872,0.7210751175880432,0.8085298538208008,-0.16375833749771118,0.6956870555877686,0.8513948917388916,-0.15940050780773163
0.6183670163154602,1.0236350297927856,1.4902661860105582e-06,0.5538744926452637,0.9769788980484009,-0.10664921253919601,0.535090446472168,0.8890050053596497,-0.1646045744419098,0.6020784974098206,0.8459985852241516,-0.21337905526161194,0.6832776069641113,0.8234590888023376,-0.25655069947242737,0.5590816140174866,0.6723569631576538,-0.09047474712133408,0.5370934009552002,0.5242725610733032,-0.1405634731054306,0.5210144519805908,0.42418354749679565,-0.1704256236553192,0.5113347172737122,0.343201220035553,-0.18917036056518555,0.6282313466072083,0.6736319065093994,-0.07625836879014969,0.6522704362869263,0.5056607723236084,-0.1282380074262619,0.6632335186004639,0.3975001275539398,-0.15603284537792206,0.6697548627853394,0.3084156811237335,-0.16745850443840027,0.6833699941635132,0.7160535454750061,-0.075269915163517,0.7144761085510254,0.6551300287246704,-0.15196746587753296,0.6898379921913147,0.757623553276062,-0.17093606293201447,0.6687541604042053,0.821927547454834,-0.16172870993614197,0.7253113985061646,0.7697656154632568,-0.08303869515657425,0.7472493052482605,0.7426971197128296,-0.1402057558298111,0.7184210419654846,0.8092299699783325,-0.14993900060653687,0.693061888217926,0.8518370389938354,-0.1448657214641571
0.6158350706100464,1.0182855129241943,1.566362811900035e-06,0.5502681732177734,0.968616783618927,-0.11956274509429932,0.5326254963874817,0.883446991443634,-0.18240082263946533,0.6002340316772461,0.8433190584182739,-0.2333337664604187,0.6781559586524963,0.8138744831085205,-0.27797430753707886,0.5627440214157104,0.665802001953125,-0.09808707237243652,0.539509117603302,0.5224527716636658,-0.14992794394493103,0.5216214060783386,0.4219627380371094,-0.18133068084716797,0.5112013816833496,0.34218958020210266,-0.20064014196395874,0.6289956569671631,0.6731395125389099,-0.07882077991962433,0.6504976749420166,0.5030775666236877,-0.13016268610954285,0.6614416837692261,0.3970494270324707,-0.1569928079843521,0.6694250702857971,0.30797144770622253,-0.16781191527843475,0.6828197836875916,0.7174139618873596,-0.07478945702314377,0.7133262157440186,0.6534873843193054,-0.15425264835357666,0.6888309121131897,0.7550479173660278,-0.17547555267810822,0.6667274832725525,0.8142173886299133,-0.16735965013504028,0.7243753671646118,0.7699729800224304,-0.08053763955831528,0.7474770545959473,0.7341649532318115,-0.13916103541851044,0.7206149101257324,0.799928605556488,-0.1495964676141739,0.6957173347473145,0.8418828248977661,-0.1453866809606552
0.6192658543586731,1.019184947013855,1.575970372869051e-06,0.5531277060508728,0.9674966335296631,-0.11162856966257095,0.5340613722801208,0.8797122240066528,-0.171237051486969,0.5999395251274109,0.8386000394821167,-0.220989391207695,0.6806198954582214,0.8120802044868469,-0.2645435631275177,0.5612939596176147,0.6644412279129028,-0.08498634397983551,0.5380841493606567,0.5206071138381958,-0.13209079205989838,0.5212297439575195,0.4195820093154907,-0.15887123346328735,0.5113731026649475,0.3406642973423004,-0.1746167540550232,0.6285274028778076,0.6716744899749756,-0.06886013597249985,0.651703417301178,0.5002363920211792,-0.11552271246910095,0.662158191204071,0.3922939598560333,-0.13751961290836334,0.6686093211174011,0.3034670650959015,-0.1440124362707138,0.6836579442024231,0.7164028286933899,-0.06793847680091858,0.7127154469490051,0.6552406549453735,-0.14469140768051147,0.6873369812965393,0.7578846216201782,-0.16398146748542786,0.6655676960945129,0.8183425068855286,-0.1536480188369751,0.7256537675857544,0.7674989700317383,-0.07623755931854248,0.7456274032592773,0.7380657196044922,-0.1335655003786087,0.7164255976676941,0.806389331817627,-0.14363279938697815,0.691213846206665,0.8479399681091309,-0.13849319517612457
0.6162163019180298,1.0073763132095337,1.548794671180076e-06,0.5508429408073425,0.9617809057235718,-0.11957255750894547,0.5320858955383301,0.8773831129074097,-0.18221698701381683,0.5975005030632019,0.8386509418487549,-0.23273758590221405,0.6763634085655212,0.8120806217193604,-0.2771611213684082,0.5593016147613525,0.6614485383033752,-0.10122500360012054,0.537325918674469,0.5174025297164917,-0.15317851305007935,0.5206851959228516,0.41820332407951355,-0.18401329219341278,0.511609673500061,0.33917346596717834,-0.20307554304599762,0.6266398429870605,0.6673095226287842,-0.08198641985654831,0.6480170488357544,0.4987400770187378,-0.13459350168704987,0.6585739254951477,0.39348289370536804,-0.16201111674308777,0.6659584641456604,0.3061883747577667,-0.17315463721752167,0.6810494065284729,0.7105877995491028,-0.07769394665956497,0.7118616700172424,0.6526891589164734,-0.15778471529483795,0.6901899576187134,0.753418505191803,-0.18056049942970276,0.6703064441680908,0.8104609251022339,-0.1738087236881256,0.7233914732933044,0.7616437077522278,-0.08304804563522339,0.7460905909538269,0.7335869669914246,-0.14226233959197998,0.7198143601417542,0.7997512221336365,-0.15433505177497864,0.6951769590377808,0.8390110731124878,-0.15167425572872162
0.6198939681053162,1.001591444015503,1.6984473631964647e-06,0.5588356256484985,0.9601370096206665,-0.12607786059379578,0.5380566120147705,0.8834699392318726,-0.1951616406440735,0.5970892310142517,0.8418310284614563,-0.2520718276500702,0.6780380606651306,0.8092042207717896,-0.3028886914253235,0.5589205622673035,0.6603693962097168,-0.10224366188049316,0.5366628170013428,0.5185500383377075,-0.152810737490654,0.5193378925323486,0.4151122272014618,-0.1804848611354828,0.5101240873336792,0.33803790807724,-0.1963292509317398,0.6251090168952942,0.6679906845092773,-0.07993344962596893,0.647723376750946,0.4985507130622864,-0.12923306226730347,0.6592076420783997,0.3918097913265228,-0.1506452113389969,0.6651991009712219,0.3015144169330597,-0.15640117228031158,0.6808880567550659,0.7105297446250916,-0.07402359694242477,0.7103190422058105,0.6518738269805908,-0.15451276302337646,0.69134122133255,0.7512745261192322,-0.17714180052280426,0.6720913052558899,0.8114005923271179,-0.16891847550868988,0.7234309911727905,0.7557640671730042,-0.07824529707431793,0.7454205751419067,0.7272545099258423,-0.1395157426595688,0.7212393879890442,0.7937783002853394,-0.1538274735212326,0.6982232332229614,0.8364304304122925,-0.15181876718997955
0.6102877855300903,1.0038831233978271,1.7479359257777105e-06,0.5564916133880615,0.9606196880340576,-0.12756392359733582,0.5405519604682922,0.8830073475837708,-0.1988925337791443,0.5993676781654358,0.8374936580657959,-0.25800642371177673,0.6785390377044678,0.7996885180473328,-0.311343252658844,0.5573413968086243,0.65924471616745,-0.10494989901781082,0.536750078201294,0.5182709693908691,-0.15543605387210846,0.5192587375640869,0.41298651695251465,-0.18188172578811646,0.5099503397941589,0.3371909260749817,-0.19661211967468262,0.622739851474762,0.6664370894432068,-0.0821954756975174,0.6467815637588501,0.4960825741291046,-0.1294642984867096,0.6576251983642578,0.3914038836956024,-0.14775675535202026,0.6632099747657776,0.3022695481777191,-0.15139465034008026,0.6775218844413757,0.7096519470214844,-0.07603995501995087,0.710491955280304,0.6462036967277527,-0.1538214236497879,0.6887933611869812,0.7437593340873718,-0.17515505850315094,0.6666674613952637,0.8039832711219788,-0.16718119382858276,0.7183992862701416,0.7565800547599792,-0.0803416296839714,0.7436916828155518,0.7277235388755798,-0.14137177169322968,0.7180744409561157,0.7929045557975769,-0.15693752467632294,0.6921748518943787,0.8355963230133057,-0.15620969235897064
0.6164861917495728,1.0111360549926758,1.545927375445899e-06,0.5562641620635986,0.9631317853927612,-0.11652237176895142,0.540039598941803,0.8777477741241455,-0.1768399178981781,0.6034338474273682,0.8312525749206543,-0.22561503946781158,0.6830301284790039,0.7993108630180359,-0.26776522397994995,0.5581012964248657,0.66190505027771,-0.09083323180675507,0.5358521938323975,0.5173897743225098,-0.13821196556091309,0.5187551975250244,0.41529038548469543,-0.16532543301582336,0.5083786845207214,0.33656206727027893,-0.1813252568244934,0.6244502067565918,0.6665279269218445,-0.07054349035024643,0.6465039253234863,0.4958775043487549,-0.1164889708161354,0.6571781039237976,0.3890014886856079,-0.13830327987670898,0.6637594699859619,0.30001217126846313,-0.14512206614017487,0.6785507202148438,0.7088944315910339,-0.06548120081424713,0.7105057239532471,0.6470161080360413,-0.13919878005981445,0.6880221366882324,0.7448915839195251,-0.1583244502544403,0.6665027141571045,0.803345263004303,-0.1491847038269043,0.7202818989753723,0.7574456334114075,-0.07015148550271988,0.7433947920799255,0.7286598682403564,-0.12582024931907654,0.7173075675964355,0.7925716042518616,-0.13693451881408691,0.6926560401916504,0.8318431973457336,-0.1331448256969452
0.6098347902297974,1.000917911529541,1.750718411130947e-06,0.5482166409492493,0.9554352164268494,-0.12827453017234802,0.5309144258499146,0.8745348453521729,-0.19969315826892853,0.5942487120628357,0.8337159156799316,-0.2592674791812897,0.670504093170166,0.801652193069458,-0.313291072845459,0.555770754814148,0.6553179621696472,-0.10496816784143448,0.5331929326057434,0.5158318281173706,-0.1571991741657257,0.5155856013298035,0.4107578694820404,-0.18474145233631134,0.5067453384399414,0.33498966693878174,-0.2002691775560379,0.6210801601409912,0.6655713319778442,-0.08362367749214172,0.6432293653488159,0.4913865923881531,-0.13304153084754944,0.6542099118232727,0.38804367184638977,-0.15271799266338348,0.6621021032333374,0.29762187600135803,-0.15721575915813446,0.6759772896766663,0.7098347544670105,-0.07919875532388687,0.7064292430877686,0.6471594572067261,-0.15964387357234955,0.6825045943260193,0.7495579123497009,-0.18016386032104492,0.6613456606864929,0.8081279993057251,-0.17121751606464386,0.7185515761375427,0.7582361698150635,-0.08543133735656738,0.7411217093467712,0.7293185591697693,-0.1462075561285019,0.713629424571991,0.7974412441253662,-0.1594228595495224,0.6889246106147766,0.8386142253875732,-0.15747177600860596
0.6099230647087097,1.009762167930603,1.678614239608578e-06,0.5521872043609619,0.9618767499923706,-0.12192054092884064,0.5366883873939514,0.8787306547164917,-0.18855813145637512,0.5977937579154968,0.8323581218719482,-0.24403256177902222,0.6765696406364441,0.8014432787895203,-0.29335924983024597,0.5550106763839722,0.6566334366798401,-0.09308376163244247,0.5328249335289001,0.5148509740829468,-0.14123061299324036,0.5155210494995117,0.40975022315979004,-0.16644185781478882,0.5063162446022034,0.33266961574554443,-0.18019428849220276,0.6210599541664124,0.6644266843795776,-0.07149557024240494,0.6436612010002136,0.49344706535339355,-0.11718305945396423,0.6546171307563782,0.3887080252170563,-0.1347949057817459,0.6619179248809814,0.2987079620361328,-0.1373855322599411,0.6763565540313721,0.7082625031471252,-0.0663350373506546,0.7061907649040222,0.6479082107543945,-0.14187473058700562,0.6809453964233398,0.7485296726226807,-0.16007088124752045,0.6587350964546204,0.8072060942649841,-0.14926132559776306,0.7188596725463867,0.7556939721107483,-0.07134991139173508,0.7397142052650452,0.7287493944168091,-0.12783563137054443,0.7114925384521484,0.7953782677650452,-0.13919369876384735,0.6872956156730652,0.8346415162086487,-0.13530735671520233
0.6175782680511475,0.999889612197876,1.4406484751816606e-06,0.5515539646148682,0.952020525932312,-0.11305423825979233,0.535585880279541,0.8634693622589111,-0.16981975734233856,0.6026016473770142,0.8192877769470215,-0.2153063863515854,0.6773689985275269,0.7883042097091675,-0.2545050084590912,0.5588613152503967,0.651505172252655,-0.08899615705013275,0.5322773456573486,0.5098645687103271,-0.13743822276592255,0.5137861967086792,0.4107808768749237,-0.16692708432674408,0.5032008290290833,0.3315320611000061,-0.18547004461288452,0.6240903735160828,0.6552881598472595,-0.07155496627092361,0.6431456804275513,0.48632925748825073,-0.11988204717636108,0.652789294719696,0.3810921609401703,-0.14694109559059143,0.6614709496498108,0.29383450746536255,-0.15873487293720245,0.6759943962097168,0.6979276537895203,-0.06876964122056961,0.7075358629226685,0.6334015130996704,-0.14362159371376038,0.685619056224823,0.728678822517395,-0.16569170355796814,0.6663986444473267,0.7843176126480103,-0.1599765419960022,0.7173833847045898,0.7506974935531616,-0.07536300271749496,0.740582287311554,0.717779815196991,-0.13124950230121613,0.716023325920105,0.7819181084632874,-0.14274843037128448,0.6938893795013428,0.8210558295249939,-0.14031164348125458
0.6111124157905579,0.9914274215698242,1.6206827240239363e-06,0.5534578561782837,0.9471942782402039,-0.1267397105693817,0.5399414300918579,0.8647792339324951,-0.1924041211605072,0.6031134128570557,0.8209555149078369,-0.24487994611263275,0.6749512553215027,0.7841259837150574,-0.2912740111351013,0.5559521913528442,0.6502094268798828,-0.1068345457315445,0.5306212306022644,0.5098841190338135,-0.15998603403568268,0.5123023390769958,0.4084976017475128,-0.19022607803344727,0.5017820000648499,0.3313371241092682,-0.2081228494644165,0.621123731136322,0.6562508344650269,-0.08420714735984802,0.6430113315582275,0.4854728579521179,-0.13667786121368408,0.6544154286384583,0.38107696175575256,-0.1621304303407669,0.6626187562942505,0.29368939995765686,-0.17142567038536072,0.6748149394989014,0.6987051963806152,-0.0774286761879921,0.7051752805709839,0.6383135318756104,-0.15802103281021118,0.6818068623542786,0.7387438416481018,-0.1802302449941635,0.6605302095413208,0.7961311340332031,-0.1730741262435913,0.7169341444969177,0.7479492425918579,-0.08092590421438217,0.7391417622566223,0.7187129259109497,-0.14077357947826385,0.7124238014221191,0.7856323719024658,-0.15335240960121155,0.6876165270805359,0.8260278701782227,-0.1511969268321991
0.6199430227279663,0.9812917709350586,1.40137876769586e-06,0.5602075457572937,0.9364142417907715,-0.10977743566036224,0.5444962382316589,0.8482656478881836,-0.16649408638477325,0.6040959358215332,0.7957302331924438,-0.21222934126853943,0.6777995824813843,0.7648952603340149,-0.25213465094566345,0.5597735643386841,0.6421993374824524,-0.09401649236679077,0.5341034531593323,0.49829229712486267,-0.14602522552013397,0.5152673721313477,0.3994365632534027,-0.17917349934577942,0.5025432109832764,0.31931817531585693,-0.20058265328407288,0.6255481839179993,0.6437583565711975,-0.0771382749080658,0.6497975587844849,0.4782863259315491,-0.13126087188720703,0.6618711948394775,0.3726402521133423,-0.16406235098838806,0.6704822778701782,0.28630560636520386,-0.18010550737380981,0.6776735782623291,0.6856656074523926,-0.0731997862458229,0.710256814956665,0.6151556968688965,-0.14997641742229462,0.6916556358337402,0.7023211121559143,-0.17325302958488464,0.6733323335647583,0.7601765990257263,-0.1684700846672058,0.7191338539123535,0.7390933036804199,-0.0778760239481926,0.7447276711463928,0.6938134431838989,-0.13461710512638092,0.7250487804412842,0.7484267950057983,-0.14558112621307373,0.7045267820358276,0.7895171046257019,-0.14228083193302155
0.6162945032119751,0.9815429449081421,1.4186808812155505e-06,0.5568115711212158,0.9359961748123169,-0.10815121978521347,0.5417949557304382,0.8456988334655762,-0.16489696502685547,0.6021935939788818,0.7932881116867065,-0.21107392013072968,0.6753405928611755,0.7600658535957336,-0.2517779767513275,0.5594733953475952,0.6397395730018616,-0.09625059366226196,0.5355468988418579,0.49618667364120483,-0.14846186339855194,0.5170358419418335,0.39814090728759766,-0.18150486052036285,0.5053269267082214,0.3176997900009155,-0.2029803991317749,0.6249851584434509,0.6425275206565857,-0.08109290897846222,0.6484705209732056,0.4767819046974182,-0.13537997007369995,0.6613138318061829,0.3721078634262085,-0.1679532378911972,0.6721477508544922,0.2851148843765259,-0.18406791985034943,0.6777762770652771,0.6849995255470276,-0.07850620150566101,0.7108335494995117,0.616765022277832,-0.15520113706588745,0.6896675825119019,0.7099939584732056,-0.17724958062171936,0.670202374458313,0.7696832418441772,-0.17205841839313507,0.7200342416763306,0.7397494316101074,-0.08452802896499634,0.7459417581558228,0.6966509222984314,-0.14116838574409485,0.7232239246368408,0.7561907768249512,-0.1512467861175537,0.7003599405288696,0.799065887928009,-0.14774136245250702
0.6167793869972229,0.9762672185897827,1.1687432106555207e-06,0.5563985705375671,0.913439929485321,-0.06458107382059097,0.543769359588623,0.8139277696609497,-0.10300713032484055,0.6062182188034058,0.7556192278862,-0.13900905847549438,0.676965057849884,0.7408139109611511,-0.17101193964481354,0.5675901174545288,0.6191853284835815,-0.05707688629627228,0.5449956655502319,0.4749448001384735,-0.09986446797847748,0.5295729637145996,0.3811582624912262,-0.1271040439605713,0.516126811504364,0.3037221133708954,-0.14441677927970886,0.6341142654418945,0.6229109764099121,-0.0593445748090744,0.6629416346549988,0.4611150920391083,-0.1067734807729721,0.6720939874649048,0.3577447235584259,-0.13540348410606384,0.6785939931869507,0.27294790744781494,-0.1483871042728424,0.6851115822792053,0.6677910685539246,-0.06951986998319626,0.7197572588920593,0.6000452637672424,-0.13188210129737854,0.6927030682563782,0.686572253704071,-0.14167799055576324,0.6716319918632507,0.7464544773101807,-0.12959687411785126,0.7238686084747314,0.7328138947486877,-0.0851728618144989,0.7480835318565369,0.684605062007904,-0.1258346289396286,0.7217108011245728,0.7411417365074158,-0.12226946651935577,0.6988927721977234,0.7858298420906067,-0.10937756299972534
0.6157756447792053,0.9816383123397827,1.0277519777446287e-06,0.5556715726852417,0.9142653346061707,-0.056777872145175934,0.5442785620689392,0.8097189664840698,-0.08953836560249329,0.6076390743255615,0.7512519955635071,-0.12202513962984085,0.6758570671081543,0.7369095683097839,-0.15103934705257416,0.5680954456329346,0.6186026930809021,-0.04451572895050049,0.5451152324676514,0.47336816787719727,-0.08459947258234024,0.5282080769538879,0.37917953729629517,-0.11071884632110596,0.5158840417861938,0.30057311058044434,-0.12773574888706207,0.6336960196495056,0.6215880513191223,-0.04950516298413277,0.6598644256591797,0.4611448645591736,-0.09486142545938492,0.6712473034858704,0.35749390721321106,-0.12486506998538971,0.6825284957885742,0.2714940905570984,-0.1397417038679123,0.684930682182312,0.6656271815299988,-0.06190088018774986,0.7238787412643433,0.5950822234153748,-0.12197404354810715,0.6990208029747009,0.6804360747337341,-0.1321841925382614,0.6793344020843506,0.7432024478912354,-0.12124970555305481,0.725087583065033,0.7300639748573303,-0.07927294075489044,0.7515555024147034,0.6787659525871277,-0.11846096813678741,0.7266438007354736,0.7326450943946838,-0.1148516908288002,0.7050697207450867,0.7786096334457397,-0.10237213224172592
0.6166163682937622,0.9527838230133057,1.116131329581549e-06,0.5580136775970459,0.8841864466667175,-0.06846906244754791,0.5466222167015076,0.7821330428123474,-0.10486061871051788,0.6091773509979248,0.7231763601303101,-0.1377924531698227,0.6765906810760498,0.699282169342041,-0.16664443910121918,0.5779203772544861,0.5954343676567078,-0.054694026708602905,0.5551021099090576,0.44956016540527344,-0.09373375028371811,0.5404114723205566,0.35652610659599304,-0.11979936063289642,0.5297917723655701,0.27740636467933655,-0.13683903217315674,0.6442537307739258,0.5994678735733032,-0.05200326070189476,0.6742678880691528,0.44056397676467896,-0.0948537066578865,0.6870945692062378,0.33823224902153015,-0.12563972175121307,0.6981152296066284,0.2529260516166687,-0.14192259311676025,0.6931571960449219,0.6419516801834106,-0.057577136904001236,0.7292138338088989,0.5711957216262817,-0.11847388744354248,0.706378698348999,0.6505300402641296,-0.13666030764579773,0.6864362955093384,0.712817370891571,-0.13108201324939728,0.7307186722755432,0.7022650241851807,-0.06850685179233551,0.7594013810157776,0.6474156975746155,-0.11061353981494904,0.7388775944709778,0.6949081420898438,-0.11360916495323181,0.7181352972984314,0.7412955164909363,-0.1058502271771431
0.6143280267715454,0.9532378911972046,9.836688832365326e-07,0.5581064820289612,0.8810230493545532,-0.05347990617156029,0.5481712818145752,0.7782771587371826,-0.0842241421341896,0.6091675162315369,0.7200808525085449,-0.11538401991128922,0.6766769886016846,0.70498126745224,-0.14314720034599304,0.5758995413780212,0.5918153524398804,-0.038027193397283554,0.5550585389137268,0.44597920775413513,-0.07562524080276489,0.5389120578765869,0.3523758351802826,-0.10069283097982407,0.5280535817146301,0.2743584215641022,-0.11700751632452011,0.6409091949462891,0.5980973243713379,-0.04306463897228241,0.6703307032585144,0.440847784280777,-0.08600102365016937,0.6843804121017456,0.3385968804359436,-0.11660487204790115,0.6979297995567322,0.2533849775791168,-0.13242799043655396,0.6900010108947754,0.6430121064186096,-0.055278319865465164,0.7302998304367065,0.5720445513725281,-0.1138399988412857,0.7087660431861877,0.6514034271240234,-0.1268189549446106,0.6903426647186279,0.7132726907730103,-0.11796385049819946,0.7277441024780273,0.7057608366012573,-0.07197265326976776,0.7561776638031006,0.652108907699585,-0.11057541519403458,0.7346790432929993,0.7010748386383057,-0.10867182910442352,0.714782178401947,0.7480143308639526,-0.0974145382642746
0.6101861000061035,0.9196187257766724,9.625325674278429e-07,0.5536038279533386,0.843471884727478,-0.04697892814874649,0.5445622801780701,0.7336083650588989,-0.07280854880809784,0.6110988855361938,0.6819421052932739,-0.09903518855571747,0.676505446434021,0.6637048125267029,-0.12326081097126007,0.5791643857955933,0.5625078082084656,-0.036523375660181046,0.5604428052902222,0.41979628801345825,-0.07028627395629883,0.548417329788208,0.33013683557510376,-0.09195175021886826,0.5390036106109619,0.2544252574443817,-0.1057056412100792,0.6456601023674011,0.5689827799797058,-0.04212668910622597,0.6751502156257629,0.41017454862594604,-0.07885047048330307,0.6911035776138306,0.3131151795387268,-0.10586214065551758,0.7047907114028931,0.22941339015960693,-0.11979573220014572,0.6951968669891357,0.6129504442214966,-0.053824782371520996,0.733554482460022,0.5395131707191467,-0.10823271423578262,0.713394284248352,0.613371729850769,-0.12352753430604935,0.6944198608398438,0.672254204750061,-0.117392398416996,0.7315995693206787,0.6765931248664856,-0.06888197362422943,0.7582428455352783,0.6240683794021606,-0.10580691695213318,0.7369584441184998,0.670188844203949,-0.1048731729388237,0.7153857946395874,0.7155515551567078,-0.094983771443367
0.611642599105835,0.9261390566825867,8.784204510448035e-07,0.5562933683395386,0.8516346216201782,-0.04799109324812889,0.548943281173706,0.7475118637084961,-0.07479997724294662,0.6135943531990051,0.691298246383667,-0.10279487073421478,0.6770797371864319,0.668086588382721,-0.12783318758010864,0.5791363716125488,0.5644575953483582,-0.031749188899993896,0.5596562027931213,0.41940346360206604,-0.06666435301303864,0.5454485416412354,0.32622772455215454,-0.09065946936607361,0.5357663035392761,0.24909815192222595,-0.10632642358541489,0.6440922617912292,0.5701855421066284,-0.03776426985859871,0.674642026424408,0.4140399694442749,-0.07706743478775024,0.6894620060920715,0.3136439919471741,-0.10679645836353302,0.7029847502708435,0.23059463500976562,-0.1226014643907547,0.6921887993812561,0.61434406042099,-0.050364114344120026,0.7336654663085938,0.5376516580581665,-0.10551197081804276,0.7128862142562866,0.6120904088020325,-0.11959635466337204,0.6935734152793884,0.673566460609436,-0.11247610300779343,0.7290458679199219,0.6769943833351135,-0.06691210716962814,0.7590993046760559,0.6196084022521973,-0.10433211922645569,0.7394633889198303,0.6635991334915161,-0.10341296344995499,0.7195590734481812,0.7090578079223633,-0.09306151419878006
0.6124582290649414,0.8901323080062866,8.704083143129537e-07,0.5593796968460083,0.8136852383613586,-0.04427236691117287,0.5489041805267334,0.7101423144340515,-0.07049592584371567,0.611149251461029,0.6470788717269897,-0.09776366502046585,0.6758370995521545,0.6192680597305298,-0.12230701744556427,0.5770231485366821,0.5321611762046814,-0.030225271359086037,0.5571269989013672,0.3929659128189087,-0.06403515487909317,0.5444840788841248,0.30507680773735046,-0.0860234797000885,0.5349597930908203,0.2320292890071869,-0.0996759906411171,0.6413013935089111,0.5379721522331238,-0.03696242347359657,0.6677628755569458,0.3789274990558624,-0.07234479486942291,0.6821965575218201,0.2830217778682709,-0.09833325445652008,0.6922770142555237,0.20095205307006836,-0.11162488162517548,0.6907340288162231,0.5832998752593994,-0.05013623088598251,0.7286843061447144,0.5073104500770569,-0.1027991771697998,0.7203248143196106,0.5708463191986084,-0.11863352358341217,0.7065564393997192,0.6244642734527588,-0.1132325753569603,0.7281082272529602,0.6494308710098267,-0.06646516174077988,0.760819673538208,0.5887079834938049,-0.09961435943841934,0.7488646507263184,0.6205230355262756,-0.09835509210824966,0.7308412194252014,0.6565854549407959,-0.08892340213060379
0.6142897605895996,0.8962270021438599,8.337968893101788e-07,0.5606364011764526,0.8185309767723083,-0.04519248753786087,0.5519124269485474,0.7108431458473206,-0.07024247944355011,0.6159967184066772,0.6451034545898438,-0.09677103161811829,0.6806912422180176,0.6138849854469299,-0.12026698887348175,0.5772445201873779,0.536652147769928,-0.028607670217752457,0.5561659336090088,0.39313507080078125,-0.06189291179180145,0.5418633222579956,0.3035476505756378,-0.08411679416894913,0.5322991013526917,0.22877418994903564,-0.09819021075963974,0.6407761573791504,0.5404132008552551,-0.0349360816180706,0.6675757169723511,0.3808317184448242,-0.07147137075662613,0.6821280717849731,0.28262871503829956,-0.09897696226835251,0.6966384649276733,0.20189028978347778,-0.11314685642719269,0.6888322830200195,0.5826295614242554,-0.047720685601234436,0.7267428040504456,0.5050815939903259,-0.09993453323841095,0.709992527961731,0.5796190500259399,-0.11248050630092621,0.6946281790733337,0.6393282413482666,-0.10477353632450104,0.7273871898651123,0.6438587307929993,-0.06420956552028656,0.7573840618133545,0.5817751884460449,-0.09737557917833328,0.7396258115768433,0.625105619430542,-0.09402929991483688,0.721455454826355,0.6694985628128052,-0.0827285647392273
0.6129956245422363,0.8682403564453125,8.31623822250549e-07,0.5567498803138733,0.7879519462585449,-0.04100337252020836,0.5448671579360962,0.6812763214111328,-0.06409338861703873,0.6066285967826843,0.6196315288543701,-0.08903760462999344,0.6726633906364441,0.5983460545539856,-0.11174295097589493,0.5729719996452332,0.5115764141082764,-0.0261077880859375,0.5514320135116577,0.37131959199905396,-0.05718373879790306,0.5377126932144165,0.28236785531044006,-0.07845403254032135,0.5278041958808899,0.20896095037460327,-0.09281589090824127,0.6373625993728638,0.5160024762153625,-0.03353247046470642,0.6615785360336304,0.35702264308929443,-0.06630901247262955,0.6736283898353577,0.25819361209869385,-0.09396418929100037,0.6823514103889465,0.1762494146823883,-0.1102934256196022,0.6864567995071411,0.5590975284576416,-0.047055285423994064,0.7251558303833008,0.471373975276947,-0.09657833725214005,0.723615288734436,0.5228025317192078,-0.11675603687763214,0.7140660285949707,0.5767310261726379,-0.11608631163835526,0.7236657738685608,0.6219478249549866,-0.06363536417484283,0.7555918097496033,0.5545769929885864,-0.09703879803419113,0.7496020793914795,0.5751771330833435,-0.10092199593782425,0.7342721819877625,0.6096945405006409,-0.09612947702407837
0.613994300365448,0.8703557252883911,8.032103551158798e-07,0.5590268969535828,0.7926892042160034,-0.041443705558776855,0.5469141602516174,0.6848084926605225,-0.06375438719987869,0.6095322370529175,0.6191437840461731,-0.08800620585680008,0.6743748784065247,0.5929796099662781,-0.10992642492055893,0.5736002326011658,0.510092556476593,-0.02500435896217823,0.5495592355728149,0.37011709809303284,-0.0564282052218914,0.5336099863052368,0.2811444401741028,-0.07843232154846191,0.5229677557945251,0.20781540870666504,-0.09290813654661179,0.6379786133766174,0.5133331418037415,-0.03250804916024208,0.664411187171936,0.3560304641723633,-0.06631755828857422,0.6767619252204895,0.2566772699356079,-0.09484466910362244,0.688145637512207,0.176136314868927,-0.11091648042201996,0.6860759258270264,0.5549989938735962,-0.046099547296762466,0.7258507609367371,0.4747593104839325,-0.09581194818019867,0.716816246509552,0.5332873463630676,-0.1134495735168457,0.70491623878479,0.5896292924880981,-0.11052973568439484,0.722322940826416,0.6165385842323303,-0.06293554604053497,0.7506365776062012,0.5517537593841553,-0.09613644331693649,0.7375934720039368,0.5839470028877258,-0.09677308052778244,0.720253586769104,0.6271855235099792,-0.0889395996928215
0.6106569766998291,0.8553560972213745,8.440082979177532e-07,0.5533934235572815,0.7768279314041138,-0.04736119136214256,0.5416300296783447,0.6697484850883484,-0.07279984652996063,0.608688235282898,0.6066569089889526,-0.09883496910333633,0.6783835291862488,0.5848017930984497,-0.12205735594034195,0.5678055882453918,0.4956388473510742,-0.030998673290014267,0.5425097942352295,0.3556286096572876,-0.06427940726280212,0.5275804996490479,0.26589667797088623,-0.08758630603551865,0.5178903341293335,0.1916111707687378,-0.10355965048074722,0.6332211494445801,0.4963541626930237,-0.036400578916072845,0.6535593867301941,0.33512234687805176,-0.07074688374996185,0.6642952561378479,0.23547124862670898,-0.09892828017473221,0.6727142930030823,0.15358790755271912,-0.11543131619691849,0.6828386187553406,0.538536548614502,-0.048716917634010315,0.7231082320213318,0.4508988857269287,-0.1003299281001091,0.7185094952583313,0.5064671039581299,-0.12089943140745163,0.7067524194717407,0.5628283619880676,-0.12015501409769058,0.7207463979721069,0.6032652258872986,-0.06475326418876648,0.751600444316864,0.5375504493713379,-0.10098373144865036,0.7408723831176758,0.5626704096794128,-0.10611465573310852,0.7212515473365784,0.6005690693855286,-0.1017569825053215
0.6097078919410706,0.857615053653717,7.862254847168515e-07,0.5542916059494019,0.7810765504837036,-0.045533228665590286,0.5421562194824219,0.6725395917892456,-0.06894827634096146,0.6077990531921387,0.6061006188392639,-0.09351135045289993,0.6756302118301392,0.5811378955841064,-0.11537804454565048,0.5692763328552246,0.4904082119464874,-0.026765208691358566,0.5425981879234314,0.35188135504722595,-0.058047156780958176,0.5259761810302734,0.263123482465744,-0.08071794360876083,0.5157716274261475,0.18942132592201233,-0.09637774527072906,0.6338247656822205,0.49305665493011475,-0.032802727073431015,0.6534116864204407,0.3340578079223633,-0.06576671451330185,0.6638752222061157,0.2354811728000641,-0.09388796985149384,0.6748030781745911,0.15509754419326782,-0.11045391112565994,0.681903064250946,0.5363688468933105,-0.045588891953229904,0.7212116718292236,0.45429301261901855,-0.0954497829079628,0.7116904258728027,0.5157836079597473,-0.1135689914226532,0.6986330151557922,0.5735839009284973,-0.111477330327034,0.7185538411140442,0.6010165810585022,-0.062142979353666306,0.7464537620544434,0.5355014801025391,-0.09675241261720657,0.7317525148391724,0.5687880516052246,-0.09918161481618881,0.7117928862571716,0.6118541359901428,-0.09305071085691452
0.6097021698951721,0.8504648208618164,8.066091368164052e-07,0.5548861026763916,0.7702545523643494,-0.04928470030426979,0.5421059727668762,0.6610382795333862,-0.07403530180454254,0.6095688343048096,0.5923330783843994,-0.09903967380523682,0.679951012134552,0.5665822625160217,-0.12096420675516129,0.5653555989265442,0.48535120487213135,-0.028873540461063385,0.5376299619674683,0.3472331464290619,-0.06123866140842438,0.5208021402359009,0.2591123878955841,-0.0847286581993103,0.5104957818984985,0.1852852702140808,-0.10115550458431244,0.6305766701698303,0.4860372841358185,-0.03326766937971115,0.6484495401382446,0.32455670833587646,-0.06661553680896759,0.6581887602806091,0.22621598839759827,-0.0947345569729805,0.6677486896514893,0.14469566941261292,-0.11141372472047806,0.6794236898422241,0.5291209816932678,-0.04498715698719025,0.7185526490211487,0.44388091564178467,-0.09707624465227127,0.710874617099762,0.5033290982246399,-0.11753156781196594,0.6979556083679199,0.561495840549469,-0.11644949018955231,0.7164599895477295,0.5949547290802002,-0.06064404547214508,0.7459059953689575,0.5276433825492859,-0.0982874259352684,0.7340236902236938,0.5559351444244385,-0.10343737155199051,0.7143995761871338,0.5966373682022095,-0.09883428364992142
0.6107853651046753,0.847628116607666,8.137517397699412e-07,0.5551137924194336,0.7701287269592285,-0.05226082727313042,0.5413148403167725,0.6611747741699219,-0.07746017724275589,0.6083346605300903,0.5915931463241577,-0.10255175828933716,0.6786810159683228,0.5647212862968445,-0.12442420423030853,0.5644000768661499,0.4819546043872833,-0.029208028689026833,0.5376675128936768,0.34409603476524353,-0.060522038489580154,0.5209980010986328,0.2564544081687927,-0.0836125910282135,0.5109457969665527,0.182711660861969,-0.10004229098558426,0.6296457052230835,0.482406347990036,-0.03197413682937622,0.6463361382484436,0.3225313425064087,-0.06460437923669815,0.6570306420326233,0.2249942123889923,-0.09328979253768921,0.6687114238739014,0.1433386206626892,-0.11081606894731522,0.6785718202590942,0.5248660445213318,-0.04237544909119606,0.7167328000068665,0.44085973501205444,-0.0943513810634613,0.7086614370346069,0.5050632357597351,-0.11546656489372253,0.6962896585464478,0.5654847025871277,-0.11515139043331146,0.7166393995285034,0.5895078778266907,-0.05699174851179123,0.7438466548919678,0.5237312912940979,-0.09472399204969406,0.7300840616226196,0.5578610301017761,-0.10046245902776718,0.7101324796676636,0.6023133993148804,-0.0966372862458229
0.6140854954719543,0.8440036177635193,8.077502116066171e-07,0.5573847889900208,0.7677800059318542,-0.052901215851306915,0.5429320931434631,0.6583672165870667,-0.0773002952337265,0.610591471195221,0.5877416133880615,-0.10109028965234756,0.6810469031333923,0.5580645799636841,-0.1216685026884079,0.5654084086418152,0.48071759939193726,-0.028335005044937134,0.5383039712905884,0.3422431945800781,-0.05853734910488129,0.5214943885803223,0.2554190754890442,-0.0808437243103981,0.5101696252822876,0.18251270055770874,-0.09658924490213394,0.6304720044136047,0.47980427742004395,-0.02946285903453827,0.6472483277320862,0.31920555233955383,-0.06109876185655594,0.6560851335525513,0.22183725237846375,-0.08966676890850067,0.664835512638092,0.1417127251625061,-0.10691376775503159,0.6793657541275024,0.5199904441833496,-0.03826277330517769,0.7137486934661865,0.4345618486404419,-0.09020724147558212,0.7081647515296936,0.49606725573539734,-0.1136956587433815,0.6980378031730652,0.5561527013778687,-0.11471299082040787,0.7179456949234009,0.581203281879425,-0.05109709873795509,0.7408120036125183,0.5178483128547668,-0.08951644599437714,0.7286770343780518,0.5501865744590759,-0.09738464653491974,0.710661768913269,0.5933881998062134,-0.09480143338441849
0.6135721802711487,0.844512939453125,7.926526564006053e-07,0.5577868819236755,0.7692029476165771,-0.05223621055483818,0.5428304076194763,0.6619820594787598,-0.07779381424188614,0.6089416146278381,0.5897237062454224,-0.10306672006845474,0.6783169507980347,0.557618260383606,-0.12512731552124023,0.5658832788467407,0.481265664100647,-0.031655389815568924,0.5383599996566772,0.3430418372154236,-0.06375164538621902,0.5210363268852234,0.2551268935203552,-0.08741530776023865,0.5094205141067505,0.18106183409690857,-0.10423853248357773,0.630987823009491,0.48043060302734375,-0.03399008512496948,0.6477174758911133,0.3215082883834839,-0.06763920187950134,0.6560662984848022,0.22383901476860046,-0.09727814793586731,0.6644412875175476,0.1412346065044403,-0.11555701494216919,0.6794095039367676,0.5213058590888977,-0.04365573823451996,0.7144161462783813,0.43656525015830994,-0.09600751847028732,0.7064321637153625,0.49998611211776733,-0.11766562610864639,0.6943157911300659,0.5588563680648804,-0.11796935647726059,0.7170460224151611,0.5845694541931152,-0.057438790798187256,0.7417524456977844,0.5199093818664551,-0.0956052616238594,0.7264345288276672,0.5537139177322388,-0.1021663025021553,0.7050819993019104,0.59773188829422,-0.09897658228874207
0.6135696768760681,0.8427756428718567,7.915487003629096e-07,0.558588445186615,0.7650022506713867,-0.048622213304042816,0.5453912019729614,0.6581358313560486,-0.07305100560188293,0.6122779846191406,0.5879027843475342,-0.0982411652803421,0.6807335615158081,0.5555784702301025,-0.12030594795942307,0.5683367252349854,0.47797495126724243,-0.026696322485804558,0.541016697883606,0.34020930528640747,-0.058399785310029984,0.5234547257423401,0.2513265311717987,-0.08193910866975784,0.5122004747390747,0.17788463830947876,-0.09863273799419403,0.6332437992095947,0.47738924622535706,-0.0313350148499012,0.6495051980018616,0.31995296478271484,-0.06475114822387695,0.6577842235565186,0.2222287952899933,-0.09415602684020996,0.666702151298523,0.14169934391975403,-0.1121392473578453,0.68153315782547,0.5194199681282043,-0.04328310117125511,0.7201644778251648,0.4359327554702759,-0.09439646452665329,0.7096078991889954,0.5003305673599243,-0.11421031504869461,0.6956504583358765,0.5594276785850525,-0.11348970234394073,0.7184315323829651,0.584294319152832,-0.059246890246868134,0.7443829774856567,0.5205766558647156,-0.09590299427509308,0.7277249693870544,0.5539945960044861,-0.10089670866727829,0.7057698369026184,0.5966882705688477,-0.09673495590686798
0.615374743938446,0.8445467948913574,8.11253357824171e-07,0.5599442720413208,0.7665942907333374,-0.05238889902830124,0.5463407039642334,0.661491870880127,-0.07808556407690048,0.6116536259651184,0.5898486971855164,-0.10372394323348999,0.678828775882721,0.553401529788971,-0.1259838193655014,0.5665348768234253,0.47924312949180603,-0.027616038918495178,0.5386682152748108,0.3419454097747803,-0.05963025987148285,0.5217785239219666,0.253457635641098,-0.08349703997373581,0.5110811591148376,0.1799665093421936,-0.10003004223108292,0.6316507458686829,0.4787682890892029,-0.030221091583371162,0.6482810378074646,0.32051533460617065,-0.06338898837566376,0.6578406095504761,0.22273147106170654,-0.09221385419368744,0.6674465537071228,0.14221110939979553,-0.1093350276350975,0.6803395748138428,0.5213942527770996,-0.04075416922569275,0.7171260118484497,0.43907350301742554,-0.09321258217096329,0.7102349400520325,0.5035521388053894,-0.1139318123459816,0.6992022395133972,0.5623068809509277,-0.11299566179513931,0.7177093029022217,0.5864071249961853,-0.05542760342359543,0.7437583804130554,0.5212443470954895,-0.09280025959014893,0.729189932346344,0.5553693771362305,-0.09783287346363068,0.7089990377426147,0.5978049039840698,-0.0932932198047638
0.6087244749069214,0.8516088724136353,7.906062364781974e-07,0.5538157224655151,0.7731322050094604,-0.04753952473402023,0.543128490447998,0.6646244525909424,-0.07218324393033981,0.6101226210594177,0.595686137676239,-0.09829042106866837,0.6792968511581421,0.5668249130249023,-0.12149814516305923,0.5664213299751282,0.48306602239608765,-0.026319824159145355,0.5392332673072815,0.34531909227371216,-0.0588284470140934,0.5221323370933533,0.2572188377380371,-0.08358756452798843,0.5117868185043335,0.1838858723640442,-0.10135038197040558,0.6313867568969727,0.48402711749076843,-0.032438863068819046,0.6497678756713867,0.3257300555706024,-0.06670031696557999,0.6570146083831787,0.22594928741455078,-0.09763086587190628,0.6660915017127991,0.1426326334476471,-0.11714992672204971,0.6800762414932251,0.527366578578949,-0.04561221972107887,0.717390239238739,0.4361548125743866,-0.09557780623435974,0.7041782140731812,0.5009405612945557,-0.11335926502943039,0.6903774738311768,0.5605073571205139,-0.1119002178311348,0.7175107002258301,0.5942478179931641,-0.06304691731929779,0.7417421936988831,0.5223665833473206,-0.09781862050294876,0.7223889231681824,0.5561690330505371,-0.1005813404917717,0.7001160383224487,0.6010813117027283,-0.0952872782945633
0.6100529432296753,0.8511596918106079,7.934222594485618e-07,0.5540546774864197,0.7740318179130554,-0.050960078835487366,0.5425633192062378,0.6663762331008911,-0.07684256136417389,0.6101645827293396,0.5984888672828674,-0.10333941131830215,0.6796771287918091,0.5693040490150452,-0.12679220736026764,0.5664342641830444,0.48462629318237305,-0.02920401841402054,0.538037121295929,0.34612661600112915,-0.061870090663433075,0.5207288265228271,0.25816863775253296,-0.08637280017137527,0.5106419920921326,0.18424347043037415,-0.10413635522127151,0.6317312121391296,0.48489704728126526,-0.03356665372848511,0.6492932438850403,0.32444489002227783,-0.06790229678153992,0.657701313495636,0.2259792983531952,-0.09873040020465851,0.6672827005386353,0.14389601349830627,-0.11819297820329666,0.6799468398094177,0.5277201533317566,-0.04526764154434204,0.7169060111045837,0.4360104203224182,-0.09697211533784866,0.7068576216697693,0.5000492930412292,-0.11705304682254791,0.6939027905464172,0.5612379908561707,-0.11678805947303772,0.716934084892273,0.5945514440536499,-0.06129196286201477,0.7414986491203308,0.5236822366714478,-0.09897859394550323,0.7263991832733154,0.5567068457603455,-0.10423441976308823,0.7057983875274658,0.6015954613685608,-0.10032841563224792
0.6090098023414612,0.8513607978820801,7.843056550882466e-07,0.5538517236709595,0.7729154825210571,-0.05085361376404762,0.5419584512710571,0.6647183895111084,-0.07622971385717392,0.610175609588623,0.5961150527000427,-0.10196414589881897,0.6805195808410645,0.5660299062728882,-0.1246236264705658,0.5653956532478333,0.48424896597862244,-0.029179953038692474,0.5389503240585327,0.3465310335159302,-0.06148562207818031,0.5220737457275391,0.25986403226852417,-0.08548799902200699,0.5106929540634155,0.18756043910980225,-0.10259932279586792,0.6305907964706421,0.48429644107818604,-0.03298594802618027,0.6485159397125244,0.32480818033218384,-0.06673211604356766,0.6570343971252441,0.2271645963191986,-0.0965631827712059,0.6659797430038452,0.14582455158233643,-0.1149669736623764,0.6788560748100281,0.527363657951355,-0.04419514536857605,0.715869665145874,0.4391367435455322,-0.09624791145324707,0.7074456214904785,0.5042635202407837,-0.1167072281241417,0.6959340572357178,0.5647439360618591,-0.11619556695222855,0.7162885665893555,0.5933843851089478,-0.05956085026264191,0.7417754530906677,0.5260928273200989,-0.097466379404068,0.7272912859916687,0.5601398348808289,-0.10308726131916046,0.7078416347503662,0.6043271422386169,-0.09915049374103546
0.6080459356307983,0.8516223430633545,7.878174983488861e-07,0.5528755784034729,0.7725218534469604,-0.05113167688250542,0.5415903329849243,0.6636519432067871,-0.07642774283885956,0.6101441383361816,0.5948516726493835,-0.10205703228712082,0.6802536845207214,0.5641282200813293,-0.12463059276342392,0.5650513768196106,0.48352718353271484,-0.02858682908117771,0.5384966135025024,0.3457891345024109,-0.060703862458467484,0.5218445062637329,0.25887709856033325,-0.08471550792455673,0.5109455585479736,0.18649420142173767,-0.10189198702573776,0.6303218007087708,0.4842609763145447,-0.03229542821645737,0.6483323574066162,0.3246760070323944,-0.06589265912771225,0.6568951606750488,0.22707560658454895,-0.09597335010766983,0.6662567853927612,0.14600691199302673,-0.11460382491350174,0.6787583827972412,0.5279039740562439,-0.043509021401405334,0.7156590819358826,0.4395049512386322,-0.0955481305718422,0.7071565985679626,0.5034840703010559,-0.11667082458734512,0.6958626508712769,0.5633178353309631,-0.11670383810997009,0.7164015769958496,0.5942676663398743,-0.05886935070157051,0.741836667060852,0.5259461998939514,-0.09666001051664352,0.7272437214851379,0.5590934753417969,-0.1026034951210022,0.7078198194503784,0.6024988889694214,-0.09905152767896652
0.6089603900909424,0.8504467010498047,7.929764365144365e-07,0.5523072481155396,0.7717586755752563,-0.05067379027605057,0.5382288098335266,0.6638184785842896,-0.07620911300182343,0.6062459945678711,0.596248984336853,-0.10219186544418335,0.6779080033302307,0.571729838848114,-0.12513943016529083,0.5640623569488525,0.482564240694046,-0.0290834978222847,0.5366101264953613,0.34564369916915894,-0.06120404601097107,0.5195009112358093,0.2580704391002655,-0.08522576838731766,0.508958101272583,0.18456843495368958,-0.10253295302391052,0.6296736001968384,0.48343685269355774,-0.033349283039569855,0.6463047862052917,0.3250158429145813,-0.06691811233758926,0.655003547668457,0.22641652822494507,-0.09667116403579712,0.6652498245239258,0.14367589354515076,-0.11520733684301376,0.6788579821586609,0.5270284414291382,-0.04506319388747215,0.7148812413215637,0.4421357214450836,-0.09668237715959549,0.7049258947372437,0.5044558048248291,-0.11750712245702744,0.6926112174987793,0.5630983114242554,-0.11749864369630814,0.7167447805404663,0.5933964848518372,-0.06100078299641609,0.7411355972290039,0.5279664397239685,-0.0982825756072998,0.7254126667976379,0.5600847601890564,-0.1040070578455925,0.7051386833190918,0.6027640104293823,-0.1004440188407898
0.6094115972518921,0.851514458656311,7.906118071332457e-07,0.5533389449119568,0.7726447582244873,-0.04947369918227196,0.5392175912857056,0.6644471883773804,-0.07452547550201416,0.6067299842834473,0.5958603024482727,-0.10027080029249191,0.6783053278923035,0.571461021900177,-0.12287489324808121,0.5653366446495056,0.48354241251945496,-0.028226952999830246,0.5379153490066528,0.34636807441711426,-0.06008569523692131,0.5201193690299988,0.25907987356185913,-0.08431804925203323,0.5088840126991272,0.18598565459251404,-0.10202733427286148,0.6302236318588257,0.48427385091781616,-0.032874591648578644,0.6468755006790161,0.3263559341430664,-0.06629543751478195,0.6553511619567871,0.22738862037658691,-0.09646572172641754,0.6655727028846741,0.14478814601898193,-0.11563964188098907,0.6787809133529663,0.5275316834449768,-0.04479394108057022,0.7155379056930542,0.43998104333877563,-0.09528399258852005,0.7054682970046997,0.502010703086853,-0.11545723676681519,0.6927868723869324,0.5615571737289429,-0.11548583954572678,0.7166280150413513,0.5937638282775879,-0.06098610535264015,0.7417151927947998,0.5269931554794312,-0.09762027114629745,0.726286768913269,0.5573373436927795,-0.10329629480838776,0.7057311534881592,0.6000064015388489,-0.09988445788621902
0.6084609031677246,0.8548810482025146,7.915072046671412e-07,0.5515307188034058,0.7802879214286804,-0.05026409775018692,0.5378599166870117,0.6752312183380127,-0.07649683952331543,0.6026131510734558,0.604046106338501,-0.10342634469270706,0.6705963611602783,0.5722249746322632,-0.12714901566505432,0.5632633566856384,0.4863157272338867,-0.028427788987755775,0.5363526940345764,0.34882065653800964,-0.06057170033454895,0.519447922706604,0.2607758939266205,-0.08502199500799179,0.5088598728179932,0.1869543194770813,-0.10273285210132599,0.6288443207740784,0.4870661497116089,-0.03324391692876816,0.6460255980491638,0.3287658095359802,-0.06717275828123093,0.6546571850776672,0.2294478416442871,-0.09745088219642639,0.6639825701713562,0.14705577492713928,-0.11654321849346161,0.6775866150856018,0.5307993292808533,-0.04539750516414642,0.7128558158874512,0.44097286462783813,-0.09679190069437027,0.7039639949798584,0.5040055513381958,-0.11625362187623978,0.6920496821403503,0.5642536282539368,-0.11567085236310959,0.715231716632843,0.5974602103233337,-0.061786580830812454,0.7398510575294495,0.5274712443351746,-0.09905238449573517,0.7252573370933533,0.5604833364486694,-0.10382486134767532,0.7057990431785583,0.6049456000328064,-0.09960189461708069
0.6078104376792908,0.8547195196151733,8.046649782045279e-07,0.5522122979164124,0.7805051803588867,-0.05033175274729729,0.5379748344421387,0.675713062286377,-0.0770222470164299,0.601706862449646,0.6054893732070923,-0.10450848191976547,0.6710386276245117,0.5758810639381409,-0.12862439453601837,0.564021110534668,0.48706790804862976,-0.02877519279718399,0.5370974540710449,0.3488790988922119,-0.06101687625050545,0.5200465321540833,0.26111292839050293,-0.08513019233942032,0.5095071196556091,0.18751835823059082,-0.10249237716197968,0.6288421750068665,0.48717281222343445,-0.03347940370440483,0.6466518640518188,0.3276475965976715,-0.06739549338817596,0.6553528308868408,0.22918090224266052,-0.09703520685434341,0.6645439267158508,0.14808493852615356,-0.11549592018127441,0.6771534085273743,0.5297375321388245,-0.04552210494875908,0.7131707072257996,0.4392424523830414,-0.09635097533464432,0.7047500610351562,0.5034769177436829,-0.11486267298460007,0.6924763321876526,0.5645724534988403,-0.11362224072217941,0.7149830460548401,0.5959159731864929,-0.06191262602806091,0.7407851219177246,0.5260236263275146,-0.098129041492939,0.7264649271965027,0.5599691867828369,-0.10200170427560806,0.7060902118682861,0.6052035093307495,-0.09720625728368759
0.6055800318717957,0.857119083404541,7.849241114854522e-07,0.5495252013206482,0.7808951139450073,-0.04765905812382698,0.5374416708946228,0.6725388765335083,-0.07192033529281616,0.6022593379020691,0.602151095867157,-0.09752469509840012,0.6702733039855957,0.5708629488945007,-0.12026319652795792,0.561177670955658,0.4906006455421448,-0.026194019243121147,0.5337744951248169,0.3522403836250305,-0.0578143447637558,0.5171049237251282,0.2650126814842224,-0.08142757415771484,0.5068015456199646,0.1917819380760193,-0.09848213195800781,0.6266235709190369,0.4916560649871826,-0.03183140605688095,0.6458433270454407,0.3314887285232544,-0.06590893119573593,0.6549553871154785,0.23155179619789124,-0.09723544120788574,0.6649165749549866,0.1488042175769806,-0.1170976534485817,0.6750750541687012,0.5349597334861755,-0.04446801915764809,0.7131204605102539,0.4448270797729492,-0.09622564166784286,0.7037337422370911,0.5068106651306152,-0.11731622368097305,0.69161456823349,0.5676148533821106,-0.11768440157175064,0.7121265530586243,0.6002594828605652,-0.06094901263713837,0.7361347079277039,0.5313659310340881,-0.0982755795121193,0.7208993434906006,0.5631614327430725,-0.10386103391647339,0.7014213800430298,0.6077841520309448,-0.1002839207649231
0.6069588661193848,0.8550336360931396,7.974127242960094e-07,0.5515271425247192,0.7789545655250549,-0.0506855845451355,0.5397937297821045,0.6724539399147034,-0.07600922882556915,0.6035301685333252,0.603621244430542,-0.10191306471824646,0.6718115210533142,0.5763400197029114,-0.1246110051870346,0.5625197887420654,0.4897708594799042,-0.02674158662557602,0.5364972949028015,0.3513915538787842,-0.05742743983864784,0.5192524194717407,0.2646200954914093,-0.08061913400888443,0.5090625286102295,0.19148412346839905,-0.09780444204807281,0.6274975538253784,0.4898168444633484,-0.03061644174158573,0.6448408961296082,0.33247077465057373,-0.06419201195240021,0.6545204520225525,0.23381546139717102,-0.09580809623003006,0.6649521589279175,0.15143239498138428,-0.11628978699445724,0.6756899356842041,0.5316622853279114,-0.04189681634306908,0.7150688767433167,0.44108954071998596,-0.09448782354593277,0.7068700790405273,0.5012744069099426,-0.11871238797903061,0.6941578984260559,0.5617215037345886,-0.12142261862754822,0.7127083539962769,0.5952663421630859,-0.05717557668685913,0.7373175621032715,0.5304835438728333,-0.09743078798055649,0.7232481241226196,0.5605064034461975,-0.10719005018472672,0.703671395778656,0.6035436987876892,-0.10644238442182541
0.6057094931602478,0.8604813814163208,7.662181360501563e-07,0.5498915910720825,0.7850933074951172,-0.047024816274642944,0.5372989177703857,0.6754862070083618,-0.07069019228219986,0.6028779745101929,0.6058142781257629,-0.09571288526058197,0.671726405620575,0.5755869150161743,-0.11803805828094482,0.5619860887527466,0.49459248781204224,-0.026113582774996758,0.534177839756012,0.35784322023391724,-0.057557664811611176,0.5162405967712402,0.2708595395088196,-0.08109763264656067,0.504159688949585,0.1977299153804779,-0.09797847270965576,0.6264164447784424,0.49602994322776794,-0.032132767140865326,0.6457349061965942,0.3369113802909851,-0.06591995805501938,0.6543746590614319,0.2375592291355133,-0.0961843878030777,0.6635937094688416,0.15470880270004272,-0.1150001510977745,0.674324095249176,0.5394803285598755,-0.04514514282345772,0.7109506130218506,0.4526788592338562,-0.0964004173874855,0.699187695980072,0.518750011920929,-0.1158907562494278,0.686432957649231,0.5788052678108215,-0.1151660829782486,0.7110227346420288,0.6047148704528809,-0.062046125531196594,0.734299898147583,0.5375776886940002,-0.09857551753520966,0.715503454208374,0.5763283967971802,-0.10254678130149841,0.6945546269416809,0.6240410208702087,-0.09791483730077744
0.6069510579109192,0.8603793382644653,8.024550766094762e-07,0.5520362257957458,0.7843581438064575,-0.05142482742667198,0.5392875671386719,0.6779586672782898,-0.07783375680446625,0.6046364307403564,0.6077585816383362,-0.10490850359201431,0.6744676232337952,0.5779008269309998,-0.12864521145820618,0.562351405620575,0.49451321363449097,-0.028458191081881523,0.5347207188606262,0.35820451378822327,-0.061471082270145416,0.5163553953170776,0.27042242884635925,-0.08625941723585129,0.5045475959777832,0.19692808389663696,-0.10413442552089691,0.6270246505737305,0.49479934573173523,-0.03281731158494949,0.6442672610282898,0.3375890254974365,-0.06827915459871292,0.6528958678245544,0.23938772082328796,-0.09927263855934143,0.6623831987380981,0.1569487750530243,-0.11852028220891953,0.6749266982078552,0.5379958152770996,-0.04471280053257942,0.7139685750007629,0.45331189036369324,-0.09759262204170227,0.6990216970443726,0.5222411751747131,-0.11672427505254745,0.6825226545333862,0.58336341381073,-0.1153903603553772,0.7115862965583801,0.604315996170044,-0.06100519374012947,0.7376892566680908,0.5410923957824707,-0.09956540167331696,0.7186571359634399,0.579460084438324,-0.10459205508232117,0.6957659721374512,0.6253387928009033,-0.1002364456653595
0.6053569316864014,0.8663197755813599,7.885063837420603e-07,0.5500296354293823,0.7905068397521973,-0.04644949734210968,0.5365915298461914,0.6815294027328491,-0.07000619173049927,0.6015090346336365,0.612913966178894,-0.09508752077817917,0.6710366010665894,0.588932991027832,-0.11722832918167114,0.5613916516304016,0.5015080571174622,-0.026256997138261795,0.5350804328918457,0.3629450798034668,-0.05748957768082619,0.5182064771652222,0.2754685580730438,-0.08072534948587418,0.507159948348999,0.20126429200172424,-0.09742800146341324,0.6259347796440125,0.5018908977508545,-0.03220357745885849,0.6455755829811096,0.34212321043014526,-0.06556625664234161,0.6540666818618774,0.2418859302997589,-0.09507744759321213,0.6633185148239136,0.15855443477630615,-0.11330623924732208,0.6742390990257263,0.5443509221076965,-0.04502597823739052,0.7093604207038879,0.4561415910720825,-0.09535636007785797,0.6994612812995911,0.5216381549835205,-0.11387760192155838,0.6874486804008484,0.5835369825363159,-0.11208382248878479,0.7119173407554626,0.6088470220565796,-0.0618843212723732,0.7381220459938049,0.5376473665237427,-0.09734568744897842,0.7233749628067017,0.5695915818214417,-0.1008688434958458,0.703879177570343,0.614707350730896,-0.09561720490455627
0.6054598689079285,0.864618182182312,8.014357035790454e-07,0.5499062538146973,0.7903800010681152,-0.04850805923342705,0.5370706915855408,0.6846325397491455,-0.07389719039201736,0.6021836400032043,0.6164805889129639,-0.10044205188751221,0.6706007719039917,0.5870603919029236,-0.12396716326475143,0.5612080097198486,0.5006168484687805,-0.02784375660121441,0.5348358750343323,0.3631249666213989,-0.05995120480656624,0.5183514952659607,0.27561020851135254,-0.08336465805768967,0.50777667760849,0.20145028829574585,-0.09992475062608719,0.6262662410736084,0.5010814666748047,-0.03342488035559654,0.6457083821296692,0.3415859341621399,-0.06784720718860626,0.6547170281410217,0.24282172322273254,-0.09732088446617126,0.6641448736190796,0.16077235341072083,-0.11516265571117401,0.6747026443481445,0.5437076091766357,-0.046072859317064285,0.7119914293289185,0.4582599997520447,-0.09764345735311508,0.7002336382865906,0.5261887907981873,-0.11522825807332993,0.6863601207733154,0.5873086452484131,-0.11266004294157028,0.7121326327323914,0.6089259386062622,-0.06282012909650803,0.738203763961792,0.5417922139167786,-0.09884689748287201,0.7208119630813599,0.5794803500175476,-0.10117915272712708,0.6991806030273438,0.6258913278579712,-0.09498592466115952
0.6080617308616638,0.867032527923584,7.894237796790549e-07,0.552189290523529,0.7944670915603638,-0.04988512769341469,0.5377578139305115,0.6885462999343872,-0.07536236941814423,0.6017993092536926,0.6171727776527405,-0.10154139250516891,0.6705567836761475,0.58660489320755,-0.12448965758085251,0.5624271631240845,0.5022233724594116,-0.028391774743795395,0.5362612009048462,0.36402440071105957,-0.060231685638427734,0.5195565819740295,0.276236355304718,-0.08352410793304443,0.50923091173172,0.2022683024406433,-0.10011134296655655,0.6272274851799011,0.5015411972999573,-0.032815542072057724,0.6449775099754333,0.343509316444397,-0.06699716299772263,0.6538690328598022,0.24487146735191345,-0.09630230069160461,0.6634430289268494,0.16315358877182007,-0.1141505315899849,0.6757382750511169,0.5433812737464905,-0.04443785920739174,0.7127459049224854,0.4581364095211029,-0.09612982720136642,0.7005655765533447,0.526364803314209,-0.11418826878070831,0.6863447427749634,0.5889297127723694,-0.11203598231077194,0.7133548259735107,0.6077326536178589,-0.060256440192461014,0.7380771636962891,0.5432047843933105,-0.09752354770898819,0.7210977077484131,0.5818603038787842,-0.10124878585338593,0.7006829380989075,0.6294005513191223,-0.09585658460855484
0.6068277955055237,0.864836573600769,7.9382402873307e-07,0.5514339208602905,0.7910104990005493,-0.050490602850914,0.5384458303451538,0.6857101917266846,-0.07604092359542847,0.6037063002586365,0.614575207233429,-0.10195621103048325,0.6716349124908447,0.5801611542701721,-0.12463454902172089,0.5617679357528687,0.5015231966972351,-0.029124386608600616,0.5355942249298096,0.36392438411712646,-0.0603853277862072,0.5191274881362915,0.2763445973396301,-0.08339734375476837,0.5094595551490784,0.20229369401931763,-0.09989220649003983,0.6269446015357971,0.5009061098098755,-0.0330318883061409,0.6440688371658325,0.34303680062294006,-0.06592157483100891,0.6533536314964294,0.24518758058547974,-0.09505673497915268,0.6637175679206848,0.16430288553237915,-0.11323931813240051,0.6756690144538879,0.5431424379348755,-0.04414777457714081,0.7129737734794617,0.45872169733047485,-0.09463845938444138,0.7022634148597717,0.5240087509155273,-0.1137368306517601,0.6889780759811401,0.5846837759017944,-0.1129520982503891,0.7134649753570557,0.6081677675247192,-0.059445835649967194,0.7394866347312927,0.5424301624298096,-0.09594069421291351,0.723006546497345,0.5793354511260986,-0.10024487972259521,0.7024979591369629,0.6259424090385437,-0.09574218839406967
0.6053811311721802,0.8676367998123169,8.064341727731517e-07,0.5482896566390991,0.7916663289070129,-0.049446094781160355,0.5358847975730896,0.6834737062454224,-0.07405798882246017,0.6034584641456604,0.6143831014633179,-0.0995330736041069,0.6737242341041565,0.5873590111732483,-0.12181603908538818,0.5618453621864319,0.5026345252990723,-0.026488274335861206,0.5363804697990417,0.36473679542541504,-0.05708197131752968,0.519476592540741,0.2771705985069275,-0.07979582250118256,0.5084853768348694,0.2032189965248108,-0.09618955850601196,0.6271750926971436,0.5031390190124512,-0.031071538105607033,0.6446653604507446,0.344622403383255,-0.06445090472698212,0.6537896394729614,0.24557742476463318,-0.09334871172904968,0.663944661617279,0.16438531875610352,-0.11087336391210556,0.6761484146118164,0.546199381351471,-0.04294528812170029,0.7118862867355347,0.4606983959674835,-0.09426521509885788,0.6987382769584656,0.5306814312934875,-0.11207589507102966,0.6845871806144714,0.5938153266906738,-0.10959606617689133,0.7143726348876953,0.6112444996833801,-0.059050701558589935,0.7392328977584839,0.5438587069511414,-0.09587997198104858,0.7210343480110168,0.5828189253807068,-0.09924919158220291,0.7002172470092773,0.6300821304321289,-0.09367678314447403
0.6054587364196777,0.8679811954498291,8.064938583629555e-07,0.5480336546897888,0.7925148010253906,-0.05149029195308685,0.5353143811225891,0.6849660873413086,-0.07715759426355362,0.6027534604072571,0.6151400208473206,-0.10318297147750854,0.6737536191940308,0.5884790420532227,-0.12584394216537476,0.5617743730545044,0.5026129484176636,-0.028115490451455116,0.5361726880073547,0.36485588550567627,-0.05950894579291344,0.5195112228393555,0.27701303362846375,-0.08272890001535416,0.5089677572250366,0.20326128602027893,-0.099419966340065,0.6266514658927917,0.503585159778595,-0.031840015202760696,0.6435667276382446,0.3446578085422516,-0.06608592718839645,0.6526325941085815,0.2457749843597412,-0.09546554088592529,0.6631056070327759,0.16472843289375305,-0.11319533735513687,0.6752185225486755,0.5472410321235657,-0.04305361583828926,0.7119863033294678,0.46207448840141296,-0.0953650027513504,0.6991469264030457,0.5297245979309082,-0.11426975578069687,0.6848905682563782,0.5912600159645081,-0.11236977577209473,0.7133328318595886,0.6126532554626465,-0.058567583560943604,0.7387206554412842,0.5461115837097168,-0.09611401706933975,0.7205945253372192,0.5829388499259949,-0.10038211196660995,0.6990833878517151,0.6281695365905762,-0.09540040791034698
0.606606662273407,0.8690394163131714,7.974432492119377e-07,0.5507291555404663,0.7925998568534851,-0.048877350986003876,0.5375334620475769,0.6826497316360474,-0.07246099412441254,0.6039426326751709,0.616621196269989,-0.09671426564455032,0.6745217442512512,0.5942977070808411,-0.11807012557983398,0.5621833801269531,0.5036119222640991,-0.026992902159690857,0.5360249280929565,0.36631566286087036,-0.057813357561826706,0.5191986560821533,0.27805954217910767,-0.0801493227481842,0.5083833932876587,0.2034134566783905,-0.09590887278318405,0.6274374723434448,0.504255473613739,-0.03145552799105644,0.6455332040786743,0.3458743691444397,-0.06473121792078018,0.6547020077705383,0.24845820665359497,-0.09290085732936859,0.6651092767715454,0.1666630506515503,-0.10943587869405746,0.6761986613273621,0.5465671420097351,-0.04306848719716072,0.7131273150444031,0.46486398577690125,-0.09509699046611786,0.6982752680778503,0.5361002087593079,-0.11343957483768463,0.68257075548172,0.5979697108268738,-0.11073148250579834,0.7138518691062927,0.6106526255607605,-0.05870366469025612,0.7376426458358765,0.5487680435180664,-0.09578520059585571,0.7192121744155884,0.5905651450157166,-0.09908529371023178,0.6985262036323547,0.638009250164032,-0.09312848001718521
0.6065029501914978,0.8696595430374146,8.007225460460177e-07,0.5510526895523071,0.793118953704834,-0.049162205308675766,0.5378651022911072,0.6845024824142456,-0.07349843531847,0.6038511991500854,0.618003249168396,-0.09859655797481537,0.6742981672286987,0.5953353643417358,-0.12068865448236465,0.5626366138458252,0.5034228563308716,-0.027051186189055443,0.5366882681846619,0.3667192757129669,-0.05853039771318436,0.5198115706443787,0.27841904759407043,-0.08156904578208923,0.5091379284858704,0.20393261313438416,-0.09789331257343292,0.6278976798057556,0.5043675303459167,-0.031770143657922745,0.6458462476730347,0.34720712900161743,-0.06585385650396347,0.6543230414390564,0.2496175467967987,-0.09467853605747223,0.6642229557037354,0.1676817238330841,-0.11177512258291245,0.6766764521598816,0.5469260811805725,-0.043685875833034515,0.7143101692199707,0.4643338620662689,-0.09587163478136063,0.6983043551445007,0.5356855988502502,-0.11358177661895752,0.6816433072090149,0.5977507829666138,-0.11059524118900299,0.714317798614502,0.6115943193435669,-0.059747759252786636,0.7385993599891663,0.5491282343864441,-0.09685907512903214,0.7195149064064026,0.5906025767326355,-0.09982040524482727,0.6981087327003479,0.6381086707115173,-0.09364564716815948
0.6038753986358643,0.8723644018173218,8.046908419601095e-07,0.5474022030830383,0.7934173345565796,-0.047998297959566116,0.536514163017273,0.6826313734054565,-0.07144539803266525,0.6053929328918457,0.6138566732406616,-0.0961352288722992,0.6764549016952515,0.5880753993988037,-0.11786232888698578,0.5595368146896362,0.5043937563896179,-0.024220429360866547,0.5340781807899475,0.3674779534339905,-0.055072709918022156,0.5180209875106812,0.2803438901901245,-0.0776463970541954,0.5072180032730103,0.20655101537704468,-0.09352368861436844,0.6258743405342102,0.5050947666168213,-0.029358766973018646,0.6454318761825562,0.3478005528450012,-0.06314084678888321,0.6546623706817627,0.24933582544326782,-0.0916614904999733,0.664469838142395,0.16802465915679932,-0.10827650129795074,0.6756047010421753,0.548033595085144,-0.04179271683096886,0.7117411494255066,0.46462270617485046,-0.09351061284542084,0.6976839303970337,0.5357122421264648,-0.11019163578748703,0.6835907101631165,0.5975873470306396,-0.10624263435602188,0.7140098810195923,0.6126726269721985,-0.058293942362070084,0.7380002737045288,0.5461382865905762,-0.09394418448209763,0.7182804346084595,0.5876989364624023,-0.09520967304706573,0.6971967816352844,0.6360138058662415,-0.08781960606575012
0.6035454869270325,0.8726389408111572,7.922429290374566e-07,0.5476831197738647,0.7934637665748596,-0.047400716692209244,0.5349016785621643,0.6838210225105286,-0.07074368000030518,0.6034573316574097,0.6162300705909729,-0.09542597830295563,0.6755642890930176,0.5944793224334717,-0.11718432605266571,0.5608266592025757,0.5050140023231506,-0.024480124935507774,0.5354228019714355,0.3679812252521515,-0.05503598228096962,0.5189492106437683,0.28122827410697937,-0.07745584100484848,0.5079694390296936,0.20715859532356262,-0.09350866079330444,0.626846194267273,0.5047606825828552,-0.029855843633413315,0.6452499032020569,0.34789931774139404,-0.06319358944892883,0.654606282711029,0.24963542819023132,-0.09154193848371506,0.6646084785461426,0.16814908385276794,-0.10839100927114487,0.6761648058891296,0.5469421148300171,-0.04242993891239166,0.7122918367385864,0.4633059501647949,-0.09411616623401642,0.6993370056152344,0.53437340259552,-0.11165577918291092,0.6852328777313232,0.5978010296821594,-0.10845201462507248,0.7143688797950745,0.6114965677261353,-0.05905584245920181,0.7382844090461731,0.5470807552337646,-0.09571234881877899,0.7200093269348145,0.5868951678276062,-0.09854613244533539,0.6992098093032837,0.6350208520889282,-0.09223604202270508
0.6045158505439758,0.8745313882827759,8.004187179722067e-07,0.5475071668624878,0.7988191843032837,-0.04864778369665146,0.5338653922080994,0.6913619637489319,-0.07314416021108627,0.5990928411483765,0.622281014919281,-0.09880438446998596,0.6695857644081116,0.5960952043533325,-0.12133932113647461,0.5595602989196777,0.5088319778442383,-0.025661462917923927,0.5338797569274902,0.3711538314819336,-0.056305501610040665,0.5176194310188293,0.2835090160369873,-0.07886990904808044,0.5069904923439026,0.20960938930511475,-0.09499122202396393,0.6247743368148804,0.5093509554862976,-0.030860640108585358,0.6437216997146606,0.3500436842441559,-0.0639873668551445,0.6538958549499512,0.24981313943862915,-0.09240522980690002,0.6648470759391785,0.1692419946193695,-0.10945386439561844,0.6736743450164795,0.5527210831642151,-0.04335789009928703,0.7096766829490662,0.46634313464164734,-0.09453986585140228,0.6977354288101196,0.534023642539978,-0.11213997006416321,0.6846703886985779,0.5969836711883545,-0.10939143598079681,0.7116299271583557,0.6179163455963135,-0.05998930335044861,0.7357324361801147,0.5491880178451538,-0.09655275195837021,0.7177213430404663,0.5884095430374146,-0.09921566396951675,0.6970416307449341,0.637541651725769,-0.09302622824907303
0.6033334732055664,0.875435471534729,7.957587513374165e-07,0.5470154285430908,0.797541618347168,-0.0463314913213253,0.5352494716644287,0.6890574097633362,-0.06989585608243942,0.6015945076942444,0.6212283372879028,-0.09509406983852386,0.6705151796340942,0.5950796008110046,-0.11749021708965302,0.561007022857666,0.5080587267875671,-0.024120423942804337,0.5353020429611206,0.3705296814441681,-0.05462302267551422,0.5182662010192871,0.28293538093566895,-0.0773196816444397,0.5073392391204834,0.2092302143573761,-0.09351512044668198,0.626275360584259,0.5091507434844971,-0.03040332719683647,0.6454380750656128,0.3521880507469177,-0.06337081640958786,0.654346764087677,0.25231507420539856,-0.09239363670349121,0.664569616317749,0.1703755259513855,-0.1100696250796318,0.6748567819595337,0.5523365139961243,-0.04366587474942207,0.7123665809631348,0.46622413396835327,-0.09400752931833267,0.6978106498718262,0.5348479151725769,-0.11139468848705292,0.682926595211029,0.5975090265274048,-0.1089179664850235,0.7119393348693848,0.6180443167686462,-0.06091785803437233,0.7364943027496338,0.5511729717254639,-0.0965995267033577,0.7172349691390991,0.5909953713417053,-0.09879671037197113,0.6960815191268921,0.6401124000549316,-0.09246145933866501
0.601722240447998,0.8749417066574097,7.848854579606268e-07,0.5450708270072937,0.7996388673782349,-0.045837998390197754,0.5326892137527466,0.6921591758728027,-0.06884891539812088,0.5995951890945435,0.626761794090271,-0.09339092671871185,0.6693663001060486,0.6040128469467163,-0.11528845131397247,0.5582934617996216,0.5101354122161865,-0.025105392560362816,0.5325543880462646,0.37275558710098267,-0.055254604667425156,0.5161586999893188,0.28519707918167114,-0.07776860147714615,0.5053843855857849,0.21049624681472778,-0.09444524347782135,0.6244139075279236,0.5108667016029358,-0.03175397217273712,0.6430667042732239,0.3529568314552307,-0.06491811573505402,0.6530097126960754,0.2538711726665497,-0.09460082650184631,0.6638751029968262,0.1714789867401123,-0.11322733759880066,0.6732825636863708,0.5548873543739319,-0.045107804238796234,0.7094982266426086,0.4673718214035034,-0.0959731936454773,0.696719229221344,0.536163866519928,-0.11415113508701324,0.683002233505249,0.5988771915435791,-0.11253803968429565,0.7108105421066284,0.621559202671051,-0.062319763004779816,0.7333788871765137,0.5563526153564453,-0.09983518719673157,0.7151445150375366,0.5969955325126648,-0.10360289365053177,0.6949557662010193,0.6464183926582336,-0.09844496101140976
0.6042245626449585,0.8733216524124146,7.918217761471169e-07,0.5473741888999939,0.798864483833313,-0.047041814774274826,0.534753680229187,0.6914578676223755,-0.07039870321750641,0.6019222736358643,0.6257895231246948,-0.09495602548122406,0.6718044281005859,0.6037141680717468,-0.11674069613218307,0.5595301985740662,0.5108116865158081,-0.02659968100488186,0.5335129499435425,0.3728257119655609,-0.05742769315838814,0.5162601470947266,0.2842000126838684,-0.07999863475561142,0.5050241947174072,0.2092301845550537,-0.0965469554066658,0.6255570650100708,0.510746419429779,-0.03237038850784302,0.6434011459350586,0.3531886339187622,-0.06632039695978165,0.6532151103019714,0.2544030249118805,-0.09593149274587631,0.6640951037406921,0.17194902896881104,-0.11425386369228363,0.674323320388794,0.5532467365264893,-0.04496929794549942,0.7114958167076111,0.46822836995124817,-0.09679371118545532,0.6970948576927185,0.5377026796340942,-0.11546917259693146,0.6815512776374817,0.600573718547821,-0.11381171643733978,0.7116921544075012,0.6177396774291992,-0.061517030000686646,0.7343972325325012,0.5567026734352112,-0.10000400990247726,0.7161653637886047,0.5960779786109924,-0.10495062917470932,0.6954122185707092,0.6432338953018188,-0.1003725603222847
0.6036587357521057,0.8781416416168213,8.143907166413555e-07,0.5462336540222168,0.8018596768379211,-0.050107747316360474,0.5319965481758118,0.6937474012374878,-0.07541260123252869,0.5988835692405701,0.6259926557540894,-0.10166415572166443,0.6704803705215454,0.6039009094238281,-0.12492000311613083,0.5594492554664612,0.5126011967658997,-0.027836352586746216,0.5320756435394287,0.37535250186920166,-0.06088971346616745,0.5136649012565613,0.2868819236755371,-0.08562027662992477,0.5020260214805603,0.21240898966789246,-0.10335347801446915,0.625133752822876,0.5131938457489014,-0.032700300216674805,0.6438555717468262,0.3564711809158325,-0.0689849704504013,0.6519655585289001,0.2566937804222107,-0.09972798079252243,0.6614951491355896,0.1741269826889038,-0.11820243299007416,0.674405038356781,0.5558940768241882,-0.04494895413517952,0.7117860317230225,0.47058406472206116,-0.0983685776591301,0.6938730478286743,0.5421727299690247,-0.1158672347664833,0.6767345666885376,0.6051471829414368,-0.11266018450260162,0.7123090028762817,0.6208236217498779,-0.061544764786958694,0.735543429851532,0.5553394556045532,-0.09977516531944275,0.7148017883300781,0.5962802767753601,-0.10294093936681747,0.6931420564651489,0.6442669630050659,-0.09677518904209137
0.6011624932289124,0.8784966468811035,8.1320092704118e-07,0.5441876649856567,0.8001606464385986,-0.04706921428442001,0.5312669277191162,0.6911463141441345,-0.07084164023399353,0.5988810062408447,0.62507164478302,-0.0960472896695137,0.6701427698135376,0.6042730808258057,-0.11855241656303406,0.558072566986084,0.5129388570785522,-0.025873348116874695,0.5315904021263123,0.37623873353004456,-0.05763280391693115,0.5142443776130676,0.28814759850502014,-0.08131594955921173,0.503069281578064,0.21335631608963013,-0.09845995157957077,0.6242045164108276,0.5138566493988037,-0.03212166577577591,0.6440719962120056,0.3564499020576477,-0.0665949136018753,0.6532790064811707,0.2570399045944214,-0.09631314873695374,0.6633379459381104,0.1753745973110199,-0.11444298923015594,0.6734713912010193,0.5571236610412598,-0.04541770741343498,0.7118468880653381,0.47117021679878235,-0.09675268828868866,0.6960712671279907,0.5396587252616882,-0.11388701945543289,0.6801159977912903,0.6016878485679626,-0.11111930757761002,0.7108496427536011,0.6232972741127014,-0.06282494217157364,0.7348400950431824,0.5580212473869324,-0.09936501830816269,0.7149275541305542,0.5975724458694458,-0.1018316000699997,0.6932820677757263,0.6456507444381714,-0.09563296288251877
0.6026883721351624,0.8736492395401001,8.187176376850402e-07,0.5475338697433472,0.7999870777130127,-0.05076596140861511,0.5317811369895935,0.6969989538192749,-0.07693539559841156,0.5962560176849365,0.6277697682380676,-0.10357455164194107,0.668032705783844,0.6029329299926758,-0.12692704796791077,0.5564314126968384,0.5132144689559937,-0.029699670150876045,0.5292040705680847,0.375476598739624,-0.061857741326093674,0.511772632598877,0.2875801622867584,-0.08525466918945312,0.5006734728813171,0.2129296362400055,-0.10212099552154541,0.6224594712257385,0.5124517679214478,-0.03400583192706108,0.6396251916885376,0.3530612587928772,-0.06815250217914581,0.6500622034072876,0.25430750846862793,-0.0971338152885437,0.6611030697822571,0.17326125502586365,-0.11479523032903671,0.6717953085899353,0.5550881028175354,-0.0456879697740078,0.7068889141082764,0.47067734599113464,-0.09840275347232819,0.69740891456604,0.5364258885383606,-0.11770706623792648,0.685222327709198,0.5988435745239258,-0.11597181856632233,0.7099080085754395,0.6197913289070129,-0.06156207248568535,0.7332049012184143,0.5556254386901855,-0.10022806376218796,0.7186138033866882,0.5903041958808899,-0.1053331047296524,0.6996502876281738,0.6357502341270447,-0.10062892735004425
0.605353832244873,0.8733999729156494,8.33658361898415e-07,0.5480402708053589,0.7995049953460693,-0.05247488245368004,0.5313289761543274,0.6964256763458252,-0.08001071959733963,0.5956864356994629,0.6281375288963318,-0.10779888182878494,0.6672153472900391,0.604139506816864,-0.13217692077159882,0.5581165552139282,0.5108712315559387,-0.032056085765361786,0.5306868553161621,0.3742849826812744,-0.06513772159814835,0.5117976665496826,0.2860342562198639,-0.08954921364784241,0.49956658482551575,0.21126899123191833,-0.10729211568832397,0.6238903403282166,0.5107760429382324,-0.036020006984472275,0.6409434676170349,0.353976309299469,-0.07138989120721817,0.6507474184036255,0.25488370656967163,-0.1009836196899414,0.6614276170730591,0.17263787984848022,-0.1192215234041214,0.6732854843139648,0.5537661910057068,-0.04749076068401337,0.7083467841148376,0.4688987135887146,-0.10077770054340363,0.6950816512107849,0.5378404259681702,-0.11927943676710129,0.6802286505699158,0.6004760265350342,-0.11722267419099808,0.711959719657898,0.6188846230506897,-0.0634365975856781,0.7348809242248535,0.5543031096458435,-0.102544404566288,0.7172999978065491,0.5918359160423279,-0.10745731741189957,0.6965466141700745,0.6379375457763672,-0.10275240242481232
0.6032382249832153,0.8752650618553162,8.199679086828837e-07,0.5443556904792786,0.8025509715080261,-0.0487365685403347,0.5300856232643127,0.6975078582763672,-0.0732913687825203,0.5950217247009277,0.6291736960411072,-0.09869429469108582,0.6627032160758972,0.5986749529838562,-0.12126544862985611,0.5533275008201599,0.5132541656494141,-0.027083540335297585,0.5255556702613831,0.3762866258621216,-0.05828461796045303,0.5089624524116516,0.28847789764404297,-0.08094370365142822,0.4987197518348694,0.2136741578578949,-0.0967465415596962,0.6201871633529663,0.5126153230667114,-0.03170778974890709,0.6388856172561646,0.35450494289398193,-0.06515583395957947,0.6485404968261719,0.2551053464412689,-0.09370164573192596,0.6581265330314636,0.1733376681804657,-0.11056972295045853,0.6703951954841614,0.5538220405578613,-0.04352026432752609,0.7050219774246216,0.47028475999832153,-0.09531206637620926,0.6946287751197815,0.5373965501785278,-0.11378960311412811,0.6825436353683472,0.5999211072921753,-0.11135131120681763,0.7090944051742554,0.6167138814926147,-0.0592467300593853,0.7316793203353882,0.5520768165588379,-0.09612338989973068,0.7145090699195862,0.5934012532234192,-0.09906754642724991,0.695074200630188,0.6437169313430786,-0.09278592467308044
0.6043649315834045,0.8746427297592163,8.467557108815527e-07,0.5450583696365356,0.8026169538497925,-0.049854934215545654,0.5304217338562012,0.6960641145706177,-0.07471659034490585,0.59556645154953,0.6278128623962402,-0.10029567778110504,0.6638233065605164,0.599197506904602,-0.12295417487621307,0.5533245205879211,0.513638973236084,-0.02895381860435009,0.5245406627655029,0.3765011429786682,-0.06016096472740173,0.5069734454154968,0.28833910822868347,-0.08263559639453888,0.49552246928215027,0.2129330337047577,-0.09861143678426743,0.6199626922607422,0.5126610994338989,-0.033365704119205475,0.63967365026474,0.3543839454650879,-0.06737339496612549,0.649703860282898,0.2548459470272064,-0.09584305435419083,0.6593917012214661,0.17258891463279724,-0.11276622861623764,0.6695684194564819,0.5536400079727173,-0.0450143963098526,0.7052459120750427,0.46929270029067993,-0.0977555438876152,0.6920355558395386,0.5401284098625183,-0.11603110283613205,0.6775046586990356,0.6041051745414734,-0.11334680765867233,0.7077234387397766,0.6166267991065979,-0.06072056666016579,0.7309905886650085,0.5517457127571106,-0.09870259463787079,0.7124407887458801,0.5944666862487793,-0.1021227166056633,0.6916903257369995,0.6449919939041138,-0.09621763974428177
0.6023320555686951,0.873377799987793,8.136793212543125e-07,0.5443560481071472,0.7968384027481079,-0.04558330029249191,0.5310832262039185,0.6893820762634277,-0.06950866430997849,0.596674382686615,0.6212619543075562,-0.09504501521587372,0.6647974252700806,0.590968906879425,-0.11789043992757797,0.5534606575965881,0.5113773941993713,-0.026860293000936508,0.5241398811340332,0.3758631646633148,-0.057867176830768585,0.5050621032714844,0.2886096239089966,-0.08090067654848099,0.4928334355354309,0.21399199962615967,-0.09778142720460892,0.6197010278701782,0.5114860534667969,-0.03376244381070137,0.6388932466506958,0.35421550273895264,-0.06673488020896912,0.6470320820808411,0.25503894686698914,-0.09578833729028702,0.6567379832267761,0.17265623807907104,-0.11420894414186478,0.6691256165504456,0.5549648404121399,-0.04731452465057373,0.705682098865509,0.465509295463562,-0.09643404185771942,0.6890717148780823,0.5331547260284424,-0.11251833289861679,0.673699676990509,0.5946663022041321,-0.11027886718511581,0.7069621682167053,0.6221150755882263,-0.06486126780509949,0.7312830686569214,0.5543513894081116,-0.09974011778831482,0.7096199989318848,0.5933881998062134,-0.10142962634563446,0.687237024307251,0.6419820785522461,-0.09543189406394958
0.6037217378616333,0.8704797029495239,8.141252578752756e-07,0.546509325504303,0.794540524482727,-0.04761515557765961,0.5318343639373779,0.6901410222053528,-0.07269874960184097,0.596383810043335,0.6222009062767029,-0.09890919923782349,0.6651090383529663,0.5929404497146606,-0.12214785069227219,0.5539249777793884,0.510801374912262,-0.02800579182803631,0.5243809819221497,0.37547239661216736,-0.05925537645816803,0.5053074359893799,0.2888353168964386,-0.08255095034837723,0.49338969588279724,0.21479269862174988,-0.09959173947572708,0.6199237108230591,0.510478138923645,-0.033689819276332855,0.6379530429840088,0.3540722727775574,-0.06675704568624496,0.6466667652130127,0.2557373642921448,-0.09590636938810349,0.6569653749465942,0.17386436462402344,-0.114371657371521,0.6694321632385254,0.5531499981880188,-0.04625805839896202,0.7060421109199524,0.46586763858795166,-0.09598074108362198,0.6902381181716919,0.532031238079071,-0.11332409083843231,0.6746744513511658,0.5933548212051392,-0.11172675341367722,0.7075758576393127,0.6189021468162537,-0.06293737888336182,0.7313225269317627,0.5535838603973389,-0.0988517478108406,0.7111915349960327,0.5904560685157776,-0.1020376905798912,0.6894725561141968,0.6373592019081116,-0.09688419103622437
0.6018649339675903,0.871586799621582,8.051170539147279e-07,0.5440032482147217,0.8008033633232117,-0.04946381598711014,0.528563380241394,0.6970380544662476,-0.07553055137395859,0.5913993716239929,0.6293653845787048,-0.10230793803930283,0.6590932011604309,0.5978019833564758,-0.12614144384860992,0.55124831199646,0.514484167098999,-0.03136785700917244,0.5217344760894775,0.37942296266555786,-0.06353044509887695,0.5034525990486145,0.2924901247024536,-0.08703462034463882,0.4923815429210663,0.2178780436515808,-0.10414714366197586,0.6177048087120056,0.5131372213363647,-0.03645162284374237,0.6347715854644775,0.356138676404953,-0.07042086869478226,0.6445768475532532,0.25747841596603394,-0.09989942610263824,0.6556382179260254,0.17438805103302002,-0.11861066520214081,0.6673205494880676,0.5545521378517151,-0.04850408062338829,0.7029726505279541,0.4651903510093689,-0.09970081597566605,0.6905173063278198,0.5319197177886963,-0.11782137304544449,0.6766696572303772,0.5932616591453552,-0.1166195422410965,0.7059757709503174,0.6189989447593689,-0.0646737590432167,0.7287302017211914,0.5518054962158203,-0.10212019830942154,0.7099483013153076,0.5909997224807739,-0.10609990358352661,0.6882306933403015,0.63947594165802,-0.10144687443971634
0.6033326983451843,0.8682547807693481,8.106339350888447e-07,0.5459683537483215,0.8009403347969055,-0.04999419301748276,0.5293459892272949,0.7001112103462219,-0.07674084603786469,0.5914119482040405,0.6329740285873413,-0.10396862030029297,0.659320592880249,0.6035676002502441,-0.1282626837491989,0.5523767471313477,0.5140781998634338,-0.033154379576444626,0.5222564935684204,0.37910860776901245,-0.06528215110301971,0.5031084418296814,0.2919541001319885,-0.08873728662729263,0.491530179977417,0.2180611491203308,-0.10610385984182358,0.6181979179382324,0.5116944909095764,-0.03810375928878784,0.635276198387146,0.3555680513381958,-0.07232818007469177,0.6451847553253174,0.2572677433490753,-0.10194899886846542,0.65608811378479,0.17563632130622864,-0.12102161347866058,0.6673339605331421,0.5523017048835754,-0.0499398298561573,0.7041501402854919,0.4626460373401642,-0.10099523514509201,0.6918595433235168,0.5265656113624573,-0.12001897394657135,0.6774240136146545,0.5866740345954895,-0.12003178894519806,0.7058217525482178,0.6160373687744141,-0.06595102697610855,0.728958785533905,0.5514923334121704,-0.10430177301168442,0.710793137550354,0.5892441868782043,-0.10991738736629486,0.6893294453620911,0.6359672546386719,-0.10668691992759705
0.5988683104515076,0.8694831728935242,7.736062457297521e-07,0.541285514831543,0.7947940230369568,-0.04349970072507858,0.5260838270187378,0.6887390613555908,-0.0674910619854927,0.5890569686889648,0.6236221790313721,-0.09335727989673615,0.6565853357315063,0.5967397689819336,-0.1168426126241684,0.552010715007782,0.5116857290267944,-0.02824898064136505,0.5214260220527649,0.3782167434692383,-0.060109641402959824,0.5021119117736816,0.2927555441856384,-0.0835220217704773,0.4893868565559387,0.21939435601234436,-0.10054629296064377,0.6174249649047852,0.5118843913078308,-0.036027535796165466,0.6349417567253113,0.3557879328727722,-0.06932013481855392,0.6433387994766235,0.25827163457870483,-0.09796199947595596,0.6528669595718384,0.17635759711265564,-0.11606840789318085,0.6662602424621582,0.554370105266571,-0.050065524876117706,0.7007443308830261,0.46261486411094666,-0.09868738800287247,0.6879129409790039,0.5286511182785034,-0.11364392191171646,0.674639880657196,0.5894253253936768,-0.11077728867530823,0.7041595578193665,0.6211879849433899,-0.06794437766075134,0.7267422676086426,0.5518546104431152,-0.10225025564432144,0.7074960470199585,0.5890663862228394,-0.10313978791236877,0.6859450340270996,0.6369659900665283,-0.09658286720514297
0.6022211909294128,0.868287205696106,7.8102618772391e-07,0.5453121662139893,0.7943224906921387,-0.04625190794467926,0.5275301933288574,0.6919681429862976,-0.0714079886674881,0.5888272523880005,0.625940203666687,-0.09764055907726288,0.6570629477500916,0.602550745010376,-0.12103483825922012,0.551689624786377,0.5126092433929443,-0.03005622886121273,0.5208883285522461,0.3779151439666748,-0.06197180226445198,0.5020391345024109,0.29258018732070923,-0.08528634160757065,0.49009203910827637,0.21897995471954346,-0.10231959819793701,0.6170102953910828,0.5105855464935303,-0.03591699153184891,0.6335543394088745,0.35482490062713623,-0.06933886557817459,0.6430572867393494,0.25787070393562317,-0.09739061444997787,0.6530287861824036,0.17639446258544922,-0.11495169997215271,0.6658919453620911,0.5507591366767883,-0.048387423157691956,0.7011485695838928,0.45886391401290894,-0.0982549712061882,0.6917668581008911,0.5222174525260925,-0.11493866890668869,0.6791433691978455,0.5833346247673035,-0.11271660029888153,0.7041976451873779,0.6152243614196777,-0.0648416057229042,0.7280910015106201,0.5479338765144348,-0.10140511393547058,0.7137387990951538,0.580378532409668,-0.1049991175532341,0.6945326328277588,0.6250234842300415,-0.09979397058486938
0.5993410348892212,0.8679721355438232,7.912803425824677e-07,0.5385568737983704,0.7920958399772644,-0.04371208697557449,0.523155927658081,0.6841694712638855,-0.0666920617222786,0.5887777805328369,0.6158484220504761,-0.09147489070892334,0.6565214395523071,0.5877975821495056,-0.11379937082529068,0.5475211143493652,0.5095064043998718,-0.024780916050076485,0.5169017314910889,0.3781217336654663,-0.05499758943915367,0.49836575984954834,0.2932193875312805,-0.07817419618368149,0.4871334731578827,0.21991577744483948,-0.09551183134317398,0.613223135471344,0.508984386920929,-0.0317823551595211,0.6315289735794067,0.3551154136657715,-0.06369142979383469,0.6408401727676392,0.2577529847621918,-0.09266546368598938,0.6514376401901245,0.1763969361782074,-0.11152005940675735,0.6623619198799133,0.5504065752029419,-0.045318908989429474,0.6971057653427124,0.46047770977020264,-0.09296642243862152,0.6840563416481018,0.5216498970985413,-0.11019794642925262,0.6702799797058105,0.581143856048584,-0.1094159260392189,0.7000188827514648,0.6155362725257874,-0.06272555887699127,0.7234603762626648,0.5465439558029175,-0.09668681770563126,0.7045328617095947,0.5793203711509705,-0.09949954599142075,0.6824133992195129,0.6250916719436646,-0.09473968297243118
0.6006555557250977,0.8644771575927734,7.892618327787204e-07,0.5422919392585754,0.7902131676673889,-0.044821422547101974,0.5263304114341736,0.6825608015060425,-0.06824240833520889,0.590194046497345,0.6129982471466064,-0.09308233857154846,0.657871425151825,0.5861275792121887,-0.11522598564624786,0.5480976700782776,0.5085983872413635,-0.02668764814734459,0.5182695388793945,0.37600597739219666,-0.05637970566749573,0.49937862157821655,0.29157671332359314,-0.07885842770338058,0.48752421140670776,0.21897444128990173,-0.09592515975236893,0.6128774285316467,0.5065694451332092,-0.03302762284874916,0.6298756003379822,0.35269707441329956,-0.06440768390893936,0.6400209069252014,0.2562754154205322,-0.09282385557889938,0.6509180068969727,0.1755872368812561,-0.1115405485033989,0.6613690257072449,0.5466935038566589,-0.04590468481183052,0.6962220072746277,0.45513832569122314,-0.09385883808135986,0.6861153841018677,0.5171276926994324,-0.11172959953546524,0.6735090017318726,0.5779741406440735,-0.11143851280212402,0.6989856958389282,0.6105755567550659,-0.06269698590040207,0.7226352691650391,0.5416649580001831,-0.09848805516958237,0.7072458863258362,0.5733348727226257,-0.10301824659109116,0.6872168183326721,0.6186840534210205,-0.09929443895816803
0.5944188237190247,0.8696691393852234,7.785371849422518e-07,0.5354983806610107,0.7884366512298584,-0.037997953593730927,0.519179105758667,0.6845850944519043,-0.06027732789516449,0.5775090456008911,0.6154850721359253,-0.08569296449422836,0.6415882706642151,0.5896123647689819,-0.10877612978219986,0.5425184369087219,0.5113890767097473,-0.018886741250753403,0.5127503871917725,0.38183942437171936,-0.04789426922798157,0.4941004514694214,0.3000602722167969,-0.07101104408502579,0.4825567603111267,0.22996953129768372,-0.08844204992055893,0.6051035523414612,0.5115662813186646,-0.028376666828989983,0.6237907409667969,0.3594253361225128,-0.059869177639484406,0.6333922147750854,0.2611645460128784,-0.09013180434703827,0.6442062258720398,0.18073329329490662,-0.11022628843784332,0.6532532572746277,0.5528061985969543,-0.043733786791563034,0.6891486048698425,0.4573027491569519,-0.08802348375320435,0.6808563470840454,0.509310245513916,-0.1045852079987526,0.6696271300315857,0.5651885271072388,-0.10439302027225494,0.6909475326538086,0.6172383427619934,-0.06270327419042587,0.7156966924667358,0.5423429012298584,-0.0927569642663002,0.703447163105011,0.5661203265190125,-0.0943504124879837,0.6868727207183838,0.6068862080574036,-0.0893625020980835
0.5960618853569031,0.8619860410690308,7.515690754189563e-07,0.5384778380393982,0.7866886258125305,-0.040779415518045425,0.5216123461723328,0.6798821687698364,-0.06329944729804993,0.5823288559913635,0.6112719774246216,-0.0875958651304245,0.6468117833137512,0.5818663239479065,-0.10951469093561172,0.5443940162658691,0.511091947555542,-0.026036109775304794,0.5136336088180542,0.38116392493247986,-0.05543205142021179,0.4932677745819092,0.2992470860481262,-0.07779202610254288,0.4803512990474701,0.22949910163879395,-0.09468797594308853,0.6066762208938599,0.5096626281738281,-0.03370802104473114,0.6225056052207947,0.3547825813293457,-0.0645107626914978,0.6334117650985718,0.2582486569881439,-0.09335367381572723,0.6455715298652649,0.17858681082725525,-0.11284792423248291,0.654271125793457,0.5497827529907227,-0.04725215584039688,0.6888304948806763,0.45586833357810974,-0.09266914427280426,0.6835043430328369,0.5066674947738647,-0.11146587878465652,0.6736328601837158,0.5613197088241577,-0.11301977187395096,0.6917185187339783,0.613258421421051,-0.06432203203439713,0.7172764539718628,0.5378115773200989,-0.09722242504358292,0.7064791321754456,0.5591088533401489,-0.10167855769395828,0.688593864440918,0.5978818535804749,-0.0988994613289833
0.5850253701210022,0.8681979775428772,7.115813787095249e-07,0.5269744992256165,0.7887973785400391,-0.03270752355456352,0.507043182849884,0.6832113862037659,-0.05237265303730965,0.5619680285453796,0.6192122101783752,-0.07611864805221558,0.6252529621124268,0.5982731580734253,-0.09851214289665222,0.5351367592811584,0.5122444033622742,-0.01588783971965313,0.5067055821418762,0.38644975423812866,-0.04376230388879776,0.48786383867263794,0.30826473236083984,-0.0653967335820198,0.4750356376171112,0.24176186323165894,-0.08138994127511978,0.5958126187324524,0.5134363770484924,-0.027037840336561203,0.6151772737503052,0.36337241530418396,-0.05749299004673958,0.6215399503707886,0.2658819854259491,-0.08550132066011429,0.6277773380279541,0.18594464659690857,-0.10354746133089066,0.6427446007728577,0.5538143515586853,-0.04369493946433067,0.6786664724349976,0.45679402351379395,-0.08791494369506836,0.6714856028556824,0.5059535503387451,-0.10480529069900513,0.660919725894928,0.5596849322319031,-0.10451523959636688,0.6786275506019592,0.6168352365493774,-0.06336881965398788,0.704983651638031,0.5437456965446472,-0.09368537366390228,0.6927877068519592,0.5666539072990417,-0.09587744623422623,0.6761161684989929,0.6057168245315552,-0.0911748930811882
0.5903723835945129,0.8616148233413696,7.441279308295634e-07,0.5325294137001038,0.7836889624595642,-0.03626883774995804,0.5147843956947327,0.6810917258262634,-0.05795154348015785,0.570450484752655,0.6139898896217346,-0.08244160562753677,0.6308720111846924,0.5840970277786255,-0.1046072468161583,0.5346620082855225,0.5102433562278748,-0.018945515155792236,0.5043562650680542,0.3855839669704437,-0.04720988869667053,0.4836317002773285,0.30614665150642395,-0.06950221210718155,0.47091615200042725,0.23889508843421936,-0.08612097799777985,0.5954410433769226,0.5103268623352051,-0.028556138277053833,0.6132704019546509,0.36008864641189575,-0.05837349593639374,0.622610867023468,0.2636854946613312,-0.08639601618051529,0.6329091787338257,0.18376034498214722,-0.10518994927406311,0.6426337361335754,0.5501474142074585,-0.043962512165308,0.6810307502746582,0.4563562870025635,-0.0877324715256691,0.6719802021980286,0.5036230087280273,-0.10484855622053146,0.6581750512123108,0.5547909140586853,-0.10556045919656754,0.6791960597038269,0.613558828830719,-0.0625879168510437,0.7078627347946167,0.5371959209442139,-0.0928821861743927,0.6968878507614136,0.5565863847732544,-0.09495341032743454,0.678860604763031,0.5926588177680969,-0.09069386124610901
0.5818743705749512,0.8653451800346375,6.939981176401488e-07,0.521365761756897,0.7879217863082886,-0.03358941897749901,0.5022557377815247,0.6822613477706909,-0.053502727299928665,0.5538495779037476,0.6088908314704895,-0.0771961584687233,0.6132111549377441,0.577441930770874,-0.09938428550958633,0.5257233381271362,0.5157939195632935,-0.014423543587327003,0.4987896680831909,0.39232897758483887,-0.04100697115063667,0.48004281520843506,0.3157501518726349,-0.06227549538016319,0.4678778648376465,0.2493360936641693,-0.07846677303314209,0.58550626039505,0.5155543088912964,-0.02474306896328926,0.6010528802871704,0.3663559556007385,-0.05441473796963692,0.6087150573730469,0.2714395225048065,-0.08292049914598465,0.6174622774124146,0.19174650311470032,-0.10203574597835541,0.6324552297592163,0.5540350675582886,-0.040636420249938965,0.6632184982299805,0.4520602226257324,-0.08483473211526871,0.6561884880065918,0.49903929233551025,-0.1035323515534401,0.6454967260360718,0.5515005588531494,-0.10508229583501816,0.6706114411354065,0.6143684983253479,-0.05940139666199684,0.6949529051780701,0.5331410765647888,-0.08989899605512619,0.6853290796279907,0.5500412583351135,-0.09396260231733322,0.6697337031364441,0.5838025212287903,-0.09118036925792694
0.5843616127967834,0.8607426881790161,7.180897227954119e-07,0.525671660900116,0.7887720465660095,-0.0356781929731369,0.5087864995002747,0.6846420168876648,-0.056310418993234634,0.5616069436073303,0.6099843382835388,-0.07992532104253769,0.6193132400512695,0.5757959485054016,-0.10116279125213623,0.5266863703727722,0.5145106911659241,-0.016796572133898735,0.4967116415500641,0.39029785990715027,-0.04270363226532936,0.47525906562805176,0.3120574951171875,-0.06302729994058609,0.46166908740997314,0.24599799513816833,-0.07856249809265137,0.585934579372406,0.5118151307106018,-0.02564500831067562,0.6000393033027649,0.36306965351104736,-0.05410216748714447,0.6087678670883179,0.26808586716651917,-0.08092918246984482,0.6185257434844971,0.19238972663879395,-0.09897424280643463,0.6327946186065674,0.5483410954475403,-0.040190260857343674,0.6655238270759583,0.4498339593410492,-0.08243194222450256,0.6573285460472107,0.49640899896621704,-0.09968909621238708,0.6444501280784607,0.5498156547546387,-0.10105609893798828,0.6709534525871277,0.6069947481155396,-0.057942818850278854,0.6967635154724121,0.5292185544967651,-0.08781923353672028,0.6862941980361938,0.548037052154541,-0.0915803536772728,0.6691198348999023,0.5848042964935303,-0.08883625268936157
0.5770937204360962,0.8611679077148438,6.722279977111612e-07,0.5156224370002747,0.7860194444656372,-0.03218218311667442,0.49624526500701904,0.6805539131164551,-0.05049406364560127,0.5455508828163147,0.6059758067131042,-0.07286547124385834,0.600628674030304,0.5689614415168762,-0.09368462860584259,0.5167959332466125,0.5146589875221252,-0.010286531411111355,0.4903472363948822,0.39532023668289185,-0.03455442935228348,0.472549170255661,0.32137101888656616,-0.054632481187582016,0.4607025980949402,0.25664860010147095,-0.06988875567913055,0.5760671496391296,0.5134929418563843,-0.020635128021240234,0.5924360752105713,0.3682451844215393,-0.0479908250272274,0.5993909239768982,0.27433404326438904,-0.07513778656721115,0.6063660383224487,0.1971222460269928,-0.0933297723531723,0.6231948137283325,0.5504418015480042,-0.03674067556858063,0.6489163637161255,0.44859540462493896,-0.08031032234430313,0.6408588886260986,0.4950561821460724,-0.10013547539710999,0.6310781240463257,0.5484498739242554,-0.10252484679222107,0.6612999439239502,0.6085396409034729,-0.05539814755320549,0.6792203187942505,0.5248410105705261,-0.08597788214683533,0.66498863697052,0.5472933053970337,-0.09026262164115906,0.6482416987419128,0.5885275602340698,-0.08769147843122482
0.5775109529495239,0.858120858669281,6.986724656599108e-07,0.5181993842124939,0.787062406539917,-0.03362751007080078,0.498700350522995,0.6851940155029297,-0.05303385853767395,0.545283854007721,0.6117818355560303,-0.07570972293615341,0.5969938635826111,0.5724694132804871,-0.09634439647197723,0.5171541571617126,0.5135672688484192,-0.014874709770083427,0.4884495139122009,0.39394664764404297,-0.03938931226730347,0.46856459975242615,0.3186139464378357,-0.05891593545675278,0.45575907826423645,0.2552643418312073,-0.07391085475683212,0.5765728950500488,0.5119692087173462,-0.02465011551976204,0.5915534496307373,0.36786267161369324,-0.05209798365831375,0.5976948142051697,0.27408966422080994,-0.07960536330938339,0.6040194034576416,0.2016916573047638,-0.09810461848974228,0.6235238313674927,0.5494915843009949,-0.03993662819266319,0.6513837575912476,0.4481936991214752,-0.0823117271065712,0.646512508392334,0.48734810948371887,-0.10255113244056702,0.6371577978134155,0.5370560884475708,-0.10600988566875458,0.6606767177581787,0.6088977456092834,-0.057946328073740005,0.681939959526062,0.5282378196716309,-0.08984251320362091,0.6740868091583252,0.5416159629821777,-0.09630563110113144,0.6604230403900146,0.5759031176567078,-0.09507229924201965
0.5711916089057922,0.8560644388198853,6.982715490266855e-07,0.512525200843811,0.7787008881568909,-0.030813824385404587,0.49266141653060913,0.6731752157211304,-0.047776732593774796,0.5396475791931152,0.5953088402748108,-0.06919504702091217,0.5947110652923584,0.5573198795318604,-0.08860501646995544,0.5081657767295837,0.5127473473548889,-0.004343230742961168,0.4795246720314026,0.3973332345485687,-0.02780555561184883,0.46129122376441956,0.32382386922836304,-0.04700471833348274,0.44912686944007874,0.2599242031574249,-0.06144222617149353,0.5668865442276001,0.5106960535049438,-0.014634015038609505,0.5827576518058777,0.3697255849838257,-0.042157452553510666,0.5884421467781067,0.2777629494667053,-0.06806942075490952,0.5942049026489258,0.20249196887016296,-0.08444435149431229,0.6146759390830994,0.5463101863861084,-0.030972342938184738,0.6384975910186768,0.44519612193107605,-0.075859434902668,0.6293193101882935,0.49968332052230835,-0.09309741109609604,0.6201586723327637,0.5584292411804199,-0.09230387210845947,0.6547143459320068,0.6030290722846985,-0.04979123920202255,0.6725913882255554,0.5214345455169678,-0.08137276768684387,0.6605846881866455,0.5474228858947754,-0.08433465659618378,0.6481927633285522,0.589392900466919,-0.07965332269668579
0.5737279653549194,0.8522560596466064,6.961002441130404e-07,0.5143486261367798,0.7819938659667969,-0.03097456321120262,0.49251389503479004,0.678238570690155,-0.04884247109293938,0.5380350947380066,0.6031914949417114,-0.07065483927726746,0.5895956158638,0.5625080466270447,-0.09062930196523666,0.5096155405044556,0.5138254165649414,-0.011562959291040897,0.4798662066459656,0.3968942165374756,-0.03495043143630028,0.45990467071533203,0.32258081436157227,-0.05394173413515091,0.4469343423843384,0.25923970341682434,-0.0687813013792038,0.5685741305351257,0.5106642246246338,-0.02188684605062008,0.5837575197219849,0.3685310184955597,-0.048831917345523834,0.5891926288604736,0.27642762660980225,-0.07537949085235596,0.5953220725059509,0.20416975021362305,-0.09328699111938477,0.6160150766372681,0.5461358428001404,-0.037531375885009766,0.6408222317695618,0.44470587372779846,-0.07965758442878723,0.6294122934341431,0.49153316020965576,-0.09804794192314148,0.6173559427261353,0.5462256073951721,-0.10007694363594055,0.6548125147819519,0.6032765507698059,-0.055685535073280334,0.6739298701286316,0.5211032032966614,-0.08721603453159332,0.6621765494346619,0.5389757752418518,-0.09240745007991791,0.6477129459381104,0.5765911936759949,-0.09019418805837631
0.5728458166122437,0.8496246337890625,7.2856590804804e-07,0.5101280212402344,0.7806403636932373,-0.036521073430776596,0.490098774433136,0.6757976412773132,-0.054251957684755325,0.5351396203041077,0.5965633392333984,-0.07502049952745438,0.586020827293396,0.5489833950996399,-0.09297996014356613,0.502515971660614,0.5117220282554626,-0.004799030255526304,0.4734764099121094,0.39742934703826904,-0.025112183764576912,0.45445820689201355,0.32498666644096375,-0.04262334853410721,0.4426928758621216,0.2627179026603699,-0.05642428621649742,0.5606261491775513,0.5085378885269165,-0.011985212564468384,0.5738952159881592,0.3673965632915497,-0.03685186058282852,0.5776742100715637,0.2755712866783142,-0.06235629692673683,0.5828470587730408,0.20335599780082703,-0.07922772318124771,0.6079078912734985,0.5432149767875671,-0.02610902301967144,0.6294605135917664,0.441189169883728,-0.07086601853370667,0.61576247215271,0.4930393695831299,-0.09201215952634811,0.6043285727500916,0.5502463579177856,-0.09454823285341263,0.6483587622642517,0.5959298610687256,-0.04305741563439369,0.666978657245636,0.5104889273643494,-0.0773753821849823,0.6539137959480286,0.5316277742385864,-0.0855577364563942,0.6405439376831055,0.5691132545471191,-0.08503180742263794
0.5716713070869446,0.8498010635375977,7.125343017833075e-07,0.5089898109436035,0.7827168107032776,-0.03352070599794388,0.4890705645084381,0.6785297989845276,-0.05114445090293884,0.535089373588562,0.5990305542945862,-0.07219401001930237,0.584807276725769,0.55168616771698,-0.09103162586688995,0.5025386810302734,0.5118605494499207,-0.008057943545281887,0.4737730622291565,0.3989093601703644,-0.028529416769742966,0.4545738399028778,0.3263695240020752,-0.04641043022274971,0.44261133670806885,0.2638953626155853,-0.060986604541540146,0.5620200037956238,0.5070694088935852,-0.017072418704628944,0.5754610896110535,0.36705923080444336,-0.04174192622303963,0.5794253349304199,0.27659371495246887,-0.06758449971675873,0.5850178003311157,0.20572134852409363,-0.0854981541633606,0.6101956963539124,0.5414472818374634,-0.03203946724534035,0.6339343190193176,0.4384657144546509,-0.0739811360836029,0.6171867251396179,0.49082517623901367,-0.0926566794514656,0.6028075814247131,0.5476459860801697,-0.09519284963607788,0.6506380438804626,0.5969372987747192,-0.04967542737722397,0.6684370636940002,0.5102073550224304,-0.08197455108165741,0.6530783772468567,0.5333876609802246,-0.08778291940689087,0.6374180316925049,0.5734681487083435,-0.08628799021244049
0.5709770917892456,0.8507610559463501,7.128398351596843e-07,0.5080727338790894,0.7811512351036072,-0.03417147323489189,0.4879218637943268,0.6752294301986694,-0.051655977964401245,0.5320968627929688,0.594266414642334,-0.07296430319547653,0.5832698941230774,0.5457976460456848,-0.09163366258144379,0.49908193945884705,0.5142091512680054,-0.003185759764164686,0.47040730714797974,0.40011098980903625,-0.02305728755891323,0.4515799283981323,0.3300361931324005,-0.04092748835682869,0.43983060121536255,0.2687491774559021,-0.05551474913954735,0.5567867755889893,0.5085769891738892,-0.011404121294617653,0.5701680183410645,0.36816227436065674,-0.035502009093761444,0.5725609064102173,0.27695131301879883,-0.061076823621988297,0.5768581628799438,0.2043832540512085,-0.07900956273078918,0.6039106249809265,0.54178786277771,-0.02626790478825569,0.6228405237197876,0.42950254678726196,-0.06910476833581924,0.6056917905807495,0.4822593331336975,-0.08879297971725464,0.5927422046661377,0.5425918698310852,-0.09149257093667984,0.6448729038238525,0.5948958396911621,-0.04399450868368149,0.6624630689620972,0.5033004283905029,-0.07809492200613022,0.6476123929023743,0.5213404893875122,-0.08656411617994308,0.6328754425048828,0.5594826936721802,-0.08662056922912598
0.5705364346504211,0.8482109904289246,7.103877806002856e-07,0.5089454650878906,0.7810171246528625,-0.03343931585550308,0.48756322264671326,0.6753479838371277,-0.05105087161064148,0.5300828814506531,0.5936229228973389,-0.07222022116184235,0.5797962546348572,0.543226420879364,-0.09116165339946747,0.49925684928894043,0.5126464366912842,-0.0071576680056750774,0.47012388706207275,0.39861878752708435,-0.02694445103406906,0.45072415471076965,0.3276216983795166,-0.044309742748737335,0.4380083382129669,0.26625093817710876,-0.05850924178957939,0.5581164360046387,0.507728636264801,-0.015828421339392662,0.5707736611366272,0.36653828620910645,-0.03944994881749153,0.5734028220176697,0.27573680877685547,-0.06487756222486496,0.5771581530570984,0.20397424697875977,-0.08287591487169266,0.6061274409294128,0.5418158769607544,-0.030612513422966003,0.6235867142677307,0.4318315386772156,-0.07277555763721466,0.60655277967453,0.4832601249217987,-0.09303107112646103,0.5931063294410706,0.5412320494651794,-0.09654524177312851,0.646905243396759,0.5961510539054871,-0.04793137311935425,0.6623034477233887,0.5042964220046997,-0.08171939849853516,0.6482817530632019,0.5205705761909485,-0.090133436024189,0.6346470713615417,0.5566991567611694,-0.090352863073349
0.571189820766449,0.8418877720832825,6.771671223759768e-07,0.5081591606140137,0.7742430567741394,-0.030250808224081993,0.4834936857223511,0.6675822138786316,-0.04471425712108612,0.5266005396842957,0.5850802063941956,-0.0631479024887085,0.5784516930580139,0.5404149293899536,-0.07948847115039825,0.49672168493270874,0.5096220374107361,-0.0007466772804036736,0.4678109884262085,0.39958739280700684,-0.017338966950774193,0.44992315769195557,0.3314865827560425,-0.033505234867334366,0.438944011926651,0.27233976125717163,-0.047244951128959656,0.5553818941116333,0.5037040114402771,-0.009418750181794167,0.5680004954338074,0.36621221899986267,-0.029087387025356293,0.5711846947669983,0.2759043276309967,-0.05268000811338425,0.5761263966560364,0.20527121424674988,-0.0701235979795456,0.604440450668335,0.535895586013794,-0.02425878867506981,0.6209172606468201,0.42752665281295776,-0.062068331986665726,0.6044229865074158,0.47128769755363464,-0.0829312801361084,0.5920023322105408,0.5262719988822937,-0.0880788192152977,0.6468878388404846,0.587049663066864,-0.04165159538388252,0.6608385443687439,0.4966283142566681,-0.07239966839551926,0.6451061964035034,0.5099409222602844,-0.08160142600536346,0.6307498216629028,0.5457226037979126,-0.08327145874500275
0.5708916783332825,0.842758297920227,6.785988944102428e-07,0.5079843997955322,0.7750122547149658,-0.029941029846668243,0.4848097264766693,0.6681056618690491,-0.044585201889276505,0.5276102423667908,0.5862072110176086,-0.06333597749471664,0.5779995918273926,0.5404883027076721,-0.08021649718284607,0.4980776309967041,0.5107879638671875,-0.0016549521824344993,0.4686470627784729,0.3994313180446625,-0.018534710630774498,0.44967639446258545,0.3304516673088074,-0.03505997359752655,0.4376295208930969,0.2701711058616638,-0.049279917031526566,0.5564290285110474,0.5053207874298096,-0.010880878195166588,0.5692415237426758,0.3676868975162506,-0.031065769493579865,0.5720453262329102,0.2782645523548126,-0.055294979363679886,0.5762420296669006,0.20812258124351501,-0.07342970371246338,0.6048463582992554,0.5382003784179688,-0.026115238666534424,0.6212282180786133,0.42794179916381836,-0.06402755528688431,0.6019369959831238,0.47320041060447693,-0.0846225768327713,0.5872272849082947,0.5279276371002197,-0.09007025510072708,0.646814227104187,0.5904015302658081,-0.04384422302246094,0.6610098481178284,0.49719712138175964,-0.07475064694881439,0.6431679725646973,0.5128008127212524,-0.08352189511060715,0.6269161105155945,0.5499687194824219,-0.08520645648241043
0.5738519430160522,0.8442068696022034,6.78436663292814e-07,0.5093061923980713,0.7748101949691772,-0.02808838151395321,0.4885331392288208,0.6678032279014587,-0.04220312833786011,0.5331188440322876,0.5885470509529114,-0.0611032210290432,0.5823352932929993,0.5417160391807556,-0.0785345658659935,0.5008453726768494,0.5156720280647278,0.0004975699703209102,0.47149381041526794,0.40404966473579407,-0.017022715881466866,0.4525142014026642,0.33543306589126587,-0.03393179178237915,0.4406742453575134,0.2745829224586487,-0.04825463891029358,0.5585867166519165,0.5094667077064514,-0.009611616842448711,0.5710601806640625,0.3702007532119751,-0.031109176576137543,0.5732125043869019,0.2795468270778656,-0.05688587203621864,0.5773840546607971,0.20775523781776428,-0.07583894580602646,0.6063371896743774,0.5411252975463867,-0.025539832189679146,0.6205371022224426,0.4285188317298889,-0.06464258581399918,0.600893497467041,0.4750642776489258,-0.08612050861120224,0.587063193321228,0.5315980911254883,-0.09166008979082108,0.6477193832397461,0.5916634798049927,-0.04370660334825516,0.6601385474205017,0.49715232849121094,-0.0750894695520401,0.6431405544281006,0.5109744071960449,-0.08409307152032852,0.6286756992340088,0.5464524626731873,-0.08566568791866302
0.5727472901344299,0.8441488742828369,6.87530928189517e-07,0.5094506144523621,0.7752174139022827,-0.02924438938498497,0.4894559979438782,0.6681402325630188,-0.04381990805268288,0.5347381234169006,0.5871974229812622,-0.06285012513399124,0.5842843651771545,0.5380985736846924,-0.08032830059528351,0.5009568333625793,0.5162180066108704,-0.0008103987202048302,0.4717828631401062,0.4044896364212036,-0.01854669116437435,0.4528210759162903,0.334905207157135,-0.03523612022399902,0.44097283482551575,0.27367016673088074,-0.04919952154159546,0.5586293339729309,0.5095182657241821,-0.010486559011042118,0.5712998509407043,0.3697846531867981,-0.031918060034513474,0.5731753706932068,0.27880194783210754,-0.05740438774228096,0.5770020484924316,0.20794892311096191,-0.07597295939922333,0.6065216064453125,0.540648877620697,-0.02609156258404255,0.6220680475234985,0.4287533760070801,-0.06526414304971695,0.6027820110321045,0.47376444935798645,-0.08723273873329163,0.5891628265380859,0.5296695828437805,-0.09301602840423584,0.6477522850036621,0.5906667113304138,-0.043980542570352554,0.6599748134613037,0.4963776767253876,-0.07527630776166916,0.6430909633636475,0.5114043951034546,-0.08432259410619736,0.6289018392562866,0.5491037368774414,-0.0858612209558487
0.574999988079071,0.845935583114624,6.55440715036093e-07,0.5135226845741272,0.7786834836006165,-0.027859438210725784,0.4901968240737915,0.6734810471534729,-0.042837996035814285,0.5292571187019348,0.5909930467605591,-0.06232784688472748,0.5753200650215149,0.5407362580299377,-0.08010024577379227,0.5022225379943848,0.5163787603378296,-0.003426752984523773,0.4728522300720215,0.4046516418457031,-0.022299587726593018,0.45321017503738403,0.33469048142433167,-0.039471931755542755,0.4406495690345764,0.2737830877304077,-0.05367341637611389,0.5601158738136292,0.5105111002922058,-0.013615405187010765,0.5719562768936157,0.37168675661087036,-0.03595683351159096,0.5734477043151855,0.28107938170433044,-0.06108877807855606,0.5768636465072632,0.21140724420547485,-0.07935965806245804,0.6083564758300781,0.5421110391616821,-0.02928079478442669,0.6240015625953674,0.4323839545249939,-0.06759501248598099,0.606040358543396,0.47595661878585815,-0.0870845690369606,0.592361569404602,0.5322669148445129,-0.0914783626794815,0.6498979926109314,0.5933744311332703,-0.047230906784534454,0.6635946035385132,0.5010115504264832,-0.07730767130851746,0.6479895710945129,0.5116178393363953,-0.08480046689510345,0.6327916383743286,0.5463336110115051,-0.08527833968400955
0.5744913220405579,0.845430850982666,6.85368547692633e-07,0.5124740600585938,0.7769131660461426,-0.02829584851861,0.4895061254501343,0.6722569465637207,-0.04343704134225845,0.5289909243583679,0.5899214148521423,-0.06315923482179642,0.5771040320396423,0.5411475896835327,-0.08104554563760757,0.5028396248817444,0.5162440538406372,-0.002207171404734254,0.47336265444755554,0.40515801310539246,-0.020844239741563797,0.45426806807518005,0.33536648750305176,-0.0376335084438324,0.4419824481010437,0.2746187150478363,-0.05132452771067619,0.5606990456581116,0.5100926756858826,-0.012386840768158436,0.5744290351867676,0.3713308572769165,-0.03471797704696655,0.5758020877838135,0.2810603380203247,-0.05937227979302406,0.5787957310676575,0.21151664853096008,-0.0768136978149414,0.6087660789489746,0.5415787696838379,-0.02823810651898384,0.6248271465301514,0.43284451961517334,-0.0674053356051445,0.6046558618545532,0.4803259074687958,-0.08663160353899002,0.5899626612663269,0.5382786393165588,-0.09001327306032181,0.6499285697937012,0.5926269292831421,-0.046386875212192535,0.6633724570274353,0.500806450843811,-0.07681974768638611,0.6470935344696045,0.5133243203163147,-0.08397582173347473,0.6324689984321594,0.5486841797828674,-0.08371800929307938
0.5773005485534668,0.8479595184326172,6.73659826588846e-07,0.5140389800071716,0.783535361289978,-0.03151775896549225,0.4917783737182617,0.6783980131149292,-0.04785566404461861,0.5370355248451233,0.5985678434371948,-0.06828057020902634,0.58664870262146,0.550696611404419,-0.08730030059814453,0.5064870715141296,0.518471896648407,-0.006217733956873417,0.47674107551574707,0.40543168783187866,-0.02556930109858513,0.4568714499473572,0.3342471718788147,-0.04344671219587326,0.44392406940460205,0.2715553343296051,-0.05877501890063286,0.5652092099189758,0.5124526023864746,-0.015730565413832664,0.5770100951194763,0.37241125106811523,-0.03952209651470184,0.5785285234451294,0.2806161046028137,-0.06688208878040314,0.580659031867981,0.20882225036621094,-0.08704054355621338,0.6128861308097839,0.5451850891113281,-0.031125526875257492,0.6295333504676819,0.43342429399490356,-0.07314781844615936,0.6128385066986084,0.479184627532959,-0.0970899760723114,0.5989277958869934,0.5361571907997131,-0.10409507155418396,0.6535859704017639,0.5976802110671997,-0.048798415809869766,0.6669884920120239,0.5040110349655151,-0.0835224911570549,0.6518484950065613,0.5174236297607422,-0.09515246748924255,0.6363258361816406,0.5536100268363953,-0.0984005331993103
0.576262891292572,0.846043586730957,6.916079087204707e-07,0.5140631198883057,0.7809032797813416,-0.03304622694849968,0.4912782311439514,0.6784405708312988,-0.05013127252459526,0.5330121517181396,0.5968855619430542,-0.07084476202726364,0.5813925266265869,0.5462651252746582,-0.08982273191213608,0.5060836672782898,0.5185651183128357,-0.006713079754263163,0.47630414366722107,0.40620630979537964,-0.02609623596072197,0.4571984112262726,0.33615124225616455,-0.04372217133641243,0.4454752206802368,0.2743135392665863,-0.0584271140396595,0.5642443895339966,0.511664092540741,-0.015484752133488655,0.5762119293212891,0.37100106477737427,-0.03859342262148857,0.5781068205833435,0.27915769815444946,-0.06498122215270996,0.5816759467124939,0.20729771256446838,-0.08412238210439682,0.6119447350502014,0.544262170791626,-0.030344918370246887,0.6271691918373108,0.4324588179588318,-0.07196759432554245,0.6106822490692139,0.4777030348777771,-0.09503109753131866,0.5987150073051453,0.5339875221252441,-0.1011904776096344,0.6528679728507996,0.596613883972168,-0.047681406140327454,0.6652310490608215,0.5039043426513672,-0.08188346773386002,0.6511324644088745,0.5177373886108398,-0.09273932874202728,0.6386480331420898,0.5533733367919922,-0.09520744532346725
0.5777727961540222,0.8458947539329529,7.066111606945924e-07,0.5160396099090576,0.777992844581604,-0.03345318138599396,0.4948825240135193,0.6745489835739136,-0.05071647837758064,0.5392934083938599,0.5936973094940186,-0.07123701274394989,0.5871482491493225,0.5395814180374146,-0.08943723887205124,0.5065261721611023,0.511634111404419,-0.006088129710406065,0.4769149422645569,0.3982928991317749,-0.024357590824365616,0.45752236247062683,0.32764503359794617,-0.04121981933712959,0.4454843997955322,0.26501333713531494,-0.05541348084807396,0.5651309490203857,0.5069569945335388,-0.014315376989543438,0.5769084095954895,0.3689689636230469,-0.036017585545778275,0.5798741579055786,0.27944710850715637,-0.06088746339082718,0.583676815032959,0.20881497859954834,-0.07898612320423126,0.6127942800521851,0.5415050387382507,-0.028679369017481804,0.6310734152793884,0.43643680214881897,-0.0684392973780632,0.6155312657356262,0.4867955148220062,-0.08824384212493896,0.6024090647697449,0.542651891708374,-0.09242215007543564,0.6531197428703308,0.595898449420929,-0.04567231610417366,0.668840229511261,0.5042406320571899,-0.07734204083681107,0.6540653109550476,0.5240834355354309,-0.08473901450634003,0.6389819979667664,0.5626620650291443,-0.08494798094034195
0.5782651901245117,0.845177173614502,7.06984565113089e-07,0.5161740183830261,0.7770977020263672,-0.03450784087181091,0.4956265985965729,0.6749932169914246,-0.0522683821618557,0.5394039154052734,0.5933164954185486,-0.07312925904989243,0.5861923694610596,0.5375898480415344,-0.09150052070617676,0.50676429271698,0.5115815997123718,-0.005514213815331459,0.47691166400909424,0.39885368943214417,-0.024601759389042854,0.4576612114906311,0.32828617095947266,-0.04233365133404732,0.44587451219558716,0.2658486068248749,-0.05708051845431328,0.5651540756225586,0.506945013999939,-0.013272756710648537,0.5771727561950684,0.36955755949020386,-0.036121491342782974,0.5805693864822388,0.28124693036079407,-0.06190282478928566,0.5849356055259705,0.21006858348846436,-0.08051152527332306,0.612311840057373,0.5411879420280457,-0.027286095544695854,0.6323761343955994,0.4353177547454834,-0.06821810454130173,0.6161770224571228,0.4889657497406006,-0.08730354905128479,0.602669894695282,0.546068012714386,-0.09075546264648438,0.6528360843658447,0.5958099961280823,-0.04401390254497528,0.6691682934761047,0.5059491991996765,-0.07634575664997101,0.6543217897415161,0.5304912328720093,-0.08297236263751984,0.6396324634552002,0.5712970495223999,-0.08239924162626266
0.5751234292984009,0.8480820655822754,7.392836778308265e-07,0.5146200060844421,0.7764619588851929,-0.029982058331370354,0.49514082074165344,0.6741853952407837,-0.04730777069926262,0.5363196134567261,0.5945863723754883,-0.06929626315832138,0.5834733843803406,0.5447902679443359,-0.08934293687343597,0.5104172229766846,0.5111489295959473,-0.0041752103716135025,0.4830315113067627,0.39799776673316956,-0.025313371792435646,0.46422475576400757,0.325612872838974,-0.04392554983496666,0.45149287581443787,0.26143398880958557,-0.05878613889217377,0.5680860280990601,0.5078935027122498,-0.015177415683865547,0.5860323905944824,0.36884599924087524,-0.04074334725737572,0.5891830921173096,0.2795151174068451,-0.06617987900972366,0.5932945609092712,0.20745566487312317,-0.08334862440824509,0.6144410967826843,0.5429791212081909,-0.031934719532728195,0.6375742554664612,0.438643217086792,-0.07381200790405273,0.6163095831871033,0.5007952451705933,-0.0879368782043457,0.6000783443450928,0.5625618100166321,-0.08679205924272537,0.6533461809158325,0.5999519228935242,-0.0512751080095768,0.671583890914917,0.5105710029602051,-0.0819212943315506,0.6543194651603699,0.5380589962005615,-0.08350881934165955,0.6379660964012146,0.5802041888237,-0.07867105305194855
0.5753322839736938,0.8484910130500793,7.207457315416832e-07,0.5148469805717468,0.7750445008277893,-0.029523028060793877,0.495830774307251,0.6715601086616516,-0.045931342989206314,0.5374315977096558,0.5920763611793518,-0.06717895716428757,0.5859358310699463,0.5459164381027222,-0.08627764880657196,0.509012758731842,0.5101279020309448,-0.0008784968522377312,0.4812864661216736,0.3974463939666748,-0.022659337148070335,0.46311286091804504,0.3255942463874817,-0.041805289685726166,0.4513016939163208,0.2624434232711792,-0.05666712671518326,0.566528856754303,0.5081906914710999,-0.011736048385500908,0.5843006372451782,0.37119683623313904,-0.03828566521406174,0.5887743830680847,0.2818855345249176,-0.06452370434999466,0.5942116379737854,0.20816457271575928,-0.081784188747406,0.6127408146858215,0.5434304475784302,-0.028578391298651695,0.6362598538398743,0.44119793176651,-0.0719229206442833,0.6169449090957642,0.5013939142227173,-0.08712344616651535,0.6022214293479919,0.5621235370635986,-0.085789255797863,0.6518132090568542,0.599666953086853,-0.04796277731657028,0.6713043451309204,0.5130472779273987,-0.07917208224534988,0.6566484570503235,0.5360937714576721,-0.08163798600435257,0.6428744196891785,0.5733028054237366,-0.07693376392126083
0.5671585202217102,0.8452491164207458,7.709552392043406e-07,0.5115430951118469,0.7724347710609436,-0.032115183770656586,0.4925835132598877,0.6724587678909302,-0.05302732437849045,0.5345007181167603,0.5969977378845215,-0.0782645046710968,0.5870658159255981,0.5518638491630554,-0.10152958333492279,0.5149157643318176,0.5096430778503418,-0.015046531334519386,0.49314084649086,0.3960043489933014,-0.040684331208467484,0.4779748320579529,0.32120460271835327,-0.06103530153632164,0.46843448281288147,0.2562057077884674,-0.07640986144542694,0.5723356008529663,0.5094829797744751,-0.02547146938741207,0.5961066484451294,0.3700352609157562,-0.053920429199934006,0.6035360097885132,0.27985700964927673,-0.07899793982505798,0.6112797856330872,0.20616787672042847,-0.09587237983942032,0.6171169281005859,0.5464696884155273,-0.04129393771290779,0.6433462500572205,0.44412919878959656,-0.08325652033090591,0.6216452717781067,0.5027748346328735,-0.09514092653989792,0.604289174079895,0.563158392906189,-0.09259529411792755,0.653388261795044,0.6057347059249878,-0.060040321201086044,0.6753559112548828,0.5173631310462952,-0.08931863307952881,0.6565753817558289,0.5431280136108398,-0.089218370616436,0.6359242796897888,0.5882472395896912,-0.08331440389156342
0.5657374858856201,0.8461232781410217,7.083208970470878e-07,0.5107555389404297,0.7731452584266663,-0.030549747869372368,0.4906310439109802,0.6684722900390625,-0.04889629781246185,0.5340418219566345,0.5902355909347534,-0.07163803279399872,0.5888031125068665,0.5499414205551147,-0.09251722693443298,0.5156160593032837,0.5063302516937256,-0.009871215559542179,0.4943302571773529,0.3951452076435089,-0.034891486167907715,0.4800199866294861,0.3238219618797302,-0.055074725300073624,0.4714279770851135,0.26144519448280334,-0.0702056810259819,0.5725482702255249,0.5084952712059021,-0.020912937819957733,0.5964177250862122,0.37051308155059814,-0.04960175231099129,0.60512375831604,0.28227004408836365,-0.07490479946136475,0.6147561073303223,0.2088976502418518,-0.09116757661104202,0.6170985102653503,0.5470163226127625,-0.03744480758905411,0.6463233828544617,0.4479682445526123,-0.08139168471097946,0.6249547004699707,0.5095294117927551,-0.09325064718723297,0.607964277267456,0.5696085691452026,-0.0895615965127945,0.6524771451950073,0.6071583032608032,-0.05665019527077675,0.6745074391365051,0.5226843953132629,-0.08737320452928543,0.6566798686981201,0.5514777302742004,-0.08672814816236496,0.6383653879165649,0.5945971012115479,-0.07975330203771591
0.558966875076294,0.8448214530944824,8.146782306539535e-07,0.5035677552223206,0.7711353302001953,-0.034991949796676636,0.4863758981227875,0.6715026497840881,-0.05718715116381645,0.5287309288978577,0.5953112840652466,-0.08326630294322968,0.5816099047660828,0.5488472580909729,-0.1073007881641388,0.5180402994155884,0.506479799747467,-0.01714486815035343,0.5039494037628174,0.3914967179298401,-0.04408739134669304,0.49510127305984497,0.3181982636451721,-0.06534601747989655,0.49217331409454346,0.2530178129673004,-0.08142754435539246,0.575971245765686,0.5097526907920837,-0.026873860508203506,0.6092762351036072,0.37051230669021606,-0.05652906000614166,0.6244245171546936,0.2816259562969208,-0.08226962387561798,0.639968991279602,0.20950090885162354,-0.09963914006948471,0.6187908053398132,0.5503478646278381,-0.04242182523012161,0.6521524786949158,0.4508752226829529,-0.08641963452100754,0.6252360939979553,0.511215329170227,-0.09941649436950684,0.6041977405548096,0.5716932415962219,-0.09775358438491821,0.6529218554496765,0.6126949787139893,-0.0610264427959919,0.6787908673286438,0.5293943881988525,-0.09309995174407959,0.6545267701148987,0.5591571927070618,-0.09473243355751038,0.6283753514289856,0.6047220230102539,-0.09008423984050751
0.5585126280784607,0.842922568321228,7.719712584730587e-07,0.5041582584381104,0.7690966725349426,-0.03481650725007057,0.4865478277206421,0.6681387424468994,-0.0566154383122921,0.5286868810653687,0.593538224697113,-0.08221308141946793,0.582480788230896,0.5511372685432434,-0.1060570552945137,0.5196179747581482,0.5048691034317017,-0.01721952296793461,0.5068937540054321,0.3895391821861267,-0.04428405687212944,0.4982393682003021,0.31716257333755493,-0.06564904004335403,0.49453821778297424,0.2531668543815613,-0.08166338503360748,0.5776466727256775,0.5097959637641907,-0.027306100353598595,0.6119476556777954,0.3719004690647125,-0.05740593746304512,0.6269394159317017,0.2807841897010803,-0.08472483605146408,0.641300618648529,0.2066657543182373,-0.103130042552948,0.6205251216888428,0.5513460040092468,-0.04304175823926926,0.6540992856025696,0.45187145471572876,-0.08819477260112762,0.6301924586296082,0.5062041282653809,-0.10434839874505997,0.6104412078857422,0.5633448362350464,-0.10457304865121841,0.6533329486846924,0.6141284704208374,-0.06158862262964249,0.6770458221435547,0.5327145457267761,-0.09532856196165085,0.6554118394851685,0.5600162744522095,-0.09890036284923553,0.6319067478179932,0.6039683222770691,-0.09529631584882736
0.5486729145050049,0.8409399390220642,8.458703746327956e-07,0.497730553150177,0.7677046060562134,-0.037834350019693375,0.4869098961353302,0.6704816818237305,-0.06061612442135811,0.5281155705451965,0.5950694680213928,-0.08686383813619614,0.5789063572883606,0.5444281697273254,-0.11045971512794495,0.5251255035400391,0.5004286766052246,-0.013552221469581127,0.518677294254303,0.3830346167087555,-0.03804919123649597,0.5139667987823486,0.30991923809051514,-0.057781338691711426,0.5158599615097046,0.24611762166023254,-0.07326686382293701,0.5805140137672424,0.507683277130127,-0.02230163849890232,0.6186673045158386,0.3690089285373688,-0.050403036177158356,0.6374006271362305,0.28114184737205505,-0.07643955200910568,0.6570953130722046,0.2129146158695221,-0.09466417133808136,0.6202074289321899,0.5520696640014648,-0.03762305527925491,0.6599860191345215,0.4539424180984497,-0.08187897503376007,0.6259004473686218,0.5121948719024658,-0.09751303493976593,0.599477231502533,0.569776177406311,-0.0985453873872757,0.6507605910301208,0.6173683404922485,-0.05615254491567612,0.6785470247268677,0.5405165553092957,-0.09166497737169266,0.6471412181854248,0.5747815370559692,-0.09708969295024872,0.6156141757965088,0.6208481788635254,-0.09540187567472458
0.5474408268928528,0.8428205251693726,7.729184972049552e-07,0.49708235263824463,0.7672926187515259,-0.03541849926114082,0.48557180166244507,0.6662740707397461,-0.05750487372279167,0.5272367596626282,0.594221293926239,-0.08380386233329773,0.5794870257377625,0.5531582236289978,-0.10785555094480515,0.5263340473175049,0.49851691722869873,-0.013155093416571617,0.5219937562942505,0.38235440850257874,-0.038928769528865814,0.5176283121109009,0.3083375096321106,-0.05996542423963547,0.517406702041626,0.24393793940544128,-0.07646872103214264,0.5819041728973389,0.5075682401657104,-0.023471418768167496,0.6220346093177795,0.3729820251464844,-0.053468912839889526,0.6403782963752747,0.2833685874938965,-0.08109107613563538,0.657697856426239,0.2120787799358368,-0.10028938949108124,0.6215193271636963,0.551647961139679,-0.03987901285290718,0.6627375483512878,0.45402389764785767,-0.08441741019487381,0.6290440559387207,0.5088670253753662,-0.0995413288474083,0.6013835072517395,0.565220057964325,-0.10007860511541367,0.6509535908699036,0.6165721416473389,-0.05947587266564369,0.6783414483070374,0.5422990918159485,-0.09449935704469681,0.6491396427154541,0.5725902318954468,-0.09918174147605896,0.6192032694816589,0.6157498359680176,-0.09681744128465652
0.5407572388648987,0.8377223014831543,8.26329539904691e-07,0.49110350012779236,0.7622851133346558,-0.03305727615952492,0.4784891605377197,0.6615064144134521,-0.05422702804207802,0.5210669040679932,0.5931606292724609,-0.0800573080778122,0.5750476121902466,0.5589932203292847,-0.10347915440797806,0.5252712368965149,0.49344849586486816,-0.012144122272729874,0.5230717658996582,0.37612953782081604,-0.03696639835834503,0.5220402479171753,0.30236658453941345,-0.0564751960337162,0.5253346562385559,0.23979851603507996,-0.07161028683185577,0.580546498298645,0.5040737390518188,-0.0229584202170372,0.6237208843231201,0.3705676198005676,-0.05264086648821831,0.6448718905448914,0.2818894684314728,-0.07868076860904694,0.6650153994560242,0.2132529616355896,-0.0961107537150383,0.6190954446792603,0.5492655634880066,-0.03965180739760399,0.6594998836517334,0.45610690116882324,-0.08314191550016403,0.6244127154350281,0.5140392184257507,-0.09534739702939987,0.5959208011627197,0.5711421370506287,-0.0930476188659668,0.6474398970603943,0.614368200302124,-0.05952426791191101,0.6764044761657715,0.5403770208358765,-0.09255898743867874,0.6491580605506897,0.5671465992927551,-0.09536495059728622,0.6206210255622864,0.6059259176254272,-0.09126850962638855
0.5408191680908203,0.8420947194099426,8.030260687519331e-07,0.4903246760368347,0.7654543519020081,-0.03307564556598663,0.4783917963504791,0.6642451882362366,-0.054911717772483826,0.5199432373046875,0.5950095057487488,-0.0818379819393158,0.5737521648406982,0.5608316659927368,-0.10639163106679916,0.5252803564071655,0.4965057075023651,-0.012072301469743252,0.5248119235038757,0.3785877823829651,-0.038326796144247055,0.523962140083313,0.3039688766002655,-0.059102367609739304,0.5267895460128784,0.240012526512146,-0.07528500258922577,0.5811775922775269,0.5072592496871948,-0.02375306375324726,0.6246039867401123,0.3730243742465973,-0.05521779879927635,0.6456226706504822,0.2827228307723999,-0.08240658789873123,0.6651622653007507,0.21197792887687683,-0.10068546235561371,0.6198211312294006,0.5525836944580078,-0.04134910926222801,0.6592510342597961,0.4560856521129608,-0.08608948439359665,0.6234428882598877,0.5145640969276428,-0.09781480580568314,0.5943878889083862,0.5730778574943542,-0.09511860460042953,0.6479724645614624,0.6180862784385681,-0.06219135969877243,0.6756830215454102,0.5423758625984192,-0.09631136059761047,0.6463812589645386,0.5706738233566284,-0.09869047999382019,0.6153498888015747,0.6121242642402649,-0.09413764625787735
0.5318115949630737,0.8399546146392822,8.28756981263723e-07,0.4826958477497101,0.7616076469421387,-0.03235940635204315,0.4751942753791809,0.6597363352775574,-0.0534573458135128,0.5201351046562195,0.593400239944458,-0.07952050864696503,0.5738576054573059,0.5626585483551025,-0.10351131111383438,0.5235031843185425,0.4924532473087311,-0.012366163544356823,0.525920569896698,0.37419989705085754,-0.03794485330581665,0.5273919105529785,0.2999294400215149,-0.05831453949213028,0.5330322980880737,0.2369997799396515,-0.07415107637643814,0.5781664848327637,0.506164014339447,-0.02421325258910656,0.6247951984405518,0.372380793094635,-0.05441048741340637,0.6482603549957275,0.28505727648735046,-0.08138346672058105,0.6708447337150574,0.2184760868549347,-0.09981468319892883,0.6158782839775085,0.5537580251693726,-0.041800715029239655,0.662259578704834,0.4621484875679016,-0.08546298742294312,0.6226455569267273,0.5183825492858887,-0.09839650243520737,0.5905583500862122,0.5755252242088318,-0.09714803099632263,0.6420603394508362,0.6208351850509644,-0.06252176314592361,0.6729478240013123,0.5506215691566467,-0.0966014564037323,0.6414735913276672,0.5795217156410217,-0.09996958822011948,0.6092537045478821,0.62092125415802,-0.09643160551786423
0.5330138802528381,0.8411167860031128,8.141419129970018e-07,0.4836488366127014,0.7649425268173218,-0.03575556352734566,0.4750385880470276,0.663465142250061,-0.05861763283610344,0.5199204087257385,0.593961775302887,-0.0859447568655014,0.5747554302215576,0.5591111183166504,-0.11074212193489075,0.5244840383529663,0.4956519603729248,-0.015434382483363152,0.5267751812934875,0.37459248304367065,-0.04232769086956978,0.5282208919525146,0.29880470037460327,-0.06310449540615082,0.5337036848068237,0.23469796776771545,-0.07925023138523102,0.5799902677536011,0.5082522630691528,-0.02603059634566307,0.6258075833320618,0.3733762502670288,-0.05815467610955238,0.6495026350021362,0.2845209538936615,-0.08608599752187729,0.6716299653053284,0.21710839867591858,-0.10499255359172821,0.6174675822257996,0.5547620058059692,-0.04265863075852394,0.6616100668907166,0.4611642360687256,-0.08838384598493576,0.6235194206237793,0.5178083181381226,-0.10166609287261963,0.5921840667724609,0.5751351118087769,-0.10025772452354431,0.6437976956367493,0.6205533146858215,-0.06263621896505356,0.6723295450210571,0.5498459935188293,-0.09872289001941681,0.641074538230896,0.5787324905395508,-0.10302352160215378,0.608159065246582,0.6199343204498291,-0.09980092942714691
0.5243804454803467,0.8416591882705688,8.561576692045492e-07,0.47596827149391174,0.7628673911094666,-0.0353870689868927,0.4698682427406311,0.6623928546905518,-0.05852022394537926,0.515877366065979,0.5955696105957031,-0.08602423965930939,0.571112334728241,0.561338484287262,-0.11115337908267975,0.5204311609268188,0.4930453896522522,-0.015109810046851635,0.5284228324890137,0.37310779094696045,-0.0416230671107769,0.533751904964447,0.2994186580181122,-0.06257890909910202,0.5432232022285461,0.23707255721092224,-0.07882333546876907,0.5754502415657043,0.5078749060630798,-0.026053451001644135,0.6248141527175903,0.3744773268699646,-0.05692398175597191,0.6509817242622375,0.28718769550323486,-0.08431927114725113,0.675761878490448,0.22146090865135193,-0.10326448082923889,0.6127262711524963,0.5563166737556458,-0.04308018833398819,0.6591306328773499,0.4654330015182495,-0.08761309832334518,0.6172501444816589,0.5215166807174683,-0.10095613449811935,0.5832542181015015,0.5777574181556702,-0.10021527111530304,0.6388788819313049,0.6234655976295471,-0.06349264085292816,0.6695672273635864,0.5537640452384949,-0.099122054874897,0.6364957094192505,0.5834807753562927,-0.10354849696159363,0.6024367809295654,0.6241133213043213,-0.10075648874044418
0.5241566896438599,0.8436311483383179,8.425856776739238e-07,0.4762912690639496,0.7662513256072998,-0.03581637889146805,0.46893492341041565,0.6666044592857361,-0.05925248935818672,0.5142927765846252,0.5989495515823364,-0.08712887763977051,0.5703511834144592,0.5642662644386292,-0.11236384510993958,0.5211778879165649,0.49418753385543823,-0.014266044832766056,0.5285700559616089,0.3739413321018219,-0.0404011495411396,0.5338033437728882,0.3002813756465912,-0.061254244297742844,0.5433926582336426,0.23786458373069763,-0.0777013897895813,0.576606273651123,0.5084108710289001,-0.02518877573311329,0.625298023223877,0.37431615591049194,-0.05619901418685913,0.6515048742294312,0.2862735390663147,-0.08414781093597412,0.6766538619995117,0.2198026478290558,-0.10360469669103622,0.6135649085044861,0.5570131540298462,-0.04226697236299515,0.6594659686088562,0.46469801664352417,-0.08718311041593552,0.6188404560089111,0.5218924283981323,-0.1004563570022583,0.5855684280395508,0.5789288878440857,-0.09952999651432037,0.639692485332489,0.6245823502540588,-0.06275628507137299,0.6697911620140076,0.5528655052185059,-0.09882134944200516,0.6374819278717041,0.5825992822647095,-0.10324094444513321,0.6033450961112976,0.6237152218818665,-0.10036363452672958
0.5210329294204712,0.8454442024230957,8.57683062349679e-07,0.4732531011104584,0.7678564786911011,-0.03937157243490219,0.46802031993865967,0.6681914329528809,-0.06449957937002182,0.513336718082428,0.5993356108665466,-0.0933123528957367,0.5683833956718445,0.5597466826438904,-0.11949425935745239,0.5183612108230591,0.4953523874282837,-0.01904587261378765,0.5279002785682678,0.37475234270095825,-0.04715771973133087,0.5349151492118835,0.30079275369644165,-0.06932402402162552,0.5465936660766602,0.23787254095077515,-0.08668643236160278,0.5742564797401428,0.5109847784042358,-0.028566796332597733,0.6255220770835876,0.37783876061439514,-0.06107298284769058,0.6531721353530884,0.2913803458213806,-0.09022211283445358,0.6797277331352234,0.22489812970161438,-0.11086282879114151,0.6110514998435974,0.5606397986412048,-0.04444132372736931,0.6583335995674133,0.46582192182540894,-0.0908394530415535,0.6166571974754333,0.5213304162025452,-0.10537384450435638,0.5831113457679749,0.5773749947547913,-0.1056099608540535,0.6365388631820679,0.6289782524108887,-0.06390387564897537,0.6669799089431763,0.55632084608078,-0.1013917475938797,0.6349334716796875,0.5843212008476257,-0.10724539309740067,0.6018142104148865,0.6240416169166565,-0.10557757318019867
0.5207188129425049,0.8465760946273804,8.569441547479073e-07,0.47241145372390747,0.7697780132293701,-0.038054291158914566,0.4667891263961792,0.6685776114463806,-0.06255897134542465,0.5127263069152832,0.5995742678642273,-0.09097575396299362,0.568489134311676,0.5618874430656433,-0.11664193123579025,0.5194745063781738,0.4956333637237549,-0.018045973032712936,0.528974711894989,0.3750512897968292,-0.04578951373696327,0.5359352231025696,0.301143079996109,-0.06739269196987152,0.5473633408546448,0.23844566941261292,-0.08427469432353973,0.5750630497932434,0.5109544396400452,-0.028022048994898796,0.625821590423584,0.3772287964820862,-0.06070858985185623,0.6531238555908203,0.29006463289260864,-0.0891503095626831,0.6793567538261414,0.2238389551639557,-0.10878947377204895,0.6114152669906616,0.5610060691833496,-0.044175200164318085,0.6575545072555542,0.46616989374160767,-0.09072703123092651,0.6160469055175781,0.5250246524810791,-0.10342065989971161,0.5825673937797546,0.5827515721321106,-0.10180193930864334,0.6367533206939697,0.6302751302719116,-0.06385241448879242,0.6676347255706787,0.5578888058662415,-0.10143682360649109,0.6357678174972534,0.5871433615684509,-0.10605430603027344,0.6019262075424194,0.6270834803581238,-0.10300549119710922
0.5203804969787598,0.8497473001480103,8.234738970713806e-07,0.4712793231010437,0.7753248810768127,-0.038616083562374115,0.4633468985557556,0.6745268702507019,-0.06295058876276016,0.508487343788147,0.6034712791442871,-0.09076406806707382,0.5648326873779297,0.5650088787078857,-0.11577428877353668,0.5179206132888794,0.49726876616477966,-0.017320943996310234,0.5286372303962708,0.37498411536216736,-0.04385678470134735,0.5353749990463257,0.30100080370903015,-0.06465613842010498,0.5460203289985657,0.23764026165008545,-0.08107110857963562,0.5740746259689331,0.512549877166748,-0.026745343580842018,0.6240849494934082,0.3783835172653198,-0.057533763349056244,0.6503629088401794,0.2905159294605255,-0.08475852012634277,0.6748567819595337,0.22295480966567993,-0.10390526056289673,0.6113690137863159,0.5617607235908508,-0.04253167659044266,0.6578948497772217,0.4672239422798157,-0.08808347582817078,0.6176095604896545,0.5230300426483154,-0.10194774717092514,0.5846240520477295,0.5789824724197388,-0.10170388966798782,0.6373524069786072,0.6299470067024231,-0.061826057732105255,0.6657506823539734,0.559763491153717,-0.09933964908123016,0.6323450803756714,0.5899555087089539,-0.10503800213336945,0.5984381437301636,0.6301156282424927,-0.10310398042201996
0.5204982161521912,0.8489921689033508,8.262629194177862e-07,0.4719597399234772,0.7754677534103394,-0.03831658139824867,0.46316665410995483,0.6744390726089478,-0.06308003515005112,0.5083194971084595,0.6031978726387024,-0.0912499874830246,0.5659798383712769,0.5657281279563904,-0.1166086345911026,0.5176727175712585,0.49797844886779785,-0.018952971324324608,0.5275459885597229,0.3758460283279419,-0.04602634161710739,0.5339786410331726,0.3028094172477722,-0.06671883910894394,0.544987678527832,0.2404135763645172,-0.08288521319627762,0.5741351246833801,0.5121070742607117,-0.028391318395733833,0.6230370998382568,0.3760645389556885,-0.05968751013278961,0.6495825052261353,0.28837651014328003,-0.08652853965759277,0.674769401550293,0.22213318943977356,-0.10512080043554306,0.6119468212127686,0.5613153576850891,-0.04400154575705528,0.6573564410209656,0.4681352972984314,-0.08994516730308533,0.6179016828536987,0.5249031186103821,-0.10324084013700485,0.5850746035575867,0.581900417804718,-0.10235249251127243,0.6389824748039246,0.6298791170120239,-0.0630120187997818,0.6670947074890137,0.5610671639442444,-0.10092238336801529,0.6343157887458801,0.5924031138420105,-0.10606798529624939,0.6001600623130798,0.6334841251373291,-0.10346775501966476
0.5215117335319519,0.8577604293823242,7.642756258974259e-07,0.47314947843551636,0.777458906173706,-0.03802987560629845,0.46495622396469116,0.6748947501182556,-0.06302309036254883,0.5109359622001648,0.6066458821296692,-0.09192349016666412,0.5672306418418884,0.5742070078849792,-0.11830280721187592,0.510762631893158,0.5050339698791504,-0.019978631287813187,0.519976019859314,0.37909942865371704,-0.05087960511445999,0.5269240736961365,0.3021802306175232,-0.07439598441123962,0.5377275943756104,0.23780369758605957,-0.09175297617912292,0.5673041343688965,0.51924729347229,-0.03035573661327362,0.6064644455909729,0.3791393041610718,-0.06592360138893127,0.6275080442428589,0.28673481941223145,-0.09547246992588043,0.6492515206336975,0.21218127012252808,-0.11503917723894119,0.6074137091636658,0.5667227506637573,-0.04668609797954559,0.6509851813316345,0.467905193567276,-0.09501625597476959,0.6157575249671936,0.5289437174797058,-0.10588986426591873,0.5861915349960327,0.5894501209259033,-0.10184337198734283,0.6363210082054138,0.6339249014854431,-0.06664586067199707,0.6644397377967834,0.5590433478355408,-0.10348562896251678,0.6365516185760498,0.5879473090171814,-0.10539253056049347,0.6066381931304932,0.6289739012718201,-0.09975758194923401
0.5217001438140869,0.8571527004241943,7.817405958121526e-07,0.47182607650756836,0.7784119844436646,-0.03789929673075676,0.46294644474983215,0.675089955329895,-0.06287219375371933,0.5108692049980164,0.607994556427002,-0.09148147702217102,0.5690725445747375,0.5755872130393982,-0.11770772933959961,0.5127750635147095,0.5055952668190002,-0.020611261948943138,0.5217680335044861,0.38137543201446533,-0.05028628557920456,0.5268673896789551,0.30584830045700073,-0.07272633165121078,0.5356258153915405,0.24158287048339844,-0.08943372219800949,0.5688360929489136,0.5192642211914062,-0.03092353045940399,0.6085031628608704,0.37937915325164795,-0.06502244621515274,0.6283739805221558,0.28777462244033813,-0.09312301874160767,0.6482195854187012,0.21403628587722778,-0.11173511296510696,0.6082943677902222,0.5671106576919556,-0.04722626879811287,0.6511279344558716,0.46991604566574097,-0.09545162320137024,0.616668701171875,0.5312492251396179,-0.10753530263900757,0.5873808860778809,0.5906034708023071,-0.10437218844890594,0.6368014216423035,0.6346697807312012,-0.06692180782556534,0.6654290556907654,0.5603057742118835,-0.10422881692647934,0.6371059417724609,0.5914679169654846,-0.10697371512651443,0.6062917113304138,0.632988691329956,-0.10205316543579102
0.5308047533035278,0.8630315065383911,6.012327276039287e-07,0.47536176443099976,0.7872927188873291,-0.043224893510341644,0.46071213483810425,0.6832700371742249,-0.06890539824962616,0.5080503821372986,0.6082360744476318,-0.09641343355178833,0.5668427348136902,0.5700167417526245,-0.12109322845935822,0.5005902647972107,0.5133470296859741,-0.024142438545823097,0.5128428936004639,0.38838857412338257,-0.056297678500413895,0.5201731324195862,0.31251493096351624,-0.08094445616006851,0.5293892621994019,0.24557271599769592,-0.09891477972269058,0.5575854778289795,0.5203043818473816,-0.030959896743297577,0.5789759159088135,0.378961980342865,-0.06624075770378113,0.5871412754058838,0.28951752185821533,-0.09388598054647446,0.5961777567863464,0.2134927213191986,-0.11206508427858353,0.6005194187164307,0.5618149638175964,-0.044320836663246155,0.6326367855072021,0.45684799551963806,-0.09546788036823273,0.6123116612434387,0.5201478600502014,-0.10797621309757233,0.592147707939148,0.5815045833587646,-0.10451492667198181,0.6348506212234497,0.624686062335968,-0.06141037493944168,0.658094584941864,0.5442957878112793,-0.10117192566394806,0.6349985599517822,0.5792922973632812,-0.10475055128335953,0.6082218885421753,0.6261621117591858,-0.09988034516572952
0.5280353426933289,0.8608099818229675,7.045002803351963e-07,0.4730072617530823,0.786182165145874,-0.04098426550626755,0.45880940556526184,0.6831372380256653,-0.06729743629693985,0.5060112476348877,0.6085535883903503,-0.09601546823978424,0.5663242340087891,0.5719094276428223,-0.12245962768793106,0.5014697909355164,0.5145971775054932,-0.027983803302049637,0.5138007998466492,0.38854676485061646,-0.060650791972875595,0.5223622918128967,0.31280359625816345,-0.08511757850646973,0.5332159399986267,0.24616092443466187,-0.10310506820678711,0.557569146156311,0.5206738710403442,-0.0369635634124279,0.5786563158035278,0.37424013018608093,-0.07217011600732803,0.5872114300727844,0.2832436263561249,-0.09966526925563812,0.5962010025978088,0.206960529088974,-0.11813890188932419,0.6004799604415894,0.5637251734733582,-0.05200490355491638,0.6368212103843689,0.4535837173461914,-0.10359902679920197,0.6157360672950745,0.5156282782554626,-0.11760705709457397,0.5933228135108948,0.5769603252410889,-0.11540015786886215,0.6342178583145142,0.629944384098053,-0.07034499198198318,0.6599606275558472,0.5490360856056213,-0.11162221431732178,0.6350099444389343,0.581114649772644,-0.11730645596981049,0.603379487991333,0.6263501644134521,-0.11415217816829681
0.5337601900100708,0.8624894618988037,5.922225909671397e-07,0.47881123423576355,0.7883486151695251,-0.04245070740580559,0.46404939889907837,0.6849866509437561,-0.06826042383909225,0.5085489749908447,0.610758364200592,-0.09659720957279205,0.5650036334991455,0.573721170425415,-0.12214257568120956,0.4973604083061218,0.5180001854896545,-0.02571707032620907,0.5014907717704773,0.3881896138191223,-0.05882123112678528,0.5060527324676514,0.30980515480041504,-0.08351964503526688,0.5135883092880249,0.24073761701583862,-0.10161259770393372,0.5530156493186951,0.5215846300125122,-0.0335572212934494,0.5636174082756042,0.3769216537475586,-0.07154442369937897,0.5635088682174683,0.28655877709388733,-0.10071472078561783,0.5656311511993408,0.20734325051307678,-0.1194227859377861,0.5971972346305847,0.5606929659843445,-0.04748022183775902,0.6267290115356445,0.44894683361053467,-0.10093393176794052,0.6078528761863708,0.521878182888031,-0.111844502389431,0.5881096720695496,0.589404284954071,-0.1060694232583046,0.633790135383606,0.6229221820831299,-0.06519032269716263,0.6567569375038147,0.5389041304588318,-0.10630472004413605,0.6375635266304016,0.5732986330986023,-0.10947876423597336,0.6133230328559875,0.6192104816436768,-0.10366309434175491
0.5342788696289062,0.8617545962333679,6.485969379355083e-07,0.4807407855987549,0.7877264022827148,-0.041437555104494095,0.466208279132843,0.6872703433036804,-0.06775658577680588,0.5105040669441223,0.6142242550849915,-0.09641284495592117,0.5668140053749084,0.5760409832000732,-0.12254055589437485,0.5001486539840698,0.5166798830032349,-0.027123669162392616,0.5051192045211792,0.3865751326084137,-0.05995573103427887,0.5099086761474609,0.307754248380661,-0.08473451435565948,0.5169139504432678,0.2392856776714325,-0.1029333844780922,0.5545816421508789,0.520306408405304,-0.03566645830869675,0.5641716718673706,0.374471515417099,-0.07262344658374786,0.5648185014724731,0.2833257019519806,-0.1017104908823967,0.566957414150238,0.20517092943191528,-0.12067732959985733,0.5978400111198425,0.560472846031189,-0.05009402707219124,0.6279868483543396,0.44766610860824585,-0.10250233113765717,0.6124552488327026,0.5154479146003723,-0.11525638401508331,0.5942418575286865,0.5808529257774353,-0.11136917769908905,0.6337131857872009,0.6243575215339661,-0.06807537376880646,0.656804084777832,0.5413803458213806,-0.10948693752288818,0.638322651386261,0.5741498470306396,-0.11443039774894714,0.6132551431655884,0.619597852230072,-0.1101093590259552
0.5463178753852844,0.8547643423080444,5.815940653519647e-07,0.491334468126297,0.7853553295135498,-0.04273716360330582,0.4724371135234833,0.6868457794189453,-0.06797919422388077,0.5134108066558838,0.6099840998649597,-0.09534450620412827,0.5689679980278015,0.5689943432807922,-0.11933332681655884,0.4976034462451935,0.5166657567024231,-0.021381981670856476,0.49720486998558044,0.3854166865348816,-0.05256962031126022,0.49996811151504517,0.3068029284477234,-0.07603449374437332,0.5061230063438416,0.23640215396881104,-0.0933002382516861,0.5517251491546631,0.5159671306610107,-0.0273894015699625,0.55317223072052,0.371432900428772,-0.0628264769911766,0.5498876571655273,0.28408730030059814,-0.08963000029325485,0.5496850609779358,0.20505636930465698,-0.1066587045788765,0.5973925590515137,0.5508345365524292,-0.03997708112001419,0.6240206956863403,0.44087809324264526,-0.09251563996076584,0.6081456542015076,0.5128043293952942,-0.10473905503749847,0.5898014903068542,0.5785685181617737,-0.09965772926807404,0.6374869346618652,0.6085839867591858,-0.056323401629924774,0.6605356335639954,0.5269156694412231,-0.0970713421702385,0.6437491178512573,0.5602506399154663,-0.10201363265514374,0.6210398077964783,0.6036567687988281,-0.09744060039520264
0.5419320464134216,0.8536072373390198,6.495488378277514e-07,0.487695574760437,0.7825354933738708,-0.041368044912815094,0.4721105098724365,0.6844455003738403,-0.06707083433866501,0.5159283876419067,0.611237645149231,-0.09551113843917847,0.571304202079773,0.5719584226608276,-0.12129944562911987,0.49857622385025024,0.517393171787262,-0.023858245462179184,0.49693214893341064,0.3857743442058563,-0.0568370595574379,0.49894407391548157,0.3061850965023041,-0.0814182236790657,0.5045875906944275,0.23685112595558167,-0.0992579534649849,0.5524761080741882,0.5175692439079285,-0.03209812194108963,0.5548697113990784,0.37204915285110474,-0.06949484348297119,0.5517001152038574,0.28257429599761963,-0.09865890443325043,0.5512721538543701,0.20239734649658203,-0.11742207407951355,0.5973652601242065,0.5541537404060364,-0.046545978635549545,0.6263096332550049,0.44272518157958984,-0.09917940199375153,0.6107863783836365,0.5121766924858093,-0.11188241839408875,0.592077910900116,0.5771768689155579,-0.1075691431760788,0.6360086798667908,0.6148662567138672,-0.06470004469156265,0.6611177921295166,0.5312747955322266,-0.10534381866455078,0.6440137028694153,0.5630747675895691,-0.11014851927757263,0.6194790005683899,0.6063607335090637,-0.10574711114168167
0.5507308840751648,0.8497855067253113,5.646641625389748e-07,0.49631214141845703,0.7834069728851318,-0.04199156537652016,0.476993203163147,0.6841397881507874,-0.06751774996519089,0.5198450684547424,0.6095030903816223,-0.09521070867776871,0.5776028633117676,0.5707212686538696,-0.1200484037399292,0.504975438117981,0.5147562623023987,-0.023830926045775414,0.5018931031227112,0.3871491253376007,-0.05482367053627968,0.5026767253875732,0.31111398339271545,-0.07835669815540314,0.5074493288993835,0.24305883049964905,-0.09589752554893494,0.5574726462364197,0.5138919353485107,-0.030581876635551453,0.5561354160308838,0.3704043924808502,-0.0655430480837822,0.5497231483459473,0.2850024700164795,-0.09271865338087082,0.5469219088554382,0.20646315813064575,-0.11048196256160736,0.6023082137107849,0.5490917563438416,-0.043535828590393066,0.6255315542221069,0.4371500015258789,-0.09507065266370773,0.6110551953315735,0.5078202486038208,-0.10821548849344254,0.5945634245872498,0.5724704265594482,-0.10460828244686127,0.6421715617179871,0.6083861589431763,-0.060084015130996704,0.663543164730072,0.5223826169967651,-0.0999230295419693,0.6459861993789673,0.5562705993652344,-0.1049506738781929,0.6228663325309753,0.60194331407547,-0.10115175694227219
0.5506177544593811,0.8502016067504883,6.203492830536561e-07,0.49533843994140625,0.7830184698104858,-0.04582645744085312,0.47783762216567993,0.684648334980011,-0.07308652251958847,0.5211873650550842,0.6087644696235657,-0.10205015540122986,0.5777270793914795,0.5661645531654358,-0.12816667556762695,0.5031720995903015,0.5156494379043579,-0.026068415492773056,0.5010239481925964,0.3879337012767792,-0.05859435722231865,0.5027433037757874,0.3111763596534729,-0.08363135159015656,0.5083354711532593,0.24264243245124817,-0.10219469666481018,0.5567270517349243,0.5148880481719971,-0.031558334827423096,0.556920051574707,0.37233611941337585,-0.0680568739771843,0.5514664649963379,0.28559955954551697,-0.09720990061759949,0.5491014122962952,0.20599830150604248,-0.11649725586175919,0.6015870571136475,0.5505905151367188,-0.04368329048156738,0.6260080933570862,0.436551958322525,-0.09665954113006592,0.611607015132904,0.507617175579071,-0.11085043847560883,0.5947962999343872,0.5732820630073547,-0.10786665230989456,0.6412026882171631,0.6103160977363586,-0.059695757925510406,0.6631333827972412,0.523177981376648,-0.10110050439834595,0.6461028456687927,0.5574184656143188,-0.10715785622596741,0.622456967830658,0.6037191152572632,-0.10390587151050568
0.555189311504364,0.8432043790817261,6.203383691172348e-07,0.49876007437705994,0.7747124433517456,-0.041667141020298004,0.48226529359817505,0.6774200201034546,-0.06684607267379761,0.5322232246398926,0.6087806224822998,-0.09400837123394012,0.5895386934280396,0.5735787153244019,-0.11857486516237259,0.5077783465385437,0.5098922848701477,-0.02509908564388752,0.505335807800293,0.3803572654724121,-0.05519005283713341,0.5057470798492432,0.3027671277523041,-0.0784018337726593,0.5100007653236389,0.23355701565742493,-0.09582299739122391,0.5610654950141907,0.5095161199569702,-0.03216775879263878,0.559884786605835,0.3671743869781494,-0.06603123992681503,0.554530143737793,0.28012344241142273,-0.09336408227682114,0.5527109503746033,0.2002553939819336,-0.11144383251667023,0.6064406633377075,0.5452429056167603,-0.045258861035108566,0.633014976978302,0.44127389788627625,-0.09513119608163834,0.6183836460113525,0.5094271302223206,-0.10925553739070892,0.6008056402206421,0.5724030137062073,-0.10662142932415009,0.6454387903213501,0.6046333312988281,-0.062004588544368744,0.6691518425941467,0.5212412476539612,-0.10068805515766144,0.652370810508728,0.5533719062805176,-0.1060485988855362,0.629560112953186,0.5976982712745667,-0.1026603952050209
0.5555217266082764,0.843795895576477,6.195240302986349e-07,0.4993188679218292,0.7761354446411133,-0.04510948807001114,0.4822387397289276,0.6789396405220032,-0.07183852046728134,0.5306339859962463,0.6073382496833801,-0.10019190609455109,0.5882646441459656,0.5671929121017456,-0.12582336366176605,0.5074658393859863,0.5133833289146423,-0.027274036779999733,0.5041608810424805,0.3844209909439087,-0.05952383205294609,0.5047208666801453,0.30621668696403503,-0.08424727618694305,0.5092003345489502,0.2372647523880005,-0.10268259793519974,0.561055064201355,0.5114902257919312,-0.03308603912591934,0.5596746206283569,0.3679540753364563,-0.06901492178440094,0.5545944571495056,0.2805022597312927,-0.09811794757843018,0.5526511073112488,0.20185509324073792,-0.11746098846197128,0.6055790185928345,0.5468301773071289,-0.045352984219789505,0.6317417025566101,0.43452492356300354,-0.0979035273194313,0.6206231117248535,0.5018026828765869,-0.11367292702198029,0.6050905585289001,0.5665430426597595,-0.11185937374830246,0.6445293426513672,0.606672465801239,-0.061421241611242294,0.6691496968269348,0.520571231842041,-0.10340237617492676,0.6555558443069458,0.5508756041526794,-0.11099734157323837,0.6332396268844604,0.5953205227851868,-0.10876282304525375
0.5583223700523376,0.8446300625801086,5.986461815155053e-07,0.5011799931526184,0.7763977646827698,-0.04426567628979683,0.4851072430610657,0.6787294149398804,-0.069645956158638,0.5354490876197815,0.6078019142150879,-0.09661711752414703,0.5920336842536926,0.5680637955665588,-0.12109397351741791,0.5113353729248047,0.512003481388092,-0.025153351947665215,0.5068797469139099,0.3840898871421814,-0.05574069544672966,0.50606769323349,0.30768898129463196,-0.08028994500637054,0.5097296833992004,0.23993125557899475,-0.09920822829008102,0.5652353763580322,0.5099749565124512,-0.031214574351906776,0.562615692615509,0.3685098886489868,-0.0656169205904007,0.5567829608917236,0.2822452187538147,-0.09563302993774414,0.5549187064170837,0.20483306050300598,-0.11637234687805176,0.6095279455184937,0.5459689497947693,-0.043677642941474915,0.635098934173584,0.43259942531585693,-0.09484604001045227,0.6254858374595642,0.4978165924549103,-0.11223305761814117,0.6122634410858154,0.5622385740280151,-0.11255932599306107,0.6476086974143982,0.6071369051933289,-0.05985918641090393,0.6711820363998413,0.5215717554092407,-0.10184329003095627,0.6563876867294312,0.5529630780220032,-0.1107679009437561,0.6345359683036804,0.5995374917984009,-0.11009284853935242
0.5587719678878784,0.8442357778549194,6.39033999050298e-07,0.5023003816604614,0.7753053903579712,-0.04893428087234497,0.4862009882926941,0.6765526533126831,-0.07631653547286987,0.5349709987640381,0.602459728717804,-0.10449211299419403,0.5932828187942505,0.5622125864028931,-0.12982502579689026,0.5107182264328003,0.5113179683685303,-0.027125705033540726,0.5067286491394043,0.3828202486038208,-0.05928276479244232,0.506504237651825,0.3051067888736725,-0.0844137892127037,0.5102110505104065,0.23664522171020508,-0.10322768241167068,0.5641483664512634,0.5108367204666138,-0.031023548915982246,0.5619566440582275,0.367595911026001,-0.06746519356966019,0.5560517907142639,0.28127944469451904,-0.09754616022109985,0.5535675883293152,0.20280224084854126,-0.11721508949995041,0.6088903546333313,0.5473650693893433,-0.04194142296910286,0.6348113417625427,0.43580999970436096,-0.09667745232582092,0.6232567429542542,0.5033679604530334,-0.11502118408679962,0.6085095405578613,0.567328929901123,-0.11434484273195267,0.6477493643760681,0.6076146364212036,-0.05676080659031868,0.671876847743988,0.523032009601593,-0.10096900165081024,0.6570566296577454,0.5556009411811829,-0.11048731952905655,0.635230541229248,0.600563108921051,-0.10930875688791275
0.557353138923645,0.8478031754493713,5.92743958804931e-07,0.5000478625297546,0.7789342403411865,-0.04591536521911621,0.4849291145801544,0.6795705556869507,-0.07234148681163788,0.5332177877426147,0.6066334247589111,-0.10011875629425049,0.5903555154800415,0.5654178261756897,-0.12532533705234528,0.5120753049850464,0.5151017904281616,-0.027084093540906906,0.50632643699646,0.3856280446052551,-0.058245155960321426,0.5040500164031982,0.30734995007514954,-0.08266215771436691,0.5064805746078491,0.2393934726715088,-0.10127478092908859,0.565395176410675,0.5147050619125366,-0.03246120363473892,0.5629554986953735,0.37141892313957214,-0.06754070520401001,0.5566282868385315,0.2840573787689209,-0.09796992689371109,0.5542352199554443,0.20701894164085388,-0.11883766949176788,0.6093908548355103,0.5516217947006226,-0.04431992024183273,0.6352716684341431,0.43599608540534973,-0.09616687893867493,0.6240677237510681,0.4955744743347168,-0.11524495482444763,0.6093301773071289,0.5567675232887268,-0.11663621664047241,0.6477890014648438,0.6124575138092041,-0.05992515757679939,0.6715113520622253,0.5250441431999207,-0.10253927856683731,0.6577268242835999,0.5498897433280945,-0.11312346160411835,0.6360834836959839,0.590923011302948,-0.11359506845474243
0.5572548508644104,0.8457715511322021,6.127044684944849e-07,0.5010555386543274,0.7790036201477051,-0.0480864979326725,0.48616307973861694,0.680167019367218,-0.07585470378398895,0.533790647983551,0.6068159937858582,-0.10456749051809311,0.5906488299369812,0.5637056231498718,-0.13032987713813782,0.511734664440155,0.5121046304702759,-0.02840731479227543,0.5062521696090698,0.3828442096710205,-0.05993042141199112,0.5049077868461609,0.3050486147403717,-0.08451370894908905,0.5084813833236694,0.23697823286056519,-0.1030232384800911,0.5648503303527832,0.5117748975753784,-0.03294594585895538,0.5622286200523376,0.36861273646354675,-0.0681428387761116,0.5560078620910645,0.28190383315086365,-0.09777941554784775,0.5536954998970032,0.20475950837135315,-0.11774004250764847,0.6091507077217102,0.548241913318634,-0.044268883764743805,0.6346218585968018,0.435127854347229,-0.09660345315933228,0.6224623918533325,0.49934783577919006,-0.11460179090499878,0.6074603796005249,0.5615088939666748,-0.11491347849369049,0.6479568481445312,0.6079459190368652,-0.05954333394765854,0.6723081469535828,0.5215871334075928,-0.10201387107372284,0.6574116945266724,0.5518985986709595,-0.11147851496934891,0.6356298923492432,0.5960255265235901,-0.11101453751325607
0.5592858195304871,0.8460830450057983,6.384403832271346e-07,0.5043896436691284,0.7748285531997681,-0.0478534996509552,0.4879697859287262,0.6778908371925354,-0.07501324266195297,0.5353933572769165,0.6040256023406982,-0.1034841239452362,0.5931905508041382,0.5633749961853027,-0.12913155555725098,0.5100220441818237,0.5132591128349304,-0.024331755936145782,0.5051968693733215,0.38195401430130005,-0.05592619255185127,0.5045948028564453,0.3027612864971161,-0.08098464459180832,0.5083191990852356,0.23313850164413452,-0.09956540912389755,0.5631967782974243,0.5128567218780518,-0.028305213898420334,0.5613216757774353,0.37041401863098145,-0.06362687796354294,0.555344820022583,0.2836460471153259,-0.09321906417608261,0.5526313185691833,0.20421954989433289,-0.11268232762813568,0.6079837679862976,0.5482062697410583,-0.03934141620993614,0.6329323649406433,0.4364563226699829,-0.09228820353746414,0.6222749948501587,0.502828061580658,-0.1099105030298233,0.6080777645111084,0.5678306221961975,-0.10894832015037537,0.6469663381576538,0.6073540449142456,-0.05441366881132126,0.671358585357666,0.5215290188789368,-0.09642591327428818,0.6585378646850586,0.5516787171363831,-0.10488726198673248,0.6379995942115784,0.5967727899551392,-0.10312113165855408
0.5597257018089294,0.846555769443512,6.254027766772197e-07,0.5035995244979858,0.7760181427001953,-0.04518722742795944,0.4872487187385559,0.6767986416816711,-0.07060489803552628,0.5357625484466553,0.6008173227310181,-0.09770199656486511,0.5938815474510193,0.5603350400924683,-0.12201637029647827,0.5104498863220215,0.5135746002197266,-0.02215656451880932,0.5051555633544922,0.3848721981048584,-0.05309664085507393,0.504092276096344,0.30656757950782776,-0.0772387683391571,0.506607174873352,0.2380307912826538,-0.09526854008436203,0.563850998878479,0.5120707750320435,-0.027433739975094795,0.561519980430603,0.36992889642715454,-0.06284020841121674,0.555528998374939,0.2831932306289673,-0.09205343574285507,0.552180826663971,0.2040081024169922,-0.11101173609495163,0.6085416078567505,0.5473636388778687,-0.03953753411769867,0.6336835026741028,0.43626338243484497,-0.09271243214607239,0.6229786276817322,0.5046387314796448,-0.10922311991453171,0.6083571910858154,0.5687990784645081,-0.10722996294498444,0.6476472616195679,0.607029914855957,-0.055407751351594925,0.6716898679733276,0.5213193297386169,-0.09747590869665146,0.6581594944000244,0.5528256893157959,-0.10526369512081146,0.6369596719741821,0.5970681309700012,-0.1028837338089943
0.5597856044769287,0.8503642082214355,6.334741442515224e-07,0.5015183091163635,0.7838063836097717,-0.04699264094233513,0.48387038707733154,0.6858611106872559,-0.07412693649530411,0.5316380262374878,0.6102584600448608,-0.10247957706451416,0.5885911583900452,0.5667053461074829,-0.1280500888824463,0.5054710507392883,0.5186640024185181,-0.02916267141699791,0.4991683065891266,0.3871347904205322,-0.06202949956059456,0.4969387352466583,0.3068580627441406,-0.0872156098484993,0.4984067678451538,0.23676028847694397,-0.10599865764379501,0.5611522793769836,0.5150362253189087,-0.03410615026950836,0.5615746974945068,0.3716285526752472,-0.07072093337774277,0.5571726560592651,0.28400400280952454,-0.10051444917917252,0.554452121257782,0.2067427933216095,-0.12025289237499237,0.6067091226577759,0.5493294596672058,-0.0457010492682457,0.6323447227478027,0.43684372305870056,-0.09850632399320602,0.6246393918991089,0.5004032254219055,-0.11534852534532547,0.6119020581245422,0.5640561580657959,-0.11436651647090912,0.6464470028877258,0.6078096628189087,-0.06124060973525047,0.6713937520980835,0.5206669569015503,-0.10344862192869186,0.6604676246643066,0.5477091670036316,-0.11203864216804504,0.6405200958251953,0.5903064012527466,-0.11056876927614212
0.5618476271629333,0.8500765562057495,6.404200689758e-07,0.5035718679428101,0.7851884365081787,-0.04740367829799652,0.4847089946269989,0.6862732172012329,-0.07475917041301727,0.5315557718276978,0.6080875396728516,-0.10312645882368088,0.589823305606842,0.565221905708313,-0.12854118645191193,0.5072138905525208,0.5191280841827393,-0.02991178259253502,0.4994468688964844,0.3880999684333801,-0.06242834031581879,0.4967753291130066,0.3092956840991974,-0.08720982074737549,0.49783843755722046,0.2404603362083435,-0.10566261410713196,0.5619676113128662,0.5155936479568481,-0.034331366419792175,0.5617488026618958,0.3702218532562256,-0.07055866718292236,0.5567395687103271,0.2831178903579712,-0.09984752535820007,0.5538371205329895,0.20648226141929626,-0.11919086426496506,0.6072434782981873,0.549645185470581,-0.04535004124045372,0.6311277151107788,0.43708914518356323,-0.0973079577088356,0.6221644282341003,0.5010764002799988,-0.11362650245428085,0.6089165210723877,0.5638267993927002,-0.11248713731765747,0.6473824977874756,0.6077017784118652,-0.060352873057127,0.6710484027862549,0.5208050012588501,-0.10138124972581863,0.6578274369239807,0.5497226119041443,-0.10935406386852264,0.6366418600082397,0.5934643745422363,-0.10772836208343506
0.5587033629417419,0.8430753946304321,6.815959636696789e-07,0.5010707378387451,0.7776302695274353,-0.04144107922911644,0.4797360301017761,0.6790521740913391,-0.06648944318294525,0.5289838910102844,0.6076224446296692,-0.09291038662195206,0.5890716314315796,0.57137131690979,-0.11722097545862198,0.5072638392448425,0.5054551362991333,-0.027151459828019142,0.4871758818626404,0.38254597783088684,-0.05711405351758003,0.47179365158081055,0.30545681715011597,-0.07933131605386734,0.46125364303588867,0.2397472858428955,-0.09565524011850357,0.5641614198684692,0.5058069229125977,-0.03454427421092987,0.574630081653595,0.3616541624069214,-0.06750587373971939,0.5755001306533813,0.27446654438972473,-0.09386415034532547,0.5769502520561218,0.19899964332580566,-0.11041772365570068,0.6096702218055725,0.5447244644165039,-0.04791764169931412,0.6406890749931335,0.4475914537906647,-0.09797034412622452,0.6256033182144165,0.5083862543106079,-0.11403940618038177,0.6088767647743225,0.5660983324050903,-0.11251813918352127,0.6465141177177429,0.6073544025421143,-0.06439168751239777,0.6712537407875061,0.5312064290046692,-0.10273747891187668,0.6546633243560791,0.5627773404121399,-0.10736396163702011,0.6338740587234497,0.6045061945915222,-0.10340619832277298
0.5545224547386169,0.8456779718399048,6.479698981820547e-07,0.4984576404094696,0.7780458331108093,-0.04085921868681908,0.4789276421070099,0.680023729801178,-0.06623028218746185,0.5288042426109314,0.6103931665420532,-0.09348228573799133,0.588694155216217,0.5750208497047424,-0.1188800260424614,0.5067704319953918,0.5083728432655334,-0.027147701010107994,0.487165629863739,0.3851587176322937,-0.05794452130794525,0.4719409644603729,0.30781030654907227,-0.08130822330713272,0.462690532207489,0.2421640157699585,-0.0985722616314888,0.5636353492736816,0.5096015334129333,-0.03532656282186508,0.5750347971916199,0.363989919424057,-0.06884042918682098,0.576213002204895,0.27492478489875793,-0.09664257615804672,0.5797614455223083,0.19894635677337646,-0.11488711088895798,0.6091061234474182,0.5495257377624512,-0.049381323158741,0.642286479473114,0.44843789935112,-0.09841170161962509,0.6239866018295288,0.5054619908332825,-0.11481030285358429,0.6059291958808899,0.5621481537818909,-0.11455263942480087,0.645652711391449,0.6133575439453125,-0.06662436574697495,0.6711227893829346,0.5346152186393738,-0.10364475101232529,0.6522449254989624,0.564487874507904,-0.10820073634386063,0.6301029324531555,0.6067414283752441,-0.10498795658349991
0.5582449436187744,0.8448795080184937,7.229247103168746e-07,0.5002455711364746,0.7815263271331787,-0.04034298658370972,0.48015427589416504,0.680640459060669,-0.0629054382443428,0.5294497609138489,0.6040117740631104,-0.08768205344676971,0.5886430144309998,0.5656752586364746,-0.10981167107820511,0.4997180700302124,0.5072875022888184,-0.018991919234395027,0.4746338725090027,0.3842496871948242,-0.04662182927131653,0.4574398398399353,0.30618613958358765,-0.06705033779144287,0.4449441432952881,0.23976895213127136,-0.08202717453241348,0.5592637062072754,0.5054043531417847,-0.02591583877801895,0.5784043669700623,0.3612625002861023,-0.057914573699235916,0.5844831466674805,0.2710706293582916,-0.08381742984056473,0.5887321829795837,0.19587746262550354,-0.09937605261802673,0.6055092215538025,0.5421026349067688,-0.039231568574905396,0.6342450380325317,0.4462631344795227,-0.08907352387905121,0.6205786466598511,0.5102555751800537,-0.10399292409420013,0.6067746877670288,0.5696192979812622,-0.10065102577209473,0.6428338289260864,0.6003786325454712,-0.05560771003365517,0.6645345687866211,0.5243617296218872,-0.09204576164484024,0.6476260423660278,0.5599632859230042,-0.09468361735343933,0.6291021108627319,0.6040692329406738,-0.08891545236110687
0.5573681592941284,0.8437868356704712,7.317501058423659e-07,0.49936115741729736,0.7780699133872986,-0.038599900901317596,0.4811895191669464,0.6774482727050781,-0.060954343527555466,0.5297635793685913,0.6046048402786255,-0.0860375314950943,0.5854799151420593,0.5640941858291626,-0.10879909247159958,0.5010150074958801,0.5053447484970093,-0.019374238327145576,0.47509363293647766,0.38431957364082336,-0.04550741985440254,0.45572471618652344,0.3069705367088318,-0.06582756340503693,0.4427962005138397,0.2421099841594696,-0.0810614824295044,0.5600882172584534,0.505335807800293,-0.027559461072087288,0.5782347917556763,0.3625216484069824,-0.056693773716688156,0.5828233361244202,0.2716256082057953,-0.08273452520370483,0.587641716003418,0.19785606861114502,-0.09986896812915802,0.6061218976974487,0.5441092252731323,-0.041810862720012665,0.6365588903427124,0.4480772912502289,-0.08668511360883713,0.6194096803665161,0.5055908560752869,-0.10211919993162155,0.603352427482605,0.5620192885398865,-0.10156027227640152,0.642510712146759,0.6047434210777283,-0.0592469647526741,0.6668449640274048,0.524833619594574,-0.09219266474246979,0.6480650305747986,0.5562497973442078,-0.09473629295825958,0.6273106336593628,0.6007893085479736,-0.09043152630329132
0.5558345913887024,0.8436181545257568,7.598169986522407e-07,0.4970209002494812,0.7837519645690918,-0.041280437260866165,0.4762210547924042,0.688753068447113,-0.06537647545337677,0.5230469703674316,0.6149330139160156,-0.0916200503706932,0.5784904360771179,0.576461672782898,-0.11515014618635178,0.49513787031173706,0.5075098276138306,-0.022367840632796288,0.46495556831359863,0.3864542841911316,-0.05120551958680153,0.44284313917160034,0.3089205026626587,-0.07254384458065033,0.42655110359191895,0.2432296872138977,-0.08784043043851852,0.5543741583824158,0.5054327845573425,-0.02952783927321434,0.5720342397689819,0.36230653524398804,-0.06176978349685669,0.5766887664794922,0.2710287272930145,-0.08747686445713043,0.5823267698287964,0.19659551978111267,-0.10297834873199463,0.601587176322937,0.5427664518356323,-0.04306679964065552,0.6317808032035828,0.4533826410770416,-0.09111114591360092,0.6123005747795105,0.5173884630203247,-0.10408958792686462,0.5968283414840698,0.5769217014312744,-0.09997390955686569,0.6393484473228455,0.6013169884681702,-0.06008465588092804,0.660271167755127,0.5290501117706299,-0.09456292539834976,0.640756368637085,0.566896915435791,-0.09532853960990906,0.6235313415527344,0.613096296787262,-0.08843830227851868
0.5575515627861023,0.8420274257659912,7.573448783659842e-07,0.49842774868011475,0.7827317714691162,-0.039571452885866165,0.4769648015499115,0.6862912774085999,-0.06317125260829926,0.5216293334960938,0.6138810515403748,-0.08928902447223663,0.5755152106285095,0.573383629322052,-0.11292602121829987,0.49677279591560364,0.5057775378227234,-0.024168312549591064,0.4660876989364624,0.38677161931991577,-0.05257011577486992,0.44397541880607605,0.31017863750457764,-0.07337982952594757,0.4286317825317383,0.24545294046401978,-0.0884285643696785,0.5563750863075256,0.5038500428199768,-0.03251676633954048,0.5744154453277588,0.3610936105251312,-0.0641978532075882,0.5785574316978455,0.2704413831233978,-0.08966841548681259,0.5839754343032837,0.19590413570404053,-0.10538977384567261,0.6034479737281799,0.54209303855896,-0.04680028557777405,0.6313382387161255,0.45222923159599304,-0.09427332878112793,0.6108499765396118,0.5188049674034119,-0.10701017081737518,0.595343291759491,0.5795051455497742,-0.10326170921325684,0.6406523585319519,0.6029250621795654,-0.06433137506246567,0.661626935005188,0.5285651683807373,-0.09832756966352463,0.6397956609725952,0.5661788582801819,-0.09847807884216309,0.6196106672286987,0.6136353015899658,-0.09156295657157898
0.5542975068092346,0.8419706225395203,8.119023959807237e-07,0.49395856261253357,0.7827314138412476,-0.041251830756664276,0.47199109196662903,0.6857296228408813,-0.06566474586725235,0.5187426805496216,0.6132566928863525,-0.09265933185815811,0.5772666931152344,0.5780235528945923,-0.11717521399259567,0.49097108840942383,0.507384717464447,-0.023711642250418663,0.45802628993988037,0.3876188397407532,-0.05304264277219772,0.43441152572631836,0.31019580364227295,-0.0745702013373375,0.41778168082237244,0.2447085976600647,-0.09038393199443817,0.5517218708992004,0.5054166316986084,-0.03186868876218796,0.5726973414421082,0.36305761337280273,-0.06597016751766205,0.5778506994247437,0.27023032307624817,-0.09395759552717209,0.5840401649475098,0.1926576793193817,-0.11123498529195786,0.5990548133850098,0.5433230400085449,-0.046267375349998474,0.6285085678100586,0.4538671672344208,-0.09649120271205902,0.6071376800537109,0.5220341682434082,-0.1113276556134224,0.5920911431312561,0.5821210741996765,-0.10834115743637085,0.6369880437850952,0.6020333766937256,-0.06397591531276703,0.6565196514129639,0.5315505266189575,-0.10014349222183228,0.6341112852096558,0.5713101029396057,-0.10217485576868057,0.6160712242126465,0.6180319786071777,-0.0963142141699791
0.5578579306602478,0.8365616202354431,8.362169978681777e-07,0.4960096776485443,0.7795159220695496,-0.044420283287763596,0.4733245074748993,0.6826632022857666,-0.06968481093645096,0.5178084969520569,0.6106554269790649,-0.09676171094179153,0.5744390487670898,0.5696960687637329,-0.12119079381227493,0.49199914932250977,0.5059470534324646,-0.026094714179635048,0.4587429463863373,0.3867133855819702,-0.054353225976228714,0.43527650833129883,0.3095765709877014,-0.07469870895147324,0.41935795545578003,0.24416670203208923,-0.08950305730104446,0.5526494979858398,0.5033343434333801,-0.03298702836036682,0.572364330291748,0.3598036468029022,-0.06515982002019882,0.5771024227142334,0.2682816982269287,-0.09123566001653671,0.5817559957504272,0.19379442930221558,-0.10708389431238174,0.5999066829681396,0.5411422252655029,-0.04662751033902168,0.628067672252655,0.4548753499984741,-0.09763206541538239,0.6070427894592285,0.5242071151733398,-0.11465231329202652,0.5910117626190186,0.5849246382713318,-0.11284712702035904,0.6368186473846436,0.5992916822433472,-0.0635664090514183,0.6566330194473267,0.5293980836868286,-0.10100437700748444,0.6334879994392395,0.5709811449050903,-0.1045672744512558,0.6126301288604736,0.6189919710159302,-0.09982796758413315
0.5581982135772705,0.8414736986160278,8.173274750333803e-07,0.497383713722229,0.7861164808273315,-0.03947468101978302,0.47626346349716187,0.6907352209091187,-0.06216726079583168,0.5211443901062012,0.6170917749404907,-0.08752349764108658,0.5744742751121521,0.5759666562080383,-0.11047262698411942,0.48959478735923767,0.5095815062522888,-0.021875066682696342,0.4563571810722351,0.38923734426498413,-0.048636294901371,0.43277984857559204,0.31233853101730347,-0.06888023018836975,0.41591423749923706,0.24671462178230286,-0.08400679379701614,0.550723671913147,0.5057228803634644,-0.030352231115102768,0.5717887282371521,0.3613807260990143,-0.06080366671085358,0.576817512512207,0.2685730457305908,-0.08732693642377853,0.581576943397522,0.19298136234283447,-0.10420096665620804,0.5983052253723145,0.5431226491928101,-0.04480521380901337,0.6272420287132263,0.45270779728889465,-0.09183319658041,0.6067442893981934,0.5197771191596985,-0.10676426440477371,0.5911749005317688,0.581035852432251,-0.10481474548578262,0.6358875036239624,0.6020016074180603,-0.062418047338724136,0.6564972996711731,0.5305066704750061,-0.09715887904167175,0.634196400642395,0.5702388286590576,-0.09907861053943634,0.6148132085800171,0.6188820600509644,-0.09361784160137177
0.5581740140914917,0.8425015211105347,8.282739827336627e-07,0.49860695004463196,0.78673255443573,-0.037563033401966095,0.47717371582984924,0.6922566294670105,-0.05995853990316391,0.5208099484443665,0.619258463382721,-0.08529282361268997,0.5729773640632629,0.5764962434768677,-0.10832241177558899,0.48966383934020996,0.5083926916122437,-0.022196169942617416,0.4557991623878479,0.3890853524208069,-0.04911183565855026,0.43330952525138855,0.3119213581085205,-0.06883249431848526,0.4174642562866211,0.24651071429252625,-0.08327662944793701,0.5510540008544922,0.5042880177497864,-0.031686265021562576,0.5727918744087219,0.35929638147354126,-0.062178321182727814,0.5774328708648682,0.26726511120796204,-0.08739197254180908,0.5817068815231323,0.19330549240112305,-0.10283608734607697,0.599042534828186,0.5421422719955444,-0.04689641669392586,0.6274046897888184,0.45396876335144043,-0.09277049452066422,0.605887770652771,0.5223120450973511,-0.10518778860569,0.5899882316589355,0.5823564529418945,-0.10148898512125015,0.6366782784461975,0.6023065447807312,-0.06518439203500748,0.6562113761901855,0.5313398241996765,-0.09779541939496994,0.6331932544708252,0.572324812412262,-0.09719140082597733,0.6137255430221558,0.6201116442680359,-0.08994671702384949
0.5569761991500854,0.8383761644363403,8.147150651893753e-07,0.497337281703949,0.7800654172897339,-0.039106860756874084,0.4751550853252411,0.6851031184196472,-0.06266623735427856,0.5193740129470825,0.6122367978096008,-0.08876995742321014,0.5732241868972778,0.5706331729888916,-0.11271703243255615,0.49027734994888306,0.5066652894020081,-0.02678399533033371,0.45758670568466187,0.388019323348999,-0.0545816496014595,0.4345683157444,0.3118862807750702,-0.07490317523479462,0.4181313216686249,0.24655526876449585,-0.0899253711104393,0.5522810816764832,0.5027135014533997,-0.03569604456424713,0.5736430287361145,0.3576083779335022,-0.06641991436481476,0.578807532787323,0.265648752450943,-0.09179016202688217,0.5841296911239624,0.18996772170066833,-0.10792186111211777,0.6006595492362976,0.5412301421165466,-0.050191547721624374,0.6279684901237488,0.4518681764602661,-0.09656025469303131,0.6066986322402954,0.5192420482635498,-0.10978712886571884,0.5913334488868713,0.5799278616905212,-0.10698694735765457,0.6382498145103455,0.6028796434402466,-0.06782961636781693,0.6574602127075195,0.5293205976486206,-0.10130807757377625,0.6337687373161316,0.5684326887130737,-0.10148916393518448,0.613091230392456,0.617382824420929,-0.09505796432495117
0.5568330883979797,0.8360563516616821,8.050261044445506e-07,0.49723631143569946,0.7793567776679993,-0.04006221890449524,0.476423054933548,0.6853049993515015,-0.06367488205432892,0.5205609798431396,0.6127713322639465,-0.08979510515928268,0.574388861656189,0.5722551345825195,-0.11354955285787582,0.49044448137283325,0.5046958923339844,-0.02467181161046028,0.45720916986465454,0.38664817810058594,-0.05202699452638626,0.4337785542011261,0.31090492010116577,-0.07225121557712555,0.4174473285675049,0.24596619606018066,-0.0872223824262619,0.5522862076759338,0.5011155009269714,-0.03296470269560814,0.5731456279754639,0.35827308893203735,-0.06371069699525833,0.5780105590820312,0.266926646232605,-0.08955616503953934,0.5831639766693115,0.1916496753692627,-0.10593084245920181,0.6004648208618164,0.5394340753555298,-0.047128740698099136,0.6280098557472229,0.4513307809829712,-0.09474332630634308,0.6072186827659607,0.5192515850067139,-0.10932789742946625,0.5923578143119812,0.5808737874031067,-0.10698117315769196,0.6379830837249756,0.5999673008918762,-0.064421147108078,0.656928539276123,0.5294632315635681,-0.099411241710186,0.6332293748855591,0.5697569847106934,-0.10100222378969193,0.613125205039978,0.6194395422935486,-0.09523384273052216
0.5614359974861145,0.8395262360572815,8.329946012963774e-07,0.4984591007232666,0.783338189125061,-0.04118569940328598,0.47539788484573364,0.68766850233078,-0.06478077173233032,0.5191174745559692,0.6151247024536133,-0.09092902392148972,0.5732114315032959,0.5738576650619507,-0.11470069736242294,0.49311894178390503,0.5085561275482178,-0.024348702281713486,0.45911020040512085,0.38824501633644104,-0.05127139016985893,0.4355372190475464,0.31170788407325745,-0.07125247269868851,0.4195560812950134,0.2460249960422516,-0.08613254874944687,0.5547624826431274,0.5041992664337158,-0.03268677368760109,0.5761394500732422,0.3587263226509094,-0.0626055896282196,0.5808080434799194,0.2650011479854584,-0.08842819184064865,0.5856890082359314,0.18921014666557312,-0.10496081411838531,0.6024964451789856,0.5423218607902527,-0.04732464998960495,0.6283965110778809,0.4516351819038391,-0.09511824697256088,0.606476902961731,0.517372727394104,-0.11206533759832382,0.5911891460418701,0.5789139866828918,-0.11140598356723785,0.6394257545471191,0.6019690632820129,-0.06520251929759979,0.6584253907203674,0.5290812253952026,-0.10121796280145645,0.6327959299087524,0.5674283504486084,-0.10514534264802933,0.610511064529419,0.6174448132514954,-0.10118875652551651
0.5591832995414734,0.8421598672866821,8.110354201562586e-07,0.4979296624660492,0.7854166030883789,-0.03615652024745941,0.47421562671661377,0.6880267858505249,-0.05766788870096207,0.5192192792892456,0.6149043440818787,-0.08247153460979462,0.5747037529945374,0.5773626565933228,-0.10525284707546234,0.4928678274154663,0.5063821077346802,-0.0220357533544302,0.4588915705680847,0.38727086782455444,-0.0483953021466732,0.43616893887519836,0.31052184104919434,-0.06799519807100296,0.4199790358543396,0.24529841542243958,-0.08272970467805862,0.5545842051506042,0.5031332969665527,-0.0319681316614151,0.5771496891975403,0.3580856919288635,-0.06177724525332451,0.5815015435218811,0.2650333344936371,-0.0867977887392044,0.586136519908905,0.18964019417762756,-0.10269629210233688,0.6023630499839783,0.5414913296699524,-0.0474005751311779,0.6296835541725159,0.44933971762657166,-0.09249360859394073,0.6067546606063843,0.5155256986618042,-0.10524846613407135,0.5909276008605957,0.576958417892456,-0.10227225720882416,0.6393508911132812,0.6024424433708191,-0.0659213587641716,0.6582844853401184,0.5297871232032776,-0.09892847388982773,0.6333545446395874,0.5688344240188599,-0.0994454026222229,0.6124341487884521,0.6188051104545593,-0.09320170432329178
0.5605527758598328,0.8401238918304443,8.132268476401805e-07,0.4995989501476288,0.7842133641242981,-0.03993939980864525,0.4763273298740387,0.6882977485656738,-0.06299449503421783,0.5186442136764526,0.6148154735565186,-0.08876703679561615,0.5722603797912598,0.5727552175521851,-0.11214814335107803,0.493134081363678,0.5075002312660217,-0.02431764081120491,0.45959633588790894,0.38742172718048096,-0.051104843616485596,0.43631088733673096,0.3108932375907898,-0.07028482854366302,0.41978979110717773,0.24581769108772278,-0.08432140946388245,0.5549806952476501,0.5034959316253662,-0.0329059474170208,0.5768173336982727,0.35741448402404785,-0.06275951117277145,0.5811226963996887,0.2649855315685272,-0.08725077658891678,0.5853477716445923,0.19092592597007751,-0.1023884043097496,0.6031582951545715,0.541522204875946,-0.04756039008498192,0.6301344633102417,0.4536377191543579,-0.09464741498231888,0.6075841784477234,0.5214746594429016,-0.10938163846731186,0.5915403366088867,0.5828600525856018,-0.10702495276927948,0.6401935815811157,0.6013829708099365,-0.0653858631849289,0.6595883369445801,0.5303672552108765,-0.0998520776629448,0.6341181397438049,0.5703999996185303,-0.10161349177360535,0.6120114922523499,0.6199838519096375,-0.09604121744632721
0.5588145852088928,0.8420045971870422,8.22850552140153e-07,0.4982309937477112,0.7865907549858093,-0.040932390838861465,0.47552603483200073,0.6912810802459717,-0.0646805614233017,0.5184465050697327,0.617924153804779,-0.09106770157814026,0.5722216963768005,0.5751940011978149,-0.11505947262048721,0.49335870146751404,0.5083025693893433,-0.02489643730223179,0.46004560589790344,0.38821446895599365,-0.051721882075071335,0.4364468455314636,0.3114267587661743,-0.0712786465883255,0.42015403509140015,0.24591699242591858,-0.08575410395860672,0.5546957850456238,0.5049029588699341,-0.033268459141254425,0.5766723155975342,0.35913902521133423,-0.06320356577634811,0.5806644558906555,0.26568707823753357,-0.08829205483198166,0.5851249098777771,0.1909172534942627,-0.10417380183935165,0.60250324010849,0.543059229850769,-0.04782018065452576,0.6299471855163574,0.4537540376186371,-0.09474657475948334,0.6069129109382629,0.5210987329483032,-0.10980232059955597,0.5907788872718811,0.5829437375068665,-0.10799602419137955,0.639439582824707,0.6024971008300781,-0.06571412831544876,0.6594285368919373,0.5295658707618713,-0.1001422181725502,0.6344772577285767,0.5697789788246155,-0.10233905911445618,0.6130488514900208,0.6201615333557129,-0.09731260687112808
0.5613201260566711,0.8412878513336182,8.480051292281132e-07,0.5005175471305847,0.785453736782074,-0.04380730912089348,0.4802328050136566,0.6901453137397766,-0.0684804767370224,0.5237157940864563,0.6141743063926697,-0.09516289830207825,0.5761168599128723,0.5680004358291626,-0.11884845793247223,0.4937375485897064,0.5072130560874939,-0.024295875802636147,0.45932355523109436,0.3860217332839966,-0.05206688866019249,0.4358048439025879,0.30823084712028503,-0.07228685915470123,0.4196526110172272,0.24221399426460266,-0.08683503419160843,0.5557894110679626,0.5036407709121704,-0.031190644949674606,0.5764651298522949,0.357538640499115,-0.06262120604515076,0.5811220407485962,0.2649184465408325,-0.08840221166610718,0.5858891010284424,0.18977141380310059,-0.1039852723479271,0.6037988662719727,0.5416019558906555,-0.04472566768527031,0.6312885284423828,0.453143835067749,-0.0939563438296318,0.6093947291374207,0.5250036120414734,-0.10835642367601395,0.5937164425849915,0.5867448449134827,-0.10489758104085922,0.641291081905365,0.6006765365600586,-0.06168706715106964,0.6608850359916687,0.5288844108581543,-0.09711508452892303,0.6364306211471558,0.5712586641311646,-0.09828687459230423,0.6153938174247742,0.6198539137840271,-0.09180732816457748
0.5601003766059875,0.8430136442184448,8.469752401651931e-07,0.49984192848205566,0.787447452545166,-0.04422328248620033,0.4798167943954468,0.6920267343521118,-0.06881571561098099,0.5239800214767456,0.6160392165184021,-0.09540104120969772,0.5767802596092224,0.569735586643219,-0.11906945705413818,0.49397674202919006,0.5075899362564087,-0.024220392107963562,0.4595377743244171,0.3862931728363037,-0.051152776926755905,0.43568164110183716,0.3087448179721832,-0.07126031070947647,0.41955798864364624,0.24240899085998535,-0.08612161129713058,0.5556252598762512,0.5040132403373718,-0.030927762389183044,0.5761604905128479,0.35781151056289673,-0.06115307658910751,0.5810679197311401,0.2648541331291199,-0.08712534606456757,0.5864600539207458,0.18953970074653625,-0.10353758186101913,0.6031264066696167,0.5421549081802368,-0.04433947056531906,0.6317691802978516,0.45152944326400757,-0.0926879420876503,0.6106745004653931,0.5209576487541199,-0.10864046961069107,0.5953757166862488,0.5829926133155823,-0.10693426430225372,0.6401764750480652,0.6014748811721802,-0.06126447021961212,0.6616076231002808,0.5283375978469849,-0.09698473662137985,0.6379554271697998,0.5689049363136292,-0.09993484616279602,0.6168041229248047,0.6182092428207397,-0.0951300710439682
0.5645115971565247,0.8402010202407837,8.238381496994407e-07,0.5034857392311096,0.7829528450965881,-0.040831562131643295,0.4800516963005066,0.6896701455116272,-0.06543134897947311,0.5234129428863525,0.6179988384246826,-0.09265456348657608,0.5778318643569946,0.5769232511520386,-0.11743135005235672,0.49620625376701355,0.5097490549087524,-0.025936253368854523,0.4629506468772888,0.3884540796279907,-0.053774770349264145,0.43970441818237305,0.31141841411590576,-0.07404759526252747,0.42312508821487427,0.24507072567939758,-0.08891283720731735,0.5575469136238098,0.5055442452430725,-0.03420945629477501,0.5790719985961914,0.3588719964027405,-0.06499839574098587,0.5842708945274353,0.2658289670944214,-0.09079432487487793,0.5892346501350403,0.19007465243339539,-0.1071104034781456,0.6053355932235718,0.5426999926567078,-0.048465240746736526,0.6329988241195679,0.4543360471725464,-0.09524176269769669,0.6131042242050171,0.5203237533569336,-0.10981767624616623,0.5981659293174744,0.5810459852218628,-0.10764003545045853,0.6431044340133667,0.6014057993888855,-0.06601675599813461,0.662859320640564,0.5280612111091614,-0.09901371598243713,0.6396827697753906,0.5670333504676819,-0.099746473133564,0.6188636422157288,0.6163429617881775,-0.09380235522985458
0.561095118522644,0.8430928587913513,8.316882826875371e-07,0.5015974044799805,0.7851269245147705,-0.03906191140413284,0.4811582565307617,0.6888753771781921,-0.061970390379428864,0.5261895060539246,0.6159430742263794,-0.08772964775562286,0.5813537240028381,0.5768917202949524,-0.11116807162761688,0.4972192347049713,0.5094813704490662,-0.023201383650302887,0.46351826190948486,0.3877146244049072,-0.05015045031905174,0.44034308195114136,0.3105161190032959,-0.07000519335269928,0.4239700734615326,0.24511224031448364,-0.08459815382957458,0.5581040382385254,0.5066453814506531,-0.03186381980776787,0.5802527666091919,0.358500212430954,-0.06209282577037811,0.5840864777565002,0.2649412155151367,-0.08791162818670273,0.5885113477706909,0.18991237878799438,-0.1041354164481163,0.6053069829940796,0.5450859665870667,-0.046373479068279266,0.6343886852264404,0.4522749185562134,-0.09203209728002548,0.6131552457809448,0.516812264919281,-0.10617668926715851,0.598086416721344,0.5769275426864624,-0.10384567826986313,0.6425151824951172,0.6050892472267151,-0.0640961155295372,0.6634714603424072,0.5294817686080933,-0.09668993204832077,0.6394278407096863,0.5674870014190674,-0.09738878905773163,0.6185689568519592,0.6167802810668945,-0.0913277342915535
0.5673053860664368,0.8415695428848267,8.160662332556967e-07,0.5038660168647766,0.7873915433883667,-0.04263858497142792,0.48090308904647827,0.6920168399810791,-0.06645869463682175,0.5260921120643616,0.6186860203742981,-0.09246790409088135,0.5797929167747498,0.5754735469818115,-0.11593233793973923,0.49855852127075195,0.510259211063385,-0.02493128925561905,0.4660322964191437,0.38860011100769043,-0.0524214506149292,0.4433494508266449,0.3106098771095276,-0.07235699892044067,0.42721763253211975,0.24328738451004028,-0.0871119499206543,0.560356616973877,0.5049225687980652,-0.032299838960170746,0.5804915428161621,0.3589710295200348,-0.06342644989490509,0.5860322117805481,0.26682180166244507,-0.08915448188781738,0.591084897518158,0.19154587388038635,-0.10505834966897964,0.6080987453460693,0.5417966246604919,-0.04604156315326691,0.6351694464683533,0.4538258910179138,-0.09515464305877686,0.6156368851661682,0.5261908769607544,-0.11000549048185349,0.6006122827529907,0.589081883430481,-0.10712611675262451,0.6459168195724487,0.6004692316055298,-0.06310047209262848,0.6663486361503601,0.5287372469902039,-0.09906058758497238,0.6437581181526184,0.5718137621879578,-0.10095267742872238,0.6232583522796631,0.6214342713356018,-0.09514442831277847
0.564833402633667,0.8431380391120911,8.279172902803111e-07,0.5038910508155823,0.7879468202590942,-0.03994646295905113,0.4820805490016937,0.6912349462509155,-0.062478095293045044,0.5276651382446289,0.6177778840065002,-0.08765381574630737,0.5818055272102356,0.5778311491012573,-0.11050254851579666,0.4996034502983093,0.5084271430969238,-0.022930016741156578,0.4661274254322052,0.3880820870399475,-0.04983530566096306,0.4433355927467346,0.31059134006500244,-0.06948482990264893,0.42766356468200684,0.24449273943901062,-0.08399185538291931,0.5607008337974548,0.5046800374984741,-0.030988164246082306,0.5814685821533203,0.35889336466789246,-0.062047574669122696,0.5860398411750793,0.26611223816871643,-0.08787985146045685,0.5915478467941284,0.19035199284553528,-0.10375309735536575,0.6081029176712036,0.5419557094573975,-0.045019760727882385,0.6371335983276367,0.45231878757476807,-0.09262925386428833,0.6147109866142273,0.5227684378623962,-0.10642604529857635,0.5984343886375427,0.585288941860199,-0.10301882028579712,0.6455451846122742,0.6011799573898315,-0.06225861608982086,0.6667489409446716,0.5279551148414612,-0.09656873345375061,0.643541693687439,0.5696424245834351,-0.09740332514047623,0.6234232187271118,0.6195715665817261,-0.09086322784423828
0.5674781203269958,0.8459839224815369,7.892331268521957e-07,0.5076720714569092,0.7891827821731567,-0.0390397273004055,0.48508620262145996,0.6945812702178955,-0.062226276844739914,0.5306279063224792,0.6207654476165771,-0.08831695467233658,0.5847700238227844,0.5772117376327515,-0.11191161721944809,0.5021255612373352,0.5128446221351624,-0.02402256429195404,0.4690244495868683,0.3899126648902893,-0.051862046122550964,0.44652968645095825,0.3123595118522644,-0.0722765326499939,0.4307495057582855,0.24562591314315796,-0.08727752417325974,0.5636152029037476,0.5085247755050659,-0.0327967144548893,0.5838782787322998,0.36182570457458496,-0.06350494921207428,0.5895074009895325,0.26872900128364563,-0.08948250114917755,0.5952697992324829,0.19183695316314697,-0.10606233030557632,0.6109424829483032,0.546149730682373,-0.047380391508340836,0.6385780572891235,0.4552242159843445,-0.09366442263126373,0.6192536950111389,0.5220170617103577,-0.10709547251462936,0.6045128703117371,0.5834089517593384,-0.10424909740686417,0.648263692855835,0.6067023277282715,-0.06522446870803833,0.6693601608276367,0.5323923230171204,-0.09856049716472626,0.6461239457130432,0.5700158476829529,-0.09906744956970215,0.6240674257278442,0.619645357131958,-0.09274241328239441
0.5659059882164001,0.8457430601119995,8.028857791941846e-07,0.5062564015388489,0.7894724607467651,-0.04047054797410965,0.48397207260131836,0.6930705308914185,-0.06431209295988083,0.5287888646125793,0.6185698509216309,-0.09078139811754227,0.5842481255531311,0.5772303938865662,-0.11469941586256027,0.5030747056007385,0.511649489402771,-0.025158023461699486,0.46937626600265503,0.3901726305484772,-0.0538204200565815,0.4467308521270752,0.31192073225975037,-0.07462598383426666,0.43153247237205505,0.2451520562171936,-0.08990287035703659,0.5641127228736877,0.508425235748291,-0.03328465297818184,0.584645688533783,0.3634648323059082,-0.06618032604455948,0.5891777276992798,0.2702043354511261,-0.09323904663324356,0.5946858525276184,0.19287675619125366,-0.11018028855323792,0.6108685731887817,0.5459911823272705,-0.047259796410799026,0.6394411325454712,0.45523738861083984,-0.09552131593227386,0.617521345615387,0.5239081978797913,-0.10879341512918472,0.6011592745780945,0.5862787961959839,-0.10523488372564316,0.6476742029190063,0.6056276559829712,-0.06457576900720596,0.6690100431442261,0.5321282744407654,-0.09928125888109207,0.645766019821167,0.5712202191352844,-0.10004880279302597,0.6243462562561035,0.6210176944732666,-0.09350251406431198
0.5695227980613708,0.8499084115028381,8.024113640203723e-07,0.5074657797813416,0.7941056489944458,-0.045550744980573654,0.484489768743515,0.6986608505249023,-0.07143353670835495,0.5297855138778687,0.6263040900230408,-0.09917716681957245,0.5863135457038879,0.585869550704956,-0.1240541860461235,0.5041882991790771,0.5162010192871094,-0.026734961196780205,0.4710978865623474,0.3930037319660187,-0.05577506124973297,0.447819322347641,0.31502795219421387,-0.07754497230052948,0.432140588760376,0.2481289505958557,-0.09374897181987762,0.5648288130760193,0.512869119644165,-0.03302142024040222,0.583343505859375,0.3683927059173584,-0.06553059071302414,0.5870682001113892,0.2751409411430359,-0.0933452770113945,0.5915926098823547,0.1977609395980835,-0.1112794578075409,0.6113030910491943,0.5504202842712402,-0.04606211930513382,0.6391769051551819,0.45783814787864685,-0.09603726118803024,0.6200679540634155,0.525266706943512,-0.11336087435483932,0.6056591868400574,0.5874810814857483,-0.11261702328920364,0.648474931716919,0.6090839505195618,-0.06275324523448944,0.6705151796340942,0.5359895825386047,-0.10033568739891052,0.647675096988678,0.5738116502761841,-0.10514070838689804,0.6261001825332642,0.6220917105674744,-0.10162156820297241
0.5657005906105042,0.8505892157554626,8.166458087544015e-07,0.504711389541626,0.7944661974906921,-0.04248302802443504,0.48278993368148804,0.6965926885604858,-0.06695587933063507,0.5295854210853577,0.6248996257781982,-0.09343894571065903,0.5867799520492554,0.5889391303062439,-0.11755261570215225,0.5030503273010254,0.5157607793807983,-0.02754085510969162,0.4714173674583435,0.39385855197906494,-0.056218743324279785,0.4486303925514221,0.3154011070728302,-0.07748181372880936,0.43279826641082764,0.24872523546218872,-0.09352269023656845,0.5638872385025024,0.5132205486297607,-0.035029854625463486,0.5842949748039246,0.3678889870643616,-0.06780620664358139,0.5888810157775879,0.27448582649230957,-0.09519557654857635,0.5939695239067078,0.1979350447654724,-0.11275245994329453,0.6107372641563416,0.5515585541725159,-0.048592615872621536,0.6403327584266663,0.4586402475833893,-0.0976233184337616,0.6199537515640259,0.5244570374488831,-0.11361487209796906,0.6038051843643188,0.5853560566902161,-0.1123017743229866,0.6482316851615906,0.6118409633636475,-0.06553664058446884,0.6709308624267578,0.5378690958023071,-0.10255326330661774,0.648561954498291,0.5749639868736267,-0.10637374222278595,0.6270237565040588,0.6222882866859436,-0.10219176858663559
0.5706911683082581,0.8530000448226929,7.884584647399606e-07,0.5088426470756531,0.7964956164360046,-0.03797747194766998,0.4849575161933899,0.6990762948989868,-0.06049976497888565,0.5306206941604614,0.6280382871627808,-0.0862489715218544,0.5866866111755371,0.5939550995826721,-0.10967010259628296,0.5041545629501343,0.5189064741134644,-0.023022839799523354,0.471231073141098,0.3973323106765747,-0.05208064615726471,0.44858473539352417,0.31859269738197327,-0.07287651300430298,0.4324786067008972,0.25131818652153015,-0.08803540468215942,0.564673662185669,0.5154346227645874,-0.032379861921072006,0.5835558772087097,0.37050437927246094,-0.06643634289503098,0.5863913297653198,0.2768353819847107,-0.09327589720487595,0.5912201404571533,0.19941863417625427,-0.1092398539185524,0.6122463345527649,0.5520845651626587,-0.0473390556871891,0.6387473940849304,0.464802086353302,-0.09592468291521072,0.6162883639335632,0.5373573899269104,-0.10677021741867065,0.6011695861816406,0.600379228591919,-0.1008136048913002,0.6505940556526184,0.610628604888916,-0.0656059980392456,0.6689957976341248,0.5427050590515137,-0.09954013675451279,0.6450426578521729,0.5855988264083862,-0.09809781610965729,0.6259047985076904,0.6345399618148804,-0.08949656784534454
0.5692201852798462,0.8520333766937256,8.048959898587782e-07,0.5078167915344238,0.7966586351394653,-0.039888206869363785,0.48439285159111023,0.6982889175415039,-0.06263155490159988,0.5305185317993164,0.627896785736084,-0.08789564669132233,0.5872222781181335,0.5936377048492432,-0.1108827069401741,0.504533052444458,0.5191332101821899,-0.02575813978910446,0.47190961241722107,0.397665798664093,-0.054313745349645615,0.4493193030357361,0.3183290958404541,-0.07421831786632538,0.43342486023902893,0.2509678304195404,-0.0887945294380188,0.5650274753570557,0.515786349773407,-0.034111302345991135,0.5831139087677002,0.3699517846107483,-0.06746873259544373,0.5856074690818787,0.2773575782775879,-0.09316566586494446,0.5901904702186584,0.2017619013786316,-0.1082967221736908,0.6124798655509949,0.5528050661087036,-0.04827023297548294,0.639504611492157,0.46679896116256714,-0.09715604037046432,0.616632878780365,0.5399084687232971,-0.1090044155716896,0.6009032130241394,0.6020697951316833,-0.10371590405702591,0.6505036354064941,0.6115890145301819,-0.06576300412416458,0.669655978679657,0.5432868599891663,-0.10069519281387329,0.6464297771453857,0.5868399143218994,-0.10067048668861389,0.6274654865264893,0.6345169544219971,-0.09316674619913101
0.570054292678833,0.8520667552947998,7.857739205974212e-07,0.5095609426498413,0.7936071753501892,-0.03979366272687912,0.48827677965164185,0.6937876343727112,-0.06197525933384895,0.5353879928588867,0.6233645081520081,-0.08673686534166336,0.591579020023346,0.587225615978241,-0.10924709588289261,0.5069307088851929,0.5199123024940491,-0.024110643193125725,0.47446635365486145,0.3972386121749878,-0.051746923476457596,0.4513563811779022,0.31869450211524963,-0.07179029285907745,0.43489646911621094,0.2519458830356598,-0.08656416088342667,0.5672429203987122,0.5178770422935486,-0.03241841495037079,0.5851744413375854,0.37089020013809204,-0.06382640451192856,0.588477373123169,0.2785983681678772,-0.09040963649749756,0.59307861328125,0.20261672139167786,-0.10698488354682922,0.6140534281730652,0.5556371212005615,-0.046572763472795486,0.6429514288902283,0.46728676557540894,-0.09404788166284561,0.6219274997711182,0.5359654426574707,-0.10843709856271744,0.6057879328727722,0.5970511436462402,-0.1056499183177948,0.6510056853294373,0.6146392822265625,-0.06395471841096878,0.6719236969947815,0.5424055457115173,-0.09773792326450348,0.6498144865036011,0.5819664001464844,-0.09853806346654892,0.6296324133872986,0.6303132772445679,-0.09232625365257263
0.568774938583374,0.8533483743667603,7.953265139803989e-07,0.5094623565673828,0.794684648513794,-0.039584994316101074,0.4880983829498291,0.6956467628479004,-0.06208076700568199,0.5340942740440369,0.6237564086914062,-0.0873924270272255,0.5903313755989075,0.5887400507926941,-0.11034728586673737,0.506645679473877,0.5202759504318237,-0.023249126970767975,0.47465479373931885,0.3980574607849121,-0.05153763294219971,0.451789915561676,0.3193705081939697,-0.07192787528038025,0.436254620552063,0.25201621651649475,-0.08690071105957031,0.5665850639343262,0.5181188583374023,-0.03165869787335396,0.5847926735877991,0.3731210231781006,-0.06488040089607239,0.5886305570602417,0.279462069272995,-0.09229879081249237,0.594514787197113,0.2013348937034607,-0.10907968878746033,0.6134757995605469,0.5555956959724426,-0.04586207866668701,0.6433442234992981,0.4677859842777252,-0.09484605491161346,0.6219118237495422,0.5382784008979797,-0.10847938805818558,0.6058810949325562,0.6001574397087097,-0.10458556562662125,0.6509003639221191,0.6141550540924072,-0.06331305205821991,0.6726798415184021,0.5432173013687134,-0.09827734529972076,0.6503973007202148,0.5838138461112976,-0.09898384660482407,0.63066166639328,0.6321680545806885,-0.09216542541980743
0.5685200691223145,0.8507259488105774,8.023231998777192e-07,0.5093661546707153,0.7930170297622681,-0.04279066249728203,0.48698633909225464,0.6960746049880981,-0.06723877042531967,0.5336565375328064,0.622775673866272,-0.09358957409858704,0.5921282768249512,0.586526095867157,-0.11735444515943527,0.5059735774993896,0.5193373560905457,-0.02708626538515091,0.47422656416893005,0.39822322130203247,-0.05674511194229126,0.4522080719470978,0.31892868876457214,-0.07768921554088593,0.43763917684555054,0.25105202198028564,-0.09285783022642136,0.5665117502212524,0.5162531137466431,-0.034217119216918945,0.5832085609436035,0.37137264013290405,-0.06828946620225906,0.5872944593429565,0.27893567085266113,-0.0951605811715126,0.5931520462036133,0.20175853371620178,-0.11130615323781967,0.613781750202179,0.5529106259346008,-0.04752877727150917,0.6445046663284302,0.4671972990036011,-0.09801900386810303,0.6228830814361572,0.5363599061965942,-0.11281940340995789,0.6059794425964355,0.5969333052635193,-0.10944874584674835,0.6514554619789124,0.6109268069267273,-0.06418852508068085,0.6730791926383972,0.5439696907997131,-0.10052040964365005,0.6503583192825317,0.5844558477401733,-0.10258827358484268,0.6294881105422974,0.6314333081245422,-0.0965857058763504
0.568135678768158,0.8518760204315186,7.978876510605915e-07,0.5090242028236389,0.7936916351318359,-0.04255608096718788,0.48780107498168945,0.6959587931632996,-0.06656377017498016,0.5346511006355286,0.6213260293006897,-0.09269599616527557,0.5928052663803101,0.5842006206512451,-0.11624616384506226,0.5059042572975159,0.5205801129341125,-0.02548810839653015,0.47410738468170166,0.3989543318748474,-0.055023182183504105,0.4519585072994232,0.31961381435394287,-0.07615286111831665,0.43735307455062866,0.2516440749168396,-0.09146678447723389,0.5662851929664612,0.5174422264099121,-0.0328194685280323,0.583366870880127,0.37252330780029297,-0.06675094366073608,0.5869210362434387,0.27941635251045227,-0.09408066421747208,0.5925027132034302,0.2017664611339569,-0.11064151674509048,0.6133432388305664,0.5540356636047363,-0.04640815779566765,0.6440773606300354,0.46661263704299927,-0.09662528336048126,0.6228699088096619,0.5352805256843567,-0.11144746094942093,0.60677170753479,0.5959703922271729,-0.10819238424301147,0.6507728695869446,0.6118171215057373,-0.06339827179908752,0.6725825667381287,0.5439902544021606,-0.09939663112163544,0.6499794125556946,0.5843983888626099,-0.10131263732910156,0.629683792591095,0.6321182250976562,-0.09528882056474686
0.56687992811203,0.8567104339599609,7.707199074502569e-07,0.5054628252983093,0.7990106344223022,-0.03822939097881317,0.4828508794307709,0.7000497579574585,-0.06006189063191414,0.5302628874778748,0.6255619525909424,-0.08477572351694107,0.5872664451599121,0.592219889163971,-0.1072530746459961,0.5022847652435303,0.5230804085731506,-0.021377652883529663,0.47292789816856384,0.39998137950897217,-0.05043432116508484,0.4516375660896301,0.3201638460159302,-0.07138030976057053,0.43718451261520386,0.25212904810905457,-0.08653213828802109,0.5627210736274719,0.5204105973243713,-0.030432315543293953,0.5776432752609253,0.37470942735671997,-0.06491918116807938,0.5793020129203796,0.2809600830078125,-0.09222908318042755,0.5838755965232849,0.20255133509635925,-0.1082494780421257,0.6110221743583679,0.5571921467781067,-0.0451887845993042,0.6396673321723938,0.4707041382789612,-0.09473425149917603,0.6170024275779724,0.5424584746360779,-0.10616274923086166,0.600734531879425,0.6047212481498718,-0.10019444674253464,0.6494327187538147,0.6150994896888733,-0.06318622827529907,0.6684828400611877,0.5475494861602783,-0.09799761325120926,0.6467844843864441,0.5894795656204224,-0.09699737280607224,0.6296247839927673,0.6360479593276978,-0.08843057602643967
0.5672263503074646,0.8560848832130432,7.744417871435871e-07,0.5068822503089905,0.7961011528968811,-0.03810201585292816,0.4842573404312134,0.6973954439163208,-0.0603984072804451,0.5303646922111511,0.6250060200691223,-0.0855741798877716,0.586187481880188,0.5900235176086426,-0.10854339599609375,0.5039269924163818,0.5215283632278442,-0.022916970774531364,0.4734758138656616,0.40000444650650024,-0.05234658718109131,0.45142272114753723,0.32041823863983154,-0.07313654571771622,0.43594348430633545,0.2528958320617676,-0.08781015127897263,0.5640187859535217,0.5199241042137146,-0.03225252777338028,0.5792379379272461,0.37382063269615173,-0.0664033368229866,0.5807107090950012,0.28123971819877625,-0.09275050461292267,0.5845817923545837,0.2037247121334076,-0.1078900396823883,0.6123031377792358,0.5576035976409912,-0.047309067100286484,0.6401782035827637,0.47150659561157227,-0.09720736742019653,0.6177749633789062,0.5436854362487793,-0.10897735506296158,0.6015484929084778,0.6053794622421265,-0.1030212864279747,0.6506208181381226,0.6170841455459595,-0.06542298197746277,0.6698175668716431,0.5471370816230774,-0.09962344914674759,0.6473108530044556,0.5884479284286499,-0.09798106551170349,0.6287966966629028,0.6346892714500427,-0.08906813710927963
0.5668562650680542,0.858281135559082,7.689484391448786e-07,0.5063821077346802,0.8000859022140503,-0.04176405444741249,0.4837593138217926,0.702269434928894,-0.06564905494451523,0.532111406326294,0.6261383295059204,-0.09194191545248032,0.5907800197601318,0.5900708436965942,-0.11570132523775101,0.5010629296302795,0.5251301527023315,-0.024247294291853905,0.47068995237350464,0.40131309628486633,-0.054972875863313675,0.44878914952278137,0.32090139389038086,-0.07697754353284836,0.4332464039325714,0.2527180016040802,-0.09272364526987076,0.5613095760345459,0.5217159986495972,-0.032358840107917786,0.5732269287109375,0.37418195605278015,-0.06818143278360367,0.5725285410881042,0.2796916663646698,-0.09585821628570557,0.5746820569038391,0.20128566026687622,-0.11193200945854187,0.6100205183029175,0.5584560036659241,-0.04666755720973015,0.6365498304367065,0.47190240025520325,-0.09739922732114792,0.6144407391548157,0.5440448522567749,-0.10911806672811508,0.5988552570343018,0.606512725353241,-0.10308808088302612,0.6488870978355408,0.6165690422058105,-0.06461060047149658,0.6665977239608765,0.5485503673553467,-0.10018154233694077,0.6440383791923523,0.5903153419494629,-0.09975209087133408,0.6261625289916992,0.636652410030365,-0.09154827147722244
0.5690232515335083,0.856046199798584,7.696886541452841e-07,0.5076502561569214,0.7977367043495178,-0.041529443114995956,0.48443710803985596,0.698512613773346,-0.06460831314325333,0.5314175486564636,0.6226196885108948,-0.08996475487947464,0.5891051888465881,0.5851922035217285,-0.11287955194711685,0.5023787617683411,0.5238518714904785,-0.024559739977121353,0.4713262617588043,0.40080195665359497,-0.054475147277116776,0.4490804374217987,0.3209119737148285,-0.07556863129138947,0.43295878171920776,0.25352802872657776,-0.09048464894294739,0.5623517036437988,0.5199389457702637,-0.032400473952293396,0.5742966532707214,0.37157613039016724,-0.06689123064279556,0.5738791227340698,0.278260201215744,-0.0934423878788948,0.5755899548530579,0.20106950402259827,-0.10873721539974213,0.6106271147727966,0.5560594201087952,-0.04644262045621872,0.6364523768424988,0.47028088569641113,-0.09711219370365143,0.6151933670043945,0.5421894192695618,-0.11038825660943985,0.5997936129570007,0.6047666668891907,-0.10536500811576843,0.6488234996795654,0.6138439178466797,-0.06389537453651428,0.6665977239608765,0.5464847683906555,-0.09956075251102448,0.6437600255012512,0.5881160497665405,-0.09996799379587173,0.6245735287666321,0.6353592872619629,-0.09246794879436493
0.5683401226997375,0.857873797416687,7.722428563283756e-07,0.5079557299613953,0.7997647523880005,-0.043124713003635406,0.48767030239105225,0.7021186947822571,-0.06646870076656342,0.5335021018981934,0.6279091238975525,-0.09188072383403778,0.5884207487106323,0.5882115364074707,-0.11468908935785294,0.5038139224052429,0.5246556401252747,-0.02335379645228386,0.47281917929649353,0.4012044668197632,-0.051662757992744446,0.44965696334838867,0.3217519521713257,-0.07239074259996414,0.4340255856513977,0.2537820041179657,-0.08754844218492508,0.5630403161048889,0.521586537361145,-0.030228015035390854,0.5745329856872559,0.37442725896835327,-0.06269432604312897,0.5742560625076294,0.2810557782649994,-0.09017322212457657,0.5766575932502747,0.2038184404373169,-0.10721439123153687,0.6101934909820557,0.5583915710449219,-0.04357844218611717,0.6390618085861206,0.46937882900238037,-0.09302828460931778,0.6193785667419434,0.5363993644714355,-0.10968027263879776,0.6039151549339294,0.5971066951751709,-0.10804469883441925,0.6476681232452393,0.6164621710777283,-0.06038850545883179,0.6696602702140808,0.5482149720191956,-0.09619719535112381,0.6491115093231201,0.5859207510948181,-0.09968899190425873,0.6302346587181091,0.6315001249313354,-0.09513480216264725
0.5681675672531128,0.8578016757965088,7.726462172286119e-07,0.507949709892273,0.7988781929016113,-0.04004344344139099,0.4872886836528778,0.7006697654724121,-0.06256140768527985,0.5343310832977295,0.6266181468963623,-0.08738924562931061,0.5899428725242615,0.5892391800880432,-0.10964015871286392,0.5034146308898926,0.5250423550605774,-0.023111462593078613,0.4724760055541992,0.4016682803630829,-0.05224166065454483,0.4497976303100586,0.32223081588745117,-0.07279443740844727,0.433708131313324,0.25511735677719116,-0.08721670508384705,0.5629037022590637,0.5219405889511108,-0.03111320547759533,0.5752273797988892,0.37289538979530334,-0.06425052136182785,0.574972927570343,0.2801731526851654,-0.09005726128816605,0.5773361921310425,0.20361515879631042,-0.10488809645175934,0.6108086705207825,0.5588667988777161,-0.04510699585080147,0.6392223834991455,0.4733477830886841,-0.0935937687754631,0.6181029081344604,0.5427536368370056,-0.10578496754169464,0.6017918586730957,0.6030729413032532,-0.10042764246463776,0.6487177610397339,0.6175395846366882,-0.062440577894449234,0.670054018497467,0.549975574016571,-0.09575195610523224,0.6493968963623047,0.5884881615638733,-0.09486106038093567,0.6309114098548889,0.6325539350509644,-0.0866679772734642
0.5733258724212646,0.8599457740783691,7.010139597696252e-07,0.5127797722816467,0.7984606027603149,-0.036842018365859985,0.48813122510910034,0.6963922381401062,-0.05713334307074547,0.5366554856300354,0.6247563362121582,-0.08060125261545181,0.5963912606239319,0.5943219661712646,-0.10207702964544296,0.5093292593955994,0.5272312760353088,-0.02102302946150303,0.47855210304260254,0.40510645508766174,-0.04925142973661423,0.45628464221954346,0.3261011838912964,-0.06961561739444733,0.44049662351608276,0.2594813108444214,-0.08446282893419266,0.5680349469184875,0.5237292647361755,-0.030686208978295326,0.5767954587936401,0.3753596842288971,-0.06245027482509613,0.5752967596054077,0.2825705111026764,-0.08859211951494217,0.5767037272453308,0.20624235272407532,-0.10453306138515472,0.6151118874549866,0.5603851675987244,-0.04611240699887276,0.6430015563964844,0.47115358710289,-0.09345836192369461,0.624505877494812,0.5374294519424438,-0.10777784883975983,0.6093947291374207,0.5982337594032288,-0.10471772402524948,0.6523414850234985,0.6196999549865723,-0.0646950975060463,0.6727420091629028,0.5510061383247375,-0.09818189591169357,0.6515104174613953,0.5868390202522278,-0.09952234476804733,0.6308635473251343,0.6326680183410645,-0.09358973801136017
0.5704453587532043,0.8617982864379883,7.175109999479901e-07,0.5110554099082947,0.7974421977996826,-0.03643115609884262,0.48866602778434753,0.6963949203491211,-0.057366784662008286,0.5374610424041748,0.6259139776229858,-0.08135876059532166,0.5963267087936401,0.5960727334022522,-0.10342411696910858,0.5103046894073486,0.526715874671936,-0.02094770409166813,0.47966739535331726,0.40471476316452026,-0.049852851778268814,0.4568573236465454,0.3253382444381714,-0.0708995833992958,0.4407541751861572,0.25776243209838867,-0.08605210483074188,0.5677992105484009,0.5245943665504456,-0.030694935470819473,0.5770391821861267,0.3762405812740326,-0.06325565278530121,0.5760698318481445,0.28368502855300903,-0.08962532132863998,0.5784392952919006,0.20659968256950378,-0.10540954768657684,0.6146928071975708,0.5618302226066589,-0.04607492685317993,0.6451395750045776,0.47484883666038513,-0.09338035434484482,0.6250079274177551,0.5399506092071533,-0.10685025155544281,0.6080955266952515,0.6000124216079712,-0.10304249078035355,0.6519147157669067,0.6212321519851685,-0.06463752686977386,0.6749957799911499,0.5527004599571228,-0.09736708551645279,0.6550171375274658,0.5872039794921875,-0.09761736541986465,0.635174572467804,0.630799412727356,-0.09075857698917389
0.5726271271705627,0.869094729423523,6.643179517595854e-07,0.5147243142127991,0.8061608672142029,-0.03456239402294159,0.49321088194847107,0.7027485966682434,-0.052986741065979004,0.5429515242576599,0.6307967305183411,-0.07495300471782684,0.6008163690567017,0.6004331111907959,-0.09501706063747406,0.5119196772575378,0.5318791270256042,-0.016875851899385452,0.4834737181663513,0.408473938703537,-0.044093456119298935,0.462455689907074,0.3288031220436096,-0.06423557549715042,0.44769325852394104,0.26114463806152344,-0.07900350540876389,0.5702818632125854,0.5293803811073303,-0.027316989377141,0.5784269571304321,0.38218629360198975,-0.059071727097034454,0.5758984088897705,0.28875163197517395,-0.08601566404104233,0.57640540599823,0.21213534474372864,-0.10239794850349426,0.6174367070198059,0.5659494996070862,-0.04329961538314819,0.6475051045417786,0.4786379635334015,-0.08983559906482697,0.6293454170227051,0.5448063611984253,-0.10308495163917542,0.6137988567352295,0.6050546765327454,-0.09930644929409027,0.6547970771789551,0.6242089867591858,-0.062392525374889374,0.6767415404319763,0.5557950139045715,-0.09482631087303162,0.6565015912055969,0.5928995609283447,-0.09493835270404816,0.6372902393341064,0.6394486427307129,-0.08808816224336624
0.5750048160552979,0.8687117695808411,7.105562644937891e-07,0.5160141587257385,0.805228590965271,-0.03652210161089897,0.4941079914569855,0.7030966281890869,-0.05711643397808075,0.5410640239715576,0.6289520263671875,-0.08077699691057205,0.5986588001251221,0.5956282019615173,-0.10214794427156448,0.5129102468490601,0.5299075841903687,-0.017588302493095398,0.48390644788742065,0.40718743205070496,-0.04573485255241394,0.4625329077243805,0.32766592502593994,-0.06603773683309555,0.44721871614456177,0.2601376473903656,-0.0804327130317688,0.5712471008300781,0.5282520651817322,-0.027183935046195984,0.5799304246902466,0.3813855051994324,-0.06072414666414261,0.5774469971656799,0.2881737947463989,-0.087275929749012,0.5769082903862,0.21042492985725403,-0.1023692935705185,0.6186027526855469,0.565101683139801,-0.04255976527929306,0.6487287282943726,0.481007844209671,-0.09177715331315994,0.6293568015098572,0.5506325960159302,-0.1040119081735611,0.612260639667511,0.6115188002586365,-0.09823831170797348,0.6557232141494751,0.6228318214416504,-0.060987140983343124,0.6773021221160889,0.5564841628074646,-0.09480886161327362,0.6584075689315796,0.5964547395706177,-0.09366966038942337,0.6406816244125366,0.6413611173629761,-0.08503071963787079
0.5753960609436035,0.8727002143859863,7.457287551915215e-07,0.5167569518089294,0.8104196190834045,-0.04048662260174751,0.4974079728126526,0.7123103141784668,-0.06340879946947098,0.5445457100868225,0.6436915397644043,-0.08918985724449158,0.6000655293464661,0.6099750399589539,-0.1125175878405571,0.5163248777389526,0.5374786853790283,-0.023266103118658066,0.48562824726104736,0.4140833020210266,-0.053855400532484055,0.4639756679534912,0.33331072330474854,-0.07577020674943924,0.44912049174308777,0.2645139992237091,-0.09116435050964355,0.5749843716621399,0.5356858372688293,-0.0319528803229332,0.5852558612823486,0.38600319623947144,-0.06730164587497711,0.5821602940559387,0.29074475169181824,-0.09576880931854248,0.5821396112442017,0.2118275761604309,-0.11242912709712982,0.6220740079879761,0.5725919604301453,-0.0467166043817997,0.6494462490081787,0.4849575161933899,-0.09700074791908264,0.6290738582611084,0.5535808801651001,-0.11073373258113861,0.6130502223968506,0.6149672269821167,-0.10589325428009033,0.6594641208648682,0.6303635835647583,-0.06498617678880692,0.680436372756958,0.559525728225708,-0.09897737950086594,0.6602456569671631,0.5955452919006348,-0.0990690216422081,0.641565203666687,0.6394926309585571,-0.09151356667280197
0.5762116312980652,0.8726367354393005,7.201865628303494e-07,0.5178832411766052,0.8096843361854553,-0.03802129626274109,0.4975507855415344,0.7113898396492004,-0.06007766351103783,0.5447126626968384,0.6398290991783142,-0.08494547009468079,0.6003748178482056,0.605537474155426,-0.10731080174446106,0.5150953531265259,0.5364656448364258,-0.02144153229892254,0.48548755049705505,0.411720871925354,-0.05108146741986275,0.46482670307159424,0.3307546377182007,-0.07207822054624557,0.4501885771751404,0.26161840558052063,-0.0867081880569458,0.5741271376609802,0.5344314575195312,-0.03043854795396328,0.5842952132225037,0.3868490159511566,-0.06499770283699036,0.5826998353004456,0.29306575655937195,-0.09151272475719452,0.5829320549964905,0.21483254432678223,-0.10644219070672989,0.6217867732048035,0.5710500478744507,-0.045204609632492065,0.6512888669967651,0.48675376176834106,-0.09494269639253616,0.6314467191696167,0.5562983751296997,-0.10660982877016068,0.6143863201141357,0.6176349520683289,-0.1001942828297615,0.659254789352417,0.6288560032844543,-0.06318528205156326,0.6809077262878418,0.5615598559379578,-0.09730539470911026,0.6610027551651001,0.5997241735458374,-0.09610068053007126,0.6420238018035889,0.6438793540000916,-0.08715860545635223
0.5727872848510742,0.8741819858551025,7.588320158902206e-07,0.51392662525177,0.8127427697181702,-0.04052311182022095,0.491605669260025,0.7137704491615295,-0.06428586691617966,0.5409730672836304,0.643341064453125,-0.09058723598718643,0.6007484793663025,0.6132476329803467,-0.11462532728910446,0.5129106640815735,0.5373236536979675,-0.025182727724313736,0.4849747121334076,0.412169873714447,-0.055874064564704895,0.46478644013404846,0.3307645916938782,-0.07751788198947906,0.4508655071258545,0.26162877678871155,-0.09287900477647781,0.5722217559814453,0.5371348857879639,-0.0338982455432415,0.5833420753479004,0.3878040611743927,-0.06934032589197159,0.5809735059738159,0.29377102851867676,-0.09658561646938324,0.5816004276275635,0.21534600853919983,-0.11230624467134476,0.6204054355621338,0.5757900476455688,-0.048587553203105927,0.649971604347229,0.49100354313850403,-0.09875547885894775,0.6273752450942993,0.5609597563743591,-0.11132349818944931,0.6099069714546204,0.6216000318527222,-0.10595615208148956,0.6588261127471924,0.6351186633110046,-0.06672808527946472,0.6810219287872314,0.5667019486427307,-0.10082056373357773,0.6592617034912109,0.6057224869728088,-0.10021785646677017,0.6401591300964355,0.6494719982147217,-0.09230303019285202
0.5750159621238708,0.8744393587112427,7.572713229819783e-07,0.5156909227371216,0.8134444355964661,-0.04130003973841667,0.4933687448501587,0.7158215045928955,-0.0653972178697586,0.5415295958518982,0.6454761028289795,-0.09186751395463943,0.6002972722053528,0.6142120957374573,-0.11583873629570007,0.5134925246238708,0.5369507670402527,-0.025096470490098,0.48502957820892334,0.412236750125885,-0.055885523557662964,0.4645805060863495,0.330753892660141,-0.07766906172037125,0.4503854513168335,0.2611973285675049,-0.09304788708686829,0.5728153586387634,0.5363233685493469,-0.03336337208747864,0.5837278962135315,0.387857049703598,-0.06922189891338348,0.5813652873039246,0.2937401831150055,-0.09647767245769501,0.582024872303009,0.21485766768455505,-0.1119619682431221,0.621065616607666,0.5744825601577759,-0.047699861228466034,0.6499682068824768,0.491438627243042,-0.09843823313713074,0.627352237701416,0.5630802512168884,-0.11052937060594559,0.6100268959999084,0.6240610480308533,-0.10448349267244339,0.6597745418548584,0.6330883502960205,-0.06555673480033875,0.6810296773910522,0.5661949515342712,-0.09990792721509933,0.6586421728134155,0.6069992184638977,-0.09888120740652084,0.6393512487411499,0.6513497829437256,-0.09039530158042908
0.5686402320861816,0.8801077604293823,7.433640689669119e-07,0.5117747783660889,0.8180432915687561,-0.03636191412806511,0.49098867177963257,0.7186473608016968,-0.05756503716111183,0.5399489998817444,0.6476287841796875,-0.08213059604167938,0.5980710387229919,0.620771586894989,-0.10455094277858734,0.5091550350189209,0.5426013469696045,-0.020027056336402893,0.48141050338745117,0.4161628484725952,-0.04868626594543457,0.4612573981285095,0.33451366424560547,-0.06959005445241928,0.4474862813949585,0.2648601830005646,-0.08482103794813156,0.5685610175132751,0.5416162610054016,-0.030099239200353622,0.5802114605903625,0.39346998929977417,-0.06371542066335678,0.5789104700088501,0.296663373708725,-0.09095253795385361,0.5809694528579712,0.2175414264202118,-0.10734052956104279,0.6169310212135315,0.5795308947563171,-0.045746929943561554,0.6489163637161255,0.49144816398620605,-0.09311773627996445,0.6270249485969543,0.5569670796394348,-0.10478769242763519,0.6095917820930481,0.618985116481781,-0.09947863966226578,0.6551349759101868,0.6380336284637451,-0.0647439956665039,0.6775362491607666,0.5687359571456909,-0.09765979647636414,0.6573866605758667,0.6024278998374939,-0.09704087674617767,0.6394155025482178,0.6465860605239868,-0.08914509415626526
0.5723695158958435,0.8809159994125366,7.274725248862524e-07,0.5146554708480835,0.8179581165313721,-0.03479894623160362,0.49328750371932983,0.717132568359375,-0.055007319897413254,0.5409646034240723,0.6467945575714111,-0.07866015285253525,0.5968624353408813,0.6172922253608704,-0.10012338310480118,0.509863018989563,0.5402562022209167,-0.01852170005440712,0.4817761480808258,0.4159544110298157,-0.04675852507352829,0.46174219250679016,0.3350863754749298,-0.06716044247150421,0.447759211063385,0.2664749026298523,-0.08186013996601105,0.5690242648124695,0.5390005111694336,-0.029368599876761436,0.5792074203491211,0.3895055055618286,-0.06255527585744858,0.5776959657669067,0.29496505856513977,-0.08859074860811234,0.579333484172821,0.21749237179756165,-0.10366467386484146,0.6173993945121765,0.5768781900405884,-0.04571373760700226,0.6486411094665527,0.49066486954689026,-0.09331571310758591,0.6271132230758667,0.5589466094970703,-0.10392153263092041,0.6092117428779602,0.6204624772071838,-0.0976090282201767,0.6556510329246521,0.6363182067871094,-0.06515710800886154,0.6781963109970093,0.5677787065505981,-0.09779161214828491,0.6566004753112793,0.6051800847053528,-0.09560716897249222,0.6364565491676331,0.6505864858627319,-0.08645719289779663
0.5706944465637207,0.8761970400810242,7.452592285517312e-07,0.5112314820289612,0.8158888816833496,-0.0415392629802227,0.4894906282424927,0.7157794833183289,-0.0653069019317627,0.5390084981918335,0.6442045569419861,-0.09127381443977356,0.5976645946502686,0.6123096942901611,-0.11499935388565063,0.5088963508605957,0.5377078056335449,-0.02540886215865612,0.48023757338523865,0.41271889209747314,-0.056122567504644394,0.4597645401954651,0.3312687873840332,-0.07787249982357025,0.4455370306968689,0.26160359382629395,-0.09349250793457031,0.5684436559677124,0.5360395312309265,-0.03378765657544136,0.5772108435630798,0.38695812225341797,-0.06952136009931564,0.5752730369567871,0.29426857829093933,-0.0967991054058075,0.5763112306594849,0.21570107340812683,-0.1125493124127388,0.6167958974838257,0.5739332437515259,-0.04820280149579048,0.6473828554153442,0.4872066378593445,-0.09990884363651276,0.6262866854667664,0.5607122778892517,-0.11229979246854782,0.6092572212219238,0.6227793097496033,-0.1066294014453888,0.6552119255065918,0.6338099837303162,-0.066043421626091,0.6760339140892029,0.5687540769577026,-0.10250044614076614,0.6542317867279053,0.6133249998092651,-0.10235408693552017,0.635222315788269,0.6596827507019043,-0.09440407156944275
0.5711954832077026,0.8733292818069458,7.621373470101389e-07,0.5121944546699524,0.8118027448654175,-0.044291429221630096,0.49255308508872986,0.7128455638885498,-0.06860039383172989,0.5420830845832825,0.6434099674224854,-0.09481269121170044,0.6003010272979736,0.610861599445343,-0.11866158246994019,0.5098310708999634,0.5383028984069824,-0.02602292224764824,0.4804990291595459,0.4128686189651489,-0.056730665266513824,0.45968547463417053,0.3313881754875183,-0.07891534268856049,0.4455588757991791,0.2616479694843292,-0.09496662765741348,0.5689578652381897,0.5368913412094116,-0.03327770158648491,0.5780231356620789,0.38667696714401245,-0.06924223154783249,0.5759900808334351,0.29290762543678284,-0.0984022244811058,0.5769380331039429,0.21425119042396545,-0.11575035750865936,0.6167188286781311,0.5743774175643921,-0.04695364460349083,0.6471875309944153,0.4881957471370697,-0.09922546148300171,0.6274574398994446,0.5581582188606262,-0.11522164940834045,0.6113722920417786,0.6189468502998352,-0.11208987981081009,0.6548913717269897,0.6323288679122925,-0.06422752887010574,0.6769426465034485,0.566063404083252,-0.10109880566596985,0.6556090116500854,0.6072189807891846,-0.1035020649433136,0.636374294757843,0.6523610353469849,-0.09773296117782593
0.5703490972518921,0.8724182844161987,7.580745204904815e-07,0.5100548267364502,0.809665858745575,-0.04016277939081192,0.48948490619659424,0.7118435502052307,-0.06340496987104416,0.539711594581604,0.6425463557243347,-0.08935794979333878,0.5982251167297363,0.6109700798988342,-0.11298937350511551,0.5089762806892395,0.5357630252838135,-0.022582348436117172,0.48094651103019714,0.41140860319137573,-0.05266527831554413,0.46082526445388794,0.3302900493144989,-0.07454346120357513,0.44701075553894043,0.2608179450035095,-0.09030669927597046,0.56815505027771,0.5342662930488586,-0.03166656568646431,0.57778400182724,0.3852166533470154,-0.06706749647855759,0.5763153433799744,0.2911216616630554,-0.09527923911809921,0.5777522325515747,0.21264460682868958,-0.11186744272708893,0.6161472201347351,0.5721173882484436,-0.04678564518690109,0.6469420790672302,0.48647448420524597,-0.09786007553339005,0.6243310570716858,0.5576978325843811,-0.11144188791513443,0.6057459712028503,0.6206306219100952,-0.10664143413305283,0.6540411710739136,0.6313130259513855,-0.06527753919363022,0.6763777732849121,0.5638599395751953,-0.10121501982212067,0.6538898944854736,0.6047587990760803,-0.1016489788889885,0.6329954862594604,0.6510447859764099,-0.09416665136814117
0.5713232755661011,0.873141884803772,7.534588917224028e-07,0.5101795196533203,0.8101755380630493,-0.03942238166928291,0.4895663559436798,0.7111864686012268,-0.06174357980489731,0.5401298403739929,0.6417384743690491,-0.08691516518592834,0.5986130237579346,0.6111199259757996,-0.10977605730295181,0.5088137984275818,0.5359535217285156,-0.021012604236602783,0.48060813546180725,0.4114754796028137,-0.050363246351480484,0.46051156520843506,0.3305545151233673,-0.07186353206634521,0.4466545283794403,0.2612112760543823,-0.08742714673280716,0.567963719367981,0.5340696573257446,-0.03010333515703678,0.5776496529579163,0.3852204382419586,-0.06465533375740051,0.5762467980384827,0.29104506969451904,-0.09262575954198837,0.5777237415313721,0.2130848467350006,-0.10914743691682816,0.6159602403640747,0.571529746055603,-0.04521125927567482,0.6463830471038818,0.48651760816574097,-0.09522558003664017,0.6246747970581055,0.5568556189537048,-0.1087917685508728,0.6069310307502747,0.6198287606239319,-0.10417169332504272,0.653857409954071,0.63004070520401,-0.06371860951185226,0.6761221289634705,0.5633869767189026,-0.09882190078496933,0.6541975736618042,0.6036370396614075,-0.09926460683345795,0.6339632868766785,0.6499356627464294,-0.0919271931052208
0.566877007484436,0.8762808442115784,7.35449589228665e-07,0.5075005292892456,0.8137471079826355,-0.04003226384520531,0.4867376685142517,0.714057981967926,-0.06260813772678375,0.5369489789009094,0.6439773440361023,-0.08804157376289368,0.5954298377037048,0.6135104298591614,-0.11126254498958588,0.508281946182251,0.5370997786521912,-0.02146301604807377,0.47992193698883057,0.412068247795105,-0.05088882893323898,0.45906078815460205,0.33096569776535034,-0.07240484654903412,0.4450642466545105,0.2616250813007355,-0.08801122009754181,0.5673641562461853,0.5362472534179688,-0.03044782020151615,0.5755068063735962,0.3875712752342224,-0.06487562507390976,0.5731457471847534,0.2931663393974304,-0.09294088184833527,0.5741720795631409,0.21438294649124146,-0.10972253978252411,0.6153520941734314,0.5743183493614197,-0.045601438730955124,0.6460490226745605,0.48645544052124023,-0.09629461169242859,0.6246991753578186,0.5557616353034973,-0.1112058013677597,0.6070016622543335,0.6191716194152832,-0.10749585181474686,0.6534696817398071,0.6336876749992371,-0.0641203448176384,0.6767054796218872,0.5647602677345276,-0.10009951144456863,0.6551079154014587,0.6033118963241577,-0.10187651962041855,0.6348392963409424,0.6497989892959595,-0.09556016325950623
0.5690653920173645,0.8749176263809204,7.237782710944884e-07,0.5090181827545166,0.8115203380584717,-0.039617035537958145,0.48680222034454346,0.7114536762237549,-0.06223474442958832,0.5352860689163208,0.6388726830482483,-0.08758367598056793,0.5933936238288879,0.6056047677993774,-0.11062634736299515,0.5084171891212463,0.5364477038383484,-0.021485107019543648,0.47953009605407715,0.4114583134651184,-0.051244694739580154,0.4589152932167053,0.32997259497642517,-0.07255235314369202,0.4449383616447449,0.260480135679245,-0.08768357336521149,0.5679848790168762,0.5351390242576599,-0.03041760064661503,0.5762894153594971,0.3866727352142334,-0.06512559205293655,0.5747347474098206,0.2926742732524872,-0.09243632107973099,0.575794517993927,0.21320492029190063,-0.10828209668397903,0.6162130832672119,0.5725050568580627,-0.04545498639345169,0.6466311812400818,0.48721379041671753,-0.09680141508579254,0.6258463263511658,0.5578276515007019,-0.1106744110584259,0.6080510020256042,0.6212356090545654,-0.10578139126300812,0.6540783643722534,0.6311829090118408,-0.06369882822036743,0.6757103204727173,0.5642871260643005,-0.09969951212406158,0.6544252634048462,0.6048389077186584,-0.10017313063144684,0.6341632008552551,0.6519498825073242,-0.09258117526769638
0.5690866112709045,0.8796213269233704,7.703084179411235e-07,0.5100691318511963,0.8184201717376709,-0.04247898608446121,0.49102431535720825,0.720335841178894,-0.06594614684581757,0.539253294467926,0.649527370929718,-0.09170778840780258,0.59494948387146,0.6156104207038879,-0.11507271230220795,0.5063778162002563,0.5414940118789673,-0.02283291518688202,0.4787253141403198,0.41531795263290405,-0.052898090332746506,0.4582609534263611,0.3336230218410492,-0.07523364573717117,0.4443895220756531,0.26283517479896545,-0.09145918488502502,0.5657259821891785,0.540000319480896,-0.030756860971450806,0.5769280195236206,0.39056396484375,-0.06635571271181107,0.5755706429481506,0.2948104739189148,-0.09596242755651474,0.5769356489181519,0.21463707089424133,-0.11376174539327621,0.6139333248138428,0.5778980851173401,-0.0449286587536335,0.6443921327590942,0.4926273226737976,-0.09609195590019226,0.6228049993515015,0.5625273585319519,-0.11117392033338547,0.605806827545166,0.6239733099937439,-0.10769080370664597,0.6521546244621277,0.6358107924461365,-0.06268227845430374,0.6744757294654846,0.5698090195655823,-0.09891342371702194,0.6527368426322937,0.6114503145217896,-0.10052062571048737,0.6342770457267761,0.6569527983665466,-0.09412244707345963
0.5687682032585144,0.8796418309211731,7.407114708257723e-07,0.5100593566894531,0.8191455006599426,-0.03725803270936012,0.4898121654987335,0.7198278903961182,-0.058299750089645386,0.5380250215530396,0.6510633826255798,-0.08236551284790039,0.5933581590652466,0.6198047399520874,-0.10435863584280014,0.5061609148979187,0.5402640104293823,-0.020240409299731255,0.47873833775520325,0.41618576645851135,-0.04901130497455597,0.45879513025283813,0.33509349822998047,-0.06973735243082047,0.4445626735687256,0.26579156517982483,-0.08451135456562042,0.5655645132064819,0.5390118956565857,-0.03016611933708191,0.5760402083396912,0.3905521631240845,-0.06427080929279327,0.5733820199966431,0.2960808575153351,-0.09104159474372864,0.5735799670219421,0.21743440628051758,-0.10636620968580246,0.6141608953475952,0.5772828459739685,-0.04576423019170761,0.643907368183136,0.4934866428375244,-0.09492963552474976,0.6212436556816101,0.5663186311721802,-0.10613735765218735,0.6038463711738586,0.6280045509338379,-0.09988157451152802,0.6524214744567871,0.6367713809013367,-0.06459902226924896,0.6733154654502869,0.5708998441696167,-0.09848709404468536,0.6511500477790833,0.614078164100647,-0.09668901562690735,0.6330878734588623,0.6596007347106934,-0.08768478780984879
0.565662682056427,0.8803085088729858,7.492307076972793e-07,0.5056985020637512,0.8198521733283997,-0.037961266934871674,0.48554864525794983,0.718890905380249,-0.05948605015873909,0.5363166332244873,0.6486493349075317,-0.08388479799032211,0.5925143957138062,0.6169102191925049,-0.10626038908958435,0.5036681890487671,0.5439974665641785,-0.02263358049094677,0.4757232964038849,0.41830605268478394,-0.05212188512086868,0.4557666778564453,0.3369646668434143,-0.0730321854352951,0.44182270765304565,0.2672962546348572,-0.08774933964014053,0.5639289021492004,0.5422592759132385,-0.0319807231426239,0.5744500756263733,0.39132294058799744,-0.06624435633420944,0.5727768540382385,0.296613484621048,-0.09336906671524048,0.5740967392921448,0.21788787841796875,-0.10899855196475983,0.6129640936851501,0.5793761610984802,-0.04693641886115074,0.6415501236915588,0.4968473017215729,-0.09583641588687897,0.6199460625648499,0.5656505823135376,-0.10835211724042892,0.6032670736312866,0.6265871524810791,-0.10300006717443466,0.6514253616333008,0.6368952393531799,-0.06514111906290054,0.6723719835281372,0.5707882642745972,-0.09826379269361496,0.6512084007263184,0.6083623170852661,-0.09722712635993958,0.6329377293586731,0.6517142057418823,-0.08892610669136047
0.5663477778434753,0.8787736892700195,7.473441314687079e-07,0.5063085556030273,0.8157564401626587,-0.040304653346538544,0.48614829778671265,0.7155979871749878,-0.06244226172566414,0.5371025800704956,0.6439267992973328,-0.08715987205505371,0.5943118929862976,0.6096198558807373,-0.10952305048704147,0.5038714408874512,0.5439117550849915,-0.022292593494057655,0.4762646555900574,0.41855597496032715,-0.05204460024833679,0.4561901390552521,0.33722221851348877,-0.07327361404895782,0.44250375032424927,0.2676224708557129,-0.08825401961803436,0.5640117526054382,0.5420218706130981,-0.030772551894187927,0.5731742978096008,0.39142635464668274,-0.06569160521030426,0.5715852379798889,0.29657724499702454,-0.0937809944152832,0.5727744698524475,0.21797588467597961,-0.11008385568857193,0.6128412485122681,0.5789276957511902,-0.045324333012104034,0.6413991451263428,0.49587583541870117,-0.09628234058618546,0.620902419090271,0.5647927522659302,-0.11097345501184464,0.6043110489845276,0.6263617873191833,-0.10665970295667648,0.651238739490509,0.6360822319984436,-0.0631631538271904,0.6724804639816284,0.5684143900871277,-0.09829531610012054,0.6510688066482544,0.6062880754470825,-0.09884555637836456,0.6314809322357178,0.651099681854248,-0.09148126095533371
0.5663270950317383,0.8813157081604004,7.43600480745954e-07,0.5055217146873474,0.8212383985519409,-0.03639724478125572,0.48547670245170593,0.7210029363632202,-0.05691315978765488,0.5358296036720276,0.6518234610557556,-0.08072798699140549,0.5914387106895447,0.6205158233642578,-0.10247892886400223,0.5024890899658203,0.5443803071975708,-0.01993945613503456,0.475532591342926,0.4185603857040405,-0.04850632697343826,0.4558194875717163,0.33753830194473267,-0.06911321729421616,0.44165071845054626,0.2684464156627655,-0.08385788649320602,0.5627372860908508,0.5418686866760254,-0.030137566849589348,0.5746948719024658,0.39175790548324585,-0.06392892450094223,0.5723355412483215,0.2964489459991455,-0.09115234017372131,0.5731370449066162,0.21834459900856018,-0.10703236609697342,0.6117898225784302,0.5791603922843933,-0.04588015377521515,0.6405973434448242,0.49559056758880615,-0.09398230165243149,0.6182701587677002,0.5646545886993408,-0.10601683706045151,0.6016041040420532,0.62613445520401,-0.10061018168926239,0.6502548456192017,0.6372677087783813,-0.06484168022871017,0.6718034744262695,0.5698778629302979,-0.097831591963768,0.6491918563842773,0.608184278011322,-0.0965135246515274,0.629907488822937,0.6534042358398438,-0.08804378658533096
0.5657617449760437,0.8819326162338257,7.452987347278395e-07,0.5056467056274414,0.8202915787696838,-0.03518982231616974,0.4854823350906372,0.7191216945648193,-0.05533283203840256,0.535854160785675,0.6505514979362488,-0.07902152836322784,0.5924262404441833,0.6207283139228821,-0.10083581507205963,0.5038330554962158,0.5446642637252808,-0.019711723551154137,0.4765329658985138,0.41873109340667725,-0.04817526414990425,0.4564649760723114,0.33749130368232727,-0.06861206889152527,0.44173452258110046,0.2686860263347626,-0.08312249183654785,0.5634885430335999,0.5428107380867004,-0.030453741550445557,0.5754912495613098,0.39135295152664185,-0.06380774080753326,0.5730446577072144,0.2952195107936859,-0.09069404006004333,0.5737475156784058,0.21711459755897522,-0.10635825991630554,0.6120943427085876,0.5802947878837585,-0.046580970287323,0.6409178376197815,0.49524053931236267,-0.09395527839660645,0.6183152198791504,0.563267171382904,-0.10585816949605942,0.6013776063919067,0.6248602867126465,-0.1004875898361206,0.6501020789146423,0.6386852860450745,-0.0658402368426323,0.6709761023521423,0.5709688663482666,-0.097891665995121,0.6483093500137329,0.6087812185287476,-0.09610236436128616,0.6289737224578857,0.6544804573059082,-0.08743403106927872
0.5640250444412231,0.8828805685043335,7.70637370806071e-07,0.5041089057922363,0.8209002614021301,-0.03979512304067612,0.4824240207672119,0.7216938734054565,-0.06300736218690872,0.531547486782074,0.6513977646827698,-0.08905164897441864,0.5903360247612,0.6205910444259644,-0.11300142854452133,0.5016062259674072,0.5427866578102112,-0.02275475673377514,0.4744536578655243,0.41686123609542847,-0.0522826611995697,0.4545893371105194,0.33531856536865234,-0.07367581129074097,0.4410431683063507,0.26576757431030273,-0.0893450528383255,0.5615556240081787,0.541597843170166,-0.031881362199783325,0.5739103555679321,0.39301055669784546,-0.0665643960237503,0.5725294351577759,0.297581285238266,-0.09471391141414642,0.5736142992973328,0.21829673647880554,-0.11175195872783661,0.61008620262146,0.5801244974136353,-0.04691658169031143,0.6405462026596069,0.49010682106018066,-0.09680085629224777,0.6179325580596924,0.5588849186897278,-0.11058665812015533,0.6003615260124207,0.6212172508239746,-0.1066494807600975,0.6480813026428223,0.6400134563446045,-0.06531460583209991,0.6681750416755676,0.5728792548179626,-0.10082901269197464,0.6472316980361938,0.6123802065849304,-0.10187461972236633,0.6298027038574219,0.6579665541648865,-0.09516553580760956
0.5634464025497437,0.88145911693573,7.55220980863669e-07,0.50356125831604,0.8197600841522217,-0.03771170601248741,0.480979323387146,0.7189253568649292,-0.05928080528974533,0.5309607982635498,0.6497159600257874,-0.08387499302625656,0.5893129110336304,0.6189870238304138,-0.10653610527515411,0.5020800828933716,0.5425506830215454,-0.022605350241065025,0.47520017623901367,0.4171949028968811,-0.05137021094560623,0.4557093381881714,0.33521804213523865,-0.07205981016159058,0.44194161891937256,0.2661183476448059,-0.0872144103050232,0.5619050860404968,0.5414033532142639,-0.03241056948900223,0.5739096999168396,0.3916418254375458,-0.0660577267408371,0.572913646697998,0.29572802782058716,-0.0935102328658104,0.5742544531822205,0.21657362580299377,-0.11016465723514557,0.6098693013191223,0.5798069834709167,-0.047804661095142365,0.6395113468170166,0.4911980926990509,-0.09657148271799088,0.6180629134178162,0.5596171021461487,-0.11016538739204407,0.6008250117301941,0.6218196153640747,-0.10626965761184692,0.6474928259849548,0.6399921774864197,-0.06638828665018082,0.6679410934448242,0.5712408423423767,-0.10096511244773865,0.6471765637397766,0.6097392439842224,-0.10153250396251678,0.6285536289215088,0.6557999849319458,-0.09465957432985306
0.5593410134315491,0.885218620300293,7.51924119413161e-07,0.500761866569519,0.8238945007324219,-0.03667476400732994,0.4798222780227661,0.7242469191551208,-0.058907147496938705,0.5286856293678284,0.6541712284088135,-0.08460566401481628,0.5855059623718262,0.6231765151023865,-0.10829415917396545,0.49933648109436035,0.544323205947876,-0.022402985021471977,0.4729161262512207,0.41983363032341003,-0.0521562397480011,0.45372068881988525,0.33908605575561523,-0.0732739269733429,0.4401490092277527,0.2700634002685547,-0.08840955048799515,0.55961674451828,0.5435490608215332,-0.03304993733763695,0.5729181170463562,0.39461493492126465,-0.06790117919445038,0.5711085200309753,0.29874852299690247,-0.09466172754764557,0.5721131563186646,0.21998456120491028,-0.11025393754243851,0.6086369752883911,0.5830349326133728,-0.04912780597805977,0.6373605132102966,0.4946591854095459,-0.09758424758911133,0.6136040687561035,0.5666868090629578,-0.10675494372844696,0.5963200330734253,0.6298425197601318,-0.09943050891160965,0.6471923589706421,0.64417564868927,-0.06854892522096634,0.6671672463417053,0.5743356347084045,-0.10160607844591141,0.6445744633674622,0.6152392029762268,-0.09853420406579971,0.6262935996055603,0.6615198254585266,-0.08869906514883041
0.5603172779083252,0.8855186700820923,7.28211432488024e-07,0.5009644031524658,0.8223327398300171,-0.03461284935474396,0.4787125587463379,0.720490038394928,-0.05523337796330452,0.5269448161125183,0.649673342704773,-0.07970663160085678,0.5836340188980103,0.6196826100349426,-0.10228688269853592,0.5002437233924866,0.5437731146812439,-0.019472243264317513,0.47357749938964844,0.41936010122299194,-0.04842441529035568,0.4540513753890991,0.33838745951652527,-0.0687737762928009,0.43997031450271606,0.26942092180252075,-0.08318844437599182,0.5604442954063416,0.5427296161651611,-0.03060244582593441,0.5726979970932007,0.3939913511276245,-0.06499510258436203,0.5705761909484863,0.29818102717399597,-0.09082785248756409,0.571049690246582,0.21981334686279297,-0.10532791167497635,0.6096051931381226,0.5812180638313293,-0.047096963971853256,0.636093258857727,0.4933636784553528,-0.09609345346689224,0.6130145192146301,0.566888153553009,-0.10476985573768616,0.5960689187049866,0.6316366791725159,-0.09642485529184341,0.6483761072158813,0.6413035988807678,-0.06667083501815796,0.6662752628326416,0.5710110068321228,-0.09983822703361511,0.6431983709335327,0.6122844815254211,-0.09589041024446487,0.6245138049125671,0.6599180698394775,-0.08500749617815018
0.561926543712616,0.8838575482368469,7.370269372586336e-07,0.5027298927307129,0.8229842782020569,-0.03745315223932266,0.4790453016757965,0.7206031084060669,-0.058668240904808044,0.5282115340232849,0.6506815552711487,-0.08308951556682587,0.5866818428039551,0.622622013092041,-0.105554960668087,0.4996728003025055,0.5454029440879822,-0.021744241937994957,0.4730115234851837,0.4210875630378723,-0.05085716396570206,0.4530218839645386,0.34033870697021484,-0.07144847512245178,0.4385349750518799,0.2717205584049225,-0.08627495914697647,0.5591959357261658,0.5444628000259399,-0.03161562234163284,0.5712535381317139,0.394956111907959,-0.06585055589675903,0.5698696374893188,0.30065298080444336,-0.09240937978029251,0.5710233449935913,0.22266307473182678,-0.10775700211524963,0.6078231334686279,0.582846462726593,-0.047116298228502274,0.6362253427505493,0.49881088733673096,-0.09675043821334839,0.6139561533927917,0.5716339349746704,-0.10841131210327148,0.5970587134361267,0.6353002786636353,-0.10235152393579483,0.6458995938301086,0.6425091028213501,-0.06585580110549927,0.665834367275238,0.5769276022911072,-0.10029742121696472,0.6442961096763611,0.6183876991271973,-0.09904959797859192,0.626302182674408,0.6651893854141235,-0.09044136106967926
0.5613265037536621,0.8824602365493774,7.707380405008735e-07,0.5020079612731934,0.8230516910552979,-0.03882191330194473,0.47991707921028137,0.7232106924057007,-0.061126552522182465,0.5283641815185547,0.6526734828948975,-0.08651179075241089,0.5858520865440369,0.6216957569122314,-0.10979607701301575,0.5001851916313171,0.5463361740112305,-0.022888947278261185,0.4729813039302826,0.42195767164230347,-0.05189334228634834,0.4529212713241577,0.3410429060459137,-0.07255025207996368,0.4387955069541931,0.2723805606365204,-0.08751849830150604,0.5596645474433899,0.5455214381217957,-0.03251924365758896,0.5722202658653259,0.3948700428009033,-0.0666041374206543,0.5709663033485413,0.2991389334201813,-0.09394608438014984,0.5723519921302795,0.22116035223007202,-0.11023353785276413,0.6075316071510315,0.5839309096336365,-0.04790385812520981,0.6361401081085205,0.4975045919418335,-0.09715662896633148,0.6140404939651489,0.5677908658981323,-0.1102958545088768,0.597454845905304,0.6305728554725647,-0.10577311366796494,0.6452693343162537,0.6431576013565063,-0.06660589575767517,0.6657595038414001,0.5756322145462036,-0.10085057467222214,0.6440271139144897,0.616138219833374,-0.10074520856142044,0.6257120966911316,0.6630906462669373,-0.09338156133890152
0.5650432705879211,0.8835350275039673,7.666785677429289e-07,0.5033599138259888,0.823945939540863,-0.037808507680892944,0.4791509509086609,0.7200770378112793,-0.05898190662264824,0.5295961499214172,0.6505810022354126,-0.08336951583623886,0.5898550152778625,0.6252066493034363,-0.10577433556318283,0.5005691051483154,0.5471543669700623,-0.02232450060546398,0.4732758402824402,0.4232140779495239,-0.0516214556992054,0.4533896744251251,0.3420465290546417,-0.07216938585042953,0.4387861490249634,0.273729532957077,-0.08694860339164734,0.5608853101730347,0.5456700921058655,-0.032241255044937134,0.5732420682907104,0.3953724205493927,-0.06713312119245529,0.5719484090805054,0.2999381422996521,-0.09392004460096359,0.5731956958770752,0.22216978669166565,-0.1091901957988739,0.6097511053085327,0.5826914310455322,-0.04783524200320244,0.6370495557785034,0.4999358654022217,-0.0970655158162117,0.6141863465309143,0.5739147663116455,-0.10789652168750763,0.5971417427062988,0.6369554996490479,-0.10132765769958496,0.6489554643630981,0.6402345895767212,-0.0668025091290474,0.6674112677574158,0.57694011926651,-0.09997014701366425,0.6440355181694031,0.6218672394752502,-0.09763949364423752,0.6248142719268799,0.669844925403595,-0.08849729597568512
0.5643411874771118,0.8839893341064453,7.762038194414345e-07,0.5035186409950256,0.8251264691352844,-0.037905503064394,0.48074233531951904,0.7213066816329956,-0.05953681468963623,0.5312345027923584,0.6526885032653809,-0.08443154394626617,0.5904577374458313,0.6266053318977356,-0.10741745680570602,0.5017597675323486,0.5482972860336304,-0.023917125537991524,0.47364169359207153,0.42379194498062134,-0.054059792309999466,0.4534717798233032,0.34201544523239136,-0.07481169700622559,0.43851444125175476,0.27333736419677734,-0.08952713757753372,0.5617045760154724,0.5466825366020203,-0.034095317125320435,0.5736608505249023,0.39470258355140686,-0.06985718011856079,0.5715410113334656,0.29924580454826355,-0.09683755785226822,0.5723241567611694,0.22108229994773865,-0.1119784265756607,0.6105402708053589,0.5836613774299622,-0.04980890452861786,0.636930525302887,0.5001400113105774,-0.09927745908498764,0.6130452156066895,0.5755650997161865,-0.10931695997714996,0.5958486795425415,0.6382577419281006,-0.10203566402196884,0.6499657034873962,0.6412909030914307,-0.0689520463347435,0.6681005358695984,0.5771222710609436,-0.10169127583503723,0.6446133255958557,0.6222192645072937,-0.0986333042383194,0.6259297132492065,0.6688867807388306,-0.08892692625522614
0.5666848421096802,0.885066032409668,7.49958132928441e-07,0.5067629814147949,0.8245664238929749,-0.038112007081508636,0.48367244005203247,0.7214351892471313,-0.059418175369501114,0.531797468662262,0.6498807072639465,-0.08399447053670883,0.590007483959198,0.6187294721603394,-0.10637068748474121,0.5047347545623779,0.5487639904022217,-0.021946070715785027,0.47528311610221863,0.4249676465988159,-0.051770180463790894,0.45421960949897766,0.3437860608100891,-0.07286066561937332,0.43949034810066223,0.27486884593963623,-0.08786769956350327,0.5641231536865234,0.5471404790878296,-0.0316288135945797,0.5759990811347961,0.3967643678188324,-0.0665164440870285,0.5732693076133728,0.30048349499702454,-0.09409838914871216,0.5736667513847351,0.22087225317955017,-0.11011449992656708,0.6118806600570679,0.5843592882156372,-0.04706744849681854,0.6383639574050903,0.49973249435424805,-0.09655420482158661,0.6160430312156677,0.5723555088043213,-0.10860767215490341,0.5996742844581604,0.6350294947624207,-0.1028824895620346,0.6499435305595398,0.6428216695785522,-0.06587312370538712,0.6696227192878723,0.5773791670799255,-0.09920983761548996,0.6471221446990967,0.6190521717071533,-0.0978502556681633,0.6280503273010254,0.665847897529602,-0.08941593766212463
0.5656064748764038,0.886512815952301,7.699053412579815e-07,0.5060232877731323,0.8266448974609375,-0.03943689912557602,0.4850488603115082,0.7244158983230591,-0.061776284128427505,0.5334666967391968,0.6523756980895996,-0.08698564767837524,0.5895174741744995,0.6180562973022461,-0.11003699153661728,0.5044386386871338,0.5493902564048767,-0.024135442450642586,0.4756871461868286,0.4245089888572693,-0.054286327213048935,0.45478537678718567,0.3425573706626892,-0.07572203129529953,0.43995401263237,0.2730540633201599,-0.09096579998731613,0.5639282464981079,0.548631489276886,-0.033334340900182724,0.576781690120697,0.3979947566986084,-0.06851979345083237,0.5742937326431274,0.3008973300457001,-0.09645984321832657,0.5746374130249023,0.22059863805770874,-0.11283345520496368,0.6117757558822632,0.5867724418640137,-0.04825836420059204,0.6383768320083618,0.5007699131965637,-0.09793253242969513,0.6159766912460327,0.57196044921875,-0.11027898639440536,0.5998526215553284,0.6340875625610352,-0.10495834052562714,0.6495821475982666,0.645715057849884,-0.06660617887973785,0.669374406337738,0.5785688161849976,-0.10048063099384308,0.6475558280944824,0.619758129119873,-0.09949968755245209,0.6299997568130493,0.6657693982124329,-0.09136024117469788
0.5657299757003784,0.8835881352424622,7.932288212941785e-07,0.5052707195281982,0.8245602250099182,-0.039221614599227905,0.48134079575538635,0.7245384454727173,-0.0627543181180954,0.5290281772613525,0.6564362645149231,-0.08939184993505478,0.5875605344772339,0.6287015676498413,-0.11395217478275299,0.503680944442749,0.5472947955131531,-0.026989124715328217,0.47546517848968506,0.4218021035194397,-0.058502569794654846,0.45584559440612793,0.33964067697525024,-0.08024538308382034,0.4416676163673401,0.270440936088562,-0.09578236937522888,0.5635747313499451,0.5463042855262756,-0.03700545057654381,0.5766489505767822,0.3948701024055481,-0.07449664175510406,0.5744414925575256,0.29773226380348206,-0.10269973427057266,0.5753965377807617,0.21758270263671875,-0.11890076845884323,0.611849308013916,0.5844905972480774,-0.052504051476716995,0.6384163498878479,0.4986342191696167,-0.10332614183425903,0.6151454448699951,0.5726392269134521,-0.11330880969762802,0.5986995100975037,0.636296808719635,-0.10592596232891083,0.6500985026359558,0.6438021659851074,-0.07154060155153275,0.6686830520629883,0.576591968536377,-0.10599181056022644,0.64667809009552,0.6183332800865173,-0.10364282131195068,0.6288577318191528,0.6641384959220886,-0.0941479355096817
0.5654288530349731,0.8823873400688171,7.900261493887228e-07,0.504176139831543,0.8228709697723389,-0.041031789034605026,0.48118364810943604,0.7227708101272583,-0.06449863314628601,0.530213475227356,0.6546362042427063,-0.09067687392234802,0.5884409546852112,0.6246097683906555,-0.1146969348192215,0.5035918951034546,0.5465913414955139,-0.025784820318222046,0.4757622480392456,0.4213510751724243,-0.05611402913928032,0.45601701736450195,0.339693546295166,-0.07756650447845459,0.44205141067504883,0.27064651250839233,-0.09305945783853531,0.5633505582809448,0.5456584095954895,-0.03473906219005585,0.575731098651886,0.3952476382255554,-0.07053322345018387,0.5742098689079285,0.2988157868385315,-0.09881259500980377,0.5759192705154419,0.219750314950943,-0.11554038524627686,0.6115156412124634,0.5838136076927185,-0.04959532991051674,0.6376926302909851,0.49861717224121094,-0.10003821551799774,0.6153913736343384,0.5714161992073059,-0.11252570152282715,0.5998285412788391,0.6347055435180664,-0.10724036395549774,0.6498016119003296,0.6421891450881958,-0.06805835664272308,0.6683195233345032,0.575169026851654,-0.10299717634916306,0.6465898752212524,0.6175050139427185,-0.10257469117641449,0.629201352596283,0.663935661315918,-0.09481620788574219
0.5626440048217773,0.8818021416664124,7.762347991047136e-07,0.5039702653884888,0.8224284052848816,-0.03757137432694435,0.4816693067550659,0.7221280932426453,-0.05962737649679184,0.5307425260543823,0.6547502875328064,-0.08491911739110947,0.5889779329299927,0.6267635226249695,-0.10825829207897186,0.5024110078811646,0.5441348552703857,-0.022820286452770233,0.47479063272476196,0.420194149017334,-0.05234634131193161,0.4549297094345093,0.339245080947876,-0.07310238480567932,0.4401990473270416,0.2705969512462616,-0.08795579522848129,0.5621324777603149,0.5434243083000183,-0.03290078043937683,0.5768486261367798,0.39399421215057373,-0.06762275099754333,0.5746394991874695,0.29846489429473877,-0.0941961333155632,0.5745903849601746,0.21979719400405884,-0.10940343886613846,0.6105180978775024,0.5816435217857361,-0.048550914973020554,0.6377986669540405,0.495035320520401,-0.0976068302989006,0.6147483587265015,0.5686777830123901,-0.10788143426179886,0.5984859466552734,0.6316140294075012,-0.10102321207523346,0.6491382718086243,0.640859067440033,-0.06753358989953995,0.6668681502342224,0.5756896734237671,-0.10106160491704941,0.644450306892395,0.6200818419456482,-0.09860637038946152,0.6273718476295471,0.6671258807182312,-0.08918600529432297
0.5622389912605286,0.8815277814865112,7.693231509620091e-07,0.502630889415741,0.8200549483299255,-0.037123166024684906,0.4786113500595093,0.7182179689407349,-0.059129539877176285,0.5281344056129456,0.6506555080413818,-0.08460935950279236,0.5873615145683289,0.6233723759651184,-0.1081492081284523,0.5023536086082458,0.5432627201080322,-0.022935716435313225,0.47479861974716187,0.41990479826927185,-0.05271916091442108,0.4552628993988037,0.3390480875968933,-0.07367803901433945,0.4409245550632477,0.27042677998542786,-0.0887858048081398,0.5620866417884827,0.5429478287696838,-0.03339868783950806,0.5764369964599609,0.393358051776886,-0.0683317482471466,0.5745205283164978,0.2982237637042999,-0.09491757303476334,0.5752809643745422,0.2196195423603058,-0.11024097353219986,0.6103295087814331,0.5817661285400391,-0.049400899559259415,0.6375175714492798,0.49525195360183716,-0.09843888878822327,0.6134511232376099,0.5699855089187622,-0.108036108314991,0.5964655876159668,0.6336913704872131,-0.1007995530962944,0.6489406824111938,0.6421650648117065,-0.06877343356609344,0.6676813364028931,0.5752807855606079,-0.10200432687997818,0.6439707279205322,0.619399905204773,-0.09897983074188232,0.624828040599823,0.6670940518379211,-0.08930882066488266
0.5613871216773987,0.8825514316558838,7.484515549549542e-07,0.5039095282554626,0.8223193287849426,-0.03718041256070137,0.48280078172683716,0.7233526110649109,-0.05889848619699478,0.5299201607704163,0.6538737416267395,-0.08386833965778351,0.5857751369476318,0.6221185922622681,-0.10666986554861069,0.5026556253433228,0.5450124144554138,-0.02207297645509243,0.4745102524757385,0.42084965109825134,-0.0513693168759346,0.4540920555591583,0.3394657373428345,-0.07223905622959137,0.43982693552970886,0.27066418528556824,-0.08716057986021042,0.5624431371688843,0.5442061424255371,-0.032063812017440796,0.5757741332054138,0.3944612741470337,-0.06611806154251099,0.5744749903678894,0.2982945740222931,-0.09317360073328018,0.5762035846710205,0.219650000333786,-0.10912071168422699,0.6106340885162354,0.5823536515235901,-0.04756099730730057,0.6394350528717041,0.49672287702560425,-0.09557735174894333,0.6170046925544739,0.565996527671814,-0.10665271431207657,0.6000062227249146,0.6280447840690613,-0.1008249893784523,0.6485465168952942,0.6417925357818604,-0.06639539450407028,0.668512225151062,0.5750163793563843,-0.09910246729850769,0.6469080448150635,0.6153504252433777,-0.0971333384513855,0.6284773349761963,0.6624528169631958,-0.0883476585149765
0.5609469413757324,0.8828301429748535,7.488106916753168e-07,0.5037155747413635,0.8221566677093506,-0.03659646213054657,0.48204582929611206,0.7232027053833008,-0.05825527012348175,0.5288975834846497,0.6541675329208374,-0.08323032408952713,0.5848937034606934,0.6234292984008789,-0.10600590705871582,0.5022951364517212,0.5446495413780212,-0.021887104958295822,0.47434139251708984,0.4204380512237549,-0.051264580339193344,0.45416319370269775,0.3390081226825714,-0.0720241367816925,0.4401203393936157,0.27008992433547974,-0.08671390265226364,0.5622217655181885,0.5441681146621704,-0.03203839436173439,0.5760533809661865,0.39498239755630493,-0.06619394570589066,0.5748857855796814,0.29904982447624207,-0.09254374355077744,0.5768539905548096,0.22045943140983582,-0.10771751403808594,0.6105748414993286,0.5823801755905151,-0.047633662819862366,0.6393038630485535,0.4973980486392975,-0.09560143947601318,0.615940511226654,0.568152666091919,-0.10514289885759354,0.598479151725769,0.6305387020111084,-0.09798721224069595,0.6485050320625305,0.6418973207473755,-0.06655992567539215,0.6683513522148132,0.5748476386070251,-0.0988890677690506,0.646300196647644,0.616232693195343,-0.09554269909858704,0.627879798412323,0.6637392044067383,-0.08552344143390656
0.5620597004890442,0.8843623399734497,7.821220719961275e-07,0.5037909746170044,0.8268263936042786,-0.04005809873342514,0.48418450355529785,0.7280830144882202,-0.06269931048154831,0.5303796529769897,0.652336061000824,-0.08801006525754929,0.5836988091468811,0.61327064037323,-0.11066526919603348,0.4988901913166046,0.5465995073318481,-0.02191305160522461,0.47259384393692017,0.42016464471817017,-0.05120373144745827,0.4533098638057709,0.33781200647354126,-0.07189866900444031,0.4400622248649597,0.26754066348075867,-0.0865415632724762,0.5597378015518188,0.5446906685829163,-0.030335010960698128,0.5738723874092102,0.39499300718307495,-0.06498405337333679,0.5743884444236755,0.2985288202762604,-0.09213140606880188,0.5772714614868164,0.21993455290794373,-0.10777667164802551,0.6086339950561523,0.5821352005004883,-0.04462571069598198,0.6361815929412842,0.4969712495803833,-0.09394516795873642,0.6135249137878418,0.5686320066452026,-0.10468078404664993,0.5968955159187317,0.6316516399383545,-0.09812518209218979,0.6471483111381531,0.6399608254432678,-0.06237904727458954,0.666309654712677,0.574804961681366,-0.09622520208358765,0.6443021893501282,0.6174241304397583,-0.09424662590026855,0.6269644498825073,0.664445161819458,-0.08499196171760559
0.5622292757034302,0.8827636241912842,7.946160849314765e-07,0.5028696060180664,0.8253414630889893,-0.03990441560745239,0.4829685091972351,0.7257770299911499,-0.06265030056238174,0.5306001901626587,0.6512537598609924,-0.08811993151903152,0.5843625664710999,0.6122580170631409,-0.11109157651662827,0.5004631876945496,0.5470160245895386,-0.02352980151772499,0.4726693630218506,0.4210520386695862,-0.052753180265426636,0.4528447985649109,0.33909016847610474,-0.0730317160487175,0.43919554352760315,0.26992273330688477,-0.08727258443832397,0.560793399810791,0.5450587868690491,-0.03224850445985794,0.5740078091621399,0.39221441745758057,-0.06646902859210968,0.5735647082328796,0.29551178216934204,-0.09324651956558228,0.5759426355361938,0.21774092316627502,-0.10869017988443375,0.6089446544647217,0.5823162198066711,-0.04678335785865784,0.6355323791503906,0.49541789293289185,-0.0956815853714943,0.6127512454986572,0.5666961669921875,-0.10711930692195892,0.5964099168777466,0.6292632818222046,-0.10122320801019669,0.647113561630249,0.6400572657585144,-0.06471121311187744,0.6654982566833496,0.5728319883346558,-0.09777187556028366,0.6429693102836609,0.6148588061332703,-0.09599332511425018,0.6249313950538635,0.6617641448974609,-0.0872424840927124
0.5590652823448181,0.8874430656433105,7.873122171986324e-07,0.5000991821289062,0.8274253010749817,-0.03872431814670563,0.4821547269821167,0.7263450622558594,-0.060449253767728806,0.5307957530021667,0.6536306738853455,-0.08518125116825104,0.5844228267669678,0.6171279549598694,-0.10769841820001602,0.49640586972236633,0.5471072793006897,-0.021069563925266266,0.47003069519996643,0.4203324615955353,-0.05008106678724289,0.45088231563568115,0.33782094717025757,-0.07081010937690735,0.4372224807739258,0.267859548330307,-0.08568273484706879,0.5571165084838867,0.5458036065101624,-0.03074667975306511,0.5718015432357788,0.3941407799720764,-0.06526592373847961,0.5713187456130981,0.29702433943748474,-0.09316015243530273,0.5735104084014893,0.21758243441581726,-0.1094944030046463,0.6062085628509521,0.5839737057685852,-0.04616246744990349,0.6345089077949524,0.4963596761226654,-0.0949944406747818,0.6114415526390076,0.5685412883758545,-0.10641992837190628,0.5953402519226074,0.6302958726882935,-0.10073495656251907,0.6453130841255188,0.6428233981132507,-0.06498001515865326,0.663866400718689,0.5768072009086609,-0.09834565967321396,0.6411901116371155,0.6215077042579651,-0.09651456028223038,0.6245629191398621,0.6679658889770508,-0.087809719145298
0.5605404376983643,0.8848465085029602,7.779177053635067e-07,0.5023515820503235,0.823847234249115,-0.03690308332443237,0.4826752841472626,0.7222979068756104,-0.05792320892214775,0.5301963686943054,0.6527042984962463,-0.0823214203119278,0.5838006734848022,0.6193667054176331,-0.10464607179164886,0.4980362355709076,0.5460008978843689,-0.021196609362959862,0.4704350233078003,0.4201485514640808,-0.05032729357481003,0.45108383893966675,0.33806660771369934,-0.07077820599079132,0.43700167536735535,0.2688866853713989,-0.08528607338666916,0.5579997897148132,0.5446686744689941,-0.031595610082149506,0.5717918276786804,0.39211225509643555,-0.06597066670656204,0.5712372064590454,0.29602673649787903,-0.09317521750926971,0.5736019015312195,0.2170119285583496,-0.10888810455799103,0.6064814329147339,0.5827893614768982,-0.04748331382870674,0.6337277889251709,0.49677586555480957,-0.09589461982250214,0.6110807061195374,0.5701731443405151,-0.10626199841499329,0.5951715111732483,0.6316329836845398,-0.09972178936004639,0.6451846957206726,0.6423588395118713,-0.06663578003644943,0.663968026638031,0.5759214758872986,-0.09885302186012268,0.6414161920547485,0.6198945641517639,-0.09563904255628586,0.6241239309310913,0.6660478115081787,-0.08602041751146317
0.5594441294670105,0.8891535401344299,7.809985618223436e-07,0.5015089511871338,0.8306758403778076,-0.03825921565294266,0.480773389339447,0.7322892546653748,-0.06065899506211281,0.5271645784378052,0.657722532749176,-0.08617600053548813,0.5804911255836487,0.6201395988464355,-0.10927650332450867,0.49650663137435913,0.5481463670730591,-0.023422831669449806,0.4682632386684418,0.4203718304634094,-0.05352059379220009,0.44845515489578247,0.3372627794742584,-0.07413625717163086,0.43414872884750366,0.26696422696113586,-0.08838613331317902,0.5575569868087769,0.5455565452575684,-0.0332380011677742,0.5718040466308594,0.39198482036590576,-0.06844086945056915,0.5709069967269897,0.29425522685050964,-0.09471190720796585,0.5724017024040222,0.21565639972686768,-0.10919523239135742,0.6071096062660217,0.5830566883087158,-0.0486486479640007,0.6330530643463135,0.4954947829246521,-0.09793021529912949,0.6108124256134033,0.568857729434967,-0.10712607949972153,0.5952417850494385,0.6324970722198486,-0.09905494004487991,0.6467261910438538,0.6419995427131653,-0.06745001673698425,0.6641528606414795,0.574010968208313,-0.10040996968746185,0.6418322920799255,0.616560697555542,-0.09678216278553009,0.6244728565216064,0.6637958288192749,-0.08610323816537857
0.5596741437911987,0.8894573450088501,7.787776894474518e-07,0.5018689632415771,0.8302919864654541,-0.03773773834109306,0.47985613346099854,0.7301515340805054,-0.05963309109210968,0.5259944200515747,0.656122624874115,-0.08481431752443314,0.5803811550140381,0.6209529638290405,-0.10768762975931168,0.49679452180862427,0.5477385520935059,-0.02324805036187172,0.46793755888938904,0.420378714799881,-0.053029999136924744,0.448026180267334,0.3375070095062256,-0.07356970012187958,0.433779776096344,0.26740968227386475,-0.08799824863672256,0.5574527382850647,0.5448240637779236,-0.03331160917878151,0.5718708038330078,0.391092449426651,-0.06827892363071442,0.571740984916687,0.29322507977485657,-0.0947900265455246,0.5740010142326355,0.2145792841911316,-0.10971592366695404,0.6064268946647644,0.5822347402572632,-0.04887897148728371,0.6329706311225891,0.4954261779785156,-0.0978497788310051,0.6106393933296204,0.5693773031234741,-0.10734766721725464,0.5946816802024841,0.6336923241615295,-0.09976444393396378,0.6456930041313171,0.6415874361991882,-0.06784877926111221,0.6637723445892334,0.5755193829536438,-0.10078971832990646,0.6415145397186279,0.6190657019615173,-0.09752387553453445,0.6237689852714539,0.667284369468689,-0.08733026683330536
0.5566473007202148,0.8877217173576355,7.796539307491912e-07,0.49817633628845215,0.8291448354721069,-0.037957869470119476,0.4753049910068512,0.7282043695449829,-0.06114985793828964,0.5204769968986511,0.6559367179870605,-0.08767760545015335,0.5754924416542053,0.6231695413589478,-0.11215639114379883,0.4945538341999054,0.5434567332267761,-0.02568095177412033,0.46647006273269653,0.4174964427947998,-0.0572354719042778,0.4467749297618866,0.3345744013786316,-0.07832185178995132,0.43230438232421875,0.26446476578712463,-0.09282653033733368,0.5552229285240173,0.5423684120178223,-0.036501672118902206,0.5696997046470642,0.38926661014556885,-0.07325846701860428,0.568313479423523,0.29273927211761475,-0.09934397786855698,0.5693638324737549,0.21383434534072876,-0.11349344998598099,0.6048265695571899,0.5812678337097168,-0.05279996246099472,0.6315000057220459,0.49520203471183777,-0.10360239446163177,0.6070500016212463,0.5720714926719666,-0.11156699061393738,0.5902090668678284,0.6363569498062134,-0.10240880399942398,0.6438704133033752,0.6423076391220093,-0.07246705889701843,0.6609276533126831,0.5759797692298889,-0.10606202483177185,0.6378097534179688,0.6227887868881226,-0.1013621985912323,0.6205466389656067,0.6711844801902771,-0.08990361541509628
0.5556259155273438,0.886703610420227,7.759699656162411e-07,0.4965938329696655,0.8271845579147339,-0.0358462817966938,0.47300171852111816,0.725759744644165,-0.057690128684043884,0.5195819735527039,0.655178964138031,-0.0832369402050972,0.5744988918304443,0.6242230534553528,-0.10688015818595886,0.49305200576782227,0.5420933365821838,-0.024066438898444176,0.4651523232460022,0.4169675409793854,-0.05445205792784691,0.44574928283691406,0.33486875891685486,-0.07466480880975723,0.43132996559143066,0.26556211709976196,-0.08861205726861954,0.5544868111610413,0.540120005607605,-0.03542486950755119,0.5703756213188171,0.3871191143989563,-0.07048585265874863,0.5693985223770142,0.2913312017917633,-0.09537822753190994,0.5705219507217407,0.21378996968269348,-0.1088535264134407,0.6043117046356201,0.5785141587257385,-0.052107520401477814,0.6308145523071289,0.4934132695198059,-0.10138028860092163,0.6064159274101257,0.5697422027587891,-0.10919225960969925,0.5897043347358704,0.6344107985496521,-0.10016676038503647,0.6434001922607422,0.6395789384841919,-0.07200589776039124,0.6608448624610901,0.5740620493888855,-0.10429403185844421,0.6374770998954773,0.619506299495697,-0.09930691868066788,0.6198283433914185,0.6680060029029846,-0.08782787621021271
0.5591439604759216,0.8859788179397583,7.590907102894562e-07,0.5008371472358704,0.8250831365585327,-0.038488127291202545,0.478453665971756,0.7236185669898987,-0.06053411215543747,0.5252509117126465,0.6520974040031433,-0.08574987947940826,0.580577552318573,0.6180012822151184,-0.1088203638792038,0.49498307704925537,0.5430380702018738,-0.0240413136780262,0.46618515253067017,0.4185726046562195,-0.05421553552150726,0.4459484815597534,0.33677542209625244,-0.07548221945762634,0.43092766404151917,0.2671678364276886,-0.09055448323488235,0.5557535290718079,0.5408203601837158,-0.03389516472816467,0.5707293748855591,0.3895636796951294,-0.06843002140522003,0.5697881579399109,0.29350802302360535,-0.09514781832695007,0.5703766345977783,0.21378034353256226,-0.11075211316347122,0.6044801473617554,0.5784566402435303,-0.049433156847953796,0.6316715478897095,0.4919632077217102,-0.09857692569494247,0.6097137331962585,0.5656431913375854,-0.10949686914682388,0.5934172868728638,0.6287018060684204,-0.10328058153390884,0.6426549553871155,0.6385402679443359,-0.06840040534734726,0.6616680026054382,0.5731552243232727,-0.10139338672161102,0.6392644643783569,0.6175346970558167,-0.0990070030093193,0.6209588646888733,0.666196882724762,-0.08993076533079147
0.5596398711204529,0.8855423927307129,7.873829872551141e-07,0.5010405778884888,0.8273717164993286,-0.0388355627655983,0.4796437621116638,0.72627854347229,-0.06111167371273041,0.5258745551109314,0.651741623878479,-0.08637978881597519,0.5802699327468872,0.6140313744544983,-0.10933291912078857,0.4951398968696594,0.5445694923400879,-0.02424250729382038,0.4663276672363281,0.4185720980167389,-0.05436062812805176,0.44658923149108887,0.33613187074661255,-0.07487084716558456,0.4321272671222687,0.2664082944393158,-0.08905301988124847,0.5559579730033875,0.5419636368751526,-0.03384287655353546,0.570801317691803,0.3891817331314087,-0.06892067939043045,0.5696303248405457,0.29253172874450684,-0.09519051760435104,0.5702744126319885,0.21334457397460938,-0.1097952350974083,0.6047380566596985,0.579551100730896,-0.049082349985837936,0.6303365230560303,0.49364009499549866,-0.09899201989173889,0.6075261235237122,0.5705847144126892,-0.10852980613708496,0.5916182994842529,0.6344540119171143,-0.10066598653793335,0.6432386040687561,0.6390454769134521,-0.06766816973686218,0.6599520444869995,0.5739502906799316,-0.10109652578830719,0.6372409462928772,0.6216482520103455,-0.09752092510461807,0.620034396648407,0.6708839535713196,-0.08702260255813599
0.5639411211013794,0.8823369145393372,7.632400524926197e-07,0.5020683407783508,0.8215844631195068,-0.03765328601002693,0.477061927318573,0.7199532389640808,-0.059952106326818466,0.5247817039489746,0.6523486375808716,-0.08558502048254013,0.5815075039863586,0.6212378144264221,-0.10947324335575104,0.49746444821357727,0.5443457365036011,-0.02575523592531681,0.46848928928375244,0.41907191276550293,-0.055644962936639786,0.4481707513332367,0.33737194538116455,-0.07681591063737869,0.43374648690223694,0.2677685618400574,-0.09217974543571472,0.558740496635437,0.5427452921867371,-0.036179207265377045,0.5730368494987488,0.3910190761089325,-0.07084746658802032,0.5723718404769897,0.2950936555862427,-0.0987197533249855,0.5737364292144775,0.21511074900627136,-0.1156875416636467,0.6076298356056213,0.5804910659790039,-0.0519600473344326,0.6349233388900757,0.4916282892227173,-0.10135644674301147,0.6133424639701843,0.5633664727210999,-0.11433368176221848,0.5966969132423401,0.6262574791908264,-0.10996826738119125,0.6463868618011475,0.6405206918716431,-0.07088381052017212,0.666015625,0.5707312226295471,-0.10448536276817322,0.6446206569671631,0.6113677024841309,-0.10358048975467682,0.6260953545570374,0.658690333366394,-0.09595250338315964
0.561834990978241,0.8834155201911926,7.852018484300061e-07,0.5018931031227112,0.824966549873352,-0.03916577249765396,0.480640172958374,0.7254883050918579,-0.06203895062208176,0.5282401442527771,0.6552179455757141,-0.08789768815040588,0.5823212265968323,0.6191790699958801,-0.11178693175315857,0.49923089146614075,0.5459892749786377,-0.025810807943344116,0.4699283838272095,0.4190046787261963,-0.05588454753160477,0.44908249378204346,0.33622241020202637,-0.07715529948472977,0.43410569429397583,0.2658816874027252,-0.09232418239116669,0.5596286058425903,0.5444799661636353,-0.03558645024895668,0.5738753080368042,0.3911231458187103,-0.06993064284324646,0.5725582242012024,0.2947062849998474,-0.09760762751102448,0.5738315582275391,0.21496108174324036,-0.11423028260469437,0.6079144477844238,0.5826337337493896,-0.05093161761760712,0.6352920532226562,0.49282488226890564,-0.10006308555603027,0.612972617149353,0.56361323595047,-0.11291220784187317,0.5969449877738953,0.6257842779159546,-0.10844229906797409,0.6462095379829407,0.6427905559539795,-0.06956735253334045,0.6660999059677124,0.5726408362388611,-0.10311062633991241,0.6439101696014404,0.6138793230056763,-0.10212314128875732,0.6257205009460449,0.6608408689498901,-0.09432490915060043
0.5666745901107788,0.8800293207168579,7.934544896670559e-07,0.5050580501556396,0.8191930055618286,-0.04121954366564751,0.4819275140762329,0.7197775840759277,-0.06445188820362091,0.5303827524185181,0.6506549119949341,-0.09006211906671524,0.5871945023536682,0.6167027950286865,-0.1133245900273323,0.5010877847671509,0.543171763420105,-0.02657519280910492,0.47265148162841797,0.4177323877811432,-0.056574709713459015,0.45275041460990906,0.3355850577354431,-0.07750257104635239,0.4388532042503357,0.2666003704071045,-0.0922870859503746,0.5628425478935242,0.5419055819511414,-0.03516126796603203,0.5764350891113281,0.39007529616355896,-0.06954162567853928,0.5756840705871582,0.2936383783817291,-0.09641403704881668,0.5770626664161682,0.21520376205444336,-0.11210352927446365,0.6119739413261414,0.5802434682846069,-0.04975435137748718,0.6380717158317566,0.4951644539833069,-0.0996885672211647,0.6168036460876465,0.5666677951812744,-0.11260588467121124,0.6006482839584351,0.6281707286834717,-0.10761846601963043,0.6510118842124939,0.6398163437843323,-0.06775504350662231,0.6700702905654907,0.5720732808113098,-0.10179344564676285,0.6477862000465393,0.6141335368156433,-0.1007806733250618,0.6285138726234436,0.6612315773963928,-0.09270179271697998
0.5661135911941528,0.8819332122802734,7.830400932107295e-07,0.5059243440628052,0.8247674703598022,-0.03921673074364662,0.48383480310440063,0.7247548699378967,-0.0610903836786747,0.5312308073043823,0.6530637145042419,-0.08559750765562057,0.5862704515457153,0.6187940239906311,-0.10765944421291351,0.5018189549446106,0.5435821413993835,-0.024109389632940292,0.47314581274986267,0.4183036983013153,-0.05377672612667084,0.452976793050766,0.336090087890625,-0.07407493889331818,0.43836838006973267,0.2675430178642273,-0.08812563866376877,0.5624520182609558,0.5410922765731812,-0.03308220952749252,0.5756472945213318,0.388106107711792,-0.06740942597389221,0.5738723874092102,0.29202237725257874,-0.09311608970165253,0.5751506686210632,0.21483692526817322,-0.10735557973384857,0.6113076210021973,0.578675389289856,-0.04785440117120743,0.6376227736473083,0.49361032247543335,-0.09693397581577301,0.6149311065673828,0.5664598345756531,-0.10724084079265594,0.5989172458648682,0.6291046142578125,-0.10009429603815079,0.6501930356025696,0.637908935546875,-0.06603851169347763,0.6688045859336853,0.5705455541610718,-0.09934213757514954,0.6460755467414856,0.6139334440231323,-0.0966910868883133,0.627454936504364,0.6616824269294739,-0.08694066852331161
0.5651980042457581,0.8825759291648865,7.654606406504172e-07,0.5036810636520386,0.8226772546768188,-0.03823120519518852,0.4810378849506378,0.717970073223114,-0.05949576944112778,0.5309491753578186,0.6518970727920532,-0.08396492898464203,0.5883336663246155,0.6210439801216125,-0.10656304657459259,0.5036166310310364,0.5422091484069824,-0.024259842932224274,0.47508084774017334,0.4165915250778198,-0.05302510783076286,0.45479118824005127,0.33460569381713867,-0.07322166115045547,0.4403710961341858,0.26542139053344727,-0.08782367408275604,0.5646081566810608,0.5412243604660034,-0.034286435693502426,0.578771710395813,0.389814555644989,-0.06767705082893372,0.5771772861480713,0.2932720184326172,-0.0944962427020073,0.5780627727508545,0.2146700620651245,-0.11053477227687836,0.6131752133369446,0.579574704170227,-0.04996056854724884,0.6409156918525696,0.49272456765174866,-0.09832553565502167,0.6175500750541687,0.5655896067619324,-0.11072030663490295,0.6000858545303345,0.6285562515258789,-0.10596061497926712,0.6514098644256592,0.6394554376602173,-0.06899744272232056,0.6722625494003296,0.5705205202102661,-0.10232497751712799,0.6488669514656067,0.6135509610176086,-0.10132405906915665,0.6285679340362549,0.6621009707450867,-0.09359622746706009
0.5662224888801575,0.8839302659034729,7.593325790367089e-07,0.5061029195785522,0.8248637318611145,-0.037445101886987686,0.48321712017059326,0.7211334705352783,-0.058663494884967804,0.5321305990219116,0.6522128582000732,-0.08320499211549759,0.5890199542045593,0.6208325028419495,-0.10582537204027176,0.5041040182113647,0.5434602499008179,-0.02333577163517475,0.4752184748649597,0.4173814654350281,-0.05360529571771622,0.4552409052848816,0.3344886302947998,-0.07479196041822433,0.44053924083709717,0.2645399272441864,-0.08988398313522339,0.5646800398826599,0.5418458580970764,-0.03363136202096939,0.5795610547065735,0.3900642395019531,-0.06918048113584518,0.5779906511306763,0.2934942841529846,-0.09663558751344681,0.5789232850074768,0.2145165503025055,-0.11245367676019669,0.613335907459259,0.5795170068740845,-0.04943203926086426,0.6412034034729004,0.49303486943244934,-0.09878779947757721,0.617864191532135,0.5666242837905884,-0.10910259187221527,0.6010292768478394,0.6299986839294434,-0.102309450507164,0.6517783403396606,0.6388728618621826,-0.06862171739339828,0.6710610389709473,0.5722100138664246,-0.1021009236574173,0.6485201120376587,0.6157042384147644,-0.09949718415737152,0.6300182938575745,0.6634582281112671,-0.09003902971744537
0.5663687586784363,0.8841433525085449,7.76348997533205e-07,0.505908727645874,0.8218318223953247,-0.03769857808947563,0.482285737991333,0.7164722084999084,-0.059460029006004333,0.5324233770370483,0.6469825506210327,-0.08452095836400986,0.5922556519508362,0.6190897226333618,-0.10769283771514893,0.504136323928833,0.5436351299285889,-0.024014418944716454,0.4755189120769501,0.4180775284767151,-0.05463256686925888,0.45550253987312317,0.33640843629837036,-0.07552929222583771,0.44102513790130615,0.2672369182109833,-0.09014704078435898,0.564175009727478,0.5423195362091064,-0.033956412225961685,0.5778098106384277,0.3904614746570587,-0.06968826055526733,0.576449453830719,0.29501551389694214,-0.09610632807016373,0.5779451727867126,0.21604132652282715,-0.11065449565649033,0.6132787466049194,0.5798550844192505,-0.04944557696580887,0.6389134526252747,0.49678072333335876,-0.0992661863565445,0.6159406900405884,0.5724451541900635,-0.10891512036323547,0.6002553105354309,0.6363425850868225,-0.10099029541015625,0.6522654294967651,0.6385129690170288,-0.06834761053323746,0.6699222922325134,0.5745643973350525,-0.10130699723958969,0.6478089690208435,0.6187193989753723,-0.09796100109815598,0.630990207195282,0.6654036641120911,-0.08768996596336365
0.5664722323417664,0.8837145566940308,7.834502753212291e-07,0.5060301423072815,0.8216345906257629,-0.03758249804377556,0.4822204113006592,0.7165995836257935,-0.05943073704838753,0.5318568348884583,0.6469597220420837,-0.08460982888936996,0.5915911197662354,0.6191521883010864,-0.10782607644796371,0.5046333074569702,0.5436751842498779,-0.024138692766427994,0.4755343496799469,0.41846564412117004,-0.05470433458685875,0.4554274082183838,0.3371104598045349,-0.07542888075113297,0.4408821165561676,0.26834410429000854,-0.08986490964889526,0.5644725561141968,0.5421922206878662,-0.034116171300411224,0.5780773162841797,0.3896142244338989,-0.06966928392648697,0.576806902885437,0.2940237820148468,-0.09566029906272888,0.5785481929779053,0.21526870131492615,-0.10984764993190765,0.6133953928947449,0.5797623991966248,-0.04964165762066841,0.6387394070625305,0.4966466724872589,-0.09918174892663956,0.6154992580413818,0.5724722743034363,-0.10838723182678223,0.5997920632362366,0.6364303827285767,-0.10013929754495621,0.6523493528366089,0.6386152505874634,-0.0685945674777031,0.6700221300125122,0.5743030309677124,-0.10117428749799728,0.6475301384925842,0.6183859705924988,-0.09745470434427261,0.630300760269165,0.6649647951126099,-0.08692798018455505
0.5675853490829468,0.8846798539161682,7.701742106291931e-07,0.5064876079559326,0.8246145844459534,-0.03828895092010498,0.4838019609451294,0.7211627960205078,-0.05978307127952576,0.5331622958183289,0.6485042572021484,-0.08444003015756607,0.5905269980430603,0.6139199137687683,-0.1069522500038147,0.5038933753967285,0.5444650650024414,-0.021821213886141777,0.47552329301834106,0.4190358519554138,-0.05138769373297691,0.4550987184047699,0.3377031683921814,-0.07222035527229309,0.4403829574584961,0.2689718008041382,-0.08687101304531097,0.5646048784255981,0.5425009727478027,-0.031437747180461884,0.5787966251373291,0.39037615060806274,-0.0657622218132019,0.5773499011993408,0.29376572370529175,-0.09269163012504578,0.5785955786705017,0.21495649218559265,-0.10813453793525696,0.6133288741111755,0.580208957195282,-0.04686575382947922,0.6391568183898926,0.49504354596138,-0.09587627649307251,0.6172913908958435,0.5676969885826111,-0.10710299015045166,0.602236270904541,0.6304891705513,-0.10082068294286728,0.6518316268920898,0.6390009522438049,-0.06566429883241653,0.6698899269104004,0.5716548562049866,-0.09847970306873322,0.6475911140441895,0.6145555377006531,-0.09595976024866104,0.6299843788146973,0.6622815728187561,-0.0866321325302124
0.5664755702018738,0.885337233543396,7.657272362848744e-07,0.5063820481300354,0.8259136080741882,-0.03756646811962128,0.4835571050643921,0.7237679362297058,-0.05897444859147072,0.5326822400093079,0.6515035033226013,-0.08363959938287735,0.589593768119812,0.6171227097511292,-0.10624369978904724,0.5047114491462708,0.5450093150138855,-0.022099364548921585,0.47581350803375244,0.4194745421409607,-0.05125010758638382,0.4553506374359131,0.33833473920822144,-0.07186253368854523,0.4406496286392212,0.26975217461586,-0.0864914283156395,0.5651524662971497,0.5431227087974548,-0.032075103372335434,0.5794054865837097,0.390647828578949,-0.06591053307056427,0.5779114961624146,0.2941451966762543,-0.09266553074121475,0.5791957378387451,0.21598348021507263,-0.10820592194795609,0.6133628487586975,0.58127760887146,-0.04770291969180107,0.6397641897201538,0.49431830644607544,-0.0958828330039978,0.618035078048706,0.5658275485038757,-0.10691597312688828,0.6029471158981323,0.6282091736793518,-0.10087588429450989,0.6514131426811218,0.6410028338432312,-0.0666675940155983,0.6701011061668396,0.5718211531639099,-0.09913966059684753,0.6482869386672974,0.613854169845581,-0.0966600850224495,0.6309342980384827,0.6615476012229919,-0.08752363175153732
0.5662938952445984,0.8829399347305298,7.834157145225618e-07,0.5063194036483765,0.8250937461853027,-0.042275190353393555,0.4822985529899597,0.7243431210517883,-0.06687839329242706,0.5297757387161255,0.6526760458946228,-0.09394007176160812,0.5891229510307312,0.620134174823761,-0.11871702969074249,0.5032749772071838,0.5456464290618896,-0.02807566151022911,0.47498375177383423,0.41900163888931274,-0.05984173342585564,0.45471274852752686,0.3371691405773163,-0.08148849010467529,0.44070684909820557,0.2679241895675659,-0.09659631550312042,0.5638776421546936,0.5433530807495117,-0.036428045481443405,0.5773387551307678,0.3908972144126892,-0.07303651422262192,0.5763852596282959,0.2952505648136139,-0.10016771405935287,0.5783159136772156,0.2162596583366394,-0.11547213047742844,0.6130658388137817,0.5803992748260498,-0.05075468122959137,0.6409884691238403,0.4953521490097046,-0.10240209847688675,0.6165047883987427,0.5710334181785583,-0.11373243480920792,0.5989694595336914,0.6354926228523254,-0.10696868598461151,0.6519439816474915,0.6387019753456116,-0.06868882477283478,0.6706334352493286,0.5743995904922485,-0.10403907299041748,0.6480656862258911,0.6193509697914124,-0.10256721079349518,0.6299448609352112,0.6667806506156921,-0.09356055408716202
0.5672077536582947,0.8813179135322571,7.859874813220813e-07,0.5070260763168335,0.8238359093666077,-0.0418175607919693,0.4836312532424927,0.7238208651542664,-0.0661090761423111,0.5309566259384155,0.6525943875312805,-0.09296125173568726,0.5895345211029053,0.6203000545501709,-0.11757640540599823,0.5040733814239502,0.54604572057724,-0.02777879871428013,0.4754003882408142,0.4197520613670349,-0.05930863320827484,0.455058217048645,0.3380095660686493,-0.0808028131723404,0.4410152733325958,0.2688273787498474,-0.09580650925636292,0.5642761588096619,0.5437426567077637,-0.036324139684438705,0.5772772431373596,0.3908769488334656,-0.07280872762203217,0.5761638283729553,0.2951527237892151,-0.10005126893520355,0.5782166719436646,0.21627217531204224,-0.11545505374670029,0.6131646037101746,0.5807251334190369,-0.05077264830470085,0.6408271193504333,0.495290070772171,-0.10213430225849152,0.6164000630378723,0.5702007412910461,-0.11364678293466568,0.599025309085846,0.6342571973800659,-0.10707858949899673,0.6519719362258911,0.638709306716919,-0.06878650188446045,0.6709624528884888,0.573589563369751,-0.10381922125816345,0.6482113599777222,0.6175651550292969,-0.10241280496120453,0.629930853843689,0.6645624041557312,-0.09354689717292786
0.5685153603553772,0.8837697505950928,8.043806474233861e-07,0.5083396434783936,0.8231884241104126,-0.0411420501768589,0.48643696308135986,0.7226787805557251,-0.06476788967847824,0.5329321026802063,0.650916337966919,-0.09139226377010345,0.5892063975334167,0.6155693531036377,-0.11575537174940109,0.5038491487503052,0.5467433333396912,-0.024081990122795105,0.4748072922229767,0.4202803373336792,-0.05459892377257347,0.45388054847717285,0.3379443287849426,-0.07638871669769287,0.4397561550140381,0.267613023519516,-0.09196779131889343,0.5636105537414551,0.5451734066009521,-0.03307251259684563,0.576611340045929,0.3926582336425781,-0.068674236536026,0.5759677886962891,0.29524344205856323,-0.097588449716568,0.5789628028869629,0.21527940034866333,-0.11482212692499161,0.6122949123382568,0.5827299952507019,-0.048124443739652634,0.6390217542648315,0.49507617950439453,-0.09881223738193512,0.6159740686416626,0.5652178525924683,-0.11304935812950134,0.6001165509223938,0.6284295916557312,-0.1088879257440567,0.6508525013923645,0.640021800994873,-0.06670897454023361,0.6704798936843872,0.5715256333351135,-0.10161435604095459,0.6484783291816711,0.6101959943771362,-0.1022685095667839,0.6310532093048096,0.6560021638870239,-0.09529108554124832
0.5689366459846497,0.8848587870597839,8.19356444026198e-07,0.5087593197822571,0.825844407081604,-0.04280497133731842,0.48671162128448486,0.7269790768623352,-0.06763119995594025,0.531833827495575,0.6541866660118103,-0.09511678665876389,0.5880526304244995,0.6167059540748596,-0.12003053724765778,0.5044851303100586,0.5485951900482178,-0.025947658345103264,0.47506406903266907,0.420649915933609,-0.05634148791432381,0.4540933668613434,0.3380107581615448,-0.07794277369976044,0.44029122591018677,0.2677862048149109,-0.09343864023685455,0.5639355182647705,0.5467320680618286,-0.03410568833351135,0.576705276966095,0.3937818706035614,-0.06961993873119354,0.5758072733879089,0.29550209641456604,-0.09851496666669846,0.57850581407547,0.21566343307495117,-0.11593177914619446,0.6120027899742126,0.5836600065231323,-0.04843592643737793,0.6386828422546387,0.4945397973060608,-0.09899577498435974,0.6165454387664795,0.5638524889945984,-0.1135980412364006,0.6009787321090698,0.6272927522659302,-0.10987211018800735,0.6503486633300781,0.6403141021728516,-0.0664423480629921,0.6709623336791992,0.5699512958526611,-0.10169166326522827,0.6501123309135437,0.6079709529876709,-0.10314879566431046,0.6326688528060913,0.6543083786964417,-0.09679784625768661
0.5657674074172974,0.8847076892852783,8.29418979719776e-07,0.5033303499221802,0.8269240856170654,-0.042996667325496674,0.48126187920570374,0.7251824140548706,-0.06782304495573044,0.5298643708229065,0.654809832572937,-0.09513478726148605,0.5881649255752563,0.6196737289428711,-0.12027499079704285,0.5037006139755249,0.5452250838279724,-0.02854957804083824,0.4742206931114197,0.41904574632644653,-0.06031319499015808,0.45309245586395264,0.33607131242752075,-0.08220820128917694,0.43822234869003296,0.2662135660648346,-0.09747789800167084,0.5638322830200195,0.545155942440033,-0.03745001554489136,0.5778799653053284,0.3902909755706787,-0.07412531226873398,0.5759778618812561,0.2927221655845642,-0.1018848642706871,0.5772119164466858,0.214345782995224,-0.1176343783736229,0.612518310546875,0.5844572186470032,-0.05260372534394264,0.6383491158485413,0.4979892373085022,-0.10482235997915268,0.6139549612998962,0.5710211992263794,-0.11829467862844467,0.5974573493003845,0.6333977580070496,-0.11310827732086182,0.6510012149810791,0.6437275409698486,-0.07135690748691559,0.6698926091194153,0.5740443468093872,-0.10719022154808044,0.6448428630828857,0.6179754734039307,-0.10702577978372574,0.6246642470359802,0.6652131676673889,-0.09926222264766693
0.5643423795700073,0.8853373527526855,7.877416692281258e-07,0.5039032697677612,0.8247019052505493,-0.03917882591485977,0.4820246994495392,0.7206288576126099,-0.0611698254942894,0.5313931703567505,0.6495231986045837,-0.08634328097105026,0.58892822265625,0.6153883337974548,-0.1094801276922226,0.5032165050506592,0.5444706082344055,-0.02346724644303322,0.473655641078949,0.41895341873168945,-0.0536653958261013,0.45300525426864624,0.3363237977027893,-0.07451391220092773,0.4383542239665985,0.26660361886024475,-0.08909852802753448,0.5633164048194885,0.5433398485183716,-0.03327815234661102,0.5775557160377502,0.3889400362968445,-0.06836071610450745,0.5765140652656555,0.29171332716941833,-0.09515299648046494,0.5782632231712341,0.21369799971580505,-0.1102522760629654,0.6121063828468323,0.5814827084541321,-0.04902295023202896,0.6385105848312378,0.4956837594509125,-0.09934704750776291,0.6148656010627747,0.5693057179450989,-0.11128686368465424,0.598427414894104,0.632831871509552,-0.10523079335689545,0.6506292819976807,0.6402828097343445,-0.06818876415491104,0.6689548492431641,0.5732269287109375,-0.10228486359119415,0.6444010734558105,0.6184023022651672,-0.1005873829126358,0.6245773434638977,0.6673586368560791,-0.09177271276712418
0.5662009716033936,0.886906623840332,8.021591497708869e-07,0.5042969584465027,0.8269983530044556,-0.04090818390250206,0.48151129484176636,0.7250139713287354,-0.06400232017040253,0.5298944115638733,0.6529608368873596,-0.08990990370512009,0.5860058069229126,0.6176360845565796,-0.11339519917964935,0.5005941987037659,0.544688880443573,-0.023988250643014908,0.4725344181060791,0.41822630167007446,-0.05452007055282593,0.45243242383003235,0.335676372051239,-0.07563900202512741,0.4380369484424591,0.26601189374923706,-0.09009289741516113,0.5615283846855164,0.5432184934616089,-0.03256072476506233,0.5766576528549194,0.39052414894104004,-0.06730441749095917,0.5761139392852783,0.29351717233657837,-0.09330496191978455,0.5781687498092651,0.21469131112098694,-0.10766337066888809,0.6111453175544739,0.5812928676605225,-0.04730958864092827,0.6373977661132812,0.49736446142196655,-0.09737590700387955,0.6142420172691345,0.5722142457962036,-0.10803612321615219,0.5985540151596069,0.6364415884017944,-0.10075432807207108,0.6501855850219727,0.6403999924659729,-0.06567540764808655,0.6688923239707947,0.5747175812721252,-0.09909079968929291,0.6452118754386902,0.6200926899909973,-0.0962723046541214,0.626819372177124,0.6690853834152222,-0.08634085953235626
0.5657523274421692,0.8862282037734985,7.992912287591025e-07,0.504754364490509,0.8274920582771301,-0.03947867080569267,0.4829891324043274,0.7260825037956238,-0.06194648519158363,0.531300961971283,0.654491126537323,-0.08743198961019516,0.5863102674484253,0.6177804470062256,-0.11062329262495041,0.5015445947647095,0.5449598431587219,-0.023864880204200745,0.4727117121219635,0.4187794327735901,-0.053211186081171036,0.45245757699012756,0.3369864821434021,-0.07336869835853577,0.4379461407661438,0.2679592967033386,-0.08731117844581604,0.5624220371246338,0.5431944131851196,-0.033010464161634445,0.5770052075386047,0.3903399705886841,-0.06668150424957275,0.5757094621658325,0.293576180934906,-0.0922919362783432,0.577311635017395,0.21569272875785828,-0.10667317360639572,0.6116671562194824,0.5813971757888794,-0.048046521842479706,0.637471079826355,0.49676960706710815,-0.09662050753831863,0.6139553785324097,0.5714303255081177,-0.1071004793047905,0.5983492136001587,0.6349377036094666,-0.10030432045459747,0.6505317091941833,0.6410016417503357,-0.06659122556447983,0.6691936254501343,0.5744792819023132,-0.09912098199129105,0.6448937058448792,0.6198951005935669,-0.09632301330566406,0.626130998134613,0.6688929796218872,-0.0867755189538002
0.5652757883071899,0.8893804550170898,7.598827664878627e-07,0.5048089027404785,0.8295348286628723,-0.038464680314064026,0.48192381858825684,0.7271937131881714,-0.06056609004735947,0.5310090780258179,0.6551513075828552,-0.08615471422672272,0.5879002809524536,0.6210985779762268,-0.10975338518619537,0.5031556487083435,0.5484021902084351,-0.02349782921373844,0.4745649993419647,0.42221173644065857,-0.05336616188287735,0.4541153311729431,0.3404845595359802,-0.0746561735868454,0.4399806261062622,0.2709675431251526,-0.0898924469947815,0.5640087723731995,0.546168863773346,-0.03353136405348778,0.5770532488822937,0.39361250400543213,-0.0679517313838005,0.5758365988731384,0.29589587450027466,-0.09572082757949829,0.5778570771217346,0.2159113585948944,-0.11234630644321442,0.6127093434333801,0.5836688280105591,-0.049261488020420074,0.6388722062110901,0.49480047821998596,-0.09817010909318924,0.6164547801017761,0.5669273138046265,-0.11044131964445114,0.6005929112434387,0.6314716935157776,-0.10536906868219376,0.6513235569000244,0.6433404684066772,-0.0684264749288559,0.6712794303894043,0.5724455118179321,-0.10155712813138962,0.6481942534446716,0.6135265827178955,-0.10022956877946854,0.6286856532096863,0.6628407835960388,-0.0920834168791771
0.5663822293281555,0.8909639120101929,7.599952027703694e-07,0.5069171190261841,0.8317285776138306,-0.03613219037652016,0.4837770462036133,0.7290710210800171,-0.057570088654756546,0.5308700799942017,0.655785083770752,-0.08286609500646591,0.5871587991714478,0.6225470304489136,-0.1062019094824791,0.5039280652999878,0.5495994091033936,-0.022444777190685272,0.47488921880722046,0.42315930128097534,-0.05229664221405983,0.4550439715385437,0.3409017026424408,-0.07303757220506668,0.4408586621284485,0.2711499035358429,-0.08775594830513,0.5644180774688721,0.5475402474403381,-0.033392392098903656,0.5783534049987793,0.39382266998291016,-0.06829970329999924,0.5771563053131104,0.2962883710861206,-0.09505607932806015,0.5790566802024841,0.21659860014915466,-0.1104893907904625,0.6131741404533386,0.5853443741798401,-0.04967029020190239,0.6396702527999878,0.496149480342865,-0.09812753647565842,0.6160252690315247,0.5701594948768616,-0.10725977271795273,0.5996684432029724,0.6349837183952332,-0.09969181567430496,0.6515858173370361,0.6451504826545715,-0.06926767528057098,0.6699668765068054,0.5749286413192749,-0.10132449120283127,0.6472291946411133,0.6170321702957153,-0.09754588454961777,0.6291939616203308,0.6654561161994934,-0.08733559399843216
0.5657707452774048,0.887107253074646,7.587144068565976e-07,0.5061475038528442,0.8262616395950317,-0.037666067481040955,0.48107272386550903,0.723263144493103,-0.05994373932480812,0.5305278897285461,0.6551053524017334,-0.08560805767774582,0.5900248289108276,0.6270745396614075,-0.10939386487007141,0.5052129030227661,0.5466704368591309,-0.0272515919059515,0.47596436738967896,0.42081955075263977,-0.05821225792169571,0.4557691514492035,0.33877530694007874,-0.0791100561618805,0.44135934114456177,0.2692643702030182,-0.09391166269779205,0.5664410591125488,0.5454334616661072,-0.03789341449737549,0.580592691898346,0.3933941125869751,-0.07364755123853683,0.5795822739601135,0.2971315085887909,-0.09991168230772018,0.581062912940979,0.2176530361175537,-0.11484897881746292,0.6157112121582031,0.5841364860534668,-0.05393950641155243,0.6429755687713623,0.49932175874710083,-0.10395779460668564,0.6186548471450806,0.5760343670845032,-0.11378667503595352,0.6006326675415039,0.6400250196456909,-0.1064753457903862,0.654924213886261,0.6462136507034302,-0.07333681732416153,0.6749368906021118,0.5789618492126465,-0.10702518373727798,0.6498432159423828,0.6242611408233643,-0.10401774197816849,0.6281810402870178,0.6736054420471191,-0.09430426359176636
0.5673866868019104,0.8888264298439026,7.517558060499141e-07,0.5081450939178467,0.8286590576171875,-0.03717900812625885,0.48467040061950684,0.7255809307098389,-0.058899492025375366,0.533063530921936,0.6530036330223083,-0.08400522172451019,0.5916213989257812,0.6214142441749573,-0.10693994909524918,0.505078911781311,0.5477136373519897,-0.02399451471865177,0.4764663577079773,0.42117196321487427,-0.05446061119437218,0.45689570903778076,0.33894723653793335,-0.07523339986801147,0.44291481375694275,0.26863646507263184,-0.08989422023296356,0.5662351250648499,0.5460382103919983,-0.034409452229738235,0.5799806714057922,0.3946327567100525,-0.07008688896894455,0.5790295600891113,0.2978023886680603,-0.09633070230484009,0.5810577273368835,0.21773988008499146,-0.11099307239055634,0.6156521439552307,0.5841922760009766,-0.05024101212620735,0.6421344876289368,0.4994726777076721,-0.09976670145988464,0.6178736686706543,0.5767608880996704,-0.10777556896209717,0.6009678840637207,0.6411340236663818,-0.09900647401809692,0.6551593542098999,0.644658088684082,-0.06948141753673553,0.6729997396469116,0.5788683891296387,-0.1026521846652031,0.649121105670929,0.6256619691848755,-0.09827704727649689,0.6303591132164001,0.6749652624130249,-0.08723867684602737
0.5667924284934998,0.8900635242462158,7.795744636496238e-07,0.5075470805168152,0.8284106850624084,-0.0373738668859005,0.48601579666137695,0.7246383428573608,-0.05871167033910751,0.5355861783027649,0.65346759557724,-0.08326522260904312,0.5940205454826355,0.6214892268180847,-0.10576637089252472,0.5058156251907349,0.5479912161827087,-0.023306768387556076,0.4766133427619934,0.42193686962127686,-0.053280748426914215,0.45667845010757446,0.33931466937065125,-0.07370004802942276,0.4419732987880707,0.2694769501686096,-0.08795555680990219,0.5674005746841431,0.5462210178375244,-0.03333784639835358,0.5828793048858643,0.3935855031013489,-0.0682053193449974,0.5820146203041077,0.2973293364048004,-0.09424104541540146,0.5834715366363525,0.21851590275764465,-0.10856356471776962,0.6167369484901428,0.584562361240387,-0.04886952415108681,0.6431403160095215,0.5002529621124268,-0.09795022010803223,0.6194673776626587,0.575786828994751,-0.10714536905288696,0.6033980846405029,0.6383864879608154,-0.09913670271635056,0.6558862328529358,0.6448196172714233,-0.06771722435951233,0.6739415526390076,0.5806846022605896,-0.10001185536384583,0.6503674387931824,0.6267051100730896,-0.09592288732528687,0.632683515548706,0.6742255091667175,-0.08523140102624893
0.5661599040031433,0.8923628330230713,7.766931275909883e-07,0.5076696276664734,0.8295024633407593,-0.036885909736156464,0.48540329933166504,0.7244852185249329,-0.05847189202904701,0.5349912643432617,0.6528047919273376,-0.08356548845767975,0.5948840379714966,0.6220499873161316,-0.10663403570652008,0.5053940415382385,0.5485355854034424,-0.023229112848639488,0.4763253331184387,0.42247867584228516,-0.05438145995140076,0.45658203959465027,0.3401177227497101,-0.0755959078669548,0.4420444369316101,0.2702957093715668,-0.09032940119504929,0.5668593049049377,0.546814501285553,-0.03384632244706154,0.5833529233932495,0.3939898610115051,-0.07006093859672546,0.5824868083000183,0.29722273349761963,-0.09648323804140091,0.5839189291000366,0.217576801776886,-0.11078055948019028,0.6164295077323914,0.5852327346801758,-0.04992465674877167,0.642905056476593,0.5010216236114502,-0.09968160092830658,0.6185632944107056,0.5783042311668396,-0.1073901429772377,0.6022803783416748,0.641970694065094,-0.09799961000680923,0.6558283567428589,0.6459332704544067,-0.06940370053052902,0.6735286712646484,0.581672728061676,-0.10155362635850906,0.6501613259315491,0.6280328035354614,-0.0961264967918396,0.6330068111419678,0.6754803657531738,-0.08423984050750732
0.5648766160011292,0.8923661708831787,7.720479970885208e-07,0.5067275762557983,0.8328721523284912,-0.03717149794101715,0.4819619953632355,0.7290687561035156,-0.05971542000770569,0.5305642485618591,0.6587279438972473,-0.08581401407718658,0.58990478515625,0.6299612522125244,-0.10996511578559875,0.5048468112945557,0.548538327217102,-0.026925764977931976,0.4762534499168396,0.4221314787864685,-0.05869133025407791,0.45704588294029236,0.339839905500412,-0.07987853139638901,0.44321897625923157,0.26970040798187256,-0.09468065202236176,0.5660167932510376,0.5472989678382874,-0.03773577883839607,0.5826012492179871,0.39448121190071106,-0.07427485287189484,0.5822477340698242,0.297841876745224,-0.09983097016811371,0.584438145160675,0.21784040331840515,-0.11383643746376038,0.6154637932777405,0.5861383676528931,-0.05387349799275398,0.6417658925056458,0.49993517994880676,-0.10417100787162781,0.6157414317131042,0.5792732238769531,-0.11115805804729462,0.5981895923614502,0.6455709934234619,-0.10134582966566086,0.6546494364738464,0.6478774547576904,-0.07345210760831833,0.6728084683418274,0.5804093480110168,-0.10699194669723511,0.6479586362838745,0.6265538334846497,-0.10207159072160721,0.6287950277328491,0.675972044467926,-0.09043920040130615
0.5651935935020447,0.8907291889190674,7.751121415822126e-07,0.5068421363830566,0.8313407301902771,-0.037628207355737686,0.4820011258125305,0.7283667325973511,-0.06059737130999565,0.5303884744644165,0.6583795547485352,-0.08697318285703659,0.5894456505775452,0.628522515296936,-0.11130855232477188,0.5046277046203613,0.5479127764701843,-0.02776993438601494,0.47623056173324585,0.421841025352478,-0.05984115973114967,0.4570625424385071,0.3395490050315857,-0.08120853453874588,0.44332873821258545,0.26949113607406616,-0.09610206633806229,0.5659610033035278,0.5466556549072266,-0.03839106857776642,0.5826394557952881,0.3941318392753601,-0.0750880092382431,0.582259476184845,0.2976504862308502,-0.10075674951076508,0.5845043063163757,0.2176239788532257,-0.1148781031370163,0.6154818534851074,0.5854655504226685,-0.05436239391565323,0.6415788531303406,0.500747561454773,-0.1047053262591362,0.6153786778450012,0.5795142650604248,-0.11182963103055954,0.5976496338844299,0.6452478170394897,-0.10215644538402557,0.6546801328659058,0.6470812559127808,-0.07379696518182755,0.6728349328041077,0.5802464485168457,-0.10717737674713135,0.6480963826179504,0.6254750490188599,-0.10227098315954208,0.6287915706634521,0.6741287112236023,-0.09071618318557739
0.5617978572845459,0.890998363494873,7.727803676971234e-07,0.5053476691246033,0.830396294593811,-0.03648114576935768,0.48457637429237366,0.7285236120223999,-0.0582527220249176,0.5314735174179077,0.6561389565467834,-0.08358803391456604,0.5871158242225647,0.6238109469413757,-0.10679026693105698,0.5029143691062927,0.5496588945388794,-0.022938614711165428,0.47464725375175476,0.4233058989048004,-0.05353308096528053,0.45505663752555847,0.3411343991756439,-0.07387985289096832,0.44117671251296997,0.2712087035179138,-0.08769948780536652,0.5636730194091797,0.5483235716819763,-0.03353495895862579,0.5794824957847595,0.395230233669281,-0.06922288239002228,0.5793658494949341,0.2981943190097809,-0.09476684033870697,0.5821422934532166,0.2193354368209839,-0.10825236886739731,0.6136256456375122,0.5862485766410828,-0.049485962837934494,0.6396533846855164,0.5029723644256592,-0.09885237365961075,0.6149259805679321,0.5794565677642822,-0.10612598061561584,0.598434567451477,0.6433907151222229,-0.09631412476301193,0.653266966342926,0.6454252004623413,-0.06875376403331757,0.6696077585220337,0.5826123952865601,-0.10057982057332993,0.6466476917266846,0.6291977763175964,-0.09488450735807419,0.6306471824645996,0.6767507791519165,-0.08262718468904495
0.5636628866195679,0.8874646425247192,7.786993592162617e-07,0.5049633383750916,0.8262102007865906,-0.03643050417304039,0.4824388027191162,0.7234464883804321,-0.05775938555598259,0.5300923585891724,0.6529099941253662,-0.08257395029067993,0.5867389440536499,0.6217797994613647,-0.10523833334445953,0.5024912357330322,0.5464925765991211,-0.022812537848949432,0.47414201498031616,0.42141130566596985,-0.05320965498685837,0.45468297600746155,0.3394525349140167,-0.07338254898786545,0.44063830375671387,0.27028346061706543,-0.08706555515527725,0.5636230707168579,0.5449788570404053,-0.0331495963037014,0.5797149538993835,0.39283767342567444,-0.06851021945476532,0.5796483159065247,0.2972109019756317,-0.09363806992769241,0.5821889638900757,0.2192249596118927,-0.10681871324777603,0.6132053136825562,0.5830026865005493,-0.04891914501786232,0.6388079524040222,0.5018285512924194,-0.09856894612312317,0.6149932146072388,0.5788487792015076,-0.10625075548887253,0.5990111231803894,0.6426002979278564,-0.09656918793916702,0.6521470546722412,0.6428021788597107,-0.06791548430919647,0.6692972779273987,0.5805401802062988,-0.09992179274559021,0.6458772420883179,0.6271317601203918,-0.0943213552236557,0.6284228563308716,0.6753581762313843,-0.08210618048906326
0.5599762797355652,0.8948260545730591,7.85987595008919e-07,0.5028479099273682,0.8332328796386719,-0.03693140298128128,0.4814029932022095,0.7325509190559387,-0.05893702059984207,0.5288536548614502,0.6561578512191772,-0.08467224985361099,0.5860418081283569,0.6206265091896057,-0.10791114717721939,0.5001775622367859,0.5506376624107361,-0.02038230188190937,0.47215986251831055,0.4244222939014435,-0.05030117556452751,0.45276814699172974,0.34244322776794434,-0.07101868838071823,0.4388751983642578,0.27288463711738586,-0.08536572754383087,0.5611162781715393,0.5489251017570496,-0.030839819461107254,0.5769007802009583,0.3958001136779785,-0.06536857038736343,0.5764254331588745,0.2977216839790344,-0.09087388962507248,0.5785129070281982,0.21926367282867432,-0.10480416566133499,0.6104667782783508,0.5878890752792358,-0.046992842108011246,0.6359497308731079,0.5016488432884216,-0.09469930827617645,0.6112172603607178,0.5775260329246521,-0.10140082985162735,0.594946026802063,0.6420572996139526,-0.09181874990463257,0.6499557495117188,0.6487448811531067,-0.06673827767372131,0.6672968864440918,0.5824663639068604,-0.09752050787210464,0.6428778171539307,0.6285912394523621,-0.09174283593893051,0.6249279975891113,0.6774717569351196,-0.07978899776935577
0.5604203343391418,0.8914794921875,7.827180752428831e-07,0.5025408864021301,0.8279306292533875,-0.03462263196706772,0.4807959794998169,0.7239906191825867,-0.05558622255921364,0.5285512804985046,0.6505589485168457,-0.0807049572467804,0.5856510400772095,0.6197348833084106,-0.10373958945274353,0.500234842300415,0.5478208065032959,-0.021092483773827553,0.47115176916122437,0.4233790636062622,-0.051002562046051025,0.45151716470718384,0.3415306508541107,-0.07120224833488464,0.4371107220649719,0.2724755108356476,-0.08526113629341125,0.5611177682876587,0.5463425517082214,-0.032679129391908646,0.5771742463111877,0.39331379532814026,-0.06751478463411331,0.5775488615036011,0.2965272068977356,-0.09272938966751099,0.5805066823959351,0.21815437078475952,-0.10644585639238358,0.610329806804657,0.585494339466095,-0.04953295737504959,0.635818600654602,0.5008254051208496,-0.09775420278310776,0.610654890537262,0.5777047276496887,-0.10421881079673767,0.5936243534088135,0.6426207423210144,-0.09428169578313828,0.6490561366081238,0.6474797129631042,-0.06967757642269135,0.6659712791442871,0.5817075967788696,-0.10044335573911667,0.641775906085968,0.6270360350608826,-0.09411388635635376,0.6232243776321411,0.6760412454605103,-0.0817728117108345
0.5590651631355286,0.895077109336853,7.686625167480088e-07,0.5001220107078552,0.8340602517127991,-0.03746621683239937,0.47892215847969055,0.7313336730003357,-0.059161264449357986,0.5277966260910034,0.6577317714691162,-0.0842166319489479,0.5833584070205688,0.6209200620651245,-0.10705801844596863,0.4980778098106384,0.5496212840080261,-0.022449007257819176,0.470493346452713,0.42429113388061523,-0.05265043303370476,0.45078176259994507,0.3424125015735626,-0.07353972643613815,0.4363238215446472,0.27303361892700195,-0.08788155019283295,0.5598387718200684,0.5471454858779907,-0.03269704058766365,0.5771821737289429,0.39473098516464233,-0.0670689046382904,0.5773717761039734,0.29736822843551636,-0.09260401874780655,0.5794669985771179,0.21820500493049622,-0.10665193945169449,0.6095399260520935,0.5851687788963318,-0.048608358949422836,0.6376346349716187,0.5007519125938416,-0.09714578837156296,0.6132087111473083,0.5758453011512756,-0.10581831634044647,0.5960133075714111,0.6388027667999268,-0.09768932312726974,0.6487652659416199,0.6459653973579407,-0.0679251030087471,0.6680084466934204,0.5812500715255737,-0.09985089302062988,0.6424713134765625,0.6284939050674438,-0.09509001672267914,0.6223716735839844,0.6779736280441284,-0.08393329381942749
0.55805903673172,0.8957762718200684,7.752086048640194e-07,0.5002186894416809,0.8337328433990479,-0.03650231286883354,0.47893276810646057,0.7308336496353149,-0.058584585785865784,0.5276390314102173,0.6584144830703735,-0.0842662826180458,0.5834410786628723,0.622332751750946,-0.10787216573953629,0.49867957830429077,0.5499417781829834,-0.023582668974995613,0.470872163772583,0.42449742555618286,-0.05420103296637535,0.45150887966156006,0.3423823416233063,-0.07496502995491028,0.4371570348739624,0.272891104221344,-0.08924250304698944,0.5600064992904663,0.5483213663101196,-0.03460466116666794,0.5770693421363831,0.39413729310035706,-0.069489985704422,0.5775830745697021,0.29677534103393555,-0.09469807893037796,0.580079197883606,0.21804121136665344,-0.10846834629774094,0.6096808910369873,0.5872510671615601,-0.05107097327709198,0.6367984414100647,0.5006852746009827,-0.09990700334310532,0.6119768023490906,0.5760735869407654,-0.1076878011226654,0.5946702361106873,0.6400686502456665,-0.0988704189658165,0.6487772464752197,0.6490493416786194,-0.07085120677947998,0.6664189696311951,0.5827435255050659,-0.10286438465118408,0.6413074135780334,0.6292758584022522,-0.09749568998813629,0.6216771006584167,0.6787232160568237,-0.0858592838048935
0.5587518215179443,0.8948080539703369,7.805628001733567e-07,0.5007269382476807,0.8343608379364014,-0.038469526916742325,0.47770506143569946,0.7312528491020203,-0.06141204386949539,0.5244772434234619,0.6560671925544739,-0.0876581221818924,0.580910861492157,0.6217201948165894,-0.11158045381307602,0.4983562231063843,0.5483052134513855,-0.024991605430841446,0.4696156680583954,0.422678679227829,-0.056213848292827606,0.44999557733535767,0.34073835611343384,-0.07715605944395065,0.4357048273086548,0.2713920772075653,-0.09144973754882812,0.5596476793289185,0.5470699071884155,-0.0351487435400486,0.5768665075302124,0.393449068069458,-0.07094650715589523,0.5764814615249634,0.297331839799881,-0.09606728702783585,0.5784896016120911,0.2188197672367096,-0.10939178615808487,0.6089427471160889,0.5861538648605347,-0.05094964802265167,0.6361019015312195,0.5004903078079224,-0.10112085193395615,0.6102975606918335,0.5788728594779968,-0.1079922467470169,0.593031644821167,0.6433946490287781,-0.09782584011554718,0.6473815441131592,0.6480499505996704,-0.07022362947463989,0.6662517189979553,0.5817775130271912,-0.10270612686872482,0.6432543992996216,0.6281810402870178,-0.09682290256023407,0.6261831521987915,0.6761911511421204,-0.08443094789981842
0.5584211349487305,0.8947192430496216,7.719760901636619e-07,0.500702440738678,0.8347405195236206,-0.038246963173151016,0.47744202613830566,0.7313710451126099,-0.0608208030462265,0.5240643620491028,0.657190203666687,-0.08667626976966858,0.5794814229011536,0.6220713257789612,-0.11029800772666931,0.498509019613266,0.548157274723053,-0.02508600242435932,0.4700257480144501,0.42311763763427734,-0.05566278100013733,0.4502795934677124,0.3415811061859131,-0.0763775035738945,0.43604061007499695,0.27218037843704224,-0.0906858965754509,0.5598424673080444,0.5467386245727539,-0.03513007238507271,0.5769210457801819,0.394164502620697,-0.07010326534509659,0.576673150062561,0.29794958233833313,-0.0952555388212204,0.5786436796188354,0.2189095914363861,-0.10900221019983292,0.6089785099029541,0.5856455564498901,-0.050758711993694305,0.6363072991371155,0.49969327449798584,-0.10032933950424194,0.6110334396362305,0.5768505930900574,-0.1082550510764122,0.5936633944511414,0.641048789024353,-0.0992606058716774,0.6471931338310242,0.6474279165267944,-0.06981547921895981,0.6666104197502136,0.5813310742378235,-0.10244566947221756,0.6431923508644104,0.6271478533744812,-0.09763772785663605,0.625255823135376,0.6755664944648743,-0.08627023547887802
0.5609518885612488,0.8989698886871338,7.815909270902921e-07,0.5009719729423523,0.8420942425727844,-0.04089626669883728,0.47803783416748047,0.7409090995788574,-0.06495635956525803,0.5242052674293518,0.6640223264694214,-0.09186124801635742,0.5781941413879395,0.6231882572174072,-0.11620553582906723,0.49670523405075073,0.5536163449287415,-0.026500238105654716,0.46972158551216125,0.42692553997039795,-0.058309439569711685,0.45031604170799255,0.344353049993515,-0.07990486919879913,0.4362066984176636,0.27438706159591675,-0.09485829621553421,0.5589839220046997,0.5514130592346191,-0.035830892622470856,0.5749620199203491,0.39739328622817993,-0.07263953238725662,0.5740819573402405,0.2990420460700989,-0.09942901134490967,0.5751945376396179,0.21876299381256104,-0.11434045433998108,0.6089081764221191,0.5899869799613953,-0.0510193407535553,0.6341222524642944,0.5022937059402466,-0.10207125544548035,0.6103257536888123,0.5803478360176086,-0.11019323766231537,0.5940523147583008,0.6452392935752869,-0.10127733647823334,0.6484057307243347,0.6504305601119995,-0.06984803080558777,0.664522111415863,0.5839890837669373,-0.10382463037967682,0.641418993473053,0.6316500902175903,-0.09953249245882034,0.623991072177887,0.6802839040756226,-0.08843699097633362
0.558845043182373,0.8981903791427612,7.881021701905411e-07,0.5005656480789185,0.836660623550415,-0.03718375787138939,0.4784887731075287,0.7336501479148865,-0.05883263424038887,0.5274882912635803,0.6612401604652405,-0.08413229137659073,0.5841326117515564,0.6280158758163452,-0.10727939009666443,0.49734175205230713,0.5531295537948608,-0.023169368505477905,0.46944212913513184,0.4262411892414093,-0.05213066190481186,0.44973453879356384,0.3437822163105011,-0.07240888476371765,0.436012864112854,0.27308517694473267,-0.08702725917100906,0.5591331124305725,0.5516068935394287,-0.03354281559586525,0.5756350755691528,0.39918985962867737,-0.06710436195135117,0.5761964917182922,0.30121713876724243,-0.09345520287752151,0.5790662169456482,0.220918208360672,-0.10915601253509521,0.6083356738090515,0.5897705554962158,-0.049384281039237976,0.6358884572982788,0.501544177532196,-0.09742699563503265,0.6113835573196411,0.5764667391777039,-0.10739859193563461,0.5936558246612549,0.6415358185768127,-0.10079427808523178,0.6471959948539734,0.6503324508666992,-0.06860262900590897,0.6668678522109985,0.5810694098472595,-0.1007431298494339,0.6429140567779541,0.6250435709953308,-0.09753043204545975,0.6232735514640808,0.6758522987365723,-0.08800464123487473
0.6306588649749756,0.809531033039093,-5.941192284808494e-07,0.5753454566001892,0.8376336097717285,0.011335349641740322,0.5160010457038879,0.812756359577179,0.018079709261655807,0.47917264699935913,0.7922342419624329,0.016158267855644226,0.45432132482528687,0.7733200192451477,0.014145290479063988,0.503142237663269,0.7178506851196289,0.03664306178689003,0.45232731103897095,0.7153753638267517,0.021455414593219757,0.44438856840133667,0.7681552767753601,0.008175755850970745,0.45650213956832886,0.8132895827293396,0.0024715515319257975,0.5122405886650085,0.6954666376113892,0.020771939307451248,0.4490351974964142,0.7006794214248657,0.004091327078640461,0.4423481523990631,0.7673587799072266,-0.0073905568569898605,0.46001195907592773,0.8134418725967407,-0.009402147494256496,0.5263010263442993,0.678592324256897,0.001415284350514412,0.4583996534347534,0.6836130619049072,-0.018687505275011063,0.45261242985725403,0.7561306953430176,-0.024575961753726006,0.4726147949695587,0.8038972616195679,-0.02124064229428768,0.5423516035079956,0.6707631945610046,-0.017578791826963425,0.4831758737564087,0.683430016040802,-0.03228726610541344,0.4741954207420349,0.7357889413833618,-0.032823119312524796,0.4896724224090576,0.7760980725288391,-0.028070086613297462
