0.5356149673461914,0.598547637462616,1.659162336409281e-07,0.5440080165863037,0.5613699555397034,-0.00329149654135108,0.5541679859161377,0.5232792496681213,-0.005195837467908859,0.5595030784606934,0.49170660972595215,-0.007471936289221048,0.5610108375549316,0.46642637252807617,-0.009319291450083256,0.5639805793762207,0.5155526995658875,-0.0032227979972958565,0.5666748881340027,0.4727920591831207,-0.012008046731352806,0.5695575475692749,0.4411666989326477,-0.019457673653960228,0.5719926357269287,0.4145793318748474,-0.023955630138516426,0.5614473819732666,0.5131267309188843,-0.005369552411139011,0.564290463924408,0.4698595702648163,-0.011886627413332462,0.567551851272583,0.4376732110977173,-0.017446205019950867,0.5709829330444336,0.40930473804473877,-0.021292908117175102,0.5571218729019165,0.5111547708511353,-0.00819121953099966,0.5618385672569275,0.4711960554122925,-0.013157769106328487,0.5651923418045044,0.4414752721786499,-0.015015428885817528,0.5676652789115906,0.4166420102119446,-0.0159512497484684,0.5514180064201355,0.5100643634796143,-0.011692220345139503,0.5557063817977905,0.47657155990600586,-0.014333879575133324,0.5592480301856995,0.4542399048805237,-0.013763015158474445,0.5619672536849976,0.4356286823749542,-0.01291379053145647
0.541605532169342,0.5743563175201416,6.734585156209505e-08,0.5500878691673279,0.5408623814582825,0.0008105951128527522,0.5587621927261353,0.5012269020080566,0.0025649620220065117,0.562461256980896,0.4702986180782318,0.0031665991991758347,0.5637089014053345,0.4461570978164673,0.004188790451735258,0.5694679021835327,0.4943588972091675,0.00541731808334589,0.5708720684051514,0.4565969705581665,0.0010976246558129787,0.5710636377334595,0.4292302131652832,-0.003437864361330867,0.5712077021598816,0.40556323528289795,-0.006610584910959005,0.5675777196884155,0.49305129051208496,0.002043412532657385,0.56906658411026,0.4535965323448181,-0.0013499087654054165,0.570677638053894,0.4258978068828583,-0.005428854841738939,0.5721752643585205,0.4012424945831299,-0.008440535515546799,0.5633217692375183,0.4925104081630707,-0.0019470107508823276,0.5656708478927612,0.45486220717430115,-0.0046816635876894,0.5672689080238342,0.4286375939846039,-0.006196974311023951,0.568052351474762,0.40603071451187134,-0.0072320676408708096,0.557155430316925,0.49258607625961304,-0.006273329723626375,0.5590770840644836,0.460887610912323,-0.007822830229997635,0.5605557560920715,0.440091609954834,-0.007330959662795067,0.5619044899940491,0.42251065373420715,-0.006755252368748188
0.5453757047653198,0.5627328753471375,2.4128659958932985e-08,0.5534838438034058,0.5328759551048279,0.0004463730729185045,0.560276210308075,0.4920777678489685,0.0017658625729382038,0.5622795224189758,0.4610133171081543,0.0022191235329955816,0.5627016425132751,0.436888724565506,0.0031864556949585676,0.5688790678977966,0.48597562313079834,0.004156563896685839,0.5706335306167603,0.44873297214508057,-0.00025711519992910326,0.5709282159805298,0.42420506477355957,-0.004466576036065817,0.5704742074012756,0.40501776337623596,-0.006928244139999151,0.5670418739318848,0.4855693280696869,0.0016269696643576026,0.5686432719230652,0.4490755796432495,-0.0010999632067978382,0.5698471069335938,0.42552292346954346,-0.004831941332668066,0.5708903074264526,0.4048096835613251,-0.007443276233971119,0.5639024376869202,0.4852217137813568,-0.001361922244541347,0.5663761496543884,0.4502922296524048,-0.0029198636766523123,0.5675305724143982,0.42761608958244324,-0.003243493614718318,0.5684675574302673,0.40769505500793457,-0.0034531087148934603,0.5592872500419617,0.4852156639099121,-0.004639719147235155,0.5609357357025146,0.45431017875671387,-0.004730959422886372,0.5625330805778503,0.43457192182540894,-0.003068604040890932,0.563973069190979,0.41800999641418457,-0.0016248708125203848
0.5463848114013672,0.5621726512908936,-2.112348740368475e-09,0.554449200630188,0.5339483618736267,0.0020109685137867928,0.560798168182373,0.49579212069511414,0.0037265457212924957,0.5627086162567139,0.4673272371292114,0.004246516153216362,0.5634781122207642,0.4451450705528259,0.0050935298204422,0.5691524744033813,0.4888472259044647,0.004901663865894079,0.5698323249816895,0.45406174659729004,0.0008197372080758214,0.5691542625427246,0.43055132031440735,-0.0033064254093915224,0.5674682855606079,0.41191565990448,-0.005949763115495443,0.5668321847915649,0.4879686236381531,0.00150140596088022,0.5676568150520325,0.4533211886882782,-0.0009576718439348042,0.5682643055915833,0.4317171573638916,-0.004405025392770767,0.5683803558349609,0.41229337453842163,-0.006954552140086889,0.5629929900169373,0.4872804582118988,-0.0022405609488487244,0.5646483302116394,0.45373547077178955,-0.003715692786499858,0.5655108690261841,0.43256402015686035,-0.0037692654877901077,0.5662327408790588,0.41380661725997925,-0.0039313361048698425,0.5577504634857178,0.48687347769737244,-0.006158273201435804,0.5585319399833679,0.45735207200050354,-0.006457324605435133,0.5597898364067078,0.43894004821777344,-0.00479382649064064,0.5608078241348267,0.42334285378456116,-0.0034266167785972357
0.5466591715812683,0.5649647116661072,1.4839846684822078e-08,0.5571292638778687,0.5388782024383545,0.0006535234861075878,0.5634210109710693,0.5007061958312988,0.0012955216225236654,0.5649002194404602,0.4718515872955322,0.0011789193376898766,0.5649851560592651,0.44948068261146545,0.0009883937891572714,0.5719115138053894,0.4962654709815979,-0.00013106320693623275,0.5717441439628601,0.4631754159927368,-0.0061162374913692474,0.5707255601882935,0.43805840611457825,-0.011576364748179913,0.5685600638389587,0.4171733856201172,-0.015400026924908161,0.5674741268157959,0.49601855874061584,-0.00351921864785254,0.5677693486213684,0.4614703953266144,-0.00799511093646288,0.5680704712867737,0.43774133920669556,-0.012165294028818607,0.5678955912590027,0.4160340428352356,-0.015401131473481655,0.56067955493927,0.4961192309856415,-0.007153166923671961,0.5617124438285828,0.46222925186157227,-0.01090505812317133,0.562532901763916,0.43869420886039734,-0.011839483864605427,0.5630705952644348,0.41800957918167114,-0.012501521967351437,0.5513984560966492,0.4969177842140198,-0.01092006266117096,0.5520614981651306,0.46783867478370667,-0.013781982474029064,0.553577721118927,0.4488503038883209,-0.01342066004872322,0.554960310459137,0.43275952339172363,-0.012906068004667759
0.5474206805229187,0.5618939995765686,4.553800891926585e-08,0.5599396824836731,0.5389202237129211,9.143619536189362e-05,0.5668373703956604,0.5017874240875244,0.0004069201531819999,0.5678426027297974,0.4731470048427582,0.00016215017240028828,0.5678001642227173,0.4513561725616455,-0.00036010940675623715,0.5732353329658508,0.49921900033950806,-0.0030246591195464134,0.5737552046775818,0.46583688259124756,-0.009563409723341465,0.5741821527481079,0.439861536026001,-0.014997263438999653,0.5735734105110168,0.41804325580596924,-0.018776461482048035,0.5682200193405151,0.4984862804412842,-0.0063066305592656136,0.5695053935050964,0.46283674240112305,-0.011712434701621532,0.5711442232131958,0.43742579221725464,-0.01629018224775791,0.5725059509277344,0.4141382575035095,-0.01979328691959381,0.560649037361145,0.49810731410980225,-0.009640366770327091,0.5624659657478333,0.4630289077758789,-0.014506802894175053,0.5642289519309998,0.43815550208091736,-0.016704730689525604,0.5656036138534546,0.41656818985939026,-0.01811026595532894,0.5502907037734985,0.49829038977622986,-0.012964161112904549,0.5513197779655457,0.468891978263855,-0.01703638583421707,0.5529308915138245,0.4488673806190491,-0.017949987202882767,0.5543473958969116,0.4322117269039154,-0.018299510702490807
0.5454121828079224,0.5607494115829468,6.246250450203661e-08,0.5604778528213501,0.5416327118873596,-0.001648649456910789,0.5693376660346985,0.5066412687301636,-0.0018644912634044886,0.5704595446586609,0.4793023467063904,-0.0021901093423366547,0.5698437094688416,0.4587506651878357,-0.0026991399936378,0.5700552463531494,0.49782270193099976,-0.003900048555806279,0.5704840421676636,0.4659268260002136,-0.010192140936851501,0.5716289281845093,0.4421645998954773,-0.015531377866864204,0.5716300010681152,0.4230080842971802,-0.019071660935878754,0.56253582239151,0.49720948934555054,-0.005988018587231636,0.5633814334869385,0.4643525779247284,-0.01089454721659422,0.5648442506790161,0.4420815706253052,-0.014892306178808212,0.5661289691925049,0.42181769013404846,-0.017844242975115776,0.5528912544250488,0.4967459440231323,-0.008265770971775055,0.5546955466270447,0.464790940284729,-0.012663307599723339,0.5566257238388062,0.4416583478450775,-0.0137789286673069,0.5584961771965027,0.42134734988212585,-0.014376284554600716,0.5409640073776245,0.49684327840805054,-0.010702861472964287,0.542724072933197,0.4694020450115204,-0.01438781525939703,0.5450437664985657,0.4506356120109558,-0.014372996985912323,0.5473415851593018,0.4346120357513428,-0.01388488058000803
0.546305775642395,0.5602715611457825,6.895658799521698e-08,0.5609633922576904,0.5418365597724915,-0.0022093418519943953,0.5701001882553101,0.5080620050430298,-0.0028027514927089214,0.5716238617897034,0.4814906418323517,-0.0034413000103086233,0.5710269808769226,0.4615766108036041,-0.004383072257041931,0.5704368948936462,0.4988357424736023,-0.005277911201119423,0.5713114142417908,0.4677450358867645,-0.011829815804958344,0.5722208023071289,0.444419264793396,-0.017260396853089333,0.5719289183616638,0.42566585540771484,-0.020786955952644348,0.5625253915786743,0.498995304107666,-0.00724453292787075,0.5635880827903748,0.46675994992256165,-0.012253736145794392,0.5648611187934875,0.4446678161621094,-0.016424445435404778,0.5658640265464783,0.4242894947528839,-0.01945364847779274,0.552379846572876,0.49999988079071045,-0.009313580580055714,0.5536356568336487,0.46864888072013855,-0.013762335292994976,0.555312991142273,0.4460238814353943,-0.014857064932584763,0.5570873022079468,0.4261673092842102,-0.015417162328958511,0.5398668050765991,0.5019974112510681,-0.01156418863683939,0.5408134460449219,0.4754127264022827,-0.0153161296620965,0.5424687266349792,0.45710888504981995,-0.01515966560691595,0.5441532135009766,0.4416522979736328,-0.014496643096208572
0.5843201875686646,0.4236317276954651,-4.088981313543627e-07,0.578973650932312,0.5148322582244873,-0.03077000193297863,0.5339521765708923,0.5992952585220337,-0.05242522433400154,0.4974296987056732,0.6671760678291321,-0.07605402916669846,0.482619047164917,0.7346780300140381,-0.09484566748142242,0.4204118549823761,0.5610140562057495,-0.008762854151427746,0.35832923650741577,0.5877853035926819,-0.04621486738324165,0.39680689573287964,0.5810015201568604,-0.0692644938826561,0.43606215715408325,0.5674422383308411,-0.07851127535104752,0.4103655517101288,0.5054143667221069,-0.011575408279895782,0.34826284646987915,0.5265772342681885,-0.05051765218377113,0.404349684715271,0.5197647213935852,-0.06260137259960175,0.4400726556777954,0.5075331926345825,-0.05966535210609436,0.4100699722766876,0.44486671686172485,-0.02184641920030117,0.3522641062736511,0.4543212056159973,-0.054806552827358246,0.40000584721565247,0.4549574553966522,-0.050410956144332886,0.43465128540992737,0.44752997159957886,-0.03739498555660248,0.41727399826049805,0.37993815541267395,-0.035761259496212006,0.36933058500289917,0.38668519258499146,-0.053245242685079575,0.3972899317741394,0.39863190054893494,-0.04679571092128754,0.42297011613845825,0.3990197777748108,-0.03593490272760391
0.5903879404067993,0.4277263879776001,-4.378629512302723e-07,0.578555703163147,0.512675940990448,-0.028667312115430832,0.5335202813148499,0.5993663668632507,-0.04913283884525299,0.49794095754623413,0.6685727834701538,-0.07146596908569336,0.48570922017097473,0.7361928224563599,-0.08929264545440674,0.4262576401233673,0.5628194808959961,-0.011618535034358501,0.35875603556632996,0.5887628793716431,-0.05227392911911011,0.39874526858329773,0.5781668424606323,-0.07901578396558762,0.43996167182922363,0.5636166334152222,-0.09058154374361038,0.4167487323284149,0.5059890747070312,-0.016553426161408424,0.3456842303276062,0.5287134647369385,-0.058638155460357666,0.3965755105018616,0.5189762115478516,-0.07513083517551422,0.43757471442222595,0.5074356198310852,-0.07553921639919281,0.4165959060192108,0.4459754228591919,-0.028460929170250893,0.3508496880531311,0.4585306644439697,-0.06355103105306625,0.3960183560848236,0.4548049569129944,-0.06173928827047348,0.433210551738739,0.4484315514564514,-0.05047748610377312,0.42305341362953186,0.3805525004863739,-0.043548502027988434,0.3698834478855133,0.38817840814590454,-0.06249832361936569,0.39735889434814453,0.39456748962402344,-0.05659366771578789,0.4248115122318268,0.39552041888237,-0.0463944748044014
0.5919919013977051,0.43203577399253845,-4.684521002218389e-07,0.5754914283752441,0.522541880607605,-0.027362383902072906,0.5330414175987244,0.607546329498291,-0.046859536319971085,0.4968893826007843,0.6789177060127258,-0.06916220486164093,0.48333898186683655,0.7478459477424622,-0.08721337467432022,0.432484894990921,0.5689108967781067,-0.008112841285765171,0.36677679419517517,0.6015673279762268,-0.044907040894031525,0.40578493475914,0.5896830558776855,-0.06910604983568192,0.44324415922164917,0.5725947618484497,-0.08007615059614182,0.4211287796497345,0.5122970342636108,-0.012324882671236992,0.3540545701980591,0.5410608649253845,-0.05131246894598007,0.4074089229106903,0.5309755802154541,-0.0661245808005333,0.44583526253700256,0.5169450640678406,-0.0671369656920433,0.41956889629364014,0.45255231857299805,-0.023275969550013542,0.35250094532966614,0.47023844718933105,-0.05707332864403725,0.40071746706962585,0.4691448509693146,-0.05380992963910103,0.4394484758377075,0.46113157272338867,-0.04236695542931557,0.42423224449157715,0.3881181478500366,-0.03742431104183197,0.365041047334671,0.39426979422569275,-0.05634227395057678,0.39318951964378357,0.4087143540382385,-0.05082184076309204,0.4242272973060608,0.4151636064052582,-0.0415029413998127
0.5903987884521484,0.43589699268341064,-4.777804747391201e-07,0.5759453773498535,0.5243212580680847,-0.02676249109208584,0.5318711400032043,0.6093938946723938,-0.046168819069862366,0.49616268277168274,0.67885822057724,-0.0682934820652008,0.48359522223472595,0.7467749118804932,-0.08595282584428787,0.4309023916721344,0.5706453919410706,-0.009803792461752892,0.3649904429912567,0.6004496216773987,-0.04858947917819023,0.4056834876537323,0.5905280709266663,-0.07345577329397202,0.4455628991127014,0.5749980211257935,-0.08412943035364151,0.4198058545589447,0.5133185982704163,-0.014802159741520882,0.35352298617362976,0.538937509059906,-0.05444124713540077,0.408071905374527,0.531534731388092,-0.06849979609251022,0.4473700225353241,0.520750105381012,-0.0685192197561264,0.4182540476322174,0.4534350335597992,-0.02666146121919155,0.35385745763778687,0.46944698691368103,-0.061084628105163574,0.4033419191837311,0.4695007801055908,-0.057411156594753265,0.44192007184028625,0.46408820152282715,-0.045415546745061874,0.4229741096496582,0.3894355893135071,-0.04165249317884445,0.3656972050666809,0.39382198452949524,-0.061016615480184555,0.3938125967979431,0.408591628074646,-0.05513204261660576,0.42410048842430115,0.41757622361183167,-0.04526001960039139
0.5960801839828491,0.430032342672348,-4.622713447588467e-07,0.5794667601585388,0.5187817811965942,-0.029152845963835716,0.5372805595397949,0.6063557267189026,-0.04842331260442734,0.500585675239563,0.6804749965667725,-0.06976886838674545,0.4867895543575287,0.749248206615448,-0.08689840137958527,0.4371371567249298,0.5741199851036072,-0.005620469804853201,0.378842294216156,0.6057586073875427,-0.04222823679447174,0.41581976413726807,0.5894863605499268,-0.06626289337873459,0.4484371542930603,0.5704228281974792,-0.07765587419271469,0.4239059388637543,0.5171515941619873,-0.008510084822773933,0.36875098943710327,0.5407658815383911,-0.048827167600393295,0.4236220717430115,0.5252047777175903,-0.0643828883767128,0.45573025941848755,0.5134252905845642,-0.06553386151790619,0.42058423161506653,0.45690274238586426,-0.018423251807689667,0.36873525381088257,0.4701422154903412,-0.05415039509534836,0.4168179929256439,0.46394726634025574,-0.05049176886677742,0.44715574383735657,0.4574616551399231,-0.03844430670142174,0.42426979541778564,0.39373284578323364,-0.031495191156864166,0.3764317035675049,0.40107476711273193,-0.05077672749757767,0.408904492855072,0.4083811640739441,-0.04342653602361679,0.43465763330459595,0.41135936975479126,-0.032497528940439224
0.5930829048156738,0.43093883991241455,-4.776114792548469e-07,0.5786048173904419,0.5212488770484924,-0.0264945887029171,0.5342654585838318,0.6086254715919495,-0.04409698024392128,0.4978494942188263,0.680343747138977,-0.06401680409908295,0.48665404319763184,0.7503678798675537,-0.07939165830612183,0.4392133951187134,0.5728182196617126,-0.006833746563643217,0.3780694901943207,0.6019986271858215,-0.04373559728264809,0.41799670457839966,0.5828093886375427,-0.06703343987464905,0.45231491327285767,0.5654695630073547,-0.07720206677913666,0.42614567279815674,0.5161260962486267,-0.010436207987368107,0.3695906698703766,0.5393397212028503,-0.0477178618311882,0.42329028248786926,0.5215964913368225,-0.0608665868639946,0.4545519948005676,0.5114869475364685,-0.06118980795145035,0.42272183299064636,0.4559766352176666,-0.020766740664839745,0.36797934770584106,0.47244176268577576,-0.05366412177681923,0.4162995517253876,0.46422460675239563,-0.04812368378043175,0.4467027485370636,0.45887839794158936,-0.035681482404470444,0.425912082195282,0.39269500970840454,-0.0340365506708622,0.37534141540527344,0.3998642563819885,-0.05103467032313347,0.4066911041736603,0.4077758193016052,-0.04230494797229767,0.4326801896095276,0.41367295384407043,-0.030899930745363235
0.6003915667533875,0.4270140826702118,-5.011097528040409e-07,0.583869218826294,0.5199045538902283,-0.02635660208761692,0.5390172004699707,0.6068098545074463,-0.04398006945848465,0.5016651749610901,0.677696168422699,-0.06416971981525421,0.4907081127166748,0.7471387386322021,-0.08023130893707275,0.4455912113189697,0.5696109533309937,-0.0031598713248968124,0.39458441734313965,0.5968277454376221,-0.039667677134275436,0.4340696930885315,0.578128457069397,-0.06273653358221054,0.4635036885738373,0.5585668087005615,-0.07351335138082504,0.4323234558105469,0.5114853978157043,-0.007233242969959974,0.3862314820289612,0.5335907340049744,-0.04522668197751045,0.4417952299118042,0.5171757936477661,-0.05847020819783211,0.46619588136672974,0.5042710900306702,-0.058873265981674194,0.42860835790634155,0.4508551061153412,-0.018292205408215523,0.38410571217536926,0.4656338095664978,-0.052949436008930206,0.43297794461250305,0.45893532037734985,-0.04660017043352127,0.45614978671073914,0.45111212134361267,-0.03329949826002121,0.4320179224014282,0.3875499963760376,-0.03221827745437622,0.38738155364990234,0.39570924639701843,-0.04946138337254524,0.4206542372703552,0.40377095341682434,-0.03890654444694519,0.4425671696662903,0.40636691451072693,-0.026034463196992874
0.5956681370735168,0.4259672462940216,-4.446502543942188e-07,0.5839776992797852,0.5175681710243225,-0.027075229212641716,0.5402498245239258,0.6046375036239624,-0.04526301473379135,0.5029059648513794,0.6752903461456299,-0.06552974134683609,0.48837810754776,0.7461256980895996,-0.08151920139789581,0.44878730177879333,0.5692383646965027,-0.006531692110002041,0.39282193779945374,0.5960879921913147,-0.044024378061294556,0.429476261138916,0.5799813270568848,-0.06702852249145508,0.46081215143203735,0.5626377463340759,-0.07693450897932053,0.43525299429893494,0.512264609336853,-0.010042143054306507,0.3857158124446869,0.5327133536338806,-0.04815172031521797,0.43887031078338623,0.5175507664680481,-0.060939665883779526,0.4647223949432373,0.5074636340141296,-0.0607304684817791,0.43060973286628723,0.4518142342567444,-0.020523492246866226,0.3837343454360962,0.466267853975296,-0.05435721203684807,0.4305398166179657,0.4598854184150696,-0.04830220714211464,0.45422834157943726,0.4542551636695862,-0.03547706454992294,0.4321673512458801,0.3880596160888672,-0.03387065604329109,0.38788703083992004,0.3976672291755676,-0.050731953233480453,0.41997772455215454,0.40496841073036194,-0.04086535796523094,0.44151201844215393,0.4086347222328186,-0.028611380606889725
0.6056854724884033,0.4208148717880249,-5.539341145777144e-07,0.5893481969833374,0.5116918087005615,-0.02946779690682888,0.5453082323074341,0.6014222502708435,-0.047643184661865234,0.5115340948104858,0.6771948933601379,-0.0673801451921463,0.4989926218986511,0.7490319013595581,-0.08224174380302429,0.4538111388683319,0.5636423230171204,-0.003936797846108675,0.4196934998035431,0.5841140151023865,-0.04319463670253754,0.46371251344680786,0.5587180852890015,-0.06717623025178909,0.4840518832206726,0.5462021827697754,-0.07933264970779419,0.439362496137619,0.5056511759757996,-0.007527712266892195,0.41381776332855225,0.521087646484375,-0.04883845895528793,0.47016674280166626,0.49857908487319946,-0.0623912587761879,0.48295843601226807,0.494004487991333,-0.06365589052438736,0.43655627965927124,0.44297555088996887,-0.018701862543821335,0.4108388125896454,0.45191872119903564,-0.05814303085207939,0.4621638357639313,0.4387040436267853,-0.04959644377231598,0.47312337160110474,0.4380589723587036,-0.035039737820625305,0.4414735734462738,0.3791184425354004,-0.03288014978170395,0.4111131429672241,0.3838822543621063,-0.05225115641951561,0.4494134485721588,0.38232749700546265,-0.03965776413679123,0.4622502028942108,0.3829200267791748,-0.025613252073526382
0.6030449867248535,0.4214561879634857,-5.160630394129839e-07,0.586636483669281,0.5137693881988525,-0.0303738322108984,0.542047917842865,0.6040120124816895,-0.04883505403995514,0.5096948742866516,0.6789402961730957,-0.06868268549442291,0.4973921477794647,0.7513197064399719,-0.08375077694654465,0.4501686692237854,0.5649605989456177,-0.0032851358409971,0.41847556829452515,0.5811481475830078,-0.041940100491046906,0.4626137316226959,0.5540923476219177,-0.0665295273065567,0.48449456691741943,0.5404480695724487,-0.07907457649707794,0.43581265211105347,0.5070027709007263,-0.006126732099801302,0.4131251573562622,0.519989550113678,-0.04690374433994293,0.4705880880355835,0.49677717685699463,-0.06166565418243408,0.4856943190097809,0.49272000789642334,-0.06367000937461853,0.43394771218299866,0.4436834454536438,-0.016496166586875916,0.40774068236351013,0.45360979437828064,-0.05560138821601868,0.45966821908950806,0.43951019644737244,-0.04786444455385208,0.4736528992652893,0.4385305345058441,-0.033554866909980774,0.4401688873767853,0.37958037853240967,-0.029900288209319115,0.408561646938324,0.38629719614982605,-0.04958885908126831,0.44668591022491455,0.38485273718833923,-0.037400539964437485,0.4612491726875305,0.38610947132110596,-0.023279987275600433
0.6145625114440918,0.4061771035194397,-6.265962042562023e-07,0.5985934734344482,0.4960532784461975,-0.028331588953733444,0.5510671734809875,0.5880627036094666,-0.04493560642004013,0.5209993720054626,0.6646212339401245,-0.06229928135871887,0.512540340423584,0.7348083257675171,-0.07375070452690125,0.4608701467514038,0.5505737066268921,-0.0080353869125247,0.43232855200767517,0.571040153503418,-0.04575177654623985,0.48282867670059204,0.5392709374427795,-0.06578852981328964,0.49996837973594666,0.5250608921051025,-0.07524080574512482,0.44613197445869446,0.4918637275695801,-0.01061319001019001,0.43143266439437866,0.5071830153465271,-0.0481816865503788,0.4905025064945221,0.47966986894607544,-0.055798109620809555,0.4944775104522705,0.47483086585998535,-0.053982965648174286,0.44425806403160095,0.42863622307777405,-0.020392360165715218,0.42800161242485046,0.43828627467155457,-0.056065794080495834,0.48058974742889404,0.4236060082912445,-0.043214667588472366,0.48301962018013,0.42342883348464966,-0.027248676866292953,0.44990023970603943,0.3659028112888336,-0.03318147361278534,0.428443044424057,0.3719409108161926,-0.04833141341805458,0.4701937139034271,0.37221238017082214,-0.033000703901052475,0.4800831079483032,0.3746909499168396,-0.017929403111338615
0.6104896664619446,0.41059282422065735,-5.898926929148729e-07,0.5973451733589172,0.49980655312538147,-0.03317536413669586,0.5507780313491821,0.5910417437553406,-0.05149943381547928,0.5208987593650818,0.6666686534881592,-0.06962014734745026,0.5114505290985107,0.7374718189239502,-0.0815066397190094,0.45389580726623535,0.5557734966278076,-0.009355457499623299,0.4358706772327423,0.5707436203956604,-0.04785768315196037,0.4837532937526703,0.5387260913848877,-0.06999845057725906,0.4992770850658417,0.5247862935066223,-0.08132005482912064,0.43600383400917053,0.4985598921775818,-0.010453983210027218,0.43847447633743286,0.5073263049125671,-0.04878634214401245,0.49565720558166504,0.48097196221351624,-0.05935366079211235,0.4968450963497162,0.47863680124282837,-0.05978819727897644,0.4345117509365082,0.4339131712913513,-0.019290965050458908,0.43222177028656006,0.4398304224014282,-0.05685936659574509,0.4823618531227112,0.4248095750808716,-0.0466189868748188,0.48247480392456055,0.4249441623687744,-0.032064057886600494,0.4411126375198364,0.36893123388290405,-0.03172178193926811,0.43057671189308167,0.3725748658180237,-0.049933385103940964,0.4701235890388489,0.3728489875793457,-0.03724340349435806,0.47708889842033386,0.3770674467086792,-0.023333093151450157
0.6161673665046692,0.4012628197669983,-6.840941182417737e-07,0.6049951910972595,0.4858485460281372,-0.036263544112443924,0.5579128861427307,0.5758673548698425,-0.05542906001210213,0.5257171988487244,0.651241660118103,-0.07255272567272186,0.5149801969528198,0.7210972309112549,-0.08244170248508453,0.4456900954246521,0.5504567623138428,-0.014209629967808723,0.4487196207046509,0.5562373995780945,-0.04979494586586952,0.4985128343105316,0.5258733630180359,-0.06740427762269974,0.5041098594665527,0.5151737928390503,-0.07712843269109726,0.42605340480804443,0.4892176389694214,-0.01384935062378645,0.44928446412086487,0.4860089123249054,-0.04989587143063545,0.5090225338935852,0.46563810110092163,-0.057080432772636414,0.49948424100875854,0.47003358602523804,-0.05603160336613655,0.4273242652416229,0.42078933119773865,-0.020872291177511215,0.4460783898830414,0.4170507490634918,-0.058893103152513504,0.4989474415779114,0.40897417068481445,-0.048346661031246185,0.4892461597919464,0.41627493500709534,-0.03451552987098694,0.43731236457824707,0.3540365695953369,-0.03161335363984108,0.44694983959198,0.35271912813186646,-0.052306026220321655,0.4878261089324951,0.3558465540409088,-0.042308203876018524,0.48599833250045776,0.36304235458374023,-0.030386095866560936
0.6124094724655151,0.4022289216518402,-6.280303068706417e-07,0.6029682755470276,0.4890696704387665,-0.038410790264606476,0.5578309893608093,0.577363133430481,-0.059070732444524765,0.5253108739852905,0.6514866352081299,-0.07694455981254578,0.5141183733940125,0.7225725650787354,-0.08722290396690369,0.4457911550998688,0.557483971118927,-0.01848529651761055,0.4509337544441223,0.5508595108985901,-0.053728941828012466,0.5002020001411438,0.5200201869010925,-0.07055240869522095,0.5089840292930603,0.5125935673713684,-0.07963082939386368,0.4266126751899719,0.4964415729045868,-0.01774897798895836,0.4513712227344513,0.48444047570228577,-0.05399366840720177,0.5092662572860718,0.4640725255012512,-0.062422797083854675,0.5031154155731201,0.4713873863220215,-0.06256286799907684,0.4263976216316223,0.42808806896209717,-0.024210941046476364,0.4457806944847107,0.4169228971004486,-0.061691541224718094,0.49723491072654724,0.408405601978302,-0.05235522612929344,0.4904402792453766,0.41933512687683105,-0.0397452786564827,0.43499937653541565,0.36017799377441406,-0.03460519760847092,0.44479405879974365,0.35390740633010864,-0.05547585338354111,0.48536527156829834,0.3557255268096924,-0.046031877398490906,0.4849335551261902,0.36576229333877563,-0.034705791622400284
0.6182968616485596,0.39617714285850525,-6.806185979257862e-07,0.605982780456543,0.4830459952354431,-0.03801451623439789,0.5578839182853699,0.5725516080856323,-0.057001009583473206,0.5261308550834656,0.6472926139831543,-0.07336139678955078,0.5150172114372253,0.7174376249313354,-0.08235080540180206,0.44623279571533203,0.5438900589942932,-0.015156570822000504,0.45269277691841125,0.5432717800140381,-0.04869912564754486,0.5023176670074463,0.5137572288513184,-0.0646127462387085,0.5070675611495972,0.505612850189209,-0.07341918349266052,0.42636775970458984,0.481521874666214,-0.013750904239714146,0.4511157274246216,0.47370511293411255,-0.0478287935256958,0.5114232897758484,0.45656317472457886,-0.05480077117681503,0.5015000700950623,0.4639171063899994,-0.0540192574262619,0.42845213413238525,0.4123903214931488,-0.019550349563360214,0.44775116443634033,0.40502458810806274,-0.05773720145225525,0.5012165307998657,0.4001968502998352,-0.04807288199663162,0.4929182827472687,0.4099341034889221,-0.03454980626702309,0.43972569704055786,0.34615591168403625,-0.028962211683392525,0.44655975699424744,0.34176284074783325,-0.050476107746362686,0.48837175965309143,0.34898003935813904,-0.040371790528297424,0.49026405811309814,0.3601454794406891,-0.028047148138284683
0.6161106824874878,0.39531847834587097,-6.795488047828258e-07,0.6048616766929626,0.483442485332489,-0.03888242319226265,0.5586880445480347,0.5713366866111755,-0.059336498379707336,0.5265750885009766,0.6470659375190735,-0.07649151235818863,0.514980673789978,0.7187298536300659,-0.085885189473629,0.4455913305282593,0.5486072301864624,-0.020715275779366493,0.45728856325149536,0.5355671048164368,-0.052049074321985245,0.5064378976821899,0.5083017945289612,-0.06531457602977753,0.5104122161865234,0.507289469242096,-0.07308347523212433,0.42513608932495117,0.4867798089981079,-0.01930844970047474,0.45505937933921814,0.47032982110977173,-0.05210483819246292,0.5149529576301575,0.45413610339164734,-0.058485109359025955,0.5052201747894287,0.46743422746658325,-0.05829320102930069,0.42540931701660156,0.4171183109283447,-0.02443881519138813,0.4496551752090454,0.40455055236816406,-0.060762710869312286,0.5032460689544678,0.3988184332847595,-0.051586370915174484,0.49518513679504395,0.4131637215614319,-0.03978562727570534,0.4350258708000183,0.3492484390735626,-0.03330842778086662,0.4475181996822357,0.3418309688568115,-0.05439909175038338,0.4894081652164459,0.347197949886322,-0.045489389449357986,0.48995694518089294,0.36032241582870483,-0.03484127297997475
0.6172522306442261,0.3946381211280823,-6.634008400396851e-07,0.6044452786445618,0.47924014925956726,-0.04082338139414787,0.5577512383460999,0.5676631927490234,-0.062334999442100525,0.5246378183364868,0.6425647139549255,-0.08111951500177383,0.5115674734115601,0.7139426469802856,-0.09211090952157974,0.4468841850757599,0.5378229022026062,-0.01892951689660549,0.44623708724975586,0.5389024615287781,-0.05525404214859009,0.4969729781150818,0.5084099173545837,-0.07170598953962326,0.5066381096839905,0.4970116913318634,-0.07977436482906342,0.4276635944843292,0.4761577546596527,-0.0164894238114357,0.4475637674331665,0.4665583670139313,-0.05365481227636337,0.5088715553283691,0.4499921500682831,-0.06142108887434006,0.5015770792961121,0.45803409814834595,-0.060406289994716644,0.42932313680648804,0.4081805348396301,-0.02164711244404316,0.4442206919193268,0.3984280526638031,-0.061897240579128265,0.4975908696651459,0.3946475386619568,-0.05311496555805206,0.49153321981430054,0.4055100381374359,-0.03948965668678284,0.439241498708725,0.3428196907043457,-0.03061293438076973,0.44413259625434875,0.33598196506500244,-0.05295209214091301,0.4860939085483551,0.3439636528491974,-0.04366656765341759,0.4894673526287079,0.35716208815574646,-0.03162970766425133
0.6166943907737732,0.39546728134155273,-6.293277010627207e-07,0.6021960973739624,0.4812655746936798,-0.040196213871240616,0.5573300719261169,0.5685319900512695,-0.06213666498661041,0.5240031480789185,0.6449669599533081,-0.08153895288705826,0.5116255879402161,0.7166496515274048,-0.09358049929141998,0.44601649045944214,0.5425505042076111,-0.018004093319177628,0.4473521113395691,0.5388103127479553,-0.05331699177622795,0.49714213609695435,0.5090978145599365,-0.0697585791349411,0.5089303851127625,0.49806731939315796,-0.07788679003715515,0.42696189880371094,0.48064541816711426,-0.015953034162521362,0.4479355216026306,0.4695183038711548,-0.05141088366508484,0.5084706544876099,0.4531138241291046,-0.059514518827199936,0.5043247938156128,0.460847944021225,-0.05912189185619354,0.42815321683883667,0.4119592010974884,-0.02137722820043564,0.4449921250343323,0.40081992745399475,-0.060183335095644,0.49898526072502136,0.396907776594162,-0.052420634776353836,0.49616217613220215,0.4081539511680603,-0.03982498124241829,0.4382202923297882,0.3451795279979706,-0.030602911487221718,0.4456387758255005,0.33819377422332764,-0.05201760679483414,0.48758548498153687,0.3458026051521301,-0.043309807777404785,0.49140825867652893,0.3589000105857849,-0.032015059143304825
0.6199125647544861,0.400362104177475,-6.847813551758009e-07,0.6049869060516357,0.48536017537117004,-0.03880622982978821,0.553954541683197,0.5699231624603271,-0.058827970176935196,0.5169883370399475,0.6421470642089844,-0.07660777121782303,0.505931556224823,0.7127284407615662,-0.08692984282970428,0.44722792506217957,0.5337719321250916,-0.015912054106593132,0.4455387592315674,0.5311717987060547,-0.0477132573723793,0.49828314781188965,0.5060074329376221,-0.060835134238004684,0.5072789788246155,0.4998778998851776,-0.06771200895309448,0.42973628640174866,0.4721929430961609,-0.014470506459474564,0.44598743319511414,0.46022194623947144,-0.047807659953832626,0.509728729724884,0.4475051164627075,-0.053802069276571274,0.5023486018180847,0.4582408666610718,-0.05231083184480667,0.4325535297393799,0.40423429012298584,-0.020074358209967613,0.4423242211341858,0.3939754068851471,-0.058084987103939056,0.49813008308410645,0.39172032475471497,-0.04790147766470909,0.4939948618412018,0.4041133522987366,-0.033942271023988724,0.44415974617004395,0.3391433656215668,-0.02921976149082184,0.4410739541053772,0.33128535747528076,-0.05070147290825844,0.4842408299446106,0.34018492698669434,-0.039736438542604446,0.4904513657093048,0.353950560092926,-0.026797497645020485
0.6185995936393738,0.3997439742088318,-6.264257876864576e-07,0.6038504242897034,0.48678192496299744,-0.03813941404223442,0.5559554100036621,0.5709332227706909,-0.05897713825106621,0.5167394876480103,0.640620231628418,-0.07758374512195587,0.5053512454032898,0.709235429763794,-0.08870372921228409,0.4506097435951233,0.5382920503616333,-0.018853966146707535,0.44429853558540344,0.5374066829681396,-0.05139249563217163,0.4959712326526642,0.5096035003662109,-0.06308620423078537,0.5090383887290955,0.5018137097358704,-0.06775028258562088,0.4338460862636566,0.4758644998073578,-0.017316654324531555,0.445042222738266,0.46700310707092285,-0.05135631188750267,0.5077148079872131,0.4514618515968323,-0.05634276568889618,0.5039935111999512,0.461561381816864,-0.053345244377851486,0.43484655022621155,0.40757909417152405,-0.022701706737279892,0.4425637722015381,0.39790669083595276,-0.06046829745173454,0.49783560633659363,0.3921087682247162,-0.050065480172634125,0.4952479302883148,0.4026971459388733,-0.035602398216724396,0.4440481662750244,0.3415745198726654,-0.03151513636112213,0.44149816036224365,0.33547383546829224,-0.052032459527254105,0.4843568503856659,0.34082674980163574,-0.041043661534786224,0.4894964396953583,0.35149744153022766,-0.028114955872297287
0.6176244020462036,0.39737746119499207,-6.791575515308068e-07,0.6039932370185852,0.48116233944892883,-0.03993905335664749,0.5531197786331177,0.5645998120307922,-0.06087225303053856,0.5132976174354553,0.6343334913253784,-0.07927331328392029,0.4981899559497833,0.7057432532310486,-0.09045971930027008,0.44638317823410034,0.529534101486206,-0.019039606675505638,0.43732553720474243,0.5233275294303894,-0.052605580538511276,0.4908203184604645,0.49878355860710144,-0.0676283985376358,0.5054426193237305,0.4922424256801605,-0.07518652081489563,0.43013662099838257,0.46758589148521423,-0.01664375513792038,0.44280391931533813,0.45164209604263306,-0.051393814384937286,0.506699800491333,0.4394696354866028,-0.059141214936971664,0.5051639676094055,0.4501643478870392,-0.05868633836507797,0.433864027261734,0.40064767003059387,-0.021250635385513306,0.4404957890510559,0.3859906792640686,-0.060434114187955856,0.4963807165622711,0.385104775428772,-0.05237879976630211,0.4966474771499634,0.3991990089416504,-0.03944537788629532,0.44623664021492004,0.3366098403930664,-0.02918732725083828,0.4414997696876526,0.3251338601112366,-0.05210813134908676,0.4847756624221802,0.3354835510253906,-0.042632296681404114,0.4938427805900574,0.35299569368362427,-0.03032909519970417
0.6153984665870667,0.39382052421569824,-6.480253773588629e-07,0.6017786860466003,0.48074871301651,-0.04122399538755417,0.5537737607955933,0.5647097826004028,-0.06332351267337799,0.5135449171066284,0.6346317529678345,-0.08207767456769943,0.49829018115997314,0.7044698596000671,-0.09343519061803818,0.44442614912986755,0.5361883640289307,-0.022997543215751648,0.4432605504989624,0.521762490272522,-0.055570464581251144,0.49545565247535706,0.495555579662323,-0.06885784864425659,0.5089792609214783,0.4930238723754883,-0.07544054836034775,0.4283551871776581,0.4734952449798584,-0.020525189116597176,0.4439816176891327,0.45382529497146606,-0.05445175617933273,0.5068185329437256,0.4402947723865509,-0.06148131564259529,0.505648672580719,0.4545084834098816,-0.06094830110669136,0.43116945028305054,0.4055936634540558,-0.024764956906437874,0.4398975968360901,0.38732704520225525,-0.0633825957775116,0.4960963726043701,0.3842213749885559,-0.054963741451501846,0.4973331093788147,0.4010050594806671,-0.042267296463251114,0.4434122145175934,0.34004002809524536,-0.032472025603055954,0.44008636474609375,0.32638871669769287,-0.05570222809910774,0.48447951674461365,0.3336077630519867,-0.046158213168382645,0.4936447739601135,0.351502925157547,-0.03403349965810776
0.618743360042572,0.39376208186149597,-7.231532777041139e-07,0.6039918661117554,0.47520941495895386,-0.04137828201055527,0.5492730140686035,0.5590528845787048,-0.061757802963256836,0.5076186060905457,0.6284782886505127,-0.07883630692958832,0.49151355028152466,0.6981603503227234,-0.08796969801187515,0.4396187663078308,0.5198580622673035,-0.018665611743927002,0.43527474999427795,0.5070642828941345,-0.05166473612189293,0.49127766489982605,0.4849116802215576,-0.06504923105239868,0.5046638250350952,0.48111122846603394,-0.07144708931446075,0.42551130056381226,0.4553382098674774,-0.01560214813798666,0.43878456950187683,0.4370192587375641,-0.05032951012253761,0.5055500864982605,0.4281068444252014,-0.05607252195477486,0.5023524165153503,0.4407939314842224,-0.05373100936412811,0.43160924315452576,0.38749948143959045,-0.01991395652294159,0.43955984711647034,0.3694642186164856,-0.05932633951306343,0.4964379370212555,0.37260037660598755,-0.049791041761636734,0.4946695864200592,0.3894633948802948,-0.03554270416498184,0.4459269046783447,0.32470372319221497,-0.027702126652002335,0.4414907693862915,0.31148508191108704,-0.05013182759284973,0.48502081632614136,0.32279425859451294,-0.03977911174297333,0.4923276901245117,0.34070080518722534,-0.026723915711045265
0.6193789839744568,0.39506465196609497,-6.580914373444102e-07,0.6012932062149048,0.4791254997253418,-0.04014880582690239,0.5494380593299866,0.5600860714912415,-0.061973437666893005,0.5079799890518188,0.6286739110946655,-0.08065714687108994,0.4929128587245941,0.6965762376785278,-0.09208932518959045,0.44108664989471436,0.5205901861190796,-0.022788768634200096,0.43742287158966064,0.5057309865951538,-0.05432433634996414,0.4922909438610077,0.4839138984680176,-0.06663219630718231,0.5063454508781433,0.48295384645462036,-0.07240913808345795,0.4284997582435608,0.45678645372390747,-0.020463187247514725,0.4399079382419586,0.439820259809494,-0.053974833339452744,0.5051509141921997,0.4305266737937927,-0.060106661170721054,0.5049150586128235,0.44444939494132996,-0.05847896263003349,0.4335843324661255,0.3895817697048187,-0.02458484284579754,0.4384791851043701,0.3740634620189667,-0.06266280263662338,0.49587899446487427,0.3732316493988037,-0.0531042255461216,0.4975421726703644,0.3881106376647949,-0.03917406126856804,0.4473150074481964,0.32650071382522583,-0.03191909193992615,0.43851184844970703,0.31520867347717285,-0.05317562073469162,0.4831879734992981,0.32392027974128723,-0.041287150233983994,0.49313676357269287,0.34005191922187805,-0.02735655941069126
0.6165614724159241,0.392360657453537,-7.171565812313929e-07,0.600197434425354,0.47131210565567017,-0.0390104316174984,0.5462940335273743,0.550758957862854,-0.05939815193414688,0.5021008849143982,0.6144564151763916,-0.07627153396606445,0.48307037353515625,0.6806896924972534,-0.08553638309240341,0.4403765797615051,0.5092515349388123,-0.026665326207876205,0.4341820478439331,0.496986985206604,-0.05664709582924843,0.49036043882369995,0.47890669107437134,-0.06541886925697327,0.5026968717575073,0.47765105962753296,-0.0690637081861496,0.42908525466918945,0.44316744804382324,-0.023823343217372894,0.440914124250412,0.427288293838501,-0.056596893817186356,0.506813108921051,0.4222825765609741,-0.059373773634433746,0.5033876299858093,0.4336545169353485,-0.055881645530462265,0.4360954463481903,0.375221848487854,-0.026979465037584305,0.440534770488739,0.36056071519851685,-0.06425964832305908,0.4976665675640106,0.36603814363479614,-0.05263041332364082,0.49704426527023315,0.3799455761909485,-0.03807048127055168,0.45130181312561035,0.31292909383773804,-0.033197078853845596,0.44418981671333313,0.30250054597854614,-0.05535558983683586,0.48792794346809387,0.31653928756713867,-0.044459521770477295,0.496567964553833,0.3333238661289215,-0.03145343437790871
0.6175299286842346,0.39055386185646057,-6.49715218514757e-07,0.5976285338401794,0.4708344340324402,-0.039726559072732925,0.5438186526298523,0.5496407151222229,-0.06190025433897972,0.49987703561782837,0.6166964173316956,-0.0807076171040535,0.48241254687309265,0.6842792630195618,-0.0921739861369133,0.44010159373283386,0.5091530084609985,-0.026860050857067108,0.43380188941955566,0.49690812826156616,-0.058816298842430115,0.4905135929584503,0.47782647609710693,-0.06993486732244492,0.5044986009597778,0.478949636220932,-0.07480922341346741,0.43000170588493347,0.4450208842754364,-0.02452300302684307,0.439225971698761,0.4314984679222107,-0.058929335325956345,0.5056900978088379,0.4245131313800812,-0.06388215720653534,0.5047912001609802,0.4376318156719208,-0.061471953988075256,0.4366816580295563,0.37768298387527466,-0.028303129598498344,0.43836361169815063,0.3652746379375458,-0.06659369170665741,0.4970392882823944,0.36691612005233765,-0.055374544113874435,0.4983483850955963,0.38096579909324646,-0.0405908077955246,0.4518035352230072,0.31460249423980713,-0.03514021262526512,0.4403873682022095,0.30601808428764343,-0.05690550059080124,0.484933078289032,0.3157298266887665,-0.04453366622328758,0.49403563141822815,0.3300601840019226,-0.030315585434436798
0.6169626712799072,0.394169420003891,-6.755271897418424e-07,0.5972445607185364,0.470421701669693,-0.03756760433316231,0.5426506996154785,0.5460126996040344,-0.05812922865152359,0.4972444474697113,0.6055694818496704,-0.0762622132897377,0.47551649808883667,0.6682422161102295,-0.08714618533849716,0.4424351155757904,0.49491193890571594,-0.02302343025803566,0.4258319139480591,0.4931819438934326,-0.056261710822582245,0.481189101934433,0.47322559356689453,-0.06821082532405853,0.500974178314209,0.46500012278556824,-0.07244136929512024,0.43256881833076477,0.4292272627353668,-0.020783087238669395,0.4370827376842499,0.4213665723800659,-0.056029755622148514,0.5040407180786133,0.4164761006832123,-0.06011278182268143,0.5057482123374939,0.4249249994754791,-0.05609995126724243,0.44044390320777893,0.36294472217559814,-0.02509777620434761,0.438041627407074,0.35289266705513,-0.06341671943664551,0.49458587169647217,0.35822615027427673,-0.0513470321893692,0.4970676600933075,0.3690761923789978,-0.03533274307847023,0.4566267132759094,0.3031349182128906,-0.032470397651195526,0.4454846978187561,0.2933632433414459,-0.054155267775058746,0.4881187975406647,0.30721721053123474,-0.04216395318508148,0.4979482889175415,0.3220231831073761,-0.027764923870563507
0.6158605813980103,0.39027509093284607,-6.427540029108059e-07,0.5957067608833313,0.4717048406600952,-0.039647866040468216,0.5417981147766113,0.5462154746055603,-0.06105196475982666,0.4943302273750305,0.6061123013496399,-0.07887731492519379,0.4761302173137665,0.6683940887451172,-0.0893998071551323,0.4378182590007782,0.5006299018859863,-0.02715282328426838,0.43160948157310486,0.4866926074028015,-0.05824777111411095,0.4890752136707306,0.4680447280406952,-0.06898973137140274,0.50435870885849,0.46933725476264954,-0.07359900325536728,0.4287048280239105,0.43485721945762634,-0.024519823491573334,0.4392716884613037,0.421213835477829,-0.05793745070695877,0.5046457648277283,0.41509366035461426,-0.06268629431724548,0.5051401853561401,0.42845258116722107,-0.0603049211204052,0.4364207088947296,0.36766013503074646,-0.027878232300281525,0.43785205483436584,0.3548092246055603,-0.06532426178455353,0.49631211161613464,0.3564760982990265,-0.05389901250600815,0.49955180287361145,0.3705426752567291,-0.03906872496008873,0.45281901955604553,0.3062162399291992,-0.034362517297267914,0.44216305017471313,0.29624950885772705,-0.05599328130483627,0.4869430959224701,0.30589407682418823,-0.04354845732450485,0.49629759788513184,0.3204152286052704,-0.029243413358926773
0.6176213026046753,0.38737964630126953,-6.803298333579733e-07,0.59880131483078,0.4678491950035095,-0.038986001163721085,0.5396736860275269,0.5420633554458618,-0.0589127279818058,0.4898217022418976,0.6015225648880005,-0.07603542506694794,0.469451367855072,0.6656238436698914,-0.08571983873844147,0.44008931517601013,0.49086257815361023,-0.022361010313034058,0.42606696486473083,0.482211709022522,-0.05389159172773361,0.4832349121570587,0.4647848308086395,-0.06466785818338394,0.500054657459259,0.46269717812538147,-0.06898277252912521,0.4298222064971924,0.4257282018661499,-0.019919810816645622,0.43613362312316895,0.41307368874549866,-0.05298876017332077,0.503468930721283,0.40983152389526367,-0.05702993646264076,0.5021617412567139,0.4224812686443329,-0.05381051078438759,0.4381861090660095,0.35901713371276855,-0.024004846811294556,0.43630337715148926,0.34740403294563293,-0.06208958849310875,0.49494755268096924,0.35331225395202637,-0.05054010823369026,0.4965578317642212,0.3680817484855652,-0.03522519767284393,0.45557093620300293,0.29868757724761963,-0.031179742887616158,0.4425872266292572,0.2885603606700897,-0.05373721197247505,0.48583003878593445,0.3024611473083496,-0.04197542741894722,0.4948963522911072,0.3195543885231018,-0.027822604402899742
0.6171098351478577,0.3844109773635864,-6.624010211453424e-07,0.5972936749458313,0.46825215220451355,-0.040117524564266205,0.5394632816314697,0.542940616607666,-0.06119826063513756,0.48940107226371765,0.6039547920227051,-0.07898718118667603,0.4718266725540161,0.6692982316017151,-0.08933835476636887,0.4383805990219116,0.4943627417087555,-0.025353794917464256,0.4291251003742218,0.48214051127433777,-0.05627498775720596,0.4868986904621124,0.46423786878585815,-0.06619908660650253,0.5019590258598328,0.46608078479766846,-0.07026445865631104,0.42781466245651245,0.4293862283229828,-0.02259635552763939,0.43890446424484253,0.4141122102737427,-0.05525537580251694,0.5051798820495605,0.40974709391593933,-0.05952422320842743,0.5022046566009521,0.4257929027080536,-0.056956034153699875,0.43528634309768677,0.3618677854537964,-0.026070009917020798,0.43877097964286804,0.3474675416946411,-0.06399775296449661,0.4977840781211853,0.35214468836784363,-0.053186237812042236,0.4983099400997162,0.36977341771125793,-0.038730282336473465,0.4517393708229065,0.3001466989517212,-0.03264453262090683,0.44259002804756165,0.28821563720703125,-0.05495884269475937,0.4866096079349518,0.2998741865158081,-0.04338214546442032,0.49450260400772095,0.31719210743904114,-0.029651803895831108
0.6164175868034363,0.38745051622390747,-6.482693493126135e-07,0.5962070226669312,0.4676862955093384,-0.037905048578977585,0.5380288362503052,0.5428574681282043,-0.0579051673412323,0.48868614435195923,0.6009286642074585,-0.07581783086061478,0.46807143092155457,0.6636278629302979,-0.08677671104669571,0.4427121877670288,0.4906999170780182,-0.02145906165242195,0.4230027198791504,0.4858265817165375,-0.057880595326423645,0.4781205654144287,0.46704500913619995,-0.07210443168878555,0.4999964237213135,0.4599677622318268,-0.07701029628515244,0.43363118171691895,0.4244399666786194,-0.019740546122193336,0.43398794531822205,0.41493695974349976,-0.05794031172990799,0.500714123249054,0.41161197423934937,-0.06460222601890564,0.5041403770446777,0.42147400975227356,-0.061463527381420135,0.44088730216026306,0.35768842697143555,-0.025020988658070564,0.4369352459907532,0.3469798266887665,-0.06607480347156525,0.4946065843105316,0.3535398542881012,-0.05629321560263634,0.4980716407299042,0.36657440662384033,-0.04075994715094566,0.4557936489582062,0.29678040742874146,-0.03332982957363129,0.4446994662284851,0.28686320781707764,-0.05637694150209427,0.4877117872238159,0.301599383354187,-0.04559236764907837,0.49653908610343933,0.31877678632736206,-0.03167513757944107
0.6157780885696411,0.38731706142425537,-6.532950465043541e-07,0.5948777198791504,0.4705842435359955,-0.03860092535614967,0.5359827876091003,0.5447903871536255,-0.058737605810165405,0.4862385392189026,0.6029894948005676,-0.0765238106250763,0.4684597849845886,0.6675935983657837,-0.08720815926790237,0.4405762851238251,0.4929894506931305,-0.022781748324632645,0.42590904235839844,0.4822656512260437,-0.0591704323887825,0.4821772575378418,0.46496129035949707,-0.07268956303596497,0.5017390847206116,0.4626528024673462,-0.07747134566307068,0.4312240183353424,0.4266824424266815,-0.021295787766575813,0.4357144832611084,0.4135710299015045,-0.05995475873351097,0.5023385882377625,0.4112185835838318,-0.06651821732521057,0.5032893419265747,0.42342159152030945,-0.0635676234960556,0.4384040832519531,0.35913723707199097,-0.026749450713396072,0.43855351209640503,0.345676064491272,-0.06869427859783173,0.4966243505477905,0.35284483432769775,-0.05902940779924393,0.4982905685901642,0.36805206537246704,-0.043727003037929535,0.45329561829566956,0.29770779609680176,-0.03528633341193199,0.44394510984420776,0.28548163175582886,-0.05906534940004349,0.48730555176734924,0.299925297498703,-0.04832235351204872,0.4949381351470947,0.3175757825374603,-0.0345626138150692
0.617929995059967,0.3902169466018677,-6.400979941645346e-07,0.5946909785270691,0.4691239595413208,-0.03807258605957031,0.5363892912864685,0.5432181358337402,-0.05850968509912491,0.4868277907371521,0.6036426424980164,-0.07660576701164246,0.4688964784145355,0.6664761900901794,-0.08771117031574249,0.442007839679718,0.490677148103714,-0.023688340559601784,0.42420536279678345,0.4844251573085785,-0.05804051086306572,0.48076218366622925,0.46604278683662415,-0.0700925663113594,0.5013406276702881,0.46188539266586304,-0.07416509091854095,0.4338679313659668,0.424441397190094,-0.021745942533016205,0.43461382389068604,0.4156983494758606,-0.058785330504179,0.5014051795005798,0.4126664996147156,-0.0645933523774147,0.5035369992256165,0.42392462491989136,-0.0614827536046505,0.44181275367736816,0.3573322296142578,-0.026333831250667572,0.4357292056083679,0.3467272222042084,-0.06642162054777145,0.49340909719467163,0.3539356291294098,-0.05605930835008621,0.4971635341644287,0.36846959590911865,-0.040644675493240356,0.4571917951107025,0.2965050935745239,-0.03387600928544998,0.4429140090942383,0.28577572107315063,-0.05659477040171623,0.48525863885879517,0.3007168173789978,-0.04547852650284767,0.4943290948867798,0.3183152377605438,-0.031575269997119904
0.6183062195777893,0.39177489280700684,-6.476832936641586e-07,0.5944026708602905,0.4716406762599945,-0.03771612420678139,0.5365175604820251,0.5444408059120178,-0.058529630303382874,0.486885130405426,0.6046517491340637,-0.07701648026704788,0.46860188245773315,0.6679975986480713,-0.08845192939043045,0.44100886583328247,0.49197784066200256,-0.024579714983701706,0.424470454454422,0.4832685589790344,-0.05791884660720825,0.48195359110832214,0.4664912819862366,-0.06904933601617813,0.501583993434906,0.4650079309940338,-0.07287359237670898,0.43314236402511597,0.42556238174438477,-0.022910477593541145,0.43504226207733154,0.4147026538848877,-0.058500733226537704,0.502007007598877,0.41268256306648254,-0.06347067654132843,0.5033664703369141,0.4255669414997101,-0.060373034328222275,0.4414251446723938,0.3580271303653717,-0.02752789296209812,0.4359756112098694,0.34586814045906067,-0.06687688082456589,0.4945599138736725,0.3531982898712158,-0.05599410831928253,0.4986928403377533,0.36876362562179565,-0.04063708707690239,0.4575481414794922,0.2966190278530121,-0.03502654284238815,0.4427090287208557,0.28486761450767517,-0.05763169378042221,0.48531579971313477,0.29949188232421875,-0.04616949334740639,0.4946879744529724,0.3175123929977417,-0.03218625858426094
0.616215705871582,0.38986432552337646,-6.636284979322227e-07,0.5937597751617432,0.47020119428634644,-0.04097098484635353,0.536334753036499,0.5426492691040039,-0.06338894367218018,0.48782822489738464,0.6035395860671997,-0.0823783203959465,0.4682239294052124,0.6690378189086914,-0.09397730231285095,0.4340517818927765,0.4945242702960968,-0.028590939939022064,0.43054381012916565,0.47507286071777344,-0.06115355342626572,0.48723846673965454,0.4610842764377594,-0.07155753672122955,0.5013460516929626,0.4664558172225952,-0.07570783793926239,0.4249344766139984,0.42748087644577026,-0.026041915640234947,0.4386874735355377,0.4065609574317932,-0.060436349362134933,0.5052942037582397,0.40760570764541626,-0.0648130401968956,0.500852108001709,0.4255821406841278,-0.06203295290470123,0.43386542797088623,0.35854819416999817,-0.02971683256328106,0.4399622082710266,0.33956649899482727,-0.06948064267635345,0.4986865222454071,0.3497249186038971,-0.05953140929341316,0.4981843829154968,0.37008920311927795,-0.04539766162633896,0.45129668712615967,0.2964803874492645,-0.0364900603890419,0.44662266969680786,0.2802400588989258,-0.060294393450021744,0.49004149436950684,0.29675179719924927,-0.04996070638298988,0.4963828921318054,0.3177809417247772,-0.03700270503759384
0.6159560680389404,0.3871889114379883,-6.47670844955428e-07,0.5942360758781433,0.4709852635860443,-0.041067466139793396,0.5376107692718506,0.5443570613861084,-0.06339900940656662,0.4882899522781372,0.6033427715301514,-0.08231882005929947,0.46726006269454956,0.6678783297538757,-0.09389678388834,0.4374316334724426,0.49590864777565,-0.02956855297088623,0.4289165437221527,0.47843143343925476,-0.06225644052028656,0.48701807856559753,0.46143838763237,-0.07210050523281097,0.5034605860710144,0.4655088484287262,-0.07531967759132385,0.4293537735939026,0.4278658628463745,-0.026691654697060585,0.43701791763305664,0.4105684161186218,-0.0620206855237484,0.5038310289382935,0.4089665412902832,-0.06691201031208038,0.5019029378890991,0.42641565203666687,-0.06404023617506027,0.4379108250141144,0.35852599143981934,-0.029876144602894783,0.436676949262619,0.3423033356666565,-0.07004707306623459,0.49620136618614197,0.3491589426994324,-0.05944583937525749,0.49791720509529114,0.36790382862091064,-0.04446345195174217,0.4543438255786896,0.2966132164001465,-0.03602498397231102,0.4436503052711487,0.28171098232269287,-0.0598386786878109,0.4883654713630676,0.2960275709629059,-0.048356588929891586,0.49710962176322937,0.3158172369003296,-0.03430045023560524
0.6117734909057617,0.38567227125167847,-6.774930056963058e-07,0.5920089483261108,0.46721625328063965,-0.040268879383802414,0.53721684217453,0.5406690835952759,-0.062394384294748306,0.48967328667640686,0.6001231074333191,-0.08113517612218857,0.4682801365852356,0.6634262204170227,-0.09252849966287613,0.4334660470485687,0.49200132489204407,-0.029688235372304916,0.42985478043556213,0.47419190406799316,-0.06114783138036728,0.48659902811050415,0.4590568244457245,-0.0699864849448204,0.5004687905311584,0.46280062198638916,-0.07284387201070786,0.42530569434165955,0.42494216561317444,-0.027035238221287727,0.4381120800971985,0.4063818156719208,-0.060734815895557404,0.5046263337135315,0.40647774934768677,-0.06425642967224121,0.500388503074646,0.42289483547210693,-0.06077172979712486,0.4342859983444214,0.35598647594451904,-0.03025667928159237,0.4383494257926941,0.33960193395614624,-0.06955212354660034,0.49763599038124084,0.3483884036540985,-0.0584893673658371,0.4978044331073761,0.36579012870788574,-0.043361153453588486,0.45090365409851074,0.2933838963508606,-0.03640132024884224,0.44289082288742065,0.2802286744117737,-0.05975065007805824,0.4874163269996643,0.29586106538772583,-0.048151884227991104,0.4956243634223938,0.3141169250011444,-0.03399117663502693
0.6115689873695374,0.3846231698989868,-6.577774342986231e-07,0.591759979724884,0.4667002856731415,-0.04013098031282425,0.5379216074943542,0.5406179428100586,-0.062409959733486176,0.49004948139190674,0.5997809767723083,-0.08143321424722672,0.4685949385166168,0.6625160574913025,-0.09310196340084076,0.4345441460609436,0.49226728081703186,-0.029728803783655167,0.4287896752357483,0.47856131196022034,-0.06150708347558975,0.485440194606781,0.4618079662322998,-0.07015091180801392,0.5004875659942627,0.4628535509109497,-0.07263500243425369,0.42541491985321045,0.42510104179382324,-0.026978392153978348,0.43721693754196167,0.410095751285553,-0.06118609011173248,0.5037988424301147,0.40900862216949463,-0.0644514188170433,0.49985891580581665,0.4238145649433136,-0.06057364493608475,0.4336072504520416,0.35606181621551514,-0.030184771865606308,0.438082754611969,0.3414608836174011,-0.06930810958147049,0.49690693616867065,0.34978461265563965,-0.05793877691030502,0.49689099192619324,0.3661479353904724,-0.042671993374824524,0.449673056602478,0.29371315240859985,-0.03640802204608917,0.4433281421661377,0.2813611924648285,-0.05933712422847748,0.48745816946029663,0.2964581549167633,-0.04790418595075607,0.4949297606945038,0.31355541944503784,-0.03401507809758186
0.6106320023536682,0.3833860754966736,-6.537019885399786e-07,0.5906704068183899,0.4670831263065338,-0.04205181077122688,0.5341809988021851,0.5410703420639038,-0.064682237803936,0.4860037863254547,0.6010621786117554,-0.08387415111064911,0.4677371680736542,0.6671962141990662,-0.09580022841691971,0.4325082302093506,0.49224919080734253,-0.028562597930431366,0.42755743861198425,0.47022804617881775,-0.06222188472747803,0.48529210686683655,0.45666295289993286,-0.07333026081323624,0.4990011155605316,0.4634767770767212,-0.07761596888303757,0.4243442714214325,0.42501208186149597,-0.025783268734812737,0.4339909255504608,0.40254536271095276,-0.06159934774041176,0.5019112825393677,0.40302038192749023,-0.06643994897603989,0.4979231655597687,0.42196395993232727,-0.06323132663965225,0.4330698549747467,0.35645923018455505,-0.029434379190206528,0.43520864844322205,0.3375566005706787,-0.07107389718294144,0.495857834815979,0.34556350111961365,-0.060881998389959335,0.49589142203330994,0.36509931087493896,-0.04558979719877243,0.4495224356651306,0.29494673013687134,-0.03610062971711159,0.4418301582336426,0.27978515625,-0.060532551258802414,0.48706161975860596,0.29370832443237305,-0.0491400845348835,0.49458417296409607,0.3127121925354004,-0.03493267297744751
0.6115809082984924,0.38240060210227966,-6.512353252219327e-07,0.5915037393569946,0.46622124314308167,-0.04393540322780609,0.5350621938705444,0.5407149791717529,-0.06726320832967758,0.486236572265625,0.6003840565681458,-0.08676297962665558,0.46708250045776367,0.6661072969436646,-0.09861188381910324,0.431668758392334,0.49274593591690063,-0.029885871335864067,0.42677387595176697,0.4698956310749054,-0.06354858726263046,0.4841633439064026,0.4565488398075104,-0.07357639819383621,0.4972030222415924,0.46364039182662964,-0.07699119299650192,0.4230090379714966,0.4250873923301697,-0.026077009737491608,0.4337271451950073,0.4022855758666992,-0.062489598989486694,0.5023077130317688,0.4033685326576233,-0.06650799512863159,0.4966042637825012,0.42248305678367615,-0.0623248927295208,0.4314984083175659,0.35634440183639526,-0.02895309589803219,0.43612948060035706,0.33680760860443115,-0.07097124308347702,0.49640125036239624,0.3460882902145386,-0.06059876084327698,0.494509756565094,0.36617231369018555,-0.04504196345806122,0.44754284620285034,0.29495954513549805,-0.035067468881607056,0.4425727128982544,0.27932795882225037,-0.05963287875056267,0.487618625164032,0.29398542642593384,-0.048820413649082184,0.4937807023525238,0.3129824995994568,-0.03498947247862816
0.6117849946022034,0.3828766345977783,-6.490739679065882e-07,0.5915903449058533,0.46633487939834595,-0.044388312846422195,0.5350529551506042,0.5409523248672485,-0.06788702309131622,0.4862769544124603,0.600940465927124,-0.08747152239084244,0.467317670583725,0.667126476764679,-0.09936799854040146,0.4315313398838043,0.49321669340133667,-0.030295180156826973,0.42697227001190186,0.4705079197883606,-0.06434812396764755,0.4847176671028137,0.4570254385471344,-0.07455874234437943,0.49751853942871094,0.4640432298183441,-0.07805583626031876,0.4230077862739563,0.4254632592201233,-0.02630130760371685,0.43379250168800354,0.40296775102615356,-0.06323034316301346,0.5026362538337708,0.40400320291519165,-0.06734349578619003,0.4967977702617645,0.4229675829410553,-0.06313129514455795,0.4316026270389557,0.35655927658081055,-0.02905883826315403,0.4362705945968628,0.3372623920440674,-0.07156991213560104,0.49675658345222473,0.3466465473175049,-0.06116450950503349,0.4947499930858612,0.3665778636932373,-0.045456431806087494,0.44765380024909973,0.2950463891029358,-0.035082072019577026,0.4422508478164673,0.2795238792896271,-0.05994146689772606,0.4873928427696228,0.29414618015289307,-0.049130551517009735,0.4935757517814636,0.3129146695137024,-0.03522759675979614
0.6086788773536682,0.38562437891960144,-6.333846727102355e-07,0.5871459245681763,0.46649155020713806,-0.041000716388225555,0.5323112607002258,0.5401061773300171,-0.06431566178798676,0.4844856858253479,0.6015328168869019,-0.08482570946216583,0.4649737477302551,0.668365478515625,-0.09812314808368683,0.4338257610797882,0.4903809130191803,-0.02882590889930725,0.4195249676704407,0.4775198698043823,-0.06437364220619202,0.47856393456459045,0.4598325490951538,-0.07614210247993469,0.4981050491333008,0.4606722891330719,-0.0796176865696907,0.42771363258361816,0.42360347509384155,-0.025890395045280457,0.42870765924453735,0.40866005420684814,-0.06337019056081772,0.4974484443664551,0.4061037302017212,-0.06824897229671478,0.4976760149002075,0.4215458929538727,-0.06450140476226807,0.4371130168437958,0.3555855453014374,-0.029458055272698402,0.42906367778778076,0.3405798375606537,-0.07162296772003174,0.48952558636665344,0.3469381630420685,-0.060389649122953415,0.4938291013240814,0.3639572262763977,-0.04394819959998131,0.45325973629951477,0.29498034715652466,-0.035905871540308,0.4364336133003235,0.27951133251190186,-0.060477547347545624,0.48114097118377686,0.29399633407592773,-0.048474691808223724,0.4924381673336029,0.3135022521018982,-0.03346668928861618
0.6062135696411133,0.3887521028518677,-6.728300832037348e-07,0.5842955708503723,0.4679708182811737,-0.040746621787548065,0.529487669467926,0.539091169834137,-0.06341331452131271,0.4831526577472687,0.5990759134292603,-0.0820091962814331,0.463050901889801,0.6630417108535767,-0.09328477084636688,0.4261013865470886,0.49102842807769775,-0.03321678191423416,0.4279487729072571,0.4686267673969269,-0.06337754428386688,0.4829709827899933,0.45575129985809326,-0.07192640751600266,0.49321600794792175,0.4631860554218292,-0.07549148052930832,0.41926807165145874,0.4237157106399536,-0.030537215992808342,0.4343147873878479,0.40350884199142456,-0.06311479210853577,0.49848002195358276,0.4048420786857605,-0.06669370085000992,0.4931267201900482,0.4228295087814331,-0.06429892033338547,0.4299655854701996,0.3548794984817505,-0.033213451504707336,0.43353378772735596,0.33845049142837524,-0.07121332734823227,0.49066734313964844,0.34761300683021545,-0.05996367335319519,0.49019908905029297,0.36565056443214417,-0.04573730379343033,0.44806793332099915,0.29297059774398804,-0.03883572295308113,0.4380420744419098,0.27890390157699585,-0.061868246644735336,0.48133620619773865,0.2946628928184509,-0.05014761537313461,0.48943808674812317,0.3133430480957031,-0.03648893162608147
0.6045576333999634,0.38842588663101196,-6.413633286683762e-07,0.5834665298461914,0.4702010452747345,-0.04067156836390495,0.5302273035049438,0.5411964058876038,-0.06362853944301605,0.48260530829429626,0.5991845726966858,-0.08259351551532745,0.4635247588157654,0.6625765562057495,-0.09442054480314255,0.4275854229927063,0.4941953122615814,-0.03419816493988037,0.42569103837013245,0.4692167639732361,-0.06481229513883591,0.48277556896209717,0.4552586078643799,-0.07351470738649368,0.49675002694129944,0.46230313181877136,-0.0767882913351059,0.4217863082885742,0.42641764879226685,-0.031518206000328064,0.43246540427207947,0.4042183756828308,-0.06468957662582397,0.49748289585113525,0.40503990650177,-0.06868498772382736,0.4953601658344269,0.42309847474098206,-0.06624490767717361,0.43273091316223145,0.35758617520332336,-0.034069087356328964,0.4312821626663208,0.33860695362091064,-0.0726570412516594,0.49016377329826355,0.3472910523414612,-0.0614425353705883,0.49266430735588074,0.3658983111381531,-0.04675000533461571,0.4508654475212097,0.2958095073699951,-0.039387572556734085,0.4365238547325134,0.2798053026199341,-0.06271916627883911,0.4808398187160492,0.294193834066391,-0.0504017248749733,0.4904446601867676,0.31273728609085083,-0.036023080348968506
0.6058093309402466,0.3836248517036438,-6.566583579115104e-07,0.5853238701820374,0.4645635485649109,-0.04129133000969887,0.5305485725402832,0.5388042330741882,-0.06524872034788132,0.48184001445770264,0.5992200374603271,-0.08591466397047043,0.4611644446849823,0.6654964089393616,-0.09937389194965363,0.43043601512908936,0.48886528611183167,-0.03387851640582085,0.4185020923614502,0.47089993953704834,-0.06971241533756256,0.47762244939804077,0.45407992601394653,-0.08124729245901108,0.49547097086906433,0.4577464163303375,-0.08513107150793076,0.4230513572692871,0.42209959030151367,-0.03142182156443596,0.4280635416507721,0.4022503197193146,-0.06967799365520477,0.49677735567092896,0.40126413106918335,-0.07499624043703079,0.49577203392982483,0.4202001094818115,-0.07205511629581451,0.4322632849216461,0.354251503944397,-0.03498302400112152,0.429080605506897,0.33604612946510315,-0.07771287113428116,0.4896675944328308,0.3445872962474823,-0.06716077774763107,0.4919325113296509,0.36517369747161865,-0.051689520478248596,0.4484778344631195,0.29383766651153564,-0.04133033752441406,0.43644148111343384,0.278015673160553,-0.06644745171070099,0.4814012944698334,0.29309895634651184,-0.05507028475403786,0.4903537631034851,0.31382858753204346,-0.04088779538869858
0.6051074862480164,0.38410574197769165,-6.503092890852713e-07,0.5843565464019775,0.46207475662231445,-0.04138457402586937,0.5303868055343628,0.5363929867744446,-0.06600278615951538,0.48234227299690247,0.5975881218910217,-0.08736015111207962,0.4610690176486969,0.6629078388214111,-0.1014130637049675,0.42988818883895874,0.48569050431251526,-0.03466462343931198,0.41769829392433167,0.47293490171432495,-0.07104901969432831,0.4745214879512787,0.45706862211227417,-0.08289730548858643,0.4917789101600647,0.45913469791412354,-0.08703601360321045,0.4225645661354065,0.4189990758895874,-0.032438430935144424,0.42799437046051025,0.40462031960487366,-0.07100838422775269,0.4949810802936554,0.4042450785636902,-0.07583364844322205,0.4927826225757599,0.4205589294433594,-0.07261702418327332,0.431881844997406,0.3513530492782593,-0.036380961537361145,0.42942535877227783,0.3366621434688568,-0.0783146396279335,0.48760107159614563,0.3454953134059906,-0.06675300002098083,0.4885053038597107,0.3635106682777405,-0.051068276166915894,0.4484468400478363,0.29080796241760254,-0.04346443712711334,0.4387824535369873,0.276684045791626,-0.0682196244597435,0.4820214807987213,0.29213255643844604,-0.05717609077692032,0.4894894063472748,0.3112686276435852,-0.04352601617574692
0.6046341061592102,0.38457179069519043,-6.561012924066745e-07,0.5828641057014465,0.46256017684936523,-0.044697124511003494,0.5264256000518799,0.5366035103797913,-0.06978003680706024,0.48056530952453613,0.601515531539917,-0.09042225778102875,0.46054142713546753,0.6696997284889221,-0.103092722594738,0.42265060544013977,0.48545485734939575,-0.035656385123729706,0.4243740141391754,0.46880781650543213,-0.06827906519174576,0.48149117827415466,0.4562372863292694,-0.07784987986087799,0.49123048782348633,0.4608738422393799,-0.08212313801050186,0.41434556245803833,0.41820135712623596,-0.031695570796728134,0.43256646394729614,0.4019441604614258,-0.06719546020030975,0.4994707703590393,0.40432092547416687,-0.07037770748138428,0.49153512716293335,0.41887733340263367,-0.06711457669734955,0.42526739835739136,0.34942784905433655,-0.0339353010058403,0.43322932720184326,0.3344683349132538,-0.0735897570848465,0.49069318175315857,0.3458244204521179,-0.06157394126057625,0.4871786832809448,0.361838698387146,-0.04675253853201866,0.44410210847854614,0.2879596948623657,-0.03979484364390373,0.4411887526512146,0.27369165420532227,-0.06399878859519958,0.4833291172981262,0.2921283543109894,-0.05367743968963623,0.48818114399909973,0.3107590675354004,-0.04106474295258522
0.6055184006690979,0.3847726583480835,-6.588516612282547e-07,0.5825432538986206,0.4637872576713562,-0.043659187853336334,0.5262470245361328,0.5381404757499695,-0.06798937916755676,0.4805314242839813,0.6023013591766357,-0.0880095437169075,0.4606913626194,0.6695603132247925,-0.10016648471355438,0.4228901267051697,0.486381471157074,-0.03544208034873009,0.4246963858604431,0.4669214189052582,-0.06674015522003174,0.4809764623641968,0.4548681378364563,-0.07465006411075592,0.49012643098831177,0.4617753028869629,-0.07762006670236588,0.4152805805206299,0.418940931558609,-0.03152574971318245,0.43190997838974,0.3998517394065857,-0.06583055108785629,0.4986766278743744,0.4029766917228699,-0.06807095557451248,0.49008527398109436,0.4200184941291809,-0.06416096538305283,0.426300048828125,0.3500450849533081,-0.03352801874279976,0.43319758772850037,0.33269524574279785,-0.07263978570699692,0.4907305836677551,0.34471258521080017,-0.0608275905251503,0.48734304308891296,0.36294955015182495,-0.04612605646252632,0.4451553225517273,0.28925442695617676,-0.03889504075050354,0.4408864974975586,0.27305692434310913,-0.06253029406070709,0.48345449566841125,0.2916383743286133,-0.05194811895489693,0.488962858915329,0.3114050328731537,-0.039189983159303665
0.6048154234886169,0.38573190569877625,-6.711815672133525e-07,0.5828713774681091,0.46715518832206726,-0.041455820202827454,0.527076780796051,0.54203861951828,-0.06440985202789307,0.4806956946849823,0.6026407480239868,-0.0834566280245781,0.46013182401657104,0.6670950651168823,-0.09497026354074478,0.4237685799598694,0.4868068993091583,-0.032894086092710495,0.4260086119174957,0.4686005413532257,-0.06433138996362686,0.4810728430747986,0.4570605754852295,-0.07309293746948242,0.48962992429733276,0.46462059020996094,-0.07662570476531982,0.4165195822715759,0.419918417930603,-0.03003714047372341,0.4326309263706207,0.4026455283164978,-0.06427855789661407,0.4983094334602356,0.4055851399898529,-0.06754400581121445,0.48981624841690063,0.4236237704753876,-0.06436491012573242,0.42682868242263794,0.3514534831047058,-0.03293350711464882,0.4331095814704895,0.335956871509552,-0.07212568074464798,0.4909574091434479,0.3467590808868408,-0.060846783220767975,0.4872176945209503,0.3652132749557495,-0.04642096161842346,0.4444168210029602,0.2898619472980499,-0.03898577764630318,0.44113674759864807,0.27609845995903015,-0.06250053644180298,0.48442307114601135,0.2927423119544983,-0.05172133818268776,0.48867878317832947,0.31086742877960205,-0.03880549222230911
0.605563223361969,0.3866819739341736,-6.737408284607227e-07,0.5828362107276917,0.46804720163345337,-0.04121580719947815,0.5264747142791748,0.5419085025787354,-0.06361610442399979,0.48026201128959656,0.6027346849441528,-0.08222708106040955,0.4600442349910736,0.6670949459075928,-0.09340191632509232,0.42497962713241577,0.4849449098110199,-0.031091608107089996,0.42434385418891907,0.4668656885623932,-0.062489286065101624,0.4805043041706085,0.4551815390586853,-0.07195563614368439,0.49063530564308167,0.4624311029911041,-0.07593879103660583,0.4180247187614441,0.41871604323387146,-0.028063736855983734,0.4316248297691345,0.4014345705509186,-0.06224967911839485,0.4977089464664459,0.4041186571121216,-0.06633936613798141,0.49084317684173584,0.422012597322464,-0.06368181854486465,0.42851153016090393,0.35111191868782043,-0.030844351276755333,0.4322325587272644,0.33580324053764343,-0.07012331485748291,0.49090299010276794,0.3463648855686188,-0.05935829505324364,0.4888080358505249,0.3646843731403351,-0.04500656947493553,0.4460829496383667,0.2905024588108063,-0.036695003509521484,0.4402788281440735,0.2764153480529785,-0.059984106570482254,0.4840264618396759,0.2930888533592224,-0.04896397888660431,0.4897107481956482,0.3113400638103485,-0.03574156016111374
0.6057027578353882,0.38861095905303955,-6.449309353229182e-07,0.5826857089996338,0.4697384238243103,-0.04176165163516998,0.5265684723854065,0.5460565686225891,-0.06478434056043625,0.4799128770828247,0.6086522340774536,-0.0840117558836937,0.4611874222755432,0.6734684705734253,-0.09568644315004349,0.4269668459892273,0.49038517475128174,-0.03280379995703697,0.42153334617614746,0.47486212849617004,-0.06508278101682663,0.4784467816352844,0.4610474407672882,-0.07404210418462753,0.4923955202102661,0.4654389023780823,-0.07700672000646591,0.4198600649833679,0.42401018738746643,-0.029302047565579414,0.43159744143486023,0.408536821603775,-0.06437388807535172,0.4975394904613495,0.40986549854278564,-0.06793679296970367,0.49198657274246216,0.426273375749588,-0.06457305699586868,0.43030664324760437,0.35627785325050354,-0.031753040850162506,0.4336830973625183,0.3407067656517029,-0.07113152742385864,0.4911198616027832,0.35089218616485596,-0.059991415590047836,0.4892314076423645,0.3684239983558655,-0.045348815619945526,0.448020339012146,0.295449435710907,-0.03735041990876198,0.4412301182746887,0.28137069940567017,-0.06039473041892052,0.4844955503940582,0.29748696088790894,-0.04939122125506401,0.4903181195259094,0.31486228108406067,-0.03628755360841751
0.6065493822097778,0.3878991901874542,-6.764446425222559e-07,0.5838633179664612,0.46638888120651245,-0.042740508913993835,0.5268273949623108,0.5422619581222534,-0.06628549098968506,0.481484591960907,0.6071503162384033,-0.08613049238920212,0.4620368480682373,0.6745919585227966,-0.09839704632759094,0.42716875672340393,0.48720312118530273,-0.03215230256319046,0.42232459783554077,0.47101855278015137,-0.06569553166627884,0.47846719622612,0.4596610367298126,-0.07619787752628326,0.489097535610199,0.4661901593208313,-0.08043788373470306,0.4191676378250122,0.42127177119255066,-0.028493894264101982,0.43171805143356323,0.40442419052124023,-0.0648563802242279,0.4980272650718689,0.4076586663722992,-0.06930872797966003,0.49034327268600464,0.4253302812576294,-0.06629922240972519,0.42916205525398254,0.35388100147247314,-0.031079962849617004,0.43513235449790955,0.33914002776145935,-0.07188248634338379,0.49251267313957214,0.3508513569831848,-0.06186394765973091,0.48828473687171936,0.3692235052585602,-0.04763412103056908,0.4462483525276184,0.2926102876663208,-0.03687559813261032,0.4423571527004242,0.2794199585914612,-0.06052759289741516,0.48488298058509827,0.29795801639556885,-0.050471093505620956,0.4894217550754547,0.31704384088516235,-0.037948425859212875
0.6063196063041687,0.38882991671562195,-6.545849373651436e-07,0.5832276940345764,0.46761471033096313,-0.043604958802461624,0.5277105569839478,0.543376088142395,-0.06826352328062057,0.48175281286239624,0.6077013611793518,-0.08880018442869186,0.4615916907787323,0.674671471118927,-0.10155534744262695,0.4270208477973938,0.48861148953437805,-0.03490118309855461,0.4235686957836151,0.4709331691265106,-0.06753353029489517,0.4795893430709839,0.4595434367656708,-0.07650626450777054,0.48983150720596313,0.4677524268627167,-0.07976246625185013,0.4202173054218292,0.42296233773231506,-0.030716778710484505,0.4327089190483093,0.4059666693210602,-0.06635545194149017,0.4992295205593109,0.4083724617958069,-0.06952971965074539,0.49102067947387695,0.42668238282203674,-0.06579642742872238,0.4304259419441223,0.35561880469322205,-0.032582323998212814,0.43482595682144165,0.34003421664237976,-0.07261642068624496,0.4925995171070099,0.35045599937438965,-0.0612635537981987,0.48860305547714233,0.3687420189380646,-0.04642743989825249,0.44738584756851196,0.29450589418411255,-0.03772123530507088,0.4418181777000427,0.28078973293304443,-0.06107983738183975,0.484891414642334,0.29745393991470337,-0.050319842994213104,0.48942193388938904,0.3150463104248047,-0.03739337995648384
0.604171633720398,0.3892177939414978,-6.43269345346198e-07,0.5804799795150757,0.4704314172267914,-0.04365229606628418,0.5245291590690613,0.5449979901313782,-0.06748242676258087,0.48001930117607117,0.6089143753051758,-0.08706896007061005,0.4596312642097473,0.676047146320343,-0.0990733876824379,0.42281374335289,0.489616334438324,-0.03224030137062073,0.4249781370162964,0.4694426953792572,-0.06579942256212234,0.48083364963531494,0.45886144042015076,-0.07740496098995209,0.4890962839126587,0.4689171612262726,-0.08261304348707199,0.417344331741333,0.424329936504364,-0.028285739943385124,0.43119651079177856,0.40563660860061646,-0.0652972087264061,0.49595677852630615,0.40773025155067444,-0.07156312465667725,0.48865726590156555,0.4268001914024353,-0.06986958533525467,0.4284544289112091,0.3575056195259094,-0.030422288924455643,0.43248414993286133,0.34208106994628906,-0.07251997292041779,0.4907285273075104,0.35064640641212463,-0.06323644518852234,0.48761817812919617,0.3686287999153137,-0.04905005916953087,0.44589123129844666,0.2966272830963135,-0.03566420078277588,0.43803414702415466,0.2815174162387848,-0.060585275292396545,0.4819529354572296,0.29693758487701416,-0.05007250979542732,0.48780712485313416,0.3146703243255615,-0.03678057715296745
0.6024178862571716,0.3910735845565796,-6.72843896154518e-07,0.5792908072471619,0.4708682596683502,-0.04170216619968414,0.5243285894393921,0.5445510745048523,-0.0648382231593132,0.47996553778648376,0.6045225262641907,-0.0840778723359108,0.4596933126449585,0.6683342456817627,-0.09575820714235306,0.4218868315219879,0.48498645424842834,-0.03293026611208916,0.4243416488170624,0.4706619083881378,-0.06406459957361221,0.47850266098976135,0.46043142676353455,-0.07226768136024475,0.4866538941860199,0.46736642718315125,-0.07526001334190369,0.4158581495285034,0.41935789585113525,-0.029520278796553612,0.4318755865097046,0.40581682324409485,-0.06410453468561172,0.49693331122398376,0.4093852937221527,-0.06718485802412033,0.48824915289878845,0.42603445053100586,-0.06368179619312286,0.42747244238853455,0.352576345205307,-0.031851477921009064,0.4333411455154419,0.3411564528942108,-0.0714138075709343,0.4904400408267975,0.3521811366081238,-0.05998966470360756,0.48647838830947876,0.36835262179374695,-0.04511648416519165,0.44599947333335876,0.29192453622817993,-0.037299636751413345,0.4389108717441559,0.2796229124069214,-0.06061425060033798,0.4813394546508789,0.2974293529987335,-0.04944973066449165,0.4867475926876068,0.31466206908226013,-0.03607415780425072
0.6023648381233215,0.39129024744033813,-6.335928901535226e-07,0.5769102573394775,0.4712768793106079,-0.04156161844730377,0.5230231285095215,0.5438999533653259,-0.06540094316005707,0.4785909354686737,0.6053950786590576,-0.08524249494075775,0.45967742800712585,0.669188380241394,-0.0975731611251831,0.4217175245285034,0.4868302047252655,-0.03355053812265396,0.42425549030303955,0.47299084067344666,-0.06391740590333939,0.47858336567878723,0.4618166983127594,-0.07200156152248383,0.4870889484882355,0.4685763716697693,-0.07513951510190964,0.41674646735191345,0.4211569130420685,-0.03024790622293949,0.43204808235168457,0.4079921543598175,-0.06363627314567566,0.4963211715221405,0.41055765748023987,-0.0666746124625206,0.4878113567829132,0.42743703722953796,-0.06366140395402908,0.42873522639274597,0.35375291109085083,-0.032477833330631256,0.4323343336582184,0.34164518117904663,-0.07085472345352173,0.4893149137496948,0.35182690620422363,-0.059012241661548615,0.48644137382507324,0.36840182542800903,-0.04430364444851875,0.4478514790534973,0.2934263348579407,-0.03781299665570259,0.43793413043022156,0.28044450283050537,-0.06046383082866669,0.4803031086921692,0.2968730926513672,-0.04856642335653305,0.4863840937614441,0.3134565055370331,-0.034894976764917374
0.6013715863227844,0.3910738229751587,-6.254384743442643e-07,0.5773410201072693,0.4714137017726898,-0.04388526827096939,0.5229025483131409,0.5438655018806458,-0.06852980703115463,0.47950223088264465,0.6063162088394165,-0.08886571228504181,0.45721152424812317,0.6731671094894409,-0.10173723101615906,0.4194450378417969,0.4897914230823517,-0.03431766480207443,0.42699024081230164,0.46716248989105225,-0.06844830513000488,0.4806995987892151,0.4571363925933838,-0.08013180643320084,0.4862494468688965,0.4674181044101715,-0.08535352349281311,0.4141491949558258,0.4229019284248352,-0.030559450387954712,0.43188875913619995,0.4016987085342407,-0.06796187162399292,0.495383083820343,0.4057546555995941,-0.07393399626016617,0.48661601543426514,0.4245915710926056,-0.07221981883049011,0.42568790912628174,0.3552151322364807,-0.032828398048877716,0.4338037371635437,0.3374917507171631,-0.07506722211837769,0.49093693494796753,0.34897106885910034,-0.06576193124055862,0.4869045615196228,0.36755481362342834,-0.05175856873393059,0.4435417950153351,0.2944650650024414,-0.03826219215989113,0.4397917687892914,0.27766525745391846,-0.06290092319250107,0.4830806851387024,0.2958899140357971,-0.05256969481706619,0.487935870885849,0.3150936961174011,-0.03963546082377434
0.6022676229476929,0.391240656375885,-6.489941597465076e-07,0.5777558088302612,0.4700668752193451,-0.043809451162815094,0.5216228365898132,0.5426334142684937,-0.06801366060972214,0.47860103845596313,0.6063792705535889,-0.08788399398326874,0.45674842596054077,0.6735948324203491,-0.10021131485700607,0.41968557238578796,0.48824524879455566,-0.03502419590950012,0.42715394496917725,0.46687051653862,-0.06801871210336685,0.4803459644317627,0.45708411931991577,-0.07823711633682251,0.48569196462631226,0.4666309058666229,-0.0827292650938034,0.41335612535476685,0.42093291878700256,-0.03132953867316246,0.4327676594257355,0.4004335105419159,-0.06775064766407013,0.4958224892616272,0.40530240535736084,-0.07280129194259644,0.4859946668148041,0.4238646328449249,-0.07080480456352234,0.4247637391090393,0.3528200387954712,-0.033529628068208694,0.43457579612731934,0.3356058895587921,-0.07495467364788055,0.49043259024620056,0.3483595550060272,-0.06531252712011337,0.4853796362876892,0.3675553798675537,-0.051559314131736755,0.44300636649131775,0.2921745777130127,-0.03896208852529526,0.43980953097343445,0.27492618560791016,-0.06351539492607117,0.4822193682193756,0.2941584587097168,-0.053394656628370285,0.4869781732559204,0.3145146667957306,-0.04084239900112152
0.6012238264083862,0.38803866505622864,-6.353855610541359e-07,0.577481210231781,0.46843403577804565,-0.04541109502315521,0.5215212106704712,0.5433394312858582,-0.07015718519687653,0.47894197702407837,0.6088695526123047,-0.09010030329227448,0.4588596820831299,0.6755098700523376,-0.10209443420171738,0.4193618893623352,0.48677515983581543,-0.035923078656196594,0.4269872009754181,0.47031188011169434,-0.06690296530723572,0.4796132743358612,0.4609616994857788,-0.07456234097480774,0.48437169194221497,0.469049334526062,-0.07733504474163055,0.41279035806655884,0.42038318514823914,-0.030761415138840675,0.43453243374824524,0.4037879705429077,-0.06474165618419647,0.49679067730903625,0.40835797786712646,-0.06768424808979034,0.4837488830089569,0.42566347122192383,-0.06436743587255478,0.424190878868103,0.35225018858909607,-0.03162526339292526,0.43864521384239197,0.3394864499568939,-0.06989842653274536,0.4926488697528839,0.35163062810897827,-0.059441618621349335,0.4841187298297882,0.368610680103302,-0.04595430940389633,0.4416050314903259,0.29081904888153076,-0.03610086813569069,0.44470277428627014,0.27933624386787415,-0.05792689695954323,0.48478439450263977,0.29736411571502686,-0.04806125536561012,0.48595890402793884,0.31388330459594727,-0.03632746636867523
0.6006985902786255,0.38877084851264954,-6.5173344410141e-07,0.577682614326477,0.46762749552726746,-0.04363935813307762,0.5223339200019836,0.5419548749923706,-0.06760546565055847,0.4806634485721588,0.6068820953369141,-0.08720896393060684,0.45958414673805237,0.6727164387702942,-0.09907529503107071,0.41951078176498413,0.485709547996521,-0.03444545343518257,0.4271716773509979,0.4714782238006592,-0.06568939238786697,0.4792722463607788,0.462179958820343,-0.0740002989768982,0.48418673872947693,0.4683699309825897,-0.07732651382684708,0.41228002309799194,0.41941460967063904,-0.030236942693591118,0.43462103605270386,0.40436625480651855,-0.06496153771877289,0.49616971611976624,0.4091343581676483,-0.06863407045602798,0.4845288097858429,0.42427387833595276,-0.06582922488451004,0.4236454963684082,0.35190850496292114,-0.03194497153162956,0.4386186897754669,0.3404225707054138,-0.07127071171998978,0.49295276403427124,0.35249388217926025,-0.06132889539003372,0.4856492280960083,0.367456316947937,-0.04789353534579277,0.44144314527511597,0.2903651297092438,-0.037099532783031464,0.44416332244873047,0.2784443497657776,-0.05999896675348282,0.48516711592674255,0.2982245087623596,-0.05059995502233505,0.48803454637527466,0.31566524505615234,-0.038989484310150146
0.6033968925476074,0.39083132147789,-6.33417130302405e-07,0.5806854367256165,0.4702981114387512,-0.04680582508444786,0.5236659049987793,0.5421490669250488,-0.07202653586864471,0.4797636568546295,0.6075266599655151,-0.0920538678765297,0.45898228883743286,0.6746940016746521,-0.10424362123012543,0.42048364877700806,0.4893726706504822,-0.038174305111169815,0.42851313948631287,0.47036314010620117,-0.06936616450548172,0.4817067086696625,0.46173524856567383,-0.07713285833597183,0.48469728231430054,0.4701417088508606,-0.0805843397974968,0.4136572480201721,0.4220602214336395,-0.03323769196867943,0.4340261220932007,0.40433770418167114,-0.0688972994685173,0.49780988693237305,0.40948164463043213,-0.07230592519044876,0.48615655303001404,0.42597508430480957,-0.06926807761192322,0.42515257000923157,0.35362231731414795,-0.03435036540031433,0.4376572370529175,0.33898937702178955,-0.07518400996923447,0.49365463852882385,0.3518426716327667,-0.06452646851539612,0.48635008931159973,0.3689292371273041,-0.050435569137334824,0.44325074553489685,0.2920788526535034,-0.03906182944774628,0.4423515200614929,0.27783358097076416,-0.06346718221902847,0.48498985171318054,0.29720538854599,-0.05336838960647583,0.48848313093185425,0.3160165548324585,-0.04114127904176712
0.6040403246879578,0.39121025800704956,-6.399486096597684e-07,0.5809455513954163,0.4703696668148041,-0.04592756927013397,0.5239527821540833,0.5430989861488342,-0.07032666355371475,0.4796479344367981,0.6081438064575195,-0.08962439000606537,0.4591100513935089,0.6746217012405396,-0.10108187794685364,0.4218638241291046,0.4898196756839752,-0.03672968968749046,0.4288283586502075,0.4707191288471222,-0.0671553909778595,0.48175284266471863,0.46160927414894104,-0.07427842915058136,0.48548319935798645,0.4702751636505127,-0.07706104964017868,0.4148193597793579,0.42306429147720337,-0.031573060899972916,0.4346126317977905,0.40558773279190063,-0.06615476310253143,0.4984591007232666,0.40978020429611206,-0.06900793313980103,0.4868863523006439,0.42644622921943665,-0.06547961384057999,0.4257885813713074,0.35485297441482544,-0.03237881138920784,0.4378277659416199,0.34023502469062805,-0.07222165167331696,0.4935409426689148,0.3519051969051361,-0.06152522191405296,0.486157089471817,0.3686057925224304,-0.04736575856804848,0.44325873255729675,0.29337042570114136,-0.036657676100730896,0.44211477041244507,0.280195951461792,-0.06000380218029022,0.4847341775894165,0.2982574701309204,-0.04954003542661667,0.4880349934101105,0.31554561853408813,-0.037037912756204605
0.6048884391784668,0.39147406816482544,-6.557712595167686e-07,0.5816741585731506,0.4700067639350891,-0.04401693120598793,0.5231800675392151,0.5440827012062073,-0.06791377812623978,0.47840332984924316,0.6089855432510376,-0.0874238982796669,0.46011829376220703,0.6769654154777527,-0.09899598360061646,0.42089608311653137,0.4890216588973999,-0.03263897821307182,0.42803317308425903,0.472689688205719,-0.06417936831712723,0.4816277325153351,0.46400976181030273,-0.0732249915599823,0.48627275228500366,0.47074398398399353,-0.07729776203632355,0.41404926776885986,0.42234182357788086,-0.028768423944711685,0.43518444895744324,0.40818411111831665,-0.06317751854658127,0.4993140995502472,0.4123804569244385,-0.06591802090406418,0.48695236444473267,0.42664459347724915,-0.06231316551566124,0.42599448561668396,0.35383185744285583,-0.031214667484164238,0.43925246596336365,0.3423655331134796,-0.06956041604280472,0.49391674995422363,0.35389232635498047,-0.058078087866306305,0.4851917028427124,0.3681403398513794,-0.043970707803964615,0.44473356008529663,0.291797935962677,-0.03736092895269394,0.4463960826396942,0.28134405612945557,-0.059515587985515594,0.4875822961330414,0.300539493560791,-0.049204275012016296,0.4893183708190918,0.31655043363571167,-0.03721516579389572
0.6051718592643738,0.3926142454147339,-6.471539109043078e-07,0.5815288424491882,0.47093620896339417,-0.04426225274801254,0.5230308175086975,0.5442584753036499,-0.06851465255022049,0.4785303473472595,0.6089935302734375,-0.08858774602413177,0.4598795771598816,0.6770280003547668,-0.10078084468841553,0.4214514493942261,0.4882120192050934,-0.03260141611099243,0.4259487986564636,0.47424960136413574,-0.065632663667202,0.4805763363838196,0.4645160436630249,-0.07583995163440704,0.48750433325767517,0.4694872498512268,-0.08022600412368774,0.4149269461631775,0.42118847370147705,-0.02871069125831127,0.4340166449546814,0.4087138772010803,-0.06426692008972168,0.49843817949295044,0.412689208984375,-0.06777729839086533,0.48753678798675537,0.42575228214263916,-0.06435774266719818,0.4271533489227295,0.3528883755207062,-0.031287502497434616,0.4388539493083954,0.34310322999954224,-0.07071924209594727,0.49399706721305847,0.3543497920036316,-0.059523727744817734,0.4865202009677887,0.36722755432128906,-0.045079804956912994,0.4461299479007721,0.291175901889801,-0.037554461508989334,0.4462759494781494,0.28122037649154663,-0.06006120145320892,0.4874421954154968,0.300456166267395,-0.049476779997348785,0.49028292298316956,0.31587547063827515,-0.036979496479034424
0.6046203970909119,0.3925153911113739,-6.370923415488505e-07,0.5807596445083618,0.4712740480899811,-0.043771643191576004,0.5229864120483398,0.5444221496582031,-0.06833745539188385,0.47782593965530396,0.6084871292114258,-0.08885054290294647,0.4594056010246277,0.676536500453949,-0.10156405717134476,0.42242535948753357,0.48862820863723755,-0.03367922455072403,0.42491310834884644,0.47479248046875,-0.0669451579451561,0.4798579514026642,0.4638594388961792,-0.07695955038070679,0.4886311888694763,0.46895843744277954,-0.0809372067451477,0.41626450419425964,0.421766459941864,-0.02997555397450924,0.43349045515060425,0.4090046286582947,-0.06546089798212051,0.49788710474967957,0.41214412450790405,-0.06876706331968307,0.4882490038871765,0.42601141333580017,-0.06526544690132141,0.4284457564353943,0.35343989729881287,-0.03259213641285896,0.4373830556869507,0.34271129965782166,-0.07180310785770416,0.4925940930843353,0.3532874882221222,-0.06032927334308624,0.4866170287132263,0.3670422434806824,-0.045783013105392456,0.4474947452545166,0.29173529148101807,-0.0388142354786396,0.44602563977241516,0.28084951639175415,-0.06125215068459511,0.48703888058662415,0.29956603050231934,-0.05051540210843086,0.4902314245700836,0.3155309557914734,-0.037926241755485535
0.6033989787101746,0.3903638422489166,-6.483661536549334e-07,0.5791017413139343,0.4692552983760834,-0.0424472875893116,0.5234068036079407,0.5441898107528687,-0.06639933586120605,0.4805643558502197,0.6083871126174927,-0.0865788459777832,0.4598752558231354,0.6734340190887451,-0.09947121143341064,0.42351919412612915,0.48545533418655396,-0.033094827085733414,0.4239213466644287,0.4711965024471283,-0.06663869321346283,0.478965163230896,0.4618307948112488,-0.07782214879989624,0.48872387409210205,0.46839505434036255,-0.08264607936143875,0.4172641634941101,0.41930118203163147,-0.029731355607509613,0.4313656687736511,0.4043612778186798,-0.06661874800920486,0.49648842215538025,0.410221666097641,-0.07200096547603607,0.4900263249874115,0.42694351077079773,-0.06978525966405869,0.42940959334373474,0.35251253843307495,-0.03230433911085129,0.4348514974117279,0.33854925632476807,-0.07406357675790787,0.49277806282043457,0.35221460461616516,-0.06451144069433212,0.49044644832611084,0.369902104139328,-0.05025961995124817,0.4486047923564911,0.292549729347229,-0.037908051162958145,0.44329947233200073,0.27832576632499695,-0.062347304075956345,0.4861105680465698,0.2986847758293152,-0.05200711265206337,0.4916186034679413,0.31858310103416443,-0.03906277194619179
0.6046254634857178,0.3922770023345947,-6.307847684183798e-07,0.5791714191436768,0.4710971713066101,-0.04607631638646126,0.5240431427955627,0.5438477993011475,-0.07202796638011932,0.4792207181453705,0.6069960594177246,-0.09322012960910797,0.4565785527229309,0.6728337407112122,-0.10670080035924911,0.42346206307411194,0.4867553114891052,-0.038574542850255966,0.42378953099250793,0.4677087366580963,-0.07212594896554947,0.48024094104766846,0.4588841497898102,-0.08139897137880325,0.4887985587120056,0.46822497248649597,-0.08482436835765839,0.41859352588653564,0.42013490200042725,-0.033377889543771744,0.4306163787841797,0.40192532539367676,-0.07104992121458054,0.497389018535614,0.40772777795791626,-0.07493466138839722,0.48915430903434753,0.42676496505737305,-0.0714992880821228,0.4307122528553009,0.35363176465034485,-0.034159962087869644,0.4323141574859619,0.3363247513771057,-0.07658375054597855,0.4908215403556824,0.3499888777732849,-0.06527284532785416,0.48812660574913025,0.36981603503227234,-0.04979799687862396,0.44940435886383057,0.2953941226005554,-0.0382014624774456,0.4425358772277832,0.27864062786102295,-0.06325291842222214,0.48627930879592896,0.2980974614620209,-0.05224469304084778,0.49186092615127563,0.31848832964897156,-0.038680631667375565
0.6046596169471741,0.3930443823337555,-6.20722175881383e-07,0.5785781145095825,0.4721193313598633,-0.04506020247936249,0.5239624977111816,0.5444989800453186,-0.07072491943836212,0.47899138927459717,0.6072359681129456,-0.09182298928499222,0.45757541060447693,0.6726245880126953,-0.1052636057138443,0.4247867465019226,0.48709434270858765,-0.037678055465221405,0.42316436767578125,0.47073718905448914,-0.07069983333349228,0.4798659086227417,0.46086350083351135,-0.07993680238723755,0.4897731840610504,0.4681057333946228,-0.08337050676345825,0.42039015889167786,0.4203508496284485,-0.03283199667930603,0.43027758598327637,0.4052274227142334,-0.06964229047298431,0.49694472551345825,0.41010594367980957,-0.07323908805847168,0.48996761441230774,0.42723700404167175,-0.06980802863836288,0.4328686594963074,0.3535832166671753,-0.03388027101755142,0.43144363164901733,0.3382564187049866,-0.07516317814588547,0.48966532945632935,0.3512677252292633,-0.0632639229297638,0.488153338432312,0.3692302703857422,-0.04765515774488449,0.45198482275009155,0.29516273736953735,-0.03816308081150055,0.4418807923793793,0.2794666290283203,-0.0625208392739296,0.4850529432296753,0.2986658215522766,-0.05103841796517372,0.4915156364440918,0.318067342042923,-0.03727481886744499
0.6019247770309448,0.3953137695789337,-6.152243940960034e-07,0.5779222846031189,0.47497788071632385,-0.04397169128060341,0.5231893062591553,0.5486236810684204,-0.0686274841427803,0.4792000949382782,0.610863208770752,-0.08858691900968552,0.4585346579551697,0.6756761074066162,-0.10090436041355133,0.4221491813659668,0.492457777261734,-0.03838110715150833,0.4280640482902527,0.4720686078071594,-0.07169227302074432,0.48216310143470764,0.4624004364013672,-0.08080089837312698,0.4900163412094116,0.4712046980857849,-0.08433195948600769,0.4181658625602722,0.42487832903862,-0.03493715077638626,0.4327545166015625,0.40802574157714844,-0.07261292636394501,0.49622035026550293,0.4127078652381897,-0.07702886313199997,0.4886590242385864,0.42980948090553284,-0.07424376159906387,0.4305797517299652,0.356764018535614,-0.03725631535053253,0.4349682629108429,0.3415898382663727,-0.07929015159606934,0.4913633465766907,0.353808730840683,-0.06859023123979568,0.48752903938293457,0.37119218707084656,-0.054039329290390015,0.4493495523929596,0.29548847675323486,-0.04278681054711342,0.4427366852760315,0.2806451916694641,-0.06812478601932526,0.48546284437179565,0.29793471097946167,-0.057686254382133484,0.4897732734680176,0.31529170274734497,-0.044851645827293396
0.6013498306274414,0.3932284116744995,-6.422940828088031e-07,0.5780300498008728,0.4721662402153015,-0.04437592998147011,0.5230974555015564,0.5457092523574829,-0.06895741075277328,0.48076099157333374,0.6089701652526855,-0.08844102919101715,0.45842522382736206,0.6739813089370728,-0.10007116198539734,0.41871964931488037,0.49079471826553345,-0.03873520717024803,0.4328157305717468,0.4690069854259491,-0.07032196968793869,0.48399078845977783,0.4613422751426697,-0.07823918759822845,0.48599496483802795,0.4718034565448761,-0.08171291649341583,0.4130652844905853,0.4240328073501587,-0.035188209265470505,0.4360640347003937,0.4046565592288971,-0.07133778929710388,0.4974241256713867,0.41102010011672974,-0.07511307299137115,0.4857139587402344,0.42907455563545227,-0.07252505421638489,0.42513900995254517,0.3560240566730499,-0.03722682222723961,0.4380287230014801,0.34062460064888,-0.07798007130622864,0.49280786514282227,0.3537362813949585,-0.06742658466100693,0.4853699207305908,0.37133535742759705,-0.05375656858086586,0.4441615641117096,0.29402774572372437,-0.04266611486673355,0.4444761276245117,0.2796782851219177,-0.06753909587860107,0.4866878092288971,0.2984592318534851,-0.057808227837085724,0.4892708957195282,0.31652727723121643,-0.04587406665086746
0.6033649444580078,0.39407452940940857,-6.59703005112533e-07,0.5785807371139526,0.4733942151069641,-0.04395492002367973,0.5214977860450745,0.546244204044342,-0.06768026202917099,0.4785720109939575,0.6108672618865967,-0.08710651099681854,0.4581023156642914,0.677757978439331,-0.09881197661161423,0.4193378984928131,0.4879022538661957,-0.03299599885940552,0.4300210475921631,0.47169849276542664,-0.06444130092859268,0.4829701781272888,0.46423402428627014,-0.07320007681846619,0.48581576347351074,0.4712841510772705,-0.07708053290843964,0.41269275546073914,0.42098790407180786,-0.029115727171301842,0.4350638687610626,0.4052172601222992,-0.06401071697473526,0.4986940324306488,0.4126657545566559,-0.06728697568178177,0.4862171411514282,0.42780569195747375,-0.06412775814533234,0.4250255823135376,0.35299503803253174,-0.031384292989969254,0.4388352632522583,0.3407401144504547,-0.07107184827327728,0.49432918429374695,0.35537368059158325,-0.0602557472884655,0.4873279333114624,0.37063145637512207,-0.046147868037223816,0.44429248571395874,0.2924949526786804,-0.03720458596944809,0.4464954733848572,0.280159056186676,-0.06051471084356308,0.4877859055995941,0.30197638273239136,-0.05068182572722435,0.49060550332069397,0.3202654719352722,-0.038759272545576096
0.6031903028488159,0.39394357800483704,-6.532877137033211e-07,0.5788527131080627,0.47412818670272827,-0.04385744407773018,0.5220955014228821,0.5464081764221191,-0.06771863251924515,0.478590190410614,0.6106374263763428,-0.08708823472261429,0.45815521478652954,0.6781331300735474,-0.09863866120576859,0.4201402962207794,0.48840707540512085,-0.0344436950981617,0.42969635128974915,0.47095364332199097,-0.06543292850255966,0.4828135073184967,0.46367794275283813,-0.07345835119485855,0.4851606488227844,0.4713262915611267,-0.07687516510486603,0.41439157724380493,0.42138218879699707,-0.030341392382979393,0.4353267252445221,0.40461769700050354,-0.06525172293186188,0.49863430857658386,0.4119469225406647,-0.06828342378139496,0.4864056706428528,0.4271083474159241,-0.06491916626691818,0.42673492431640625,0.35356074571609497,-0.03214738890528679,0.43936866521835327,0.3405960500240326,-0.07151789218187332,0.4949173331260681,0.355077862739563,-0.06050661951303482,0.4878810942173004,0.37013760209083557,-0.046302441507577896,0.4455254077911377,0.2928538918495178,-0.037410397082567215,0.44645440578460693,0.28026896715164185,-0.06018059328198433,0.4878762662410736,0.3015390932559967,-0.04998239502310753,0.4905702471733093,0.3189126253128052,-0.0378648117184639
0.6042243838310242,0.39334577322006226,-6.567404966517643e-07,0.5796195268630981,0.47100189328193665,-0.04421753063797951,0.5227612257003784,0.5433878898620605,-0.06910823285579681,0.47938239574432373,0.6078171133995056,-0.08963115513324738,0.45784854888916016,0.6754487752914429,-0.10221366584300995,0.41977638006210327,0.4856169819831848,-0.03533709794282913,0.43074262142181396,0.4691096544265747,-0.0678018182516098,0.48302167654037476,0.46257567405700684,-0.07660117000341415,0.4853184223175049,0.4708886742591858,-0.08028044551610947,0.4136495292186737,0.418779581785202,-0.03147788718342781,0.43759575486183167,0.4036615490913391,-0.0671326145529747,0.5004938840866089,0.4110989272594452,-0.07006657868623734,0.48583629727363586,0.42625758051872253,-0.06657031178474426,0.4260513484477997,0.35087850689888,-0.03368053957819939,0.4411579966545105,0.34018152952194214,-0.07326948642730713,0.49525541067123413,0.3539625406265259,-0.06192992627620697,0.4856850802898407,0.36825045943260193,-0.04772330820560455,0.4452945291996002,0.29008883237838745,-0.039507906883955,0.44936802983283997,0.2797028720378876,-0.06240750476717949,0.4895469546318054,0.30071312189102173,-0.05246894806623459,0.4902406930923462,0.31705933809280396,-0.04060613363981247
0.6040772199630737,0.3927319347858429,-6.379327714967076e-07,0.5791853070259094,0.471258282661438,-0.044328417629003525,0.5223984718322754,0.5430163145065308,-0.0693899616599083,0.47870996594429016,0.6065376400947571,-0.09010662138462067,0.45781761407852173,0.6741088032722473,-0.10293754935264587,0.4207618832588196,0.48729759454727173,-0.0361715704202652,0.42916226387023926,0.46949392557144165,-0.06912829726934433,0.4818258583545685,0.4617030918598175,-0.07792767137289047,0.4858992099761963,0.4699171781539917,-0.08125090599060059,0.41484248638153076,0.41997626423835754,-0.032240912318229675,0.43682563304901123,0.40393343567848206,-0.0681886300444603,0.49992668628692627,0.41039517521858215,-0.07114775478839874,0.48666617274284363,0.42595136165618896,-0.06745963543653488,0.4270517826080322,0.3514520525932312,-0.03438224643468857,0.44062718749046326,0.33953243494033813,-0.07436623424291611,0.49511370062828064,0.3528364598751068,-0.06318782269954681,0.48712635040283203,0.3679652214050293,-0.048808760941028595,0.44594061374664307,0.2902272939682007,-0.04007986932992935,0.44845545291900635,0.2786737084388733,-0.06317872554063797,0.4887663722038269,0.29925966262817383,-0.05311376973986626,0.4904526174068451,0.31653010845184326,-0.04095758870244026
0.6027427315711975,0.39341941475868225,-6.207258138601901e-07,0.5784397721290588,0.4712245762348175,-0.04672379419207573,0.5221936702728271,0.5432811975479126,-0.07366140931844711,0.4763202369213104,0.607559859752655,-0.09602045267820358,0.4576985538005829,0.6759586930274963,-0.11024194210767746,0.4217079281806946,0.4872530698776245,-0.03814578801393509,0.4229940176010132,0.469934344291687,-0.07094091176986694,0.4780929684638977,0.4599461853504181,-0.07832612097263336,0.48581692576408386,0.4666595160961151,-0.08050882816314697,0.41542044281959534,0.42039498686790466,-0.033070024102926254,0.43341854214668274,0.4040839374065399,-0.0692308321595192,0.49953803420066833,0.40860888361930847,-0.07082386314868927,0.48741453886032104,0.4246015250682831,-0.06569132953882217,0.4267582893371582,0.35237738490104675,-0.034343890845775604,0.43933725357055664,0.3394586741924286,-0.07441114634275436,0.49541449546813965,0.3516283631324768,-0.062024518847465515,0.4876146912574768,0.3679220974445343,-0.046634700149297714,0.44460463523864746,0.29172348976135254,-0.03937605768442154,0.4470818042755127,0.2810932993888855,-0.06216989457607269,0.4883888363838196,0.29933488368988037,-0.051546163856983185,0.48957037925720215,0.31524425745010376,-0.039027292281389236
0.6026427745819092,0.39243677258491516,-6.387381290551275e-07,0.579300582408905,0.4705299139022827,-0.04590547829866409,0.5222628116607666,0.5429242849349976,-0.07193659245967865,0.47695085406303406,0.6078202724456787,-0.09335999935865402,0.4581769108772278,0.6764022707939148,-0.10673324018716812,0.42038285732269287,0.4869050979614258,-0.03621610626578331,0.4246448576450348,0.4693765640258789,-0.06784944236278534,0.47894904017448425,0.46090778708457947,-0.07571972906589508,0.485006183385849,0.46801525354385376,-0.07887981832027435,0.41352277994155884,0.4204147160053253,-0.03157560154795647,0.43491166830062866,0.4039393961429596,-0.06636883318424225,0.4998704493045807,0.4091208577156067,-0.06862754374742508,0.48752471804618835,0.424652099609375,-0.06457941979169846,0.42510366439819336,0.3525124490261078,-0.03319930657744408,0.4403185248374939,0.33978843688964844,-0.07227729260921478,0.4958105981349945,0.3520115315914154,-0.06071494519710541,0.487473726272583,0.3677663803100586,-0.04640006273984909,0.44357818365097046,0.2911849617958069,-0.038567859679460526,0.4472302794456482,0.2804495692253113,-0.061349835246801376,0.4886167347431183,0.2993890941143036,-0.05129731446504593,0.48984771966934204,0.31596291065216064,-0.03941120579838753
0.6014001369476318,0.39184534549713135,-6.467572006840783e-07,0.578551709651947,0.4702124297618866,-0.045216962695121765,0.5214608311653137,0.5428802967071533,-0.0705564096570015,0.4768228232860565,0.6084017157554626,-0.09133769571781158,0.45805129408836365,0.6769507527351379,-0.10427681356668472,0.4187188744544983,0.48629820346832275,-0.035375598818063736,0.42642325162887573,0.4697900712490082,-0.06691417098045349,0.479988694190979,0.46141722798347473,-0.07569508999586105,0.4842230975627899,0.4677349030971527,-0.07977800071239471,0.4115041494369507,0.4196241796016693,-0.031051717698574066,0.43545472621917725,0.4043683707714081,-0.0655989795923233,0.4993760287761688,0.4097190201282501,-0.06850992888212204,0.4867129325866699,0.42407864332199097,-0.06525076180696487,0.4233003556728363,0.3517109453678131,-0.03290291503071785,0.4404993951320648,0.34051182866096497,-0.07166437059640884,0.49546322226524353,0.35271692276000977,-0.060675445944070816,0.4866839647293091,0.367222398519516,-0.046976879239082336,0.4420933425426483,0.29021814465522766,-0.03849240392446518,0.4477473795413971,0.2804561257362366,-0.06107292324304581,0.48866376280784607,0.2998102903366089,-0.05147871747612953,0.4893358051776886,0.31593093276023865,-0.04010546952486038
0.6020728945732117,0.39736196398735046,-6.265844376684981e-07,0.5786121487617493,0.4746687412261963,-0.04657852277159691,0.5215594172477722,0.5438855886459351,-0.07246071845293045,0.4790426790714264,0.6102662086486816,-0.09328444302082062,0.4587658941745758,0.6808067560195923,-0.10632263123989105,0.4167475700378418,0.48798105120658875,-0.037393517792224884,0.43335333466529846,0.47157829999923706,-0.06917945295572281,0.4847727417945862,0.4648692309856415,-0.07865629345178604,0.4852641820907593,0.4712441861629486,-0.08373741805553436,0.4106650650501251,0.42149150371551514,-0.033236026763916016,0.43753233551979065,0.4059133529663086,-0.06864552944898605,0.49913331866264343,0.41274622082710266,-0.07248391211032867,0.48590990900993347,0.42633256316185,-0.07037993520498276,0.4240679442882538,0.3537350296974182,-0.035152751952409744,0.43926429748535156,0.34120503067970276,-0.07532031834125519,0.4935382008552551,0.3547603487968445,-0.06402410566806793,0.48641732335090637,0.36896181106567383,-0.050124943256378174,0.44510677456855774,0.29293131828308105,-0.040945280343294144,0.44589248299598694,0.27882814407348633,-0.06583259999752045,0.48693567514419556,0.2997628450393677,-0.05604042857885361,0.4904288649559021,0.31801745295524597,-0.04419247806072235
0.5999287962913513,0.3957066237926483,-6.377616159625177e-07,0.5773996114730835,0.4742320775985718,-0.044334299862384796,0.520564079284668,0.547340452671051,-0.06859740614891052,0.47867652773857117,0.6144145727157593,-0.0878048986196518,0.45925837755203247,0.6816384792327881,-0.09945591539144516,0.41688820719718933,0.48590636253356934,-0.03677663579583168,0.43522998690605164,0.47281450033187866,-0.06580592691898346,0.48477548360824585,0.4665975868701935,-0.07330557703971863,0.4841250777244568,0.47240087389945984,-0.07720253616571426,0.41126471757888794,0.42020919919013977,-0.032704804092645645,0.4391951858997345,0.4079219102859497,-0.06570010632276535,0.49888530373573303,0.4147762656211853,-0.06846962124109268,0.48504719138145447,0.42651769518852234,-0.06599970906972885,0.425027459859848,0.3532552123069763,-0.03410636633634567,0.44212204217910767,0.3437884449958801,-0.07128894329071045,0.4946199059486389,0.356980562210083,-0.05973372235894203,0.48548784852027893,0.3686765134334564,-0.04633275046944618,0.44545885920524597,0.2924867868423462,-0.039187464863061905,0.44609761238098145,0.2819308042526245,-0.06095851585268974,0.48654142022132874,0.30234265327453613,-0.050152525305747986,0.4890660345554352,0.3172341585159302,-0.03822362795472145
0.5998668074607849,0.3945085406303406,-6.427561629607226e-07,0.5778361558914185,0.47168323397636414,-0.044716816395521164,0.5224852561950684,0.5453771352767944,-0.06969442218542099,0.48127448558807373,0.6131819486618042,-0.08963354676961899,0.46063241362571716,0.6804114580154419,-0.10179784148931503,0.41594788432121277,0.48543599247932434,-0.03779317066073418,0.4343881905078888,0.47414007782936096,-0.06823821365833282,0.4842996597290039,0.46771588921546936,-0.07630986720323563,0.483724445104599,0.4714880883693695,-0.08045081049203873,0.409923255443573,0.4195391535758972,-0.033826474100351334,0.43849846720695496,0.4087655246257782,-0.06847310066223145,0.49845975637435913,0.4155755937099457,-0.07125107944011688,0.48451897501945496,0.42509177327156067,-0.06845374405384064,0.4230318069458008,0.352818101644516,-0.03554308041930199,0.44211819767951965,0.3446921110153198,-0.07425949722528458,0.4950062334537506,0.35768261551856995,-0.06274760514497757,0.4852410554885864,0.36710047721862793,-0.04907054826617241,0.44296300411224365,0.29161059856414795,-0.041046176105737686,0.44680458307266235,0.28200411796569824,-0.0639774277806282,0.48790010809898376,0.30321457982063293,-0.053925637155771255,0.4899608790874481,0.31759291887283325,-0.042374223470687866
0.6031966209411621,0.3958193063735962,-6.294894205893797e-07,0.578984797000885,0.4753638505935669,-0.044419657438993454,0.5211004614830017,0.547411322593689,-0.06882821023464203,0.47958362102508545,0.6127804517745972,-0.08888126164674759,0.4612573981285095,0.6802747249603271,-0.10122905671596527,0.41400283575057983,0.4862806797027588,-0.03297324478626251,0.4340914487838745,0.4750579595565796,-0.06496970355510712,0.4844750761985779,0.4687733054161072,-0.07520022988319397,0.48335084319114685,0.47298663854599,-0.08057574182748795,0.40745222568511963,0.4197588860988617,-0.02977682836353779,0.4376527667045593,0.41003894805908203,-0.06504247337579727,0.49781718850135803,0.41732367873191833,-0.06863776594400406,0.4818194806575775,0.4260048270225525,-0.06597782671451569,0.4216685891151428,0.35252052545547485,-0.032906047999858856,0.44278034567832947,0.34606480598449707,-0.07170481234788895,0.49478834867477417,0.3583526611328125,-0.06054738909006119,0.4838522672653198,0.365656316280365,-0.04683975130319595,0.4431460499763489,0.2916591763496399,-0.04008857533335686,0.4512780010700226,0.2825819253921509,-0.06212588772177696,0.49075138568878174,0.3045702576637268,-0.0522279292345047,0.49153372645378113,0.3182252049446106,-0.04082486033439636
0.6026692986488342,0.3965780735015869,-6.264805847422394e-07,0.5788633227348328,0.4748058319091797,-0.04432268068194389,0.5216701030731201,0.5467562079429626,-0.06868745386600494,0.48046204447746277,0.6122323274612427,-0.08846142888069153,0.4623290002346039,0.6786790490150452,-0.10048992186784744,0.4142295718193054,0.48656243085861206,-0.03347068279981613,0.43560558557510376,0.47507044672966003,-0.06472738087177277,0.4852500557899475,0.46851468086242676,-0.07462859898805618,0.4834754467010498,0.47341519594192505,-0.08000075072050095,0.4071993827819824,0.42022815346717834,-0.03004799224436283,0.4383780360221863,0.4103623628616333,-0.06466835737228394,0.4979662299156189,0.4167475402355194,-0.0681275874376297,0.4822985827922821,0.42592519521713257,-0.0656401515007019,0.42085835337638855,0.35303789377212524,-0.03279302269220352,0.4427562355995178,0.34609454870224,-0.0709986612200737,0.4945392906665802,0.3572717308998108,-0.05987519025802612,0.4837506413459778,0.36492377519607544,-0.04644574597477913,0.4419811964035034,0.2918607294559479,-0.03958611190319061,0.45000985264778137,0.28233516216278076,-0.06144366040825844,0.48970651626586914,0.3035799264907837,-0.05167350545525551,0.4906313717365265,0.31765860319137573,-0.04049809277057648
0.6025093197822571,0.39689600467681885,-6.531861345138168e-07,0.578325629234314,0.4720304608345032,-0.04303702712059021,0.521359384059906,0.5434752702713013,-0.06718552112579346,0.4805988669395447,0.6086251735687256,-0.0873759537935257,0.4634058177471161,0.6757934093475342,-0.09980490058660507,0.41445931792259216,0.4832577407360077,-0.032259501516819,0.42800790071487427,0.47358083724975586,-0.06465354561805725,0.4813632369041443,0.4666316509246826,-0.07530555129051208,0.48375412821769714,0.46981558203697205,-0.08079814165830612,0.4072660803794861,0.41662564873695374,-0.029476014897227287,0.43492692708969116,0.4073575437068939,-0.06480243802070618,0.4970549941062927,0.4139775335788727,-0.06835204362869263,0.48342499136924744,0.4232637882232666,-0.0655166357755661,0.4207819998264313,0.34946703910827637,-0.03299975395202637,0.44007858633995056,0.34304291009902954,-0.07123027741909027,0.49321579933166504,0.3558654487133026,-0.0599508062005043,0.4835723340511322,0.36488309502601624,-0.046273112297058105,0.4418213665485382,0.2891960144042969,-0.04047954082489014,0.44973838329315186,0.281333327293396,-0.06224790960550308,0.48987576365470886,0.3033391833305359,-0.05237526819109917,0.49081408977508545,0.31816571950912476,-0.040968939661979675
0.6029465794563293,0.3964941203594208,-6.240270522539504e-07,0.5774140954017639,0.4726620614528656,-0.04374847933650017,0.5200852155685425,0.5450475215911865,-0.06823045760393143,0.4780559241771698,0.6109981536865234,-0.08864457160234451,0.4607100188732147,0.6780741214752197,-0.10119687765836716,0.4177697002887726,0.48421773314476013,-0.03288796544075012,0.4258713722229004,0.4742554724216461,-0.06488121300935745,0.47910380363464355,0.46632951498031616,-0.07448343187570572,0.4839482307434082,0.46947720646858215,-0.07883024215698242,0.4112127721309662,0.41769474744796753,-0.029358919709920883,0.43455368280410767,0.40683332085609436,-0.06421436369419098,0.4963115453720093,0.41314005851745605,-0.06722348183393478,0.4835173487663269,0.42338716983795166,-0.06385940313339233,0.4246307611465454,0.3508608937263489,-0.032172877341508865,0.4396865963935852,0.3420644700527191,-0.0702836662530899,0.4925132691860199,0.3550799489021301,-0.05889111012220383,0.484499990940094,0.36551254987716675,-0.04487217217683792,0.4451780319213867,0.2911200523376465,-0.03887620568275452,0.4490322172641754,0.28106924891471863,-0.060607876628637314,0.4888475239276886,0.3032779395580292,-0.050448011606931686,0.49121251702308655,0.31958985328674316,-0.03866734355688095
0.6021287441253662,0.39358410239219666,-6.424012894967746e-07,0.5788702368736267,0.4709876775741577,-0.04502400755882263,0.5219841599464417,0.5425229072570801,-0.07056799530982971,0.4780306816101074,0.6074375510215759,-0.09126699715852737,0.4565410614013672,0.6755617260932922,-0.10404955595731735,0.4182334840297699,0.48581942915916443,-0.03926900029182434,0.4272969365119934,0.4691700041294098,-0.07054160535335541,0.48057371377944946,0.46290165185928345,-0.07754168659448624,0.4825478196144104,0.4709834158420563,-0.08035527169704437,0.4123145043849945,0.4194762706756592,-0.03504966199398041,0.43395671248435974,0.4020645022392273,-0.07071104645729065,0.49793699383735657,0.40962153673171997,-0.0728665366768837,0.4845425486564636,0.4249081611633301,-0.0689210444688797,0.42473289370536804,0.3519447445869446,-0.036522477865219116,0.43707454204559326,0.3377227187156677,-0.07676617056131363,0.49271517992019653,0.3516109585762024,-0.06478423625230789,0.4848308265209198,0.36702173948287964,-0.05004177615046501,0.4439582824707031,0.29134824872016907,-0.04147208854556084,0.4429968595504761,0.277070015668869,-0.0657607838511467,0.4853459298610687,0.29844221472740173,-0.055262140929698944,0.48865312337875366,0.31726741790771484,-0.042722709476947784
0.602672815322876,0.39361363649368286,-6.360498900903622e-07,0.5793238282203674,0.47344446182250977,-0.046664100140333176,0.5206308960914612,0.5437771081924438,-0.0721445381641388,0.4758910834789276,0.6079525947570801,-0.09227769076824188,0.4546728730201721,0.6769028902053833,-0.10456585884094238,0.41837120056152344,0.4875640273094177,-0.03946714475750923,0.4313400983810425,0.4655616581439972,-0.07043083012104034,0.48337575793266296,0.46050533652305603,-0.07787884026765823,0.4819085896015167,0.47184234857559204,-0.08131183683872223,0.4125043749809265,0.420500785112381,-0.034637756645679474,0.4354703426361084,0.39990925788879395,-0.07018183171749115,0.4987248182296753,0.4078243374824524,-0.07313816249370575,0.4834981858730316,0.425694078207016,-0.06987207382917404,0.4249916672706604,0.35208308696746826,-0.03557032346725464,0.43852660059928894,0.33638522028923035,-0.0755716860294342,0.4932982325553894,0.3502114415168762,-0.06423985213041306,0.48368650674819946,0.36750394105911255,-0.05012950301170349,0.44384023547172546,0.29094427824020386,-0.040096428245306015,0.4434962272644043,0.2762446403503418,-0.06394171714782715,0.4852941036224365,0.29666203260421753,-0.053608302026987076,0.4875093102455139,0.3154110908508301,-0.04141898453235626
0.6022452116012573,0.3937820494174957,-6.393834723894543e-07,0.5790596008300781,0.4738640785217285,-0.04656749591231346,0.5211327075958252,0.5441166162490845,-0.07207796722650528,0.4760753810405731,0.6075619459152222,-0.09228066354990005,0.45460888743400574,0.6760680079460144,-0.10475285351276398,0.4184713065624237,0.4871624708175659,-0.039317864924669266,0.43142375349998474,0.464832067489624,-0.07032637298107147,0.4836551547050476,0.45980629324913025,-0.0780109390616417,0.4828405976295471,0.4712507128715515,-0.08156239241361618,0.41271406412124634,0.42021796107292175,-0.03453194722533226,0.4352819323539734,0.39938613772392273,-0.06982871145009995,0.4986119568347931,0.4073758125305176,-0.07291478663682938,0.4840896725654602,0.4256478250026703,-0.06982973963022232,0.42522573471069336,0.35217148065567017,-0.035474199801683426,0.43793734908103943,0.3360823094844818,-0.07545443624258041,0.4929744005203247,0.3500294089317322,-0.06415696442127228,0.48418599367141724,0.3678444027900696,-0.05003751069307327,0.44424793124198914,0.29160553216934204,-0.03996610268950462,0.44320061802864075,0.27677446603775024,-0.06381182372570038,0.4852624535560608,0.29686200618743896,-0.05327808856964111,0.4880276024341583,0.31562522053718567,-0.040902022272348404
0.6000180840492249,0.3915685713291168,-6.400164238584694e-07,0.5770686268806458,0.47116512060165405,-0.047025181353092194,0.5195949077606201,0.5420745611190796,-0.07255064696073532,0.4752242863178253,0.6064894795417786,-0.09265295416116714,0.45392125844955444,0.6755232214927673,-0.10490291565656662,0.4169256091117859,0.48778876662254333,-0.03983382135629654,0.4319576621055603,0.4650737941265106,-0.07103872299194336,0.4829595983028412,0.4594443440437317,-0.07876349240541458,0.4831080138683319,0.46970948576927185,-0.08232589066028595,0.4102034270763397,0.41956618428230286,-0.034675728529691696,0.4371016323566437,0.39893838763237,-0.06969097256660461,0.4991416335105896,0.4069643020629883,-0.07249730080366135,0.4843939542770386,0.4245304465293884,-0.06942657381296158,0.4226813316345215,0.3504335880279541,-0.03538849577307701,0.44073089957237244,0.33540818095207214,-0.07475069910287857,0.49385079741477966,0.3501274287700653,-0.06418735533952713,0.48358994722366333,0.36776217818260193,-0.05099433287978172,0.4420173764228821,0.289020299911499,-0.03982086107134819,0.4473872482776642,0.2760508060455322,-0.063253253698349,0.48763135075569153,0.29649269580841064,-0.05404195562005043,0.48787742853164673,0.3149382770061493,-0.04298524931073189
0.6005828380584717,0.39146533608436584,-6.490242867585039e-07,0.5782136917114258,0.4703068137168884,-0.047194965183734894,0.5193924307823181,0.541286289691925,-0.07253258675336838,0.4755455553531647,0.6064789891242981,-0.09239136427640915,0.45392143726348877,0.6761481165885925,-0.1044834777712822,0.41511037945747375,0.4869748651981354,-0.03938859701156616,0.4330505132675171,0.4648108184337616,-0.07064785063266754,0.4835681617259979,0.4607052803039551,-0.07908938080072403,0.48267751932144165,0.4708767831325531,-0.08344224095344543,0.4080229699611664,0.41925522685050964,-0.034546151757240295,0.43696895241737366,0.3987799286842346,-0.06929360330104828,0.4989652633666992,0.40823906660079956,-0.07232457399368286,0.4839586019515991,0.4253253936767578,-0.0696721151471138,0.4210750162601471,0.3502269685268402,-0.03567256033420563,0.4404355585575104,0.3352276086807251,-0.07498670369386673,0.4938301146030426,0.3512492775917053,-0.06428226828575134,0.4838540256023407,0.36861705780029297,-0.05119481310248375,0.4413774311542511,0.2889097332954407,-0.040652599185705185,0.44714510440826416,0.2753663659095764,-0.06465582549571991,0.4877963662147522,0.2972588539123535,-0.055541981011629105,0.48890310525894165,0.316785991191864,-0.04454868659377098
0.6031779646873474,0.3949105143547058,-6.537837293763005e-07,0.578035831451416,0.47388818860054016,-0.04493850842118263,0.51799476146698,0.5438851714134216,-0.06876493990421295,0.4732069969177246,0.6086334586143494,-0.08781726658344269,0.4545529782772064,0.6760637760162354,-0.09929658472537994,0.4172211289405823,0.48262977600097656,-0.03541698679327965,0.42776116728782654,0.4682924449443817,-0.0659588947892189,0.48061996698379517,0.46175330877304077,-0.07452603429555893,0.48142728209495544,0.46918919682502747,-0.07884065061807632,0.4125293791294098,0.41651853919029236,-0.03134039044380188,0.43393781781196594,0.4036688208580017,-0.06518837064504623,0.4975886642932892,0.4102994501590729,-0.06818077713251114,0.4845893979072571,0.42389339208602905,-0.06544168293476105,0.42690309882164,0.34922632575035095,-0.03317807987332344,0.4363008737564087,0.3393673896789551,-0.07196543365716934,0.491719126701355,0.35349708795547485,-0.059959132224321365,0.4847029149532318,0.36739811301231384,-0.04553479328751564,0.4480283260345459,0.28923147916793823,-0.038634758442640305,0.44196945428848267,0.2766919732093811,-0.06172030791640282,0.4832759201526642,0.2980433404445648,-0.05027538165450096,0.4882095754146576,0.3157161772251129,-0.037313900887966156
0.6010324358940125,0.3964484632015228,-6.257561153688584e-07,0.5754879713058472,0.4740033447742462,-0.043985698372125626,0.520150363445282,0.5457693934440613,-0.06969195604324341,0.4749181866645813,0.6073381900787354,-0.09103778749704361,0.45564964413642883,0.671687126159668,-0.10453730821609497,0.4206063449382782,0.48489680886268616,-0.039362721145153046,0.4233505129814148,0.47197917103767395,-0.07101759314537048,0.47738033533096313,0.46353286504745483,-0.0772082507610321,0.48573535680770874,0.4692494869232178,-0.07847024500370026,0.415753573179245,0.41818737983703613,-0.0352400578558445,0.4325770139694214,0.40477055311203003,-0.07052216678857803,0.49612975120544434,0.4115809500217438,-0.0718594416975975,0.485134482383728,0.42613983154296875,-0.06701274961233139,0.4282514452934265,0.35073888301849365,-0.036737110465765,0.43683263659477234,0.33878856897354126,-0.07611259073019028,0.49188897013664246,0.3529518246650696,-0.0633869618177414,0.48584938049316406,0.3674178719520569,-0.047930266708135605,0.4473375678062439,0.290613055229187,-0.04163074493408203,0.44371023774147034,0.27890118956565857,-0.0640878975391388,0.48502659797668457,0.29954466223716736,-0.05247296020388603,0.4886337220668793,0.31571874022483826,-0.03919944539666176
0.6001006960868835,0.39485764503479004,-6.311166202976892e-07,0.5752620697021484,0.4730169475078583,-0.04283791035413742,0.5210869312286377,0.5456016659736633,-0.06839807331562042,0.47510865330696106,0.60735023021698,-0.09005343168973923,0.4553145468235016,0.672042965888977,-0.10400593280792236,0.4228205680847168,0.48505496978759766,-0.03811568766832352,0.42072200775146484,0.47317540645599365,-0.07034660875797272,0.47539135813713074,0.46358180046081543,-0.07714629173278809,0.4876015782356262,0.46770399808883667,-0.0784013420343399,0.41798266768455505,0.4189285635948181,-0.03445882350206375,0.43221643567085266,0.4051699638366699,-0.06941978633403778,0.49625444412231445,0.4110925793647766,-0.0709214136004448,0.487619012594223,0.42519262433052063,-0.06614315509796143,0.4299617111682892,0.35169488191604614,-0.036459509283304214,0.4362005889415741,0.33905550837516785,-0.07571186125278473,0.4918830394744873,0.35286200046539307,-0.06311386078596115,0.48820358514785767,0.3675118684768677,-0.047581903636455536,0.4487544596195221,0.29118072986602783,-0.04173256829380989,0.4428459405899048,0.2789587378501892,-0.06445959955453873,0.4841829836368561,0.29955998063087463,-0.05289265140891075,0.4893580973148346,0.31658434867858887,-0.03944013640284538
0.6008407473564148,0.3919457793235779,-6.359116468956927e-07,0.577563464641571,0.4713446795940399,-0.04498164728283882,0.5201005935668945,0.5444133877754211,-0.06959782540798187,0.47557333111763,0.608411967754364,-0.08934559673070908,0.45402514934539795,0.675384521484375,-0.10130049288272858,0.4172047972679138,0.4881613552570343,-0.036770518869161606,0.4277286231517792,0.46898579597473145,-0.06775215268135071,0.4804007112979889,0.4612264633178711,-0.07550594210624695,0.48369672894477844,0.4708766043186188,-0.07867052406072617,0.41047489643096924,0.42229869961738586,-0.0322381891310215,0.43436118960380554,0.40342748165130615,-0.06685291975736618,0.4977012574672699,0.40967899560928345,-0.06986013054847717,0.48518067598342896,0.4274026155471802,-0.06663747131824493,0.4225674271583557,0.35471388697624207,-0.03349985182285309,0.4377543032169342,0.33885514736175537,-0.07331039011478424,0.4936353266239166,0.3520324230194092,-0.06263754516839981,0.48599973320961,0.36981111764907837,-0.048702750355005264,0.4416438639163971,0.2936311960220337,-0.03818061575293541,0.4428991377353668,0.278832346200943,-0.061767593026161194,0.4853641092777252,0.29794397950172424,-0.05147654935717583,0.48784199357032776,0.31561562418937683,-0.03911988437175751
0.5997782349586487,0.3902398347854614,-6.584122047570418e-07,0.5771497488021851,0.46931785345077515,-0.044615745544433594,0.5192250609397888,0.5428688526153564,-0.06829998642206192,0.47524434328079224,0.6079972982406616,-0.08711538463830948,0.45348525047302246,0.6751542687416077,-0.0981525182723999,0.41703006625175476,0.48665058612823486,-0.036166056990623474,0.4288060665130615,0.46989911794662476,-0.06642138212919235,0.4807533621788025,0.46173804998397827,-0.07377194613218307,0.4820583462715149,0.46884849667549133,-0.07715840637683868,0.4091207981109619,0.42029327154159546,-0.0318341888487339,0.43403753638267517,0.40316271781921387,-0.06620568782091141,0.49681681394577026,0.40957072377204895,-0.06913086026906967,0.4834013879299164,0.425493061542511,-0.06623464077711105,0.4209904372692108,0.3526969254016876,-0.033277515321969986,0.43758732080459595,0.3390539586544037,-0.07264044880867004,0.4925835430622101,0.3527841866016388,-0.06188589707016945,0.48382532596588135,0.36891302466392517,-0.048391956835985184,0.4401695132255554,0.29206734895706177,-0.03824647516012192,0.4435349106788635,0.27813661098480225,-0.061802107840776443,0.4853271245956421,0.2982732653617859,-0.05222690850496292,0.48734933137893677,0.31600421667099,-0.04077957570552826
0.5978003144264221,0.3921535313129425,-6.578275701940584e-07,0.5747350454330444,0.4701486825942993,-0.04490186274051666,0.5171493291854858,0.5425057411193848,-0.06949497759342194,0.474232017993927,0.6079853773117065,-0.08915702253580093,0.4524352252483368,0.6756912469863892,-0.10111492872238159,0.41350531578063965,0.4838159680366516,-0.03678814694285393,0.43007969856262207,0.4673653244972229,-0.06809503585100174,0.48116856813430786,0.46099400520324707,-0.07718569040298462,0.4806945025920868,0.4692615866661072,-0.08205122500658035,0.4070465564727783,0.4178708791732788,-0.03301428258419037,0.4349122941493988,0.4023078382015228,-0.0679735317826271,0.49622416496276855,0.4089815616607666,-0.07181145995855331,0.4817246198654175,0.4242435097694397,-0.06993581354618073,0.41996443271636963,0.3503761291503906,-0.035082921385765076,0.4374922811985016,0.33845746517181396,-0.07455066591501236,0.4915870428085327,0.35184961557388306,-0.06374231725931168,0.48200723528862,0.3673403561115265,-0.05064045637845993,0.4399062693119049,0.2890157103538513,-0.0408494733273983,0.44368210434913635,0.27633392810821533,-0.06497044116258621,0.48522886633872986,0.2970433831214905,-0.05558176338672638,0.48673638701438904,0.31504079699516296,-0.0444483682513237
0.5972499847412109,0.39186614751815796,-6.411831918740063e-07,0.57499098777771,0.4702770709991455,-0.04558002948760986,0.5168549418449402,0.5424061417579651,-0.07041651755571365,0.4734649658203125,0.6075511574745178,-0.09018048644065857,0.45220351219177246,0.6752982139587402,-0.10229100286960602,0.4118519425392151,0.4841722249984741,-0.037502218037843704,0.43151944875717163,0.4685910940170288,-0.06900642067193985,0.4814491271972656,0.46297386288642883,-0.07832042872905731,0.47968900203704834,0.4701685905456543,-0.0833078920841217,0.40572020411491394,0.4180806875228882,-0.03357768803834915,0.4353955388069153,0.40377935767173767,-0.06853419542312622,0.49582910537719727,0.41097739338874817,-0.07192176580429077,0.48048684000968933,0.4239979386329651,-0.06960687786340714,0.4190526008605957,0.35026755928993225,-0.03560801222920418,0.4382234215736389,0.33965054154396057,-0.07468889653682709,0.4913434386253357,0.353149950504303,-0.0633239820599556,0.4810580015182495,0.365958571434021,-0.049852412194013596,0.4393099248409271,0.2885488271713257,-0.041546110063791275,0.4439055025577545,0.27714788913726807,-0.06506368517875671,0.484779953956604,0.29785633087158203,-0.055256787687540054,0.4860427677631378,0.3135993182659149,-0.043867867439985275
0.5977672338485718,0.3921314477920532,-6.672900667581416e-07,0.5753068327903748,0.4715486466884613,-0.04439288750290871,0.5143827795982361,0.5438704490661621,-0.06739285588264465,0.47167259454727173,0.6092687845230103,-0.08525469154119492,0.45001187920570374,0.6779719591140747,-0.09529712051153183,0.4106709957122803,0.4854406714439392,-0.035837072879076004,0.43303751945495605,0.46564528346061707,-0.0654815137386322,0.48255690932273865,0.46142515540122986,-0.07314927875995636,0.479643851518631,0.4710031747817993,-0.07726671546697617,0.4050920009613037,0.41956597566604614,-0.03233860433101654,0.4363522231578827,0.401128888130188,-0.06597535312175751,0.49656277894973755,0.4101608693599701,-0.06884893029928207,0.4805734157562256,0.4244944751262665,-0.06641946732997894,0.4192403554916382,0.35160911083221436,-0.034542862325906754,0.43737488985061646,0.33814096450805664,-0.07308018952608109,0.49076956510543823,0.35285305976867676,-0.06149056553840637,0.48101598024368286,0.36660751700401306,-0.04792902246117592,0.44054457545280457,0.28996092081069946,-0.04046497493982315,0.44160205125808716,0.275539755821228,-0.06442952901124954,0.48283252120018005,0.29760023951530457,-0.054166026413440704,0.4857625961303711,0.315606951713562,-0.042225319892168045
0.5994048118591309,0.3943064212799072,-6.711844662277144e-07,0.5753035545349121,0.4731084108352661,-0.044582195580005646,0.5141916871070862,0.5447717308998108,-0.06784968823194504,0.4712155759334564,0.60959392786026,-0.08607277274131775,0.4498763978481293,0.6782640218734741,-0.09647442400455475,0.41082683205604553,0.48502811789512634,-0.03598315268754959,0.4318886995315552,0.46416059136390686,-0.06607236713171005,0.4821886122226715,0.46048253774642944,-0.07358624041080475,0.47962796688079834,0.47128617763519287,-0.07739415019750595,0.40593039989471436,0.41899850964546204,-0.03245215490460396,0.43497028946876526,0.39975056052207947,-0.0667419582605362,0.496125727891922,0.40954694151878357,-0.06955727934837341,0.4801079332828522,0.42529216408729553,-0.066823311150074,0.42037099599838257,0.35123389959335327,-0.03464503958821297,0.436286598443985,0.3369826078414917,-0.07375571876764297,0.49012792110443115,0.352308452129364,-0.06193041056394577,0.4804501533508301,0.3672480583190918,-0.04795747622847557,0.4417513310909271,0.29043471813201904,-0.040514107793569565,0.4416069984436035,0.2755727767944336,-0.06445662677288055,0.48304691910743713,0.2976779341697693,-0.05382777750492096,0.4859691262245178,0.3159780502319336,-0.04153122380375862
0.5987304449081421,0.3930768370628357,-6.603349902434275e-07,0.575019121170044,0.47271063923835754,-0.04494386166334152,0.5144616961479187,0.5447176694869995,-0.06863918155431747,0.47148677706718445,0.6101003289222717,-0.08709043264389038,0.4499581754207611,0.6792442798614502,-0.0977238342165947,0.41120830178260803,0.4857792258262634,-0.03725484013557434,0.43345627188682556,0.46335771679878235,-0.06696627289056778,0.48289501667022705,0.4597419500350952,-0.07392353564500809,0.479511559009552,0.4713698625564575,-0.07735902816057205,0.4060101807117462,0.41979122161865234,-0.03342060744762421,0.43612223863601685,0.3989311754703522,-0.06743000447750092,0.49704793095588684,0.40865325927734375,-0.070002980530262,0.48079270124435425,0.4252953827381134,-0.06715548783540726,0.42002859711647034,0.351974755525589,-0.035173870623111725,0.437333345413208,0.33660227060317993,-0.07409349828958511,0.4912424385547638,0.35178011655807495,-0.062450751662254333,0.4813269078731537,0.3676820397377014,-0.04868690297007561,0.4410392642021179,0.290972501039505,-0.04056902602314949,0.4419642984867096,0.2756044864654541,-0.06436881422996521,0.4834686517715454,0.2971251904964447,-0.053876809775829315,0.48587891459465027,0.31564202904701233,-0.041757386177778244
0.5983951091766357,0.3952852785587311,-6.596700927730126e-07,0.5735621452331543,0.4738127291202545,-0.044327836483716965,0.5135491490364075,0.5458114743232727,-0.06804461777210236,0.4691298007965088,0.6086738109588623,-0.08678057044744492,0.44847372174263,0.6746034622192383,-0.0974167063832283,0.4121814966201782,0.48297518491744995,-0.03709205985069275,0.4267207086086273,0.4679628908634186,-0.06683916598558426,0.47853440046310425,0.4636046290397644,-0.07332702726125717,0.4769083559513092,0.47178053855895996,-0.0763983428478241,0.40749862790107727,0.41687825322151184,-0.03325803205370903,0.4314088523387909,0.4039548635482788,-0.06751346588134766,0.49432626366615295,0.4131752848625183,-0.06906896829605103,0.47840461134910583,0.4264259338378906,-0.0652337595820427,0.4215271472930908,0.3492833971977234,-0.03511926904320717,0.43425285816192627,0.3397221565246582,-0.0735488012433052,0.48907166719436646,0.3550836145877838,-0.06038548797369003,0.4793983995914459,0.36716389656066895,-0.045654866844415665,0.44216081500053406,0.2884352207183838,-0.0407128632068634,0.4409678876399994,0.27617180347442627,-0.06394738703966141,0.48234865069389343,0.29794394969940186,-0.05302644148468971,0.4847744405269623,0.31335514783859253,-0.04070334509015083
0.5981579422950745,0.3943777084350586,-6.295811090240022e-07,0.5730258822441101,0.47290709614753723,-0.045857712626457214,0.5134171843528748,0.5454232692718506,-0.07055473327636719,0.46898648142814636,0.6093704700469971,-0.08992961794137955,0.4486297070980072,0.6760581731796265,-0.10111204534769058,0.41248685121536255,0.48397955298423767,-0.03865194320678711,0.42404496669769287,0.46945732831954956,-0.069435715675354,0.47672563791275024,0.4640327990055084,-0.07640013098716736,0.4761051535606384,0.47141629457473755,-0.07949002832174301,0.40820735692977905,0.4171595275402069,-0.033913757652044296,0.43069252371788025,0.4054492115974426,-0.0695127621293068,0.493488073348999,0.41352370381355286,-0.07162787765264511,0.4782041609287262,0.426709920167923,-0.06768538802862167,0.4220123887062073,0.3494366407394409,-0.0350852869451046,0.4355328679084778,0.34042084217071533,-0.07446214556694031,0.4902972877025604,0.3548242449760437,-0.06202888861298561,0.47986483573913574,0.366947203874588,-0.04737225919961929,0.4415775537490845,0.28845834732055664,-0.040016863495111465,0.4423626959323883,0.27830561995506287,-0.0631752759218216,0.4840153753757477,0.298697292804718,-0.05259433388710022,0.48482418060302734,0.31254714727401733,-0.04046233370900154
0.5973332524299622,0.39739924669265747,-6.787383881601272e-07,0.5724146366119385,0.4745142459869385,-0.042171306908130646,0.5130410194396973,0.5447953343391418,-0.06627227365970612,0.4680722653865814,0.6081547141075134,-0.08650434017181396,0.44709905982017517,0.6768057346343994,-0.09922949969768524,0.4127342998981476,0.4822136163711548,-0.03442220762372017,0.42122548818588257,0.4683016836643219,-0.06668280810117722,0.4752836525440216,0.46310633420944214,-0.07600262761116028,0.48029887676239014,0.46993157267570496,-0.08020970970392227,0.4077891707420349,0.41617152094841003,-0.03194312006235123,0.42965444922447205,0.4006175100803375,-0.06663543730974197,0.49394816160202026,0.40995150804519653,-0.06945490837097168,0.48215004801750183,0.4252496063709259,-0.06640632450580597,0.4217389225959778,0.3494564890861511,-0.03526166453957558,0.4331437945365906,0.3359617590904236,-0.07473300397396088,0.48929086327552795,0.35228243470191956,-0.06256642937660217,0.4829820990562439,0.3688167631626129,-0.047978006303310394,0.44295579195022583,0.2898779809474945,-0.04197148233652115,0.4413658380508423,0.275535523891449,-0.06569000333547592,0.483243852853775,0.29817309975624084,-0.05456816405057907,0.4869108200073242,0.31749534606933594,-0.04172976315021515
0.5942924618721008,0.3921811878681183,-6.349255841087142e-07,0.5709174275398254,0.47164803743362427,-0.04479637369513512,0.5141787528991699,0.5432244539260864,-0.06909693032503128,0.46992969512939453,0.6080203056335449,-0.0880943164229393,0.4494207203388214,0.6755994558334351,-0.09935067594051361,0.4128844439983368,0.48603713512420654,-0.039763569831848145,0.4258739650249481,0.4681277573108673,-0.06880301237106323,0.4773930311203003,0.4605155289173126,-0.07466205209493637,0.47927743196487427,0.46910056471824646,-0.07704062014818192,0.4081454873085022,0.41917651891708374,-0.03518286719918251,0.43229424953460693,0.40353626012802124,-0.0683833435177803,0.4938298463821411,0.4094861149787903,-0.07059294730424881,0.4812534749507904,0.4249347448348999,-0.06758762151002884,0.421218603849411,0.35102754831314087,-0.03589816018939018,0.43448391556739807,0.33863383531570435,-0.07424651086330414,0.48945125937461853,0.3512476682662964,-0.0627468004822731,0.48213720321655273,0.36639443039894104,-0.04901250824332237,0.44093072414398193,0.28949570655822754,-0.04000220447778702,0.43781137466430664,0.2761990427970886,-0.06315626204013824,0.47941768169403076,0.2945347726345062,-0.05233023688197136,0.4824952185153961,0.31025242805480957,-0.03998757526278496
0.5949236154556274,0.3947537839412689,-6.707199418087839e-07,0.5713667273521423,0.4718814194202423,-0.04382562264800072,0.5125208497047424,0.5435745120048523,-0.06707962602376938,0.4688328504562378,0.6078745722770691,-0.08562915772199631,0.4486072063446045,0.6752238273620605,-0.09655926376581192,0.4115411639213562,0.4835333824157715,-0.03536980599164963,0.4242471754550934,0.467645525932312,-0.06571093946695328,0.47673243284225464,0.46187278628349304,-0.07392606884241104,0.47851482033729553,0.46867433190345764,-0.0779651328921318,0.40603920817375183,0.41682836413383484,-0.031568743288517,0.4306386411190033,0.4025360345840454,-0.06569615751504898,0.4928854703903198,0.41030675172805786,-0.06887536495923996,0.4802320599555969,0.4236868619918823,-0.06631320714950562,0.4194592237472534,0.3491053283214569,-0.0335032194852829,0.43415021896362305,0.3380759656429291,-0.07248619943857193,0.4890623390674591,0.3526257276535034,-0.061276648193597794,0.48133769631385803,0.36630693078041077,-0.047500867396593094,0.4394761919975281,0.2879108488559723,-0.038963671773672104,0.43858829140663147,0.27472054958343506,-0.062245000153779984,0.47989392280578613,0.29567039012908936,-0.051898080855607986,0.48315075039863586,0.3121311068534851,-0.03988270089030266
0.5945152044296265,0.39630186557769775,-6.468135325121693e-07,0.5685648918151855,0.4728103280067444,-0.043124958872795105,0.5114538669586182,0.5436834096908569,-0.06774845719337463,0.4665949046611786,0.6083526611328125,-0.08822070807218552,0.44665268063545227,0.67555171251297,-0.10114457458257675,0.4132992923259735,0.48218217492103577,-0.03615225851535797,0.4201540946960449,0.46938979625701904,-0.06750694662332535,0.47316622734069824,0.4621780216693878,-0.07543257623910904,0.4776660203933716,0.46704211831092834,-0.07852639257907867,0.4089939594268799,0.415593683719635,-0.03249717876315117,0.42936813831329346,0.4029630422592163,-0.06721126288175583,0.4922569990158081,0.41037771105766296,-0.06942366063594818,0.48029109835624695,0.4231514632701874,-0.06568529456853867,0.42241644859313965,0.34799182415008545,-0.034578096121549606,0.43282580375671387,0.33668023347854614,-0.07346285134553909,0.4870564639568329,0.3513966202735901,-0.061368800699710846,0.47991663217544556,0.3647013306617737,-0.04670780524611473,0.4421236515045166,0.2875218391418457,-0.040094044059515,0.4384878873825073,0.2745364308357239,-0.06270954012870789,0.478985995054245,0.29570823907852173,-0.05167969688773155,0.4822973608970642,0.31178271770477295,-0.0390276163816452
0.5956312417984009,0.39509591460227966,-6.426866434594558e-07,0.5699312090873718,0.4735330045223236,-0.04368608817458153,0.5127320885658264,0.5441715717315674,-0.06880650669336319,0.4670763313770294,0.6078920364379883,-0.08959893137216568,0.4464985132217407,0.675572395324707,-0.10278891026973724,0.4129928946495056,0.48290979862213135,-0.038010504096746445,0.4198865294456482,0.4690122902393341,-0.06961385160684586,0.4737970232963562,0.46082577109336853,-0.07751729339361191,0.4794953167438507,0.4672495126724243,-0.08045371621847153,0.40891867876052856,0.4166780114173889,-0.034123241901397705,0.4300846457481384,0.40300384163856506,-0.0689452588558197,0.49320054054260254,0.40934765338897705,-0.0714157223701477,0.481738418340683,0.42354056239128113,-0.06796611100435257,0.42254042625427246,0.3492666482925415,-0.03584178909659386,0.4328160285949707,0.3369280695915222,-0.07473433017730713,0.48760828375816345,0.3505142331123352,-0.06268936395645142,0.4811972379684448,0.36484572291374207,-0.04815100505948067,0.44260844588279724,0.2890693247318268,-0.04097989574074745,0.4390125870704651,0.27577561140060425,-0.0636686161160469,0.4799187481403351,0.296197772026062,-0.0524367094039917,0.4832632541656494,0.3125286102294922,-0.0395849347114563
0.5940336585044861,0.3920782506465912,-6.668455512226501e-07,0.5704225301742554,0.47276806831359863,-0.04377786070108414,0.5112833976745605,0.5449051856994629,-0.06790696084499359,0.4642235338687897,0.6059991121292114,-0.08788003772497177,0.4438818097114563,0.6749711632728577,-0.10013769567012787,0.4112945795059204,0.48394468426704407,-0.034922339022159576,0.4179222583770752,0.4683980643749237,-0.06691945344209671,0.4717201292514801,0.46028411388397217,-0.07523267716169357,0.47865888476371765,0.46728718280792236,-0.07833446562290192,0.40533870458602905,0.41788434982299805,-0.03122110851109028,0.42759057879447937,0.40041157603263855,-0.06541447341442108,0.49173250794410706,0.4074631631374359,-0.06772749125957489,0.48002174496650696,0.42335790395736694,-0.06409481912851334,0.418093204498291,0.3502935469150543,-0.03353895992040634,0.4307743012905121,0.3364093005657196,-0.07277029007673264,0.48677724599838257,0.3504910171031952,-0.06089942902326584,0.4806796610355377,0.366770476102829,-0.04639330133795738,0.438512921333313,0.28946906328201294,-0.03937607631087303,0.43713343143463135,0.2759675085544586,-0.06314758211374283,0.4788051247596741,0.2959247827529907,-0.05250157043337822,0.4823654890060425,0.3134823143482208,-0.039906978607177734
0.5924399495124817,0.39155858755111694,-6.783906769669557e-07,0.569322407245636,0.47096776962280273,-0.04384217411279678,0.5099002718925476,0.5438860654830933,-0.06752724945545197,0.46350768208503723,0.6059548854827881,-0.08710411936044693,0.44351232051849365,0.6745407581329346,-0.09904608875513077,0.4107617735862732,0.48350781202316284,-0.033863943070173264,0.41700422763824463,0.46762484312057495,-0.06673650443553925,0.4711252450942993,0.4594905376434326,-0.07636205852031708,0.478158175945282,0.4647029638290405,-0.08045501261949539,0.4044218957424164,0.4167620539665222,-0.03040756657719612,0.4266231656074524,0.40067747235298157,-0.0654214471578598,0.49066129326820374,0.40786975622177124,-0.06851807236671448,0.4794040024280548,0.42194637656211853,-0.06540887802839279,0.4170803427696228,0.34880924224853516,-0.03323204070329666,0.4307844638824463,0.33582669496536255,-0.07299169898033142,0.486264705657959,0.3506097197532654,-0.06149424612522125,0.47980496287345886,0.3655948042869568,-0.04718887805938721,0.43706756830215454,0.28762897849082947,-0.03969154879450798,0.4367431402206421,0.27496904134750366,-0.0635644942522049,0.47850698232650757,0.29579442739486694,-0.05318926274776459,0.48227134346961975,0.3131115734577179,-0.040891990065574646
0.5936794877052307,0.3908798396587372,-6.813714321651787e-07,0.5688729286193848,0.4683053195476532,-0.04419265314936638,0.5096205472946167,0.5400828719139099,-0.06839321553707123,0.46544235944747925,0.6063364744186401,-0.08786264806985855,0.44475191831588745,0.675440788269043,-0.09945838153362274,0.40618324279785156,0.48057568073272705,-0.03481985256075859,0.42131224274635315,0.46407872438430786,-0.06531253457069397,0.4744935631752014,0.4579247832298279,-0.07421121001243591,0.47612524032592773,0.4662938714027405,-0.07921500504016876,0.3992200493812561,0.4142773151397705,-0.031318437308073044,0.4278217852115631,0.3985660672187805,-0.0651191771030426,0.4907768964767456,0.40554919838905334,-0.06873894482851028,0.47753414511680603,0.42074352502822876,-0.06705202907323837,0.4123021960258484,0.34652432799339294,-0.03361692652106285,0.4304393231868744,0.333684504032135,-0.07241407036781311,0.48546111583709717,0.3470606803894043,-0.06137252599000931,0.47727957367897034,0.3625139594078064,-0.04834135249257088,0.4331660568714142,0.28529876470565796,-0.03958939015865326,0.43620309233665466,0.27129900455474854,-0.06367218494415283,0.4783048629760742,0.2923118472099304,-0.05393713712692261,0.4811738431453705,0.311306357383728,-0.0425574891269207
0.5921713709831238,0.3912853002548218,-6.683797550977033e-07,0.5681992769241333,0.46786537766456604,-0.045239221304655075,0.5095343589782715,0.5394219756126404,-0.069920614361763,0.4660240411758423,0.6069825291633606,-0.08932851254940033,0.44555458426475525,0.6764841079711914,-0.10103863477706909,0.40479594469070435,0.48220303654670715,-0.03750656545162201,0.42447641491889954,0.46293264627456665,-0.06742887943983078,0.47561395168304443,0.45777198672294617,-0.07607417553663254,0.4745864272117615,0.46699488162994385,-0.08116608113050461,0.39854228496551514,0.4156360328197479,-0.033477846533060074,0.4287995398044586,0.39796721935272217,-0.0668543204665184,0.4905396103858948,0.4051300585269928,-0.07013863325119019,0.47688260674476624,0.4204031527042389,-0.068486787378788,0.4116996228694916,0.347528874874115,-0.0350412055850029,0.4300946295261383,0.33329930901527405,-0.07332722097635269,0.4848605990409851,0.3470665514469147,-0.06177915260195732,0.4767310321331024,0.36278942227363586,-0.04863232001662254,0.4326305389404297,0.2857927680015564,-0.04037538543343544,0.43443411588668823,0.27118319272994995,-0.06406711786985397,0.47673749923706055,0.2917904555797577,-0.053844742476940155,0.4799751937389374,0.3103592097759247,-0.042284928262233734
0.5925561785697937,0.39225295186042786,-6.730799100296281e-07,0.56788569688797,0.46759748458862305,-0.04552661255002022,0.5094584226608276,0.5387771129608154,-0.07022207230329514,0.4662390351295471,0.6062728762626648,-0.08965453505516052,0.4454861283302307,0.6754845976829529,-0.10134723782539368,0.40468665957450867,0.480336993932724,-0.037625692784786224,0.4236985146999359,0.4618602395057678,-0.068048395216465,0.4752480089664459,0.4561745226383209,-0.07702399790287018,0.47443318367004395,0.46502745151519775,-0.08223199099302292,0.39841341972351074,0.4137360751628876,-0.03339683637022972,0.42778149247169495,0.39721858501434326,-0.06742110848426819,0.48958730697631836,0.4041930139064789,-0.0709739476442337,0.47639700770378113,0.4190370738506317,-0.06936592608690262,0.41152817010879517,0.3459954261779785,-0.034830234944820404,0.429442822933197,0.333015501499176,-0.07365582138299942,0.4842012822628021,0.34638309478759766,-0.062150754034519196,0.47648611664772034,0.3610990047454834,-0.04878731071949005,0.4324013590812683,0.284882128238678,-0.04006294906139374,0.43379291892051697,0.27097776532173157,-0.06387735903263092,0.4761231243610382,0.29162001609802246,-0.05359246954321861,0.48003143072128296,0.30970367789268494,-0.04186847805976868
0.5913851261138916,0.3907035291194916,-6.429702352761524e-07,0.5671426057815552,0.4692910313606262,-0.04678964242339134,0.5091536045074463,0.5405761003494263,-0.072126105427742,0.46544796228408813,0.6058850288391113,-0.09199389070272446,0.44544222950935364,0.6745300889015198,-0.10401101410388947,0.4060370624065399,0.48180532455444336,-0.040018510073423386,0.42303594946861267,0.46156153082847595,-0.0708281546831131,0.4749106168746948,0.4565737843513489,-0.07840582728385925,0.4741092026233673,0.46634864807128906,-0.08212342113256454,0.40105706453323364,0.4154475927352905,-0.03516151010990143,0.42663902044296265,0.39653071761131287,-0.07066623121500015,0.4890417456626892,0.4052349925041199,-0.07371784001588821,0.4747616946697235,0.4215241074562073,-0.07100903242826462,0.4146761894226074,0.3481481075286865,-0.03603029623627663,0.42913755774497986,0.3325040936470032,-0.07632961124181747,0.4841143488883972,0.34790945053100586,-0.0651964396238327,0.4756072461605072,0.3646673560142517,-0.05143299698829651,0.43514692783355713,0.28775548934936523,-0.040592994540929794,0.43457186222076416,0.27094289660453796,-0.06505734473466873,0.47661182284355164,0.29276221990585327,-0.05511564761400223,0.4798327088356018,0.3126586079597473,-0.04336817190051079
0.5933022499084473,0.3918612599372864,-6.537273975482094e-07,0.5685723423957825,0.469756156206131,-0.04683506861329079,0.508898913860321,0.5405786037445068,-0.07221866399049759,0.46322816610336304,0.6051730513572693,-0.09235042333602905,0.44403454661369324,0.6742995977401733,-0.10457633435726166,0.4063641428947449,0.48181992769241333,-0.039401765912771225,0.4198693037033081,0.45994457602500916,-0.07121066004037857,0.47363725304603577,0.4554477632045746,-0.0792277604341507,0.47445249557495117,0.4657931625843048,-0.08307306468486786,0.40167322754859924,0.41555190086364746,-0.03485161438584328,0.42442452907562256,0.39484626054763794,-0.07123289257287979,0.4888991117477417,0.4042493402957916,-0.07411345839500427,0.47516849637031555,0.42146816849708557,-0.0709550753235817,0.41560590267181396,0.3484349250793457,-0.03625513240695,0.4277530908584595,0.3310507833957672,-0.07743725925683975,0.4837554097175598,0.3476024568080902,-0.0659436509013176,0.47584789991378784,0.3661898970603943,-0.05163960158824921,0.43617385625839233,0.28848153352737427,-0.04134615510702133,0.43416085839271545,0.27018535137176514,-0.06647644937038422,0.47650131583213806,0.2925013303756714,-0.05643640086054802,0.47993820905685425,0.31377360224723816,-0.04440692812204361
0.5933225154876709,0.391562819480896,-6.46533919734793e-07,0.5696010589599609,0.47083765268325806,-0.046621471643447876,0.5100183486938477,0.541813850402832,-0.07185054570436478,0.46389704942703247,0.6043186783790588,-0.09172144532203674,0.4445072412490845,0.6719641089439392,-0.1035933867096901,0.4079645574092865,0.4829227030277252,-0.04103034734725952,0.4179035723209381,0.4641481339931488,-0.07155729830265045,0.47122615575790405,0.45626091957092285,-0.07804405689239502,0.47442957758903503,0.4650936424732208,-0.08075620234012604,0.4018591642379761,0.4153304994106293,-0.036286406219005585,0.42458823323249817,0.3959389626979828,-0.07072915136814117,0.4880428612232208,0.40250712633132935,-0.07301050424575806,0.47506335377693176,0.4203096032142639,-0.06984911859035492,0.4148310422897339,0.3470793068408966,-0.03718004375696182,0.4275425970554352,0.33162474632263184,-0.0764932632446289,0.48279425501823425,0.34572499990463257,-0.06483559310436249,0.4756227731704712,0.3645368218421936,-0.051034972071647644,0.4352071285247803,0.2865392565727234,-0.041743531823158264,0.4344911575317383,0.26986056566238403,-0.0659673735499382,0.4760458469390869,0.2905852794647217,-0.05588792264461517,0.4793151617050171,0.31176894903182983,-0.044047459959983826
0.593764066696167,0.3929870128631592,-6.804897907386476e-07,0.5695114135742188,0.4725201725959778,-0.04400955140590668,0.5095751285552979,0.5445265769958496,-0.06764506548643112,0.4625895619392395,0.6077196598052979,-0.08641849458217621,0.4431155025959015,0.6747267246246338,-0.0974799320101738,0.40888750553131104,0.48333728313446045,-0.03682016208767891,0.4184865951538086,0.463794469833374,-0.06641195714473724,0.47174930572509766,0.4586900472640991,-0.073534294962883,0.47480344772338867,0.46908605098724365,-0.07693801820278168,0.4027390480041504,0.41604727506637573,-0.03273903578519821,0.4260072708129883,0.3992763161659241,-0.06554779410362244,0.49005985260009766,0.40711885690689087,-0.06743105500936508,0.47756385803222656,0.4238477945327759,-0.06429599970579147,0.41520053148269653,0.3478972315788269,-0.03423863276839256,0.4282616972923279,0.3339918851852417,-0.07159833610057831,0.48373904824256897,0.34908604621887207,-0.059357475489377975,0.47658708691596985,0.36664319038391113,-0.04551953077316284,0.43485110998153687,0.28703856468200684,-0.03930824249982834,0.43406665325164795,0.273010790348053,-0.0616767443716526,0.4755849838256836,0.29347026348114014,-0.05086010321974754,0.47841358184814453,0.3116515278816223,-0.038772761821746826
0.5933012962341309,0.3931719660758972,-6.683893616354908e-07,0.569207489490509,0.4733710289001465,-0.04494080692529678,0.5094298124313354,0.5442688465118408,-0.06928040832281113,0.46257442235946655,0.6076911091804504,-0.08868174254894257,0.4433349370956421,0.6762045621871948,-0.10037204623222351,0.40981045365333557,0.4843253195285797,-0.03875419870018959,0.4182393550872803,0.46366119384765625,-0.068783238530159,0.4717400372028351,0.4577103555202484,-0.07519233971834183,0.4745037257671356,0.46889427304267883,-0.07773075997829437,0.4043061435222626,0.41711723804473877,-0.03434234485030174,0.42615580558776855,0.3991084396839142,-0.06808042526245117,0.4904560148715973,0.4065872132778168,-0.06986959278583527,0.4773942530155182,0.4244591295719147,-0.06620549410581589,0.4165629744529724,0.3489711582660675,-0.03546755388379097,0.4282756745815277,0.3350141942501068,-0.07438735663890839,0.4847502112388611,0.34927910566329956,-0.06224042922258377,0.4774484634399414,0.367014616727829,-0.047807544469833374,0.435335636138916,0.2881738543510437,-0.04002382233738899,0.43240854144096375,0.2734960913658142,-0.06324008107185364,0.4747796952724457,0.29281216859817505,-0.05195889621973038,0.4780643582344055,0.3102637529373169,-0.03915482759475708
0.5926756858825684,0.3923456072807312,-6.646196766268986e-07,0.56858891248703,0.47101518511772156,-0.04563496634364128,0.5090782642364502,0.5419005751609802,-0.07099857926368713,0.4628793001174927,0.6045372486114502,-0.09150859713554382,0.4420926868915558,0.674589991569519,-0.10419943928718567,0.4092105031013489,0.48369497060775757,-0.04001105949282646,0.418426513671875,0.4607899487018585,-0.07141067832708359,0.4723796844482422,0.4553160071372986,-0.07836344838142395,0.47585374116897583,0.46776121854782104,-0.08113067597150803,0.4037119746208191,0.4180218577384949,-0.03578469902276993,0.42489126324653625,0.39462441205978394,-0.07067946344614029,0.4901789128780365,0.40327906608581543,-0.07247097790241241,0.47685375809669495,0.42353373765945435,-0.06871876865625381,0.41653522849082947,0.3508199453353882,-0.03723708540201187,0.42701590061187744,0.3309997618198395,-0.07737010717391968,0.4838589131832123,0.3457663655281067,-0.06512898951768875,0.4769160747528076,0.3660571873188019,-0.05056485906243324,0.4366954565048218,0.29076021909713745,-0.042179908603429794,0.4341972768306732,0.2713450789451599,-0.06683739274740219,0.4768923819065094,0.2918253540992737,-0.05608762428164482,0.480627179145813,0.312971830368042,-0.043542370200157166
0.5923528671264648,0.3910006284713745,-6.600252504540549e-07,0.5683984756469727,0.4693652093410492,-0.04667006805539131,0.5085877180099487,0.5405473113059998,-0.07234831899404526,0.4625132381916046,0.6041415333747864,-0.09275778383016586,0.4419034421443939,0.6747965812683105,-0.10528653860092163,0.40936678647994995,0.48521727323532104,-0.04144153743982315,0.4192351698875427,0.46070125699043274,-0.07300219684839249,0.47322237491607666,0.45458680391311646,-0.08019056916236877,0.476091206073761,0.4673490524291992,-0.08329875767230988,0.4034063220024109,0.41865816712379456,-0.03675189986824989,0.4252581000328064,0.39464592933654785,-0.07230588793754578,0.4908604621887207,0.4023967683315277,-0.07442853599786758,0.47800886631011963,0.42293980717658997,-0.07087291777133942,0.41598621010780334,0.3507305979728699,-0.037771254777908325,0.4271002411842346,0.32998788356781006,-0.07844158262014389,0.48375722765922546,0.3447432219982147,-0.06657560914754868,0.47658228874206543,0.3660048544406891,-0.05224400386214256,0.43594270944595337,0.2903926372528076,-0.04230644181370735,0.4338683485984802,0.2709834575653076,-0.06741911172866821,0.4765626788139343,0.29123470187187195,-0.057107165455818176,0.47996583580970764,0.3131474256515503,-0.044907256960868835
0.5954878330230713,0.39506733417510986,-6.770707727810077e-07,0.5693224668502808,0.4726589322090149,-0.044534455984830856,0.5095235109329224,0.5425121784210205,-0.06936265528202057,0.4621432423591614,0.6047415137290955,-0.08991247415542603,0.4415169954299927,0.6734265089035034,-0.10262511670589447,0.40996211767196655,0.48336827754974365,-0.03672613948583603,0.41474777460098267,0.46050769090652466,-0.06902467459440231,0.4701355993747711,0.4561235308647156,-0.0767606571316719,0.4762524962425232,0.467651903629303,-0.07967235893011093,0.40534213185310364,0.4160830080509186,-0.032958704978227615,0.42256996035575867,0.39401984214782715,-0.06878053396940231,0.4895000457763672,0.4039453864097595,-0.07066573202610016,0.47793591022491455,0.42334336042404175,-0.0664495974779129,0.41850796341896057,0.34799638390541077,-0.03519429638981819,0.4254499673843384,0.32849740982055664,-0.0761265829205513,0.48271697759628296,0.3459206819534302,-0.06370918452739716,0.47746482491493225,0.36689382791519165,-0.04843488708138466,0.4388187527656555,0.28795355558395386,-0.040827177464962006,0.43230459094047546,0.2680726647377014,-0.06585582345724106,0.4745657742023468,0.29016193747520447,-0.05503600463271141,0.4793134033679962,0.31237831711769104,-0.04206964373588562
0.5936722159385681,0.3951721787452698,-6.517349788737192e-07,0.5679519772529602,0.47488176822662354,-0.04415654018521309,0.5092887878417969,0.5444690585136414,-0.06957907229661942,0.46170827746391296,0.6059650182723999,-0.09063517302274704,0.44202500581741333,0.6758610606193542,-0.10412663966417313,0.4104573130607605,0.4853736460208893,-0.03930329531431198,0.4154801666736603,0.462607204914093,-0.07169847935438156,0.47114095091819763,0.4559980034828186,-0.07947217673063278,0.4768705666065216,0.46798476576805115,-0.08238400518894196,0.4072210192680359,0.4180712401866913,-0.03580648452043533,0.4232003092765808,0.3969350755214691,-0.07175268977880478,0.4893074333667755,0.4046292304992676,-0.07388640940189362,0.4782200753688812,0.42449790239334106,-0.07004600763320923,0.42021599411964417,0.34989386796951294,-0.037944916635751724,0.4246838092803955,0.33072012662887573,-0.07860444486141205,0.4825249910354614,0.34575706720352173,-0.06586282700300217,0.47764965891838074,0.3670561909675598,-0.050617847591638565,0.4396984279155731,0.28966599702835083,-0.04338819161057472,0.4321412742137909,0.27019983530044556,-0.06803559511899948,0.4753994345664978,0.2902359366416931,-0.05655432119965553,0.4798438847064972,0.3114680051803589,-0.043329477310180664
0.592133104801178,0.390963077545166,-6.585726737284858e-07,0.5678454041481018,0.47350504994392395,-0.04504409059882164,0.5087589025497437,0.5447103381156921,-0.06971966475248337,0.4618845283985138,0.6072203516960144,-0.08910813927650452,0.4414462745189667,0.6767338514328003,-0.1007206067442894,0.4057556390762329,0.4864267110824585,-0.03905157744884491,0.4227219223976135,0.4606595039367676,-0.06889326125383377,0.47457101941108704,0.4567948579788208,-0.07613505423069,0.4741615056991577,0.4700998365879059,-0.07990120351314545,0.3999842703342438,0.41879937052726746,-0.034928906708955765,0.42754530906677246,0.3958430886268616,-0.06873412430286407,0.49046820402145386,0.40510404109954834,-0.07131898403167725,0.47663190960884094,0.4238625466823578,-0.06878667324781418,0.41202935576438904,0.3501396179199219,-0.036225639283657074,0.42810237407684326,0.33096203207969666,-0.0751100406050682,0.4839220643043518,0.34748968482017517,-0.06368114799261093,0.476233571767807,0.36735761165618896,-0.05029147118330002,0.4311387836933136,0.28861796855926514,-0.041054874658584595,0.43190956115722656,0.2702552080154419,-0.0652661919593811,0.4745995104312897,0.29170310497283936,-0.05522122606635094,0.4771921932697296,0.3118320107460022,-0.04352031648159027
0.5930390357971191,0.3927806615829468,-6.736609634572233e-07,0.568456768989563,0.47237271070480347,-0.04707527160644531,0.5076878070831299,0.543140709400177,-0.07196232676506042,0.4609522819519043,0.6076351404190063,-0.09142366796731949,0.4412584602832794,0.677416205406189,-0.10305146127939224,0.4041105806827545,0.48355937004089355,-0.03746473789215088,0.42081761360168457,0.4595782458782196,-0.06818244606256485,0.4735063910484314,0.4564841687679291,-0.07656943053007126,0.4733050763607025,0.4674554169178009,-0.08100888133049011,0.39772576093673706,0.4161646068096161,-0.032518964260816574,0.4249956011772156,0.3943523168563843,-0.06679839640855789,0.48922961950302124,0.40451332926750183,-0.06965436786413193,0.47536131739616394,0.42183640599250793,-0.06696911156177521,0.4105503559112549,0.3481321334838867,-0.03355700522661209,0.42746293544769287,0.3308391571044922,-0.0730985477566719,0.48342451453208923,0.347678542137146,-0.06176409870386124,0.47549134492874146,0.3658325672149658,-0.04797154292464256,0.4306190311908722,0.28739917278289795,-0.03839884325861931,0.4316457509994507,0.27047157287597656,-0.06251613050699234,0.47419387102127075,0.29226154088974,-0.052351661026477814,0.4775014817714691,0.3118543028831482,-0.04039650037884712
0.5919098854064941,0.39269956946372986,-6.670748007309157e-07,0.5672947764396667,0.4713013768196106,-0.04600090906023979,0.5072430372238159,0.5420951247215271,-0.07089870423078537,0.4615851640701294,0.6068801283836365,-0.09037147462368011,0.4416937828063965,0.6762926578521729,-0.10197611898183823,0.40363454818725586,0.4840754270553589,-0.03872251138091087,0.4211020767688751,0.4595784544944763,-0.06881801038980484,0.47333332896232605,0.4566539227962494,-0.07621350139379501,0.47200119495391846,0.46829715371131897,-0.08004754781723022,0.3974752426147461,0.4168839156627655,-0.03421971574425697,0.42560499906539917,0.3948018550872803,-0.06834405660629272,0.4891972839832306,0.40456414222717285,-0.07068168371915817,0.47467562556266785,0.4216637909412384,-0.06766249239444733,0.41018563508987427,0.34873276948928833,-0.035366978496313095,0.4277772009372711,0.3312451243400574,-0.07439570873975754,0.4835716485977173,0.34747302532196045,-0.06262930482625961,0.4749819338321686,0.36506983637809753,-0.04874926060438156,0.4300554394721985,0.28761404752731323,-0.04021658003330231,0.4318920373916626,0.2707899212837219,-0.06391157954931259,0.4744422137737274,0.29218626022338867,-0.05353495106101036,0.4770083725452423,0.31106317043304443,-0.04155060276389122
0.5909274220466614,0.39196014404296875,-6.674410428786359e-07,0.5672596096992493,0.47017043828964233,-0.045015934854745865,0.5073399543762207,0.5422917008399963,-0.06943831592798233,0.4624398648738861,0.6056999564170837,-0.08891750127077103,0.44225871562957764,0.674591064453125,-0.10077966749668121,0.4046846926212311,0.485337495803833,-0.03818906843662262,0.4213239252567291,0.46277815103530884,-0.06961797922849655,0.47274941205978394,0.45855212211608887,-0.07819775491952896,0.4732714891433716,0.47013241052627563,-0.08239970356225967,0.39867475628852844,0.4179401397705078,-0.034284573048353195,0.4262082874774933,0.396275132894516,-0.06876515597105026,0.4882500469684601,0.4057926833629608,-0.07176873832941055,0.47439056634902954,0.42375627160072327,-0.06929006427526474,0.4119313657283783,0.3493572175502777,-0.036069877445697784,0.4281831681728363,0.3321956992149353,-0.07531831413507462,0.4829699397087097,0.3478715717792511,-0.06392891705036163,0.4754979908466339,0.366312712430954,-0.05034436658024788,0.4326498806476593,0.2881085276603699,-0.041505973786115646,0.43367159366607666,0.27063578367233276,-0.0654446929693222,0.47521287202835083,0.29218757152557373,-0.055345259606838226,0.47843024134635925,0.31284433603286743,-0.043557364493608475
0.5901517271995544,0.3919585049152374,-6.774603775738797e-07,0.5669978857040405,0.4711073935031891,-0.04433053731918335,0.5068155527114868,0.5435357689857483,-0.06818022578954697,0.46160879731178284,0.6070672869682312,-0.08721069991588593,0.44164443016052246,0.6763738989830017,-0.09870531409978867,0.40459150075912476,0.48563382029533386,-0.03721725195646286,0.42132601141929626,0.46352896094322205,-0.06795496493577957,0.4727821350097656,0.4584578275680542,-0.0762900710105896,0.47407206892967224,0.4692050814628601,-0.08051525801420212,0.3983484208583832,0.41824957728385925,-0.03366512805223465,0.42639055848121643,0.3966962695121765,-0.0672813355922699,0.4886414110660553,0.40577831864356995,-0.07021953165531158,0.47541478276252747,0.42364245653152466,-0.06801438331604004,0.41170912981033325,0.349633127450943,-0.03571726754307747,0.42790651321411133,0.3324155807495117,-0.07435637712478638,0.4829099178314209,0.3482009172439575,-0.06285204738378525,0.47613051533699036,0.36705511808395386,-0.04944146052002907,0.43272191286087036,0.2885046601295471,-0.041378166526556015,0.43334805965423584,0.2709606885910034,-0.06527602672576904,0.47486022114753723,0.29228919744491577,-0.05511120706796646,0.478317528963089,0.31303077936172485,-0.04336611554026604
0.5922067165374756,0.3953448235988617,-6.681008244413533e-07,0.5666599869728088,0.4723310172557831,-0.0461684949696064,0.507274866104126,0.5448777079582214,-0.07044442743062973,0.4639236032962799,0.6102834343910217,-0.08992069959640503,0.44326794147491455,0.6790072917938232,-0.10158367455005646,0.40543708205223083,0.4850046932697296,-0.0365624763071537,0.417057603597641,0.4640355408191681,-0.0694194957613945,0.4712168574333191,0.45735809206962585,-0.07847065478563309,0.4758490324020386,0.46512317657470703,-0.0823398306965828,0.3993966579437256,0.416584849357605,-0.031876176595687866,0.4229307174682617,0.3970838487148285,-0.06902658939361572,0.48720937967300415,0.4059322774410248,-0.07303007692098618,0.47616925835609436,0.4212530255317688,-0.07009760290384293,0.4123527407646179,0.3481484055519104,-0.033419083803892136,0.42730751633644104,0.3322228193283081,-0.07549017667770386,0.48300960659980774,0.34828171133995056,-0.06536351889371872,0.47622641921043396,0.36436378955841064,-0.051257096230983734,0.43223291635513306,0.28738486766815186,-0.03856678679585457,0.4327005445957184,0.27067258954048157,-0.06354167312383652,0.47466129064559937,0.2927049398422241,-0.054001711308956146,0.4783422350883484,0.3116770386695862,-0.04200438782572746
0.5921074748039246,0.3938283920288086,-6.44058331999986e-07,0.5683658123016357,0.47234150767326355,-0.04773958399891853,0.5108315348625183,0.5425620079040527,-0.07440066337585449,0.4654931128025055,0.6067951917648315,-0.09545204043388367,0.4452272653579712,0.6759287118911743,-0.10854558646678925,0.4049428701400757,0.48279738426208496,-0.041316960006952286,0.4224952459335327,0.4631378948688507,-0.07183675467967987,0.4738539457321167,0.45783141255378723,-0.07938265800476074,0.4723767042160034,0.4674608111381531,-0.08338028937578201,0.3994506299495697,0.416179895401001,-0.0362747460603714,0.4269964396953583,0.397637277841568,-0.07082671672105789,0.48957765102386475,0.4055177569389343,-0.07319798320531845,0.4744316637516022,0.4218822121620178,-0.07037260383367538,0.41295894980430603,0.3488239645957947,-0.03692543879151344,0.4291154742240906,0.33355751633644104,-0.07581593841314316,0.48360562324523926,0.34787169098854065,-0.0634114071726799,0.4748091995716095,0.36475101113319397,-0.04942662641406059,0.43393760919570923,0.28862762451171875,-0.04153698310256004,0.4356037378311157,0.27290380001068115,-0.06517162173986435,0.4773341119289398,0.2939915657043457,-0.054733436554670334,0.4799298942089081,0.313530832529068,-0.04292609542608261
0.5909104347229004,0.3929142355918884,-6.475657414739544e-07,0.5675773024559021,0.4731181263923645,-0.04590124636888504,0.509931743144989,0.543978750705719,-0.07125268876552582,0.46393752098083496,0.6065173745155334,-0.09140842407941818,0.4440409541130066,0.6737987399101257,-0.10385137051343918,0.4062741994857788,0.4815499186515808,-0.03828965499997139,0.42141222953796387,0.4652386009693146,-0.06815925240516663,0.47259625792503357,0.45957133173942566,-0.07574549317359924,0.47251611948013306,0.46748870611190796,-0.07972339540719986,0.40019145607948303,0.41503798961639404,-0.03384840488433838,0.4264060854911804,0.3996194005012512,-0.06734738498926163,0.48895150423049927,0.40708494186401367,-0.06950143724679947,0.4749985337257385,0.4222606122493744,-0.06651746481657028,0.41334420442581177,0.3479914665222168,-0.03512314707040787,0.42870399355888367,0.3352632522583008,-0.0732046514749527,0.4829498529434204,0.34923315048217773,-0.06087347865104675,0.4749504029750824,0.36501002311706543,-0.0469234436750412,0.43399184942245483,0.2884329557418823,-0.04021669179201126,0.4348536431789398,0.27456650137901306,-0.06340905278921127,0.4764142632484436,0.29528242349624634,-0.05287257209420204,0.4795039892196655,0.31379708647727966,-0.040964383631944656
0.5911708474159241,0.3930397629737854,-6.418962357201963e-07,0.5676659345626831,0.4733058214187622,-0.047146257013082504,0.5069199204444885,0.5454868078231812,-0.07226508855819702,0.4613761305809021,0.6115626096725464,-0.09206200391054153,0.44063451886177063,0.6824244260787964,-0.10385467112064362,0.40396708250045776,0.48552462458610535,-0.03790151700377464,0.42052993178367615,0.4678754210472107,-0.06911392509937286,0.47261476516723633,0.46326562762260437,-0.0771484375,0.47173818945884705,0.4706506133079529,-0.08126343786716461,0.3983921408653259,0.4181627631187439,-0.03318870812654495,0.4251168668270111,0.4020930230617523,-0.06865514814853668,0.488534539937973,0.41148805618286133,-0.0709717720746994,0.4739503264427185,0.42409583926200867,-0.06748951971530914,0.41190600395202637,0.35004037618637085,-0.034681353718042374,0.4290653467178345,0.3366836905479431,-0.0746108815073967,0.4838722050189972,0.35279083251953125,-0.06256545335054398,0.47454068064689636,0.3663749694824219,-0.04825275391340256,0.43249136209487915,0.28898704051971436,-0.0401649996638298,0.43558818101882935,0.2747274339199066,-0.06456469744443893,0.4771463871002197,0.2970942556858063,-0.05481192469596863,0.47906553745269775,0.31458747386932373,-0.04324062168598175
0.5920704007148743,0.39540770649909973,-6.667411867056217e-07,0.5674985647201538,0.473629891872406,-0.04710495099425316,0.5066234469413757,0.5451468229293823,-0.07232284545898438,0.461900532245636,0.6119633913040161,-0.09211460500955582,0.4412636160850525,0.6836729049682617,-0.10384668409824371,0.40369731187820435,0.48595350980758667,-0.039589203894138336,0.4201180636882782,0.4651637673377991,-0.07081492245197296,0.47307702898979187,0.46014565229415894,-0.07855165749788284,0.4727272093296051,0.4689216613769531,-0.0824887603521347,0.39890047907829285,0.41891786456108093,-0.03492382541298866,0.425533264875412,0.39964914321899414,-0.07043488323688507,0.4890456199645996,0.4084589183330536,-0.0729013979434967,0.47486451268196106,0.4227190315723419,-0.06982487440109253,0.4129696190357208,0.3507354259490967,-0.03618942201137543,0.4280639886856079,0.3353542983531952,-0.07638727128505707,0.48339879512786865,0.3507428765296936,-0.06401441991329193,0.4750675559043884,0.3654167652130127,-0.049571581184864044,0.434024840593338,0.2895093858242035,-0.04134073108434677,0.4333074986934662,0.27301105856895447,-0.06611265987157822,0.47574809193611145,0.2951604723930359,-0.05567218363285065,0.4796585142612457,0.31384041905403137,-0.04351767525076866
0.5928553938865662,0.39530596137046814,-6.495505999737361e-07,0.5680148005485535,0.4724471867084503,-0.047420185059309006,0.5095245838165283,0.5435975790023804,-0.07365491986274719,0.4639570116996765,0.6083979606628418,-0.09484993666410446,0.443475604057312,0.6774027347564697,-0.10791536420583725,0.4069376587867737,0.4834112524986267,-0.03957570716738701,0.41750872135162354,0.46784690022468567,-0.07195979356765747,0.4716273546218872,0.46043258905410767,-0.08000192791223526,0.47228434681892395,0.4676605761051178,-0.08351318538188934,0.4010278284549713,0.41627591848373413,-0.034377291798591614,0.42453038692474365,0.4008806347846985,-0.07049396634101868,0.4891568124294281,0.4075995683670044,-0.07257305085659027,0.4738208055496216,0.4222683906555176,-0.06860452890396118,0.4137246608734131,0.34850627183914185,-0.035344600677490234,0.42869138717651367,0.3366261124610901,-0.0755254328250885,0.4839588403701782,0.34995415806770325,-0.0633014589548111,0.47403013706207275,0.36458620429039,-0.048601653426885605,0.4330107867717743,0.2881808280944824,-0.040234409272670746,0.435207337141037,0.27438944578170776,-0.06365255266427994,0.47638237476348877,0.2949276864528656,-0.05339747667312622,0.4778854548931122,0.3123164176940918,-0.04144244268536568
0.5919154286384583,0.3943287134170532,-6.356484618663671e-07,0.5670706033706665,0.4733477234840393,-0.046506691724061966,0.5085983872413635,0.5454208850860596,-0.07242590934038162,0.46289023756980896,0.6105299592018127,-0.09333065897226334,0.4430570900440216,0.6800793409347534,-0.10619460046291351,0.4081028699874878,0.48403751850128174,-0.03961854428052902,0.4176315665245056,0.47056064009666443,-0.07122774422168732,0.47134602069854736,0.4631692171096802,-0.07858890295028687,0.4728936553001404,0.46975862979888916,-0.08165857940912247,0.4020458459854126,0.41693025827407837,-0.03464879095554352,0.4252999722957611,0.4034923315048218,-0.06981685012578964,0.48921558260917664,0.41019976139068604,-0.07155399769544601,0.47418662905693054,0.4243770241737366,-0.06753703951835632,0.4145675599575043,0.34900668263435364,-0.03564101830124855,0.43030479550361633,0.3386712372303009,-0.07472000271081924,0.48486629128456116,0.35215622186660767,-0.062458403408527374,0.4747329354286194,0.3661276698112488,-0.04810166358947754,0.4336947202682495,0.28869760036468506,-0.04046328738331795,0.4371110796928406,0.27699553966522217,-0.06318696588277817,0.47774913907051086,0.29709893465042114,-0.052886493504047394,0.4785975515842438,0.3128998577594757,-0.04111141711473465
0.5930621027946472,0.39384931325912476,-6.485465178229788e-07,0.5687415599822998,0.4726598858833313,-0.04628477990627289,0.5097686052322388,0.5438812375068665,-0.07208634167909622,0.46387171745300293,0.6081844568252563,-0.09328094869852066,0.4436325430870056,0.6781244874000549,-0.10645195096731186,0.4091746509075165,0.4832143783569336,-0.038052674382925034,0.4163203835487366,0.4677501618862152,-0.07127344608306885,0.4709116816520691,0.4606267809867859,-0.07994150370359421,0.47301191091537476,0.4690805971622467,-0.08354979753494263,0.4035835862159729,0.4169999361038208,-0.03350216522812843,0.4242361783981323,0.4011407494544983,-0.07013076543807983,0.4895973801612854,0.4077627956867218,-0.07247110456228256,0.4745747745037079,0.42371562123298645,-0.06842619925737381,0.41623976826667786,0.34983062744140625,-0.03522329404950142,0.4292147755622864,0.3376312255859375,-0.07602430135011673,0.4849779009819031,0.351019024848938,-0.06407687813043594,0.47514814138412476,0.366972416639328,-0.04933156445622444,0.4353029131889343,0.28997379541397095,-0.04068663343787193,0.4364435076713562,0.27594396471977234,-0.06442135572433472,0.4777332842350006,0.2964458465576172,-0.05409865081310272,0.4791872799396515,0.31448855996131897,-0.04196666553616524
0.592500627040863,0.39430537819862366,-6.416097448891378e-07,0.5671524405479431,0.4733119606971741,-0.044493451714515686,0.5081853866577148,0.5460776686668396,-0.06900466978549957,0.46474045515060425,0.6105689406394958,-0.08846903592348099,0.4442894756793976,0.6789210438728333,-0.09982128441333771,0.40675488114356995,0.4869903326034546,-0.03863866254687309,0.4226924777030945,0.47100603580474854,-0.06840460747480392,0.47376659512519836,0.4639431834220886,-0.07442381978034973,0.4733923077583313,0.4721246659755707,-0.0771183967590332,0.40111979842185974,0.4195714294910431,-0.03481477499008179,0.4284838140010834,0.40436282753944397,-0.06896372884511948,0.49029022455215454,0.41125354170799255,-0.07055632770061493,0.47457876801490784,0.4260304570198059,-0.06697803735733032,0.4144584834575653,0.35085001587867737,-0.0365762822329998,0.4315834939479828,0.3382274806499481,-0.0749833807349205,0.48490220308303833,0.35205191373825073,-0.0627831518650055,0.4744510054588318,0.3672277331352234,-0.04905352741479874,0.4349892735481262,0.28914159536361694,-0.042033880949020386,0.4384133517742157,0.2746751308441162,-0.06560598313808441,0.4791472256183624,0.29609909653663635,-0.05584954842925072,0.4800319969654083,0.31457728147506714,-0.0445992648601532
