0.7797805070877075,0.787127673625946,4.349113282842154e-07,0.7108167409896851,0.8675534725189209,-0.04154450073838234,0.6257905960083008,0.9093177318572998,-0.06799747794866562,0.5561498403549194,0.9039483070373535,-0.0921863317489624,0.5003058314323425,0.8715604543685913,-0.11595476418733597,0.5166493058204651,0.814625084400177,-0.04050689935684204,0.41375502943992615,0.8123492002487183,-0.08031819015741348,0.35094010829925537,0.8136354684829712,-0.11416567862033844,0.29369840025901794,0.8110027313232422,-0.13896624743938446,0.5238207578659058,0.7416182160377502,-0.047595344483852386,0.41197577118873596,0.7114198803901672,-0.08132581412792206,0.3421962261199951,0.694627046585083,-0.11178167909383774,0.27950626611709595,0.6795271635055542,-0.13442878425121307,0.5527145266532898,0.6808592677116394,-0.060640376061201096,0.45551127195358276,0.6415250301361084,-0.09259478747844696,0.3953942358493805,0.6212600469589233,-0.11297186464071274,0.3411978483200073,0.6072572469711304,-0.12759745121002197,0.5993050336837769,0.6278005838394165,-0.07812180370092392,0.5239969491958618,0.5883125066757202,-0.10476545989513397,0.47552236914634705,0.5695725679397583,-0.11466372013092041,0.4300893545150757,0.5556633472442627,-0.12152211368083954
0.7326343655586243,0.736604630947113,5.380236416385742e-07,0.6640273928642273,0.8162974119186401,-0.034212175756692886,0.5752986073493958,0.8556338548660278,-0.05495630204677582,0.5014848709106445,0.842247486114502,-0.07471180707216263,0.44052717089653015,0.8108330368995667,-0.09388776868581772,0.47727787494659424,0.7661640644073486,-0.02711724489927292,0.3767426609992981,0.7709810733795166,-0.060480471700429916,0.3148347735404968,0.7788221836090088,-0.08870172500610352,0.25890806317329407,0.7831997871398926,-0.1096290573477745,0.4829934239387512,0.6987437009811401,-0.035655297338962555,0.37114235758781433,0.6729719042778015,-0.06484407186508179,0.3004067838191986,0.659841775894165,-0.09328115731477737,0.23810958862304688,0.6487769484519958,-0.11397766321897507,0.5098763108253479,0.6426864862442017,-0.049717433750629425,0.41042494773864746,0.608218789100647,-0.08003441989421844,0.34630537033081055,0.5912618637084961,-0.10270252078771591,0.28705111145973206,0.5808367729187012,-0.11881789565086365,0.5540133714675903,0.5924750566482544,-0.06705854088068008,0.482802152633667,0.554099440574646,-0.09417742490768433,0.43447208404541016,0.5358513593673706,-0.1060454249382019,0.38790708780288696,0.5241316556930542,-0.11411687731742859
0.7041575312614441,0.6903704404830933,4.518813341292116e-07,0.6349338293075562,0.7681612968444824,-0.029090967029333115,0.5440961718559265,0.8079777359962463,-0.04618874937295914,0.46738937497138977,0.7970559000968933,-0.06297830492258072,0.4077976644039154,0.7624897956848145,-0.07875587046146393,0.4457993507385254,0.7276986241340637,-0.018299100920557976,0.3481004238128662,0.730593204498291,-0.047722965478897095,0.28945392370224,0.7391384840011597,-0.07348786294460297,0.2357545793056488,0.7447637915611267,-0.09292399883270264,0.4498227536678314,0.6636240482330322,-0.027569420635700226,0.3410187065601349,0.6442140340805054,-0.052708182483911514,0.2725418210029602,0.6348577737808228,-0.0780460461974144,0.211399644613266,0.6268243193626404,-0.09669561684131622,0.4752213954925537,0.6077598333358765,-0.04207292199134827,0.3775935769081116,0.5784019231796265,-0.06827449798583984,0.3154718279838562,0.5643819570541382,-0.08743754029273987,0.2577323913574219,0.5564789175987244,-0.10140771418809891,0.5173399448394775,0.556157648563385,-0.059712763875722885,0.4452993869781494,0.523663341999054,-0.08337531983852386,0.3978022336959839,0.508522629737854,-0.09259974211454391,0.3524254560470581,0.4992608428001404,-0.09887631237506866
0.7043445706367493,0.6942059993743896,4.577480581247073e-07,0.6342148780822754,0.7736954689025879,-0.03639170899987221,0.5464897155761719,0.8111717700958252,-0.057249248027801514,0.47313112020492554,0.799649178981781,-0.07654394954442978,0.4117186367511749,0.7633992433547974,-0.09490659832954407,0.44673952460289,0.7329611778259277,-0.02578159049153328,0.34944549202919006,0.7343630194664001,-0.05961775407195091,0.28935736417770386,0.7427831888198853,-0.08804215490818024,0.23261627554893494,0.7500501275062561,-0.10928197205066681,0.45118993520736694,0.662911593914032,-0.032997991889715195,0.3426421880722046,0.6432955265045166,-0.062322065234184265,0.2745440900325775,0.6350902915000916,-0.08922183513641357,0.21046698093414307,0.628078818321228,-0.10887643694877625,0.4773889183998108,0.6038432121276855,-0.04633060470223427,0.3802874982357025,0.5761711597442627,-0.07610061019659042,0.3184238076210022,0.5616965889930725,-0.09537583589553833,0.25949108600616455,0.552038311958313,-0.10893838852643967,0.5198981761932373,0.5515245199203491,-0.06354277580976486,0.4481777548789978,0.521929919719696,-0.08856330066919327,0.3989497423171997,0.5090910196304321,-0.09809975326061249,0.3512188792228699,0.5021994113922119,-0.1047428548336029
0.6783270239830017,0.6505621671676636,4.436024312326481e-07,0.6121137738227844,0.7291876673698425,-0.030851440504193306,0.5218805074691772,0.7707897424697876,-0.046841323375701904,0.4433266818523407,0.7609947323799133,-0.06232846900820732,0.3801225423812866,0.7306281328201294,-0.07653841376304626,0.42111432552337646,0.698608934879303,-0.013844525441527367,0.32490986585617065,0.7009073495864868,-0.04143122211098671,0.26730984449386597,0.7091444730758667,-0.06671823561191559,0.21395763754844666,0.7143886089324951,-0.08616451174020767,0.42297694087028503,0.632294774055481,-0.02138131856918335,0.3159272074699402,0.6169445514678955,-0.04514244198799133,0.2488122433423996,0.6104030609130859,-0.07055490463972092,0.18753913044929504,0.6046664714813232,-0.08956170827150345,0.44594940543174744,0.5743765234947205,-0.03463737666606903,0.34979575872421265,0.5489785075187683,-0.05976632982492447,0.2894775867462158,0.5385410785675049,-0.07879029214382172,0.23253342509269714,0.533177375793457,-0.09286554157733917,0.484782874584198,0.5201298594474792,-0.051357202231884,0.4135430157184601,0.49323970079421997,-0.07418841868638992,0.3668539226055145,0.48172706365585327,-0.08336290717124939,0.32181036472320557,0.4744521975517273,-0.08976321667432785
0.6324284672737122,0.5792324542999268,4.334797836236248e-07,0.563722550868988,0.6644304990768433,-0.03151872009038925,0.4745233952999115,0.7066274881362915,-0.048244938254356384,0.39742809534072876,0.6942750215530396,-0.06432667374610901,0.3338277339935303,0.6635926365852356,-0.07889888435602188,0.379806250333786,0.6370471715927124,-0.01301446184515953,0.28491467237472534,0.6441777348518372,-0.04032956063747406,0.22901876270771027,0.6537952423095703,-0.06517276912927628,0.17880135774612427,0.6595683693885803,-0.08400338143110275,0.381935179233551,0.5738893747329712,-0.018905116245150566,0.27676838636398315,0.5648396611213684,-0.04193070903420448,0.21325179934501648,0.5622663497924805,-0.06597505509853363,0.15673935413360596,0.5610640645027161,-0.08395169675350189,0.40319880843162537,0.5179159045219421,-0.030811790376901627,0.3068537712097168,0.5002524256706238,-0.055121514946222305,0.2487654685974121,0.49427324533462524,-0.0725158154964447,0.1947561502456665,0.49304699897766113,-0.08543711155653,0.43959829211235046,0.46203139424324036,-0.046351782977581024,0.36864402890205383,0.4402157664299011,-0.06861338764429092,0.32190531492233276,0.4331783056259155,-0.07777763903141022,0.27695897221565247,0.4319301247596741,-0.08410273492336273
0.6163206696510315,0.5430263876914978,4.006466269856901e-07,0.5527060031890869,0.6256515383720398,-0.03426860645413399,0.4633474349975586,0.6717066764831543,-0.04857560619711876,0.38201552629470825,0.6641378402709961,-0.0612945593893528,0.3114916682243347,0.6498412489891052,-0.07187946140766144,0.3693656027317047,0.6119581460952759,-0.010385011322796345,0.2771461606025696,0.6213778257369995,-0.03587007522583008,0.22400374710559845,0.631150484085083,-0.05947292596101761,0.17322297394275665,0.6371856927871704,-0.07762841880321503,0.36734676361083984,0.5488642454147339,-0.013972101733088493,0.2653544247150421,0.5454921722412109,-0.034812189638614655,0.20285779237747192,0.5431370735168457,-0.05759398266673088,0.14446187019348145,0.5403921008110046,-0.07515523582696915,0.38618746399879456,0.49308648705482483,-0.024255989119410515,0.29303401708602905,0.47791439294815063,-0.04683440551161766,0.23620112240314484,0.4722861051559448,-0.06381580233573914,0.1817367523908615,0.47144657373428345,-0.07671742886304855,0.4194873571395874,0.4372667968273163,-0.03864813968539238,0.3505670428276062,0.41984736919403076,-0.05944768711924553,0.30488860607147217,0.41445910930633545,-0.06881949305534363,0.25970226526260376,0.4123081564903259,-0.07578285038471222
0.5996618866920471,0.5155400037765503,3.96216535136773e-07,0.5362472534179688,0.5996774435043335,-0.03545685485005379,0.4443413019180298,0.6442074179649353,-0.04762440174818039,0.36104440689086914,0.6404563188552856,-0.0579092875123024,0.28814369440078735,0.650067150592804,-0.06597406417131424,0.35638999938964844,0.5868123173713684,-0.007785682566463947,0.2654247581958771,0.6017102003097534,-0.03261713311076164,0.2128036916255951,0.6150106191635132,-0.05584496632218361,0.16198529303073883,0.6252081394195557,-0.07351147383451462,0.35403338074684143,0.5267966389656067,-0.01017417386174202,0.2538634240627289,0.5303522348403931,-0.03011373244225979,0.19183024764060974,0.5298120379447937,-0.05240974202752113,0.13380464911460876,0.527547299861908,-0.06956981122493744,0.37230196595191956,0.47347116470336914,-0.019716300070285797,0.2802213430404663,0.46299654245376587,-0.042007457464933395,0.22417084872722626,0.4584512412548065,-0.058732956647872925,0.17055541276931763,0.4578874409198761,-0.07117617130279541,0.4041682779788971,0.41865354776382446,-0.03362000733613968,0.3357272744178772,0.4062623381614685,-0.05408388003706932,0.2902452349662781,0.4028487801551819,-0.06359928101301193,0.2445981651544571,0.4016304314136505,-0.07067227363586426
0.58149254322052,0.49282780289649963,3.7500865346373757e-07,0.5190595984458923,0.5769748687744141,-0.034417666494846344,0.4289543926715851,0.6194309592247009,-0.04314006492495537,0.34708619117736816,0.6163448095321655,-0.050406284630298615,0.27724188566207886,0.6318362951278687,-0.05536506697535515,0.34514081478118896,0.5689478516578674,0.0023208684287965298,0.2565566301345825,0.5811971426010132,-0.0190418753772974,0.20539149641990662,0.5927007794380188,-0.04160560294985771,0.15617837011814117,0.6029407382011414,-0.05899946391582489,0.3423682749271393,0.5113843679428101,0.0015734966145828366,0.24583330750465393,0.5190479159355164,-0.0156499445438385,0.18522655963897705,0.5238704085350037,-0.03891303762793541,0.12720349431037903,0.5282344222068787,-0.057094234973192215,0.35835182666778564,0.4595721364021301,-0.00668752659112215,0.2689394950866699,0.4529324769973755,-0.026499511674046516,0.21360957622528076,0.4527823328971863,-0.044331882148981094,0.16230732202529907,0.4565831124782562,-0.057759057730436325,0.3872181177139282,0.4041643440723419,-0.01943068578839302,0.320872038602829,0.3944380283355713,-0.037101272493600845,0.27602124214172363,0.39438921213150024,-0.04688491299748421,0.2314734309911728,0.3960764408111572,-0.05461673438549042
0.5805860757827759,0.4952676594257355,3.959920888974011e-07,0.5162221789360046,0.5780245065689087,-0.033794667571783066,0.42752009630203247,0.6196342706680298,-0.04319535568356514,0.3455805778503418,0.6180801391601562,-0.05120323598384857,0.27446481585502625,0.6297602653503418,-0.05708977207541466,0.34625884890556335,0.572536826133728,0.0007645117584615946,0.25880515575408936,0.5869049429893494,-0.021610617637634277,0.2072734832763672,0.5972397327423096,-0.04416976496577263,0.15784478187561035,0.6060715913772583,-0.061309970915317535,0.34313443303108215,0.5139355659484863,-0.0004478351620491594,0.24770189821720123,0.5199610590934753,-0.018643967807292938,0.1866789311170578,0.5237817168235779,-0.041245490312576294,0.12912988662719727,0.5279098153114319,-0.05865969881415367,0.35923153162002563,0.45991840958595276,-0.008998734876513481,0.27104878425598145,0.4540620744228363,-0.030348587781190872,0.21560321748256683,0.4534679651260376,-0.047382429242134094,0.16540630161762238,0.45800307393074036,-0.05946455895900726,0.3887229263782501,0.40357568860054016,-0.021824881434440613,0.32192328572273254,0.3951413035392761,-0.04088809713721275,0.2764973044395447,0.39723488688468933,-0.05050160735845566,0.2327674925327301,0.4026167094707489,-0.05744852125644684
0.565940260887146,0.47689151763916016,3.9571466459165094e-07,0.5043691396713257,0.5594750642776489,-0.03272189944982529,0.4134216010570526,0.5992271304130554,-0.04027079790830612,0.332922101020813,0.5968490242958069,-0.04657014086842537,0.2655656337738037,0.6127910017967224,-0.050622034817934036,0.33524051308631897,0.5529224872589111,0.002773624612018466,0.24634236097335815,0.5618763566017151,-0.017594430595636368,0.19496245682239532,0.5684394240379333,-0.038818664848804474,0.14735011756420135,0.5747822523117065,-0.054920218884944916,0.3337692320346832,0.49939414858818054,0.0019485166994854808,0.23832020163536072,0.5096434354782104,-0.015431230887770653,0.17730940878391266,0.5159456729888916,-0.03851033374667168,0.12149089574813843,0.52320396900177,-0.05601271986961365,0.3490871489048004,0.44992730021476746,-0.006001168396323919,0.2615118622779846,0.44892361760139465,-0.025832146406173706,0.20600377023220062,0.4516044557094574,-0.04399454966187477,0.15636932849884033,0.45832622051239014,-0.057105693966150284,0.37595346570014954,0.3960508108139038,-0.018178842961788177,0.30888399481773376,0.3907370865345001,-0.03634107857942581,0.2632875442504883,0.393728643655777,-0.04686626046895981,0.219256192445755,0.3984217047691345,-0.05468577519059181
0.5555505752563477,0.4635758697986603,3.8051234696467873e-07,0.49371445178985596,0.5436193943023682,-0.031704194843769073,0.4059116244316101,0.5855333209037781,-0.039653170853853226,0.32716304063796997,0.5851148962974548,-0.046424370259046555,0.2607414126396179,0.595770001411438,-0.05074268579483032,0.33127468824386597,0.5436990261077881,0.0016263151774182916,0.2449912428855896,0.5575330257415771,-0.019402405247092247,0.19431927800178528,0.5634266138076782,-0.04034145176410675,0.1469738930463791,0.5668731927871704,-0.055996354669332504,0.32703131437301636,0.4918653070926666,0.0008773723384365439,0.23363089561462402,0.5056477189064026,-0.01688522659242153,0.1730986088514328,0.5122601985931396,-0.03817761689424515,0.11830097436904907,0.5177826881408691,-0.054071709513664246,0.34007275104522705,0.44279196858406067,-0.006825689226388931,0.25430044531822205,0.44631123542785645,-0.02643710747361183,0.19957922399044037,0.4493348002433777,-0.042136453092098236,0.15073539316654205,0.45522114634513855,-0.05310886353254318,0.36476612091064453,0.38904869556427,-0.01872527413070202,0.2986035943031311,0.38748419284820557,-0.035961855202913284,0.2538999915122986,0.39263299107551575,-0.04478919506072998,0.21115219593048096,0.39927753806114197,-0.05103837326169014
0.5527094006538391,0.46664997935295105,3.935959682621615e-07,0.4919111728668213,0.5477253198623657,-0.03314513713121414,0.4047093093395233,0.5859783291816711,-0.04147932305932045,0.32589191198349,0.5839946269989014,-0.04833756387233734,0.25801149010658264,0.5973943471908569,-0.05299241840839386,0.32922878861427307,0.5441110730171204,0.001440174994058907,0.2443220466375351,0.5587496757507324,-0.019848134368658066,0.1931365430355072,0.5655237436294556,-0.04163743183016777,0.14503636956214905,0.5699180364608765,-0.058102086186409,0.32459142804145813,0.49117809534072876,0.0012479409342631698,0.2320721298456192,0.5046671628952026,-0.016434578225016594,0.17117807269096375,0.5110480785369873,-0.0385591946542263,0.11523151397705078,0.516823947429657,-0.05552219972014427,0.33800798654556274,0.4420199990272522,-0.006112951319664717,0.2528202533721924,0.4455106258392334,-0.026085035875439644,0.19784829020500183,0.4482978284358978,-0.042682476341724396,0.14904150366783142,0.4544216990470886,-0.054505813866853714,0.3631472885608673,0.388133704662323,-0.017777815461158752,0.29766273498535156,0.38677048683166504,-0.03549636900424957,0.25289401412010193,0.39262738823890686,-0.04512549191713333,0.21022655069828033,0.40086090564727783,-0.052212126553058624
0.5462228655815125,0.4543110132217407,3.9909474480737117e-07,0.48619985580444336,0.5348974466323853,-0.03288441523909569,0.39943405985832214,0.5764336585998535,-0.04116715490818024,0.3208940625190735,0.5759760737419128,-0.04783521220088005,0.2542949318885803,0.5873150825500488,-0.051936641335487366,0.3238738775253296,0.5369271636009216,0.0014895206550136209,0.23855337500572205,0.5520849823951721,-0.018828442320227623,0.18792256712913513,0.5584497451782227,-0.03980090469121933,0.14031606912612915,0.5624004602432251,-0.05557559058070183,0.31903040409088135,0.48506584763526917,0.001803953549824655,0.22658199071884155,0.4991953670978546,-0.014887230470776558,0.16629257798194885,0.5054540634155273,-0.0360984168946743,0.11105918884277344,0.5108205080032349,-0.052201900631189346,0.3320685029029846,0.43625688552856445,-0.004858536180108786,0.2471611499786377,0.44061166048049927,-0.023423664271831512,0.19290748238563538,0.44485023617744446,-0.039053354412317276,0.14440903067588806,0.4520023465156555,-0.050156738609075546,0.35647812485694885,0.38212186098098755,-0.015802646055817604,0.2903669476509094,0.3824794590473175,-0.032223716378211975,0.24626973271369934,0.38963064551353455,-0.040798697620630264,0.20426271855831146,0.39812684059143066,-0.04693204164505005
0.5411702394485474,0.4421662986278534,4.022336668185744e-07,0.48236680030822754,0.5226261019706726,-0.034401874989271164,0.39685505628585815,0.5656233429908752,-0.04291796311736107,0.3175991177558899,0.5683016777038574,-0.049512993544340134,0.25021636486053467,0.5805253386497498,-0.053122684359550476,0.3209538459777832,0.5316342115402222,0.003012630855664611,0.23634940385818481,0.5499914884567261,-0.01707211136817932,0.18600668013095856,0.55640709400177,-0.03810376301407814,0.13870027661323547,0.559731125831604,-0.05380364507436752,0.31433016061782837,0.4797460436820984,0.004625522997230291,0.2229480892419815,0.49654847383499146,-0.011036859825253487,0.16346757113933563,0.5043436884880066,-0.03153972700238228,0.10891510546207428,0.5108513832092285,-0.04719835892319679,0.32588058710098267,0.4309629797935486,-0.0010964521206915379,0.2417050302028656,0.4374017119407654,-0.018505007028579712,0.18838374316692352,0.4427804946899414,-0.03288846090435982,0.14082886278629303,0.4506778419017792,-0.04324662685394287,0.34885910153388977,0.3766343295574188,-0.011376036331057549,0.28411856293678284,0.3782598376274109,-0.026433689519762993,0.24141722917556763,0.3863789439201355,-0.03387492522597313,0.20076990127563477,0.3962150812149048,-0.039240408688783646
0.5402282476425171,0.44530820846557617,3.725686497091374e-07,0.481609046459198,0.5251403450965881,-0.03187713027000427,0.3955598473548889,0.5659996271133423,-0.0402088426053524,0.317097932100296,0.5666435956954956,-0.04710182920098305,0.24981459975242615,0.5783295035362244,-0.051710329949855804,0.3197832703590393,0.5316150188446045,0.0009464800823479891,0.23497113585472107,0.5496413111686707,-0.019725890830159187,0.1847713589668274,0.5558188557624817,-0.040691908448934555,0.13757632672786713,0.5591248869895935,-0.05665549635887146,0.3138146698474884,0.47930067777633667,0.0004859268956352025,0.22203053534030914,0.49570417404174805,-0.01635291427373886,0.16293998062610626,0.5032308101654053,-0.03759228438138962,0.10854128003120422,0.51084965467453,-0.0540923997759819,0.32579734921455383,0.4298739731311798,-0.006875573191791773,0.24113652110099792,0.4358004629611969,-0.02598687633872032,0.18746782839298248,0.44086742401123047,-0.0419769324362278,0.1391633152961731,0.45013323426246643,-0.05364604294300079,0.3493209779262543,0.3754603862762451,-0.018373554572463036,0.28421685099601746,0.37741991877555847,-0.03587428107857704,0.24044308066368103,0.3862054944038391,-0.045481011271476746,0.1985510140657425,0.39793968200683594,-0.05261266604065895
0.5357843637466431,0.4319954514503479,3.6855726648354903e-07,0.47873640060424805,0.5141987800598145,-0.03222229704260826,0.39247673749923706,0.5581210851669312,-0.0399538017809391,0.3142172694206238,0.5605263710021973,-0.046190015971660614,0.24811068177223206,0.572523832321167,-0.049761369824409485,0.3166707158088684,0.5242857336997986,0.002766022924333811,0.2333185374736786,0.5426802039146423,-0.01740512065589428,0.1836460381746292,0.5489766597747803,-0.038263194262981415,0.13690130412578583,0.5519932508468628,-0.05397048220038414,0.3100685775279999,0.4734054207801819,0.002950244816020131,0.22015132009983063,0.4910586476325989,-0.013152357190847397,0.16109275817871094,0.5002545118331909,-0.033681511878967285,0.10650806128978729,0.5082182884216309,-0.04939359426498413,0.3212968409061432,0.42474254965782166,-0.003946170676499605,0.23753632605075836,0.43273213505744934,-0.02196761965751648,0.18468524515628815,0.4393709599971771,-0.03674089163541794,0.13691186904907227,0.448843389749527,-0.04737390950322151,0.3443762958049774,0.37012603878974915,-0.01517358049750328,0.27996382117271423,0.37314626574516296,-0.03136574849486351,0.2370411604642868,0.38250285387039185,-0.039728641510009766,0.19592173397541046,0.3938233256340027,-0.0457291454076767
0.5339704751968384,0.4359120726585388,3.6456987118071993e-07,0.4773297905921936,0.5172402858734131,-0.030846208333969116,0.3916085660457611,0.559069812297821,-0.03886120766401291,0.3145052492618561,0.5600548982620239,-0.04556135833263397,0.24841493368148804,0.5717379450798035,-0.050073426216840744,0.31573835015296936,0.526329755783081,0.0006546695367433131,0.2321828305721283,0.543975293636322,-0.019886482506990433,0.18269485235214233,0.5493148565292358,-0.040806978940963745,0.13607454299926758,0.551859974861145,-0.05675337836146355,0.30962178111076355,0.475051611661911,-0.0002961661957670003,0.2195732295513153,0.4917835593223572,-0.016771690919995308,0.16133888065814972,0.500042200088501,-0.03764316812157631,0.10711589455604553,0.5082696080207825,-0.05397991091012955,0.32104387879371643,0.4259537160396576,-0.007981279864907265,0.23718520998954773,0.4336458444595337,-0.026469316333532333,0.1843804121017456,0.439573734998703,-0.04172179475426674,0.1364111602306366,0.4492897391319275,-0.053055647760629654,0.34415626525878906,0.37116971611976624,-0.019775591790676117,0.2795066237449646,0.3745153546333313,-0.03688786178827286,0.23635435104370117,0.3836572766304016,-0.045965526252985,0.19482743740081787,0.39565733075141907,-0.05275679752230644
0.5296663641929626,0.423761785030365,3.9134502571869234e-07,0.4737633466720581,0.5031547546386719,-0.03353466838598251,0.3912057876586914,0.5494632720947266,-0.04280977323651314,0.3139127492904663,0.5544612407684326,-0.05018261447548866,0.2481617033481598,0.5685198307037354,-0.05470617115497589,0.3124806582927704,0.5178004503250122,0.0003839285927824676,0.22932249307632446,0.535946249961853,-0.019893089309334755,0.18055453896522522,0.5432662963867188,-0.04069402068853378,0.13490861654281616,0.5484616160392761,-0.056179288774728775,0.3054805397987366,0.4680495858192444,0.0014999541454017162,0.21548861265182495,0.486432284116745,-0.014846864156425,0.15698565542697906,0.4966190457344055,-0.035146135836839676,0.10391239821910858,0.5066531300544739,-0.050465259701013565,0.3164261281490326,0.4202154576778412,-0.004355737008154392,0.2333012819290161,0.4288078844547272,-0.022322123870253563,0.1806585192680359,0.43581339716911316,-0.03686797246336937,0.13409999012947083,0.4465879499912262,-0.04709720239043236,0.338896781206131,0.3665408194065094,-0.014554888010025024,0.2742202877998352,0.36957985162734985,-0.030332423746585846,0.2318529486656189,0.37937942147254944,-0.03825780004262924,0.19208049774169922,0.3917483389377594,-0.04376879706978798
0.5252493023872375,0.4202815294265747,3.3094107720899046e-07,0.47049909830093384,0.5000414252281189,-0.03126228600740433,0.3880273103713989,0.5461532473564148,-0.0395239032804966,0.31135088205337524,0.5502135753631592,-0.04646705836057663,0.2452656626701355,0.5631725788116455,-0.0512411892414093,0.3100074231624603,0.5142000317573547,0.0008722504135221243,0.22853897511959076,0.5354129672050476,-0.019231418147683144,0.1809890866279602,0.5445153117179871,-0.03998089209198952,0.1356687843799591,0.5508553385734558,-0.05614457651972771,0.3034287095069885,0.46473217010498047,4.917497426504269e-05,0.21437031030654907,0.4850647747516632,-0.016848629340529442,0.1574523001909256,0.4952407479286194,-0.03828995302319527,0.10414430499076843,0.5053841471672058,-0.05526728928089142,0.31463226675987244,0.41727373003959656,-0.007619989570230246,0.23166580498218536,0.4269423186779022,-0.02717183344066143,0.1792673021554947,0.4350137710571289,-0.04417937994003296,0.13179033994674683,0.44710850715637207,-0.05676981806755066,0.33715295791625977,0.3634066581726074,-0.019292131066322327,0.2728997468948364,0.3690750002861023,-0.03782600536942482,0.22965271770954132,0.38066378235816956,-0.04886317253112793,0.18778499960899353,0.3950343430042267,-0.057222455739974976
0.5207152962684631,0.4110395908355713,3.510610326884489e-07,0.46714913845062256,0.49034905433654785,-0.03351685032248497,0.3865783214569092,0.5390915274620056,-0.042658936232328415,0.3100505769252777,0.5465025901794434,-0.04989653453230858,0.24412646889686584,0.5603910684585571,-0.054510463029146194,0.3083171546459198,0.5093570947647095,0.00030280835926532745,0.22770127654075623,0.5319693088531494,-0.019746912643313408,0.1799953281879425,0.5423124432563782,-0.04073682799935341,0.13432183861732483,0.5501760840415955,-0.05694197118282318,0.3004032075405121,0.4607011675834656,0.0012654499150812626,0.212754487991333,0.48229533433914185,-0.015157225541770458,0.15617458522319794,0.4937340319156647,-0.03619519621133804,0.10335910320281982,0.5048600435256958,-0.0527343712747097,0.3103673756122589,0.4138162434101105,-0.00476536201313138,0.2289515733718872,0.42479994893074036,-0.023231472820043564,0.17695137858390808,0.4336684048175812,-0.039190586656332016,0.1303565353155136,0.4460914433002472,-0.05095987021923065,0.33166536688804626,0.36006423830986023,-0.015086105093359947,0.2684834599494934,0.36598771810531616,-0.03193427622318268,0.2264445722103119,0.37779170274734497,-0.04163637384772301,0.18637941777706146,0.39222222566604614,-0.048930004239082336
0.5183613300323486,0.41374215483665466,3.5571517287280585e-07,0.46688467264175415,0.4927436113357544,-0.03206046670675278,0.38630402088165283,0.5400344133377075,-0.04106806591153145,0.3105459213256836,0.5452045798301697,-0.048396382480859756,0.24493111670017242,0.5592013597488403,-0.053523316979408264,0.30823490023612976,0.5119832158088684,-0.001144224195741117,0.22688424587249756,0.533277690410614,-0.02156299166381359,0.1787918359041214,0.5422155261039734,-0.04245078191161156,0.13345330953598022,0.5489649176597595,-0.05861128494143486,0.3006311357021332,0.46264803409576416,-0.0013105191756039858,0.21181675791740417,0.48328348994255066,-0.01822713203728199,0.15494613349437714,0.4931666851043701,-0.03939046338200569,0.10223576426506042,0.5035099387168884,-0.05611136928200722,0.3108188807964325,0.4151245355606079,-0.008213844150304794,0.22843235731124878,0.4263018071651459,-0.027426930144429207,0.17619504034519196,0.4339166581630707,-0.04382225126028061,0.12955932319164276,0.445320188999176,-0.0560210682451725,0.3321363627910614,0.3613147437572479,-0.019193926826119423,0.26894956827163696,0.36762523651123047,-0.03718367964029312,0.22642935812473297,0.37931329011917114,-0.04769518971443176,0.185785174369812,0.3935839533805847,-0.05569517984986305
0.5173576474189758,0.40991339087486267,3.427749675211089e-07,0.46571630239486694,0.48821568489074707,-0.032755497843027115,0.38475242257118225,0.5354284048080444,-0.041652780026197433,0.30863699316978455,0.5415250062942505,-0.048697806894779205,0.2428494542837143,0.5550316572189331,-0.05343703180551529,0.3064188063144684,0.5065408945083618,-0.00037903181510046124,0.22636307775974274,0.5284789800643921,-0.02039254829287529,0.17889773845672607,0.5378380417823792,-0.04122822731733322,0.13382990658283234,0.5446773171424866,-0.057461708784103394,0.2987976670265198,0.4577205777168274,-1.2863444680988323e-05,0.21161770820617676,0.47884654998779297,-0.01671578362584114,0.1556936353445053,0.49081486463546753,-0.03828004002571106,0.10320135951042175,0.503239095211029,-0.055344969034194946,0.3089294135570526,0.41099467873573303,-0.006461013108491898,0.22767624258995056,0.4223676025867462,-0.025485211983323097,0.17626281082630157,0.4320293366909027,-0.042167291045188904,0.12993408739566803,0.4452137351036072,-0.05461644008755684,0.3303850591182709,0.35764405131340027,-0.017018955200910568,0.2679979205131531,0.36446264386177063,-0.03470670059323311,0.2258920967578888,0.37641069293022156,-0.045249953866004944,0.18515898287296295,0.3906932473182678,-0.05334487184882164
0.5144782066345215,0.40499621629714966,3.2561092666583136e-07,0.4629862308502197,0.486013799905777,-0.03158550336956978,0.3825635612010956,0.5329691767692566,-0.03993799537420273,0.3068028390407562,0.5380628108978271,-0.0468020886182785,0.24165767431259155,0.5507517457008362,-0.051482975482940674,0.3064051568508148,0.5035092830657959,0.0012486305786296725,0.22727660834789276,0.5248368382453918,-0.018763601779937744,0.18031656742095947,0.5346812605857849,-0.03977341949939728,0.13539408147335052,0.5425830483436584,-0.056197747588157654,0.29895663261413574,0.45460090041160583,0.0009440319263376296,0.21266987919807434,0.47454833984375,-0.015713457018136978,0.15755148231983185,0.4855385422706604,-0.037212781608104706,0.1052364856004715,0.49729734659194946,-0.05431342497467995,0.3087126314640045,0.4082035422325134,-0.006204076576977968,0.22794121503829956,0.41943204402923584,-0.025301232933998108,0.1768883615732193,0.4284282624721527,-0.041854485869407654,0.1305679976940155,0.4411492943763733,-0.05421943962574005,0.3293498158454895,0.35519781708717346,-0.017407938838005066,0.2670402228832245,0.3619256913661957,-0.03519323468208313,0.22510874271392822,0.37340500950813293,-0.04568556323647499,0.18458478152751923,0.387665718793869,-0.053767502307891846
0.5132619142532349,0.4062778651714325,3.35929655648215e-07,0.4625557065010071,0.48642200231552124,-0.03056188113987446,0.38258326053619385,0.5321776866912842,-0.03893694281578064,0.30749011039733887,0.5359445214271545,-0.04589896276593208,0.24311718344688416,0.5498884916305542,-0.05097227171063423,0.30658650398254395,0.5022116899490356,-0.001086894073523581,0.2269519865512848,0.5225391387939453,-0.02116173319518566,0.179818257689476,0.5333188772201538,-0.04184926673769951,0.13493134081363678,0.5430615544319153,-0.057975754141807556,0.2995086908340454,0.4538247287273407,-0.0020879702642560005,0.21250516176223755,0.4736234247684479,-0.018957793712615967,0.15651626884937286,0.48558714985847473,-0.04030255973339081,0.10399764776229858,0.49885568022727966,-0.05721451714634895,0.3096804916858673,0.40787118673324585,-0.009552059695124626,0.22823861241340637,0.4182276129722595,-0.028720375150442123,0.17686466872692108,0.42715466022491455,-0.045396044850349426,0.13070204854011536,0.4403267204761505,-0.05783132091164589,0.33065328001976013,0.3556942343711853,-0.020894695073366165,0.2680508494377136,0.36153608560562134,-0.03896994888782501,0.22566896677017212,0.3731479346752167,-0.049688082188367844,0.1852184236049652,0.38780567049980164,-0.057880301028490067
0.5151144862174988,0.4030911922454834,3.2947625072665687e-07,0.46504878997802734,0.48345327377319336,-0.032171692699193954,0.3832935094833374,0.5290290117263794,-0.04023340716958046,0.30746209621429443,0.5341587662696838,-0.046477850526571274,0.2427791953086853,0.5472415089607239,-0.05046757310628891,0.30731913447380066,0.4991830885410309,0.0010193220805376768,0.22861191630363464,0.5193659663200378,-0.01778886467218399,0.18173635005950928,0.5302408933639526,-0.038034845143556595,0.13726019859313965,0.5397825837135315,-0.05400220677256584,0.2994411587715149,0.45016130805015564,0.0013782426249235868,0.21359951794147491,0.4693232774734497,-0.01393326185643673,0.15877781808376312,0.4811458885669708,-0.034733984619379044,0.10729366540908813,0.4940699338912964,-0.05132237821817398,0.30934852361679077,0.4037325978279114,-0.005021411459892988,0.228708416223526,0.4145904779434204,-0.022713959217071533,0.17815598845481873,0.4239455461502075,-0.038632482290267944,0.1326107531785965,0.43688538670539856,-0.050673700869083405,0.3304225504398346,0.35117846727371216,-0.015519119799137115,0.26879584789276123,0.3582572638988495,-0.03208339586853981,0.22717657685279846,0.3698890507221222,-0.04183442145586014,0.18702112138271332,0.3835926949977875,-0.04938124120235443
0.5163979530334473,0.40265822410583496,3.316953893772734e-07,0.4646162986755371,0.4790400266647339,-0.03236440196633339,0.3840436339378357,0.5236958265304565,-0.041203297674655914,0.3092379570007324,0.5299100279808044,-0.048262372612953186,0.24458426237106323,0.5437461137771606,-0.053210288286209106,0.30924978852272034,0.49412789940834045,-0.0011994133237749338,0.23011177778244019,0.514435887336731,-0.021293945610523224,0.18290890753269196,0.5253021717071533,-0.04215763136744499,0.13816070556640625,0.5348669290542603,-0.058308083564043045,0.3025350868701935,0.44638413190841675,-0.0007936320616863668,0.21615898609161377,0.46444305777549744,-0.0173027403652668,0.16114619374275208,0.47538280487060547,-0.03844123333692551,0.10962997376918793,0.4874357283115387,-0.0551665835082531,0.31279489398002625,0.4009343981742859,-0.007047061808407307,0.23204289376735687,0.4105881452560425,-0.025517677888274193,0.18083076179027557,0.4191106855869293,-0.04165881499648094,0.1352769285440445,0.4313141405582428,-0.053697939962148666,0.3340969681739807,0.34923475980758667,-0.017365649342536926,0.2722190022468567,0.3553723990917206,-0.03424656763672829,0.23006391525268555,0.36611226201057434,-0.0442802794277668,0.1898232400417328,0.3789407014846802,-0.05200856178998947
0.5156875252723694,0.4030901789665222,3.4517492508712166e-07,0.46426427364349365,0.480208158493042,-0.032293789088726044,0.3852788805961609,0.5250383615493774,-0.041371919214725494,0.31118547916412354,0.5284812450408936,-0.04869994521141052,0.24678507447242737,0.541176974773407,-0.053942397236824036,0.30939897894859314,0.4946843385696411,-0.001971969148144126,0.23060235381126404,0.5139734745025635,-0.02263176627457142,0.18329691886901855,0.5239683985710144,-0.043904297053813934,0.13842226564884186,0.5329443216323853,-0.06038030609488487,0.3025919497013092,0.44672560691833496,-0.0019733752124011517,0.21582955121994019,0.46478042006492615,-0.01925421692430973,0.15971273183822632,0.47463804483413696,-0.04085290804505348,0.1076505184173584,0.485580712556839,-0.05794505029916763,0.31322380900382996,0.40133073925971985,-0.00865515973418951,0.23134508728981018,0.410086989402771,-0.028400879353284836,0.18011915683746338,0.4170912206172943,-0.04555627331137657,0.13489167392253876,0.4282769560813904,-0.05811964347958565,0.3349874019622803,0.34968262910842896,-0.0193374902009964,0.2724290192127228,0.35435253381729126,-0.03807060420513153,0.22978618741035461,0.3652988076210022,-0.04956984519958496,0.18925555050373077,0.3790323734283447,-0.05818745866417885
0.5190994739532471,0.40426141023635864,3.4686092931224266e-07,0.46547308564186096,0.4787803292274475,-0.03285811096429825,0.3849830627441406,0.52150958776474,-0.042007800191640854,0.3102707266807556,0.5262445211410522,-0.04933948442339897,0.2454269826412201,0.5379779934883118,-0.054641880095005035,0.3124625086784363,0.49285250902175903,-0.0015611604321748018,0.2334875911474228,0.511719822883606,-0.02226458676159382,0.18636147677898407,0.5208324193954468,-0.043682754039764404,0.1411915123462677,0.5282898545265198,-0.06019391864538193,0.3060309886932373,0.4440281093120575,-0.0010171975009143353,0.21977567672729492,0.460819810628891,-0.01810237392783165,0.16389815509319305,0.4708564281463623,-0.039943527430295944,0.1107996255159378,0.4816005825996399,-0.057182952761650085,0.3166230320930481,0.3977391719818115,-0.007173983845859766,0.23584750294685364,0.40634027123451233,-0.026122359558939934,0.18483154475688934,0.4137153625488281,-0.04243149980902672,0.13896693289279938,0.42434948682785034,-0.0544910691678524,0.338108628988266,0.34572821855545044,-0.017420729622244835,0.27651262283325195,0.3515644669532776,-0.03445317968726158,0.23462152481079102,0.36172008514404297,-0.04433651268482208,0.19428028166294098,0.3735591471195221,-0.05191758647561073
0.5181963443756104,0.40363797545433044,3.6116028923061094e-07,0.46519017219543457,0.4787438213825226,-0.0334383025765419,0.3854890465736389,0.5219835638999939,-0.04253382235765457,0.3109373152256012,0.5260443091392517,-0.049841154366731644,0.24585899710655212,0.5372145175933838,-0.05485914275050163,0.3118700087070465,0.4915226101875305,0.00013164756819605827,0.23265741765499115,0.5093656778335571,-0.020307036116719246,0.18562093377113342,0.51982581615448,-0.041662488132715225,0.14086848497390747,0.5298166871070862,-0.058053746819496155,0.3054041564464569,0.4431537687778473,0.0010046582901850343,0.2187650203704834,0.45994123816490173,-0.015929706394672394,0.1620086133480072,0.46966540813446045,-0.03771956264972687,0.10916793346405029,0.4805617928504944,-0.05481567233800888,0.31625115871429443,0.3974698483943939,-0.005099827889353037,0.23502033948898315,0.40546485781669617,-0.024233879521489143,0.18412470817565918,0.41156917810440063,-0.040807854384183884,0.1391512155532837,0.42179185152053833,-0.05283321067690849,0.33773842453956604,0.34615784883499146,-0.015398221090435982,0.2756592631340027,0.3519565463066101,-0.032965973019599915,0.23384416103363037,0.3625951409339905,-0.04334009811282158,0.19413051009178162,0.37509846687316895,-0.05108318850398064
0.5207080245018005,0.40105730295181274,3.209966905615147e-07,0.468673974275589,0.47489723563194275,-0.032361987978219986,0.3888791501522064,0.5181000232696533,-0.04134402051568031,0.31385645270347595,0.5215362310409546,-0.04839333891868591,0.24891602993011475,0.5326058864593506,-0.05344748869538307,0.3148752748966217,0.4889621436595917,-0.002521443646401167,0.23665520548820496,0.5088987946510315,-0.02284235879778862,0.18984702229499817,0.5179495811462402,-0.043744269758462906,0.14484255015850067,0.5250332355499268,-0.0598968006670475,0.30857008695602417,0.4404169023036957,-0.002068945672363043,0.22298496961593628,0.45784977078437805,-0.018796009942889214,0.1674056500196457,0.4678708612918854,-0.03994216397404671,0.11425384879112244,0.478235125541687,-0.056730445474386215,0.31905364990234375,0.3948078155517578,-0.008128182962536812,0.2390352189540863,0.40241357684135437,-0.02679963782429695,0.18862007558345795,0.4089961051940918,-0.04267236962914467,0.14268098771572113,0.4191150665283203,-0.05447850376367569,0.3404962122440338,0.3434827923774719,-0.018216602504253387,0.2787683308124542,0.34852686524391174,-0.03517238795757294,0.23730438947677612,0.35799098014831543,-0.0448494479060173,0.1971198171377182,0.3696046471595764,-0.05226726084947586
0.5205831527709961,0.3937455713748932,3.3804144550231285e-07,0.4693402647972107,0.46695202589035034,-0.0316353440284729,0.3905949890613556,0.5118625164031982,-0.04053077474236488,0.31631046533584595,0.517190158367157,-0.04745938256382942,0.2520933449268341,0.5254993438720703,-0.05215119943022728,0.3150390684604645,0.4836011826992035,-0.0012070754310116172,0.23672333359718323,0.5030614733695984,-0.020505836233496666,0.18971961736679077,0.5104438066482544,-0.0404718816280365,0.14552079141139984,0.5150340795516968,-0.05574505031108856,0.3087259829044342,0.4353518486022949,-0.0005448704469017684,0.22363615036010742,0.4523354768753052,-0.015881353989243507,0.16822803020477295,0.4613892436027527,-0.03588128462433815,0.11685976386070251,0.4699263274669647,-0.05166386812925339,0.31926214694976807,0.38990214467048645,-0.006325561087578535,0.24063241481781006,0.3978002667427063,-0.023419270291924477,0.19080756604671478,0.40424486994743347,-0.0383419468998909,0.14602909982204437,0.4138542115688324,-0.049500223249197006,0.3407739996910095,0.33897972106933594,-0.016096463426947594,0.280023455619812,0.3434354364871979,-0.031701091676950455,0.2397085577249527,0.3524675667285919,-0.040484990924596786,0.20102746784687042,0.36352574825286865,-0.04714242368936539
0.5199909210205078,0.3869120478630066,3.449378880304721e-07,0.4688243269920349,0.4575541615486145,-0.030992869287729263,0.39128294587135315,0.5008178949356079,-0.0399523600935936,0.3183754086494446,0.5053606033325195,-0.04731399565935135,0.2557636499404907,0.5114759206771851,-0.05257606878876686,0.3164350092411041,0.47422292828559875,-0.0010254383087158203,0.2393656224012375,0.49248063564300537,-0.021223407238721848,0.1922994703054428,0.4988252818584442,-0.04202963784337044,0.14802001416683197,0.5014066696166992,-0.05779874697327614,0.30996429920196533,0.4271198809146881,-0.0007886865641921759,0.22603026032447815,0.44394612312316895,-0.017026880756020546,0.17085467278957367,0.4532310664653778,-0.03768998757004738,0.1191723644733429,0.460724800825119,-0.05388228967785835,0.3199410140514374,0.38225236535072327,-0.006940946448594332,0.24153582751750946,0.3879585862159729,-0.0245705284178257,0.19265370070934296,0.3939870595932007,-0.03957686945796013,0.14904427528381348,0.40216758847236633,-0.05069310590624809,0.3411242365837097,0.33178532123565674,-0.017100106924772263,0.2810652256011963,0.33537548780441284,-0.03268728405237198,0.24086448550224304,0.3439249098300934,-0.041432928293943405,0.20223690569400787,0.3541918992996216,-0.04810088500380516
0.5180541276931763,0.3881779611110687,3.434922177802946e-07,0.4668472111225128,0.4594706594944,-0.030014419928193092,0.38881826400756836,0.5011729598045349,-0.037922315299510956,0.3163442611694336,0.5043610334396362,-0.04426233097910881,0.2540993392467499,0.5122216939926147,-0.048563238233327866,0.3160342276096344,0.4739174246788025,0.00028633337933570147,0.23967832326889038,0.49280568957328796,-0.01875234581530094,0.193047896027565,0.5001130700111389,-0.03865773230791092,0.14927995204925537,0.5043635368347168,-0.05396265164017677,0.30994462966918945,0.4273345470428467,0.00023961978149600327,0.22641140222549438,0.44345054030418396,-0.015011044219136238,0.17087674140930176,0.451830118894577,-0.035154178738594055,0.11907412111759186,0.4592188000679016,-0.0512242428958416,0.3204083740711212,0.38311320543289185,-0.006195351481437683,0.24324382841587067,0.38968363404273987,-0.023492539301514626,0.19402728974819183,0.3945689797401428,-0.03904849290847778,0.1496620923280716,0.4021231234073639,-0.050791651010513306,0.3416987955570221,0.3330613970756531,-0.016504041850566864,0.2827140688896179,0.335962176322937,-0.03253393620252609,0.24250617623329163,0.3435666859149933,-0.0421728640794754,0.2032560110092163,0.3526647090911865,-0.04966709017753601
0.5194687843322754,0.3801474869251251,3.5237326301285066e-07,0.46600401401519775,0.44900113344192505,-0.03120282292366028,0.39021405577659607,0.48809149861335754,-0.04057527706027031,0.3190206289291382,0.4899357557296753,-0.048177748918533325,0.25762873888015747,0.49613237380981445,-0.053577445447444916,0.3186422884464264,0.4579474925994873,-0.0016977882478386164,0.24085649847984314,0.4751068949699402,-0.021680131554603577,0.1934974640607834,0.4824744760990143,-0.0419706329703331,0.14929594099521637,0.48675936460494995,-0.0572003573179245,0.31361594796180725,0.41235819458961487,-0.001020830124616623,0.23027068376541138,0.42647045850753784,-0.017288533970713615,0.17555232346057892,0.4344604015350342,-0.03775591403245926,0.12421472370624542,0.4409909248352051,-0.05363452807068825,0.32388022541999817,0.3697647452354431,-0.006635872181504965,0.24637867510318756,0.3737383484840393,-0.023902617394924164,0.1982899308204651,0.37850892543792725,-0.038480449467897415,0.1553627848625183,0.3853908181190491,-0.04915891960263252,0.34469205141067505,0.3219795227050781,-0.016244197264313698,0.2848970592021942,0.3245253264904022,-0.031258441507816315,0.24500533938407898,0.33219751715660095,-0.03951350972056389,0.20691251754760742,0.34166228771209717,-0.045711856335401535
0.5187922716140747,0.36725112795829773,3.29464569404081e-07,0.46650975942611694,0.43745261430740356,-0.02818051539361477,0.3895990252494812,0.4766044020652771,-0.03593398258090019,0.31904101371765137,0.4756423532962799,-0.04247279837727547,0.25920164585113525,0.48063740134239197,-0.04709532856941223,0.31933391094207764,0.44602441787719727,-0.0004576652427203953,0.24335825443267822,0.4598918855190277,-0.019847936928272247,0.19684608280658722,0.4649074375629425,-0.039601605385541916,0.15305982530117035,0.46840205788612366,-0.05461101233959198,0.31401270627975464,0.40092185139656067,-0.001372998463921249,0.23215655982494354,0.4124152660369873,-0.017126768827438354,0.17814356088638306,0.4200544059276581,-0.0369911789894104,0.12711799144744873,0.42800623178482056,-0.05256911739706993,0.32440513372421265,0.3590962290763855,-0.008234296925365925,0.2488633394241333,0.36053961515426636,-0.024930421262979507,0.20159849524497986,0.36276400089263916,-0.03900713846087456,0.1589781492948532,0.3686830401420593,-0.04952678456902504,0.34593793749809265,0.312690794467926,-0.01889190822839737,0.28746458888053894,0.3119649887084961,-0.03356923162937164,0.2483374923467636,0.31716081500053406,-0.04154622182250023,0.21097880601882935,0.3247545063495636,-0.047725021839141846
0.5170916318893433,0.3677098751068115,3.342762227021012e-07,0.4662055969238281,0.4362216591835022,-0.027156399562954903,0.39041998982429504,0.47512614727020264,-0.03408828750252724,0.319965124130249,0.4737323522567749,-0.03971258923411369,0.2604173421859741,0.48073047399520874,-0.043482132256031036,0.32080304622650146,0.4474174976348877,-0.0009161144262179732,0.2451135367155075,0.4617154002189636,-0.019226621836423874,0.19943074882030487,0.4660971760749817,-0.03776067867875099,0.15647649765014648,0.46892479062080383,-0.051758773624897,0.31522566080093384,0.40217649936676025,-0.0017058224184438586,0.2333107590675354,0.4152162969112396,-0.016333503648638725,0.17883320152759552,0.4224123954772949,-0.03474285826086998,0.1284300684928894,0.42976272106170654,-0.049248211085796356,0.3253345191478729,0.3594462275505066,-0.00826951116323471,0.2506461441516876,0.36357513070106506,-0.024318138137459755,0.20371240377426147,0.3659735321998596,-0.03787396475672722,0.16181683540344238,0.37194696068763733,-0.04795204848051071,0.346008837223053,0.31169071793556213,-0.018479827791452408,0.28807663917541504,0.3118974566459656,-0.033027440309524536,0.24915453791618347,0.31747400760650635,-0.04098572954535484,0.21197234094142914,0.32482969760894775,-0.0470251627266407
0.5153866410255432,0.3606431186199188,3.514396382797713e-07,0.465837299823761,0.42830953001976013,-0.03177763149142265,0.39320647716522217,0.46654361486434937,-0.0417470708489418,0.3234270215034485,0.46528053283691406,-0.04957445710897446,0.2631891965866089,0.4688909649848938,-0.05535990744829178,0.3205561935901642,0.4374935030937195,-0.004663753788918257,0.24441459774971008,0.449127197265625,-0.024181688204407692,0.19843314588069916,0.4534509479999542,-0.04389176145195961,0.1553562879562378,0.45643845200538635,-0.05895783752202988,0.3158325254917145,0.3912258744239807,-0.003576424205675721,0.2344214916229248,0.4013606011867523,-0.019523469731211662,0.18230608105659485,0.4083089232444763,-0.03955606743693352,0.133024662733078,0.416157066822052,-0.05545075982809067,0.3262915313243866,0.34902048110961914,-0.008560742251574993,0.2512723207473755,0.34936827421188354,-0.02575382962822914,0.20444390177726746,0.3524831533432007,-0.04043184220790863,0.16235478222370148,0.3593984842300415,-0.05145300179719925,0.34725040197372437,0.3021463453769684,-0.017461692914366722,0.28920793533325195,0.3025391101837158,-0.03286406770348549,0.2505589723587036,0.30901962518692017,-0.0416620597243309,0.21349595487117767,0.3180098235607147,-0.04845420643687248
0.5149793028831482,0.36032548546791077,3.619477411120897e-07,0.4645107686519623,0.42809149622917175,-0.03150421380996704,0.3922562003135681,0.4659166634082794,-0.04049568995833397,0.3222525119781494,0.46361371874809265,-0.047267843037843704,0.26142093539237976,0.46921825408935547,-0.05186253413558006,0.3209206461906433,0.43811914324760437,-0.0017989230109378695,0.24634544551372528,0.4502187669277191,-0.020220326259732246,0.20140042901039124,0.45469653606414795,-0.039584796875715256,0.1588287651538849,0.4583604633808136,-0.05442623049020767,0.3153234124183655,0.39197149872779846,-0.00019848418014589697,0.2347167432308197,0.4020617604255676,-0.014772186055779457,0.18192850053310394,0.408347487449646,-0.0341939739882946,0.13267627358436584,0.4161682426929474,-0.04978133738040924,0.3257114887237549,0.3496793508529663,-0.004866973962634802,0.25236040353775024,0.35088062286376953,-0.02103654108941555,0.20593690872192383,0.3527582287788391,-0.03549445420503616,0.16482193768024445,0.3588798940181732,-0.046383336186409,0.3466695547103882,0.3024704158306122,-0.013486946932971478,0.28991320729255676,0.3015975058078766,-0.028209233656525612,0.25137582421302795,0.3070973753929138,-0.036926332861185074,0.21459315717220306,0.3148558735847473,-0.04364626854658127
0.5170819163322449,0.3593945801258087,3.483713157947932e-07,0.4665360450744629,0.4229007065296173,-0.03239939734339714,0.39635980129241943,0.45907139778137207,-0.04285486787557602,0.3279288113117218,0.4564431607723236,-0.050889693200588226,0.2673996090888977,0.46019411087036133,-0.05663619562983513,0.3233940601348877,0.43276146054267883,-0.003413819707930088,0.24865590035915375,0.44429904222488403,-0.02242031693458557,0.20377635955810547,0.4475015699863434,-0.04206874594092369,0.1614488810300827,0.44892871379852295,-0.05694892257452011,0.3185519278049469,0.3864154815673828,-0.0013169359881430864,0.23880022764205933,0.396915078163147,-0.016337929293513298,0.1871451735496521,0.40347224473953247,-0.03578440472483635,0.1385210156440735,0.41021421551704407,-0.0513080470263958,0.3289962708950043,0.34426793456077576,-0.005473307799547911,0.2558687627315521,0.34477147459983826,-0.02166787162423134,0.20944739878177643,0.3475227952003479,-0.03555915504693985,0.16809137165546417,0.35365116596221924,-0.04602593556046486,0.34990641474723816,0.2973598539829254,-0.013651669025421143,0.29287153482437134,0.29696717858314514,-0.02819126471877098,0.25438570976257324,0.30333465337753296,-0.03644315153360367,0.217398002743721,0.3123851418495178,-0.04275441914796829
0.5186594128608704,0.3560117483139038,3.389362746020197e-07,0.4683939814567566,0.420745313167572,-0.03148021548986435,0.3958073854446411,0.4564306437969208,-0.04011664167046547,0.32716187834739685,0.4528147280216217,-0.04637749120593071,0.2674664556980133,0.45542222261428833,-0.050229981541633606,0.3258804976940155,0.42890286445617676,-0.0004433434223756194,0.25166401267051697,0.43939247727394104,-0.017452886328101158,0.20733539760112762,0.4436456561088562,-0.035898707807064056,0.16590744256973267,0.4470755457878113,-0.0501786433160305,0.3211488723754883,0.3828786611557007,0.0018438110128045082,0.24106934666633606,0.39157214760780334,-0.011368145234882832,0.1896367073059082,0.39720597863197327,-0.030094929039478302,0.14211885631084442,0.40439528226852417,-0.04521742835640907,0.33186548948287964,0.34134116768836975,-0.002139766002073884,0.25867074728012085,0.3415805399417877,-0.017084162682294846,0.21191832423210144,0.34364140033721924,-0.031436704099178314,0.17098908126354218,0.34950095415115356,-0.042411498725414276,0.3528285324573517,0.29450568556785583,-0.010046166367828846,0.29648059606552124,0.29243919253349304,-0.02375701628625393,0.2580885589122772,0.29767006635665894,-0.032362520694732666,0.22166012227535248,0.30556920170783997,-0.039133138954639435
0.5187481045722961,0.35702696442604065,3.428505692681938e-07,0.46795034408569336,0.4223514199256897,-0.030938182026147842,0.39449286460876465,0.4572996199131012,-0.039501480758190155,0.32624292373657227,0.4519592523574829,-0.045800261199474335,0.2668417990207672,0.4554426074028015,-0.049970656633377075,0.32631972432136536,0.42802882194519043,-0.002581758890300989,0.25290030241012573,0.4378357529640198,-0.020667610689997673,0.20858588814735413,0.4428703188896179,-0.03966348618268967,0.16675543785095215,0.44811558723449707,-0.05440797656774521,0.3214001953601837,0.38232290744781494,-0.001174741773866117,0.24112734198570251,0.3896963596343994,-0.015605228021740913,0.18900996446609497,0.3953133225440979,-0.03490829840302467,0.14070887863636017,0.4035838842391968,-0.050538502633571625,0.3323935866355896,0.3413606584072113,-0.005875622387975454,0.2592952251434326,0.34049275517463684,-0.02208903431892395,0.21245402097702026,0.3420744836330414,-0.037078600376844406,0.17129039764404297,0.3484814763069153,-0.04851978272199631,0.3536631762981415,0.29518070816993713,-0.014396323822438717,0.29748132824897766,0.2919054329395294,-0.029557764530181885,0.2589125633239746,0.2968987226486206,-0.03907589614391327,0.2220544070005417,0.3053320050239563,-0.04654143750667572
0.5171087384223938,0.3531920313835144,3.4182946251348767e-07,0.4684923589229584,0.41891878843307495,-0.03280049189925194,0.39887017011642456,0.45465344190597534,-0.04239354655146599,0.3305981457233429,0.4502360224723816,-0.049244578927755356,0.2707236111164093,0.45250821113586426,-0.053673598915338516,0.32602134346961975,0.42584937810897827,-0.001300849369727075,0.2533738613128662,0.4363704323768616,-0.01819969154894352,0.21032403409481049,0.44036993384361267,-0.036864493042230606,0.1695297658443451,0.443423867225647,-0.05154426023364067,0.3213396966457367,0.37949419021606445,0.0015954378759488463,0.24236325919628143,0.38757777214050293,-0.011506934650242329,0.19231601059436798,0.3925543427467346,-0.03067883476614952,0.1450452208518982,0.3994801640510559,-0.04653358459472656,0.33235782384872437,0.33897191286087036,-0.0018853474175557494,0.26100271940231323,0.3379569351673126,-0.017159195616841316,0.2147594839334488,0.34016191959381104,-0.0323418565094471,0.17369884252548218,0.3466399908065796,-0.04424995183944702,0.3537067174911499,0.29345980286598206,-0.009327145293354988,0.299104243516922,0.29025882482528687,-0.023738132789731026,0.26142334938049316,0.2951187491416931,-0.03326893225312233,0.22489827871322632,0.30299046635627747,-0.040965307503938675
0.5191958546638489,0.3528815507888794,3.425162162784545e-07,0.4690853953361511,0.4155937135219574,-0.03210657835006714,0.39958277344703674,0.4517292082309723,-0.04186996445059776,0.33193671703338623,0.44862401485443115,-0.049193356186151505,0.27244722843170166,0.4505205750465393,-0.054192304611206055,0.3289625644683838,0.42460715770721436,-0.001854132628068328,0.25616106390953064,0.4355367422103882,-0.019543424248695374,0.2128615528345108,0.43969041109085083,-0.03846138343214989,0.17173196375370026,0.44267141819000244,-0.053243350237607956,0.3242962658405304,0.37916529178619385,0.00038716307608410716,0.24596711993217468,0.3878209888935089,-0.013699119910597801,0.19555212557315826,0.3926897346973419,-0.033027756959199905,0.148077130317688,0.39885300397872925,-0.04877917468547821,0.33504894375801086,0.33835840225219727,-0.0036917044781148434,0.26407045125961304,0.3386089503765106,-0.01974315010011196,0.21768327057361603,0.3403325080871582,-0.03499550744891167,0.17636366188526154,0.3461330831050873,-0.04667079821228981,0.3560860753059387,0.2928101718425751,-0.011658381670713425,0.30151814222335815,0.29059886932373047,-0.026641884818673134,0.2637304961681366,0.2956737279891968,-0.0363263264298439,0.22718985378742218,0.3032764792442322,-0.04394252225756645
0.5193647146224976,0.3509666323661804,3.412778539768624e-07,0.46987587213516235,0.4145497679710388,-0.03218814358115196,0.4022868871688843,0.4509814381599426,-0.042669493705034256,0.3356885612010956,0.4460275173187256,-0.05060599371790886,0.27740201354026794,0.44736117124557495,-0.05626290291547775,0.33094510436058044,0.42270782589912415,-0.004558308515697718,0.2583922743797302,0.4335358142852783,-0.022923853248357773,0.2151171714067459,0.4375837743282318,-0.04197876527905464,0.17418627440929413,0.44055840373039246,-0.05666995048522949,0.3260378837585449,0.37713566422462463,-0.002317810896784067,0.24815736711025238,0.3861498534679413,-0.01711195334792137,0.19761508703231812,0.39110851287841797,-0.03639711067080498,0.150186225771904,0.39741501212120056,-0.052023034542798996,0.3363593816757202,0.3363439440727234,-0.0061880312860012054,0.26593148708343506,0.33614370226860046,-0.022638697177171707,0.2199961543083191,0.3373444378376007,-0.03781018778681755,0.17939583957195282,0.343054860830307,-0.04928550124168396,0.3568325936794281,0.29082709550857544,-0.013902602717280388,0.30208393931388855,0.28806063532829285,-0.029043814167380333,0.26464423537254333,0.2934141457080841,-0.03870877996087074,0.22882430255413055,0.30212607979774475,-0.04620235413312912
0.5183953046798706,0.34965357184410095,3.4960669381689513e-07,0.4690311551094055,0.41492754220962524,-0.031848348677158356,0.40138038992881775,0.4517984986305237,-0.04228688031435013,0.3351464569568634,0.4459945559501648,-0.05022094398736954,0.2770967483520508,0.44795262813568115,-0.05595479905605316,0.33018437027931213,0.42117562890052795,-0.00490146828815341,0.25858619809150696,0.43241894245147705,-0.023595763370394707,0.21558979153633118,0.43696245551109314,-0.042972154915332794,0.17467989027500153,0.4407777786254883,-0.05785172060132027,0.32539358735084534,0.37622615694999695,-0.003035421948879957,0.24791547656059265,0.3847288191318512,-0.018033338710665703,0.1972452700138092,0.3901144564151764,-0.03726513683795929,0.149727925658226,0.3972443640232086,-0.05281273275613785,0.33607640862464905,0.33607012033462524,-0.007249297108501196,0.2656806707382202,0.33538374304771423,-0.023751933127641678,0.2202616035938263,0.3367308974266052,-0.03847580775618553,0.18005923926830292,0.34269312024116516,-0.04960496351122856,0.3569912612438202,0.2910897731781006,-0.015320648439228535,0.3021678328514099,0.28764522075653076,-0.0305426474660635,0.26479125022888184,0.29253602027893066,-0.039891429245471954,0.22882907092571259,0.30078691244125366,-0.0471007265150547
0.52007657289505,0.35153087973594666,3.680415829876438e-07,0.47143638134002686,0.41567301750183105,-0.03349689021706581,0.4031754434108734,0.4509350657463074,-0.043227389454841614,0.33679214119911194,0.44604986906051636,-0.050181303173303604,0.27835389971733093,0.4471468925476074,-0.054530903697013855,0.3312080204486847,0.42324501276016235,-0.00026101709227077663,0.2595595121383667,0.4332835078239441,-0.01685856096446514,0.21668259799480438,0.4371386468410492,-0.03569907695055008,0.17603625357151031,0.4404260218143463,-0.050422120839357376,0.3266814351081848,0.3780774176120758,0.0032163166906684637,0.24952997267246246,0.38598695397377014,-0.009488373063504696,0.1991712599992752,0.3906041383743286,-0.028484871610999107,0.1522524654865265,0.3970073461532593,-0.044098470360040665,0.33749067783355713,0.33821648359298706,0.00012969008821528405,0.26738864183425903,0.33728140592575073,-0.014546015299856663,0.22183626890182495,0.33805927634239197,-0.02918524667620659,0.18186724185943604,0.3429935872554779,-0.04050559550523758,0.3581821024417877,0.2932945489883423,-0.007091112434864044,0.3040333688259125,0.2901645600795746,-0.020622707903385162,0.2671494781970978,0.2943630814552307,-0.029407702386379242,0.23164939880371094,0.30118244886398315,-0.03646015003323555
0.5193995237350464,0.35252645611763,3.567392923287116e-07,0.4705786108970642,0.41836902499198914,-0.031042976304888725,0.40204912424087524,0.4536225497722626,-0.04035887494683266,0.33561941981315613,0.44711142778396606,-0.04735444486141205,0.277383416891098,0.4503859281539917,-0.052208855748176575,0.33201315999031067,0.42413073778152466,-0.002239609370008111,0.2608451843261719,0.43485963344573975,-0.019977886229753494,0.21814356744289398,0.4386618137359619,-0.03900173678994179,0.17727862298488617,0.4420619010925293,-0.053662169724702835,0.3275830149650574,0.3798501491546631,-0.0005055245710536838,0.24990420043468475,0.38799822330474854,-0.014321032911539078,0.19901493191719055,0.3931022882461548,-0.03317101299762726,0.15130756795406342,0.3999279737472534,-0.04854747653007507,0.3386166989803314,0.34021782875061035,-0.004910553805530071,0.2682967782020569,0.3391817510128021,-0.020417293533682823,0.22276033461093903,0.3401525020599365,-0.034819867461919785,0.182318314909935,0.3454189598560333,-0.04589519277215004,0.3597140610218048,0.29549917578697205,-0.01318945363163948,0.30554503202438354,0.291659951210022,-0.0275036059319973,0.2684912085533142,0.29579949378967285,-0.03631872311234474,0.23263956606388092,0.3028825521469116,-0.04329127445816994
0.5189943313598633,0.3528166711330414,3.646612753982481e-07,0.47083935141563416,0.41816431283950806,-0.03248894214630127,0.4033084511756897,0.4537408649921417,-0.04259373992681503,0.3369767665863037,0.44774988293647766,-0.05020971596240997,0.27855297923088074,0.44941970705986023,-0.055642418563365936,0.33178865909576416,0.4248013496398926,-0.002758435904979706,0.2605575919151306,0.43557441234588623,-0.020658457651734352,0.21768376231193542,0.43874454498291016,-0.03997662290930748,0.17669884860515594,0.44050997495651245,-0.0549079105257988,0.32775676250457764,0.3796406388282776,-0.0004602673288900405,0.2505747377872467,0.38858428597450256,-0.014685253612697124,0.1995278000831604,0.39379745721817017,-0.034495651721954346,0.15130718052387238,0.40006497502326965,-0.05065247416496277,0.33889952301979065,0.33955106139183044,-0.0044463397935032845,0.26871824264526367,0.3382836878299713,-0.020579302683472633,0.22335441410541534,0.3393738865852356,-0.03613676875829697,0.18309621512889862,0.34447091817855835,-0.04796452447772026,0.35997825860977173,0.29480817914009094,-0.012364980764687061,0.30537763237953186,0.29225146770477295,-0.027317414060235023,0.26820680499076843,0.29715782403945923,-0.03698670491576195,0.23224566876888275,0.304792582988739,-0.04459269717335701
0.5336864590644836,0.38304415345191956,3.6883932352793636e-07,0.4871423840522766,0.44956788420677185,-0.03116687387228012,0.41866546869277954,0.487440824508667,-0.040736932307481766,0.3529699742794037,0.48176097869873047,-0.048340365290641785,0.2953745424747467,0.48563385009765625,-0.053879544138908386,0.3475797772407532,0.45695027709007263,-0.0011043061967939138,0.2747820317745209,0.4693399667739868,-0.01882351189851761,0.23088034987449646,0.47339725494384766,-0.03778575733304024,0.18947428464889526,0.4753039479255676,-0.05204569920897484,0.34301018714904785,0.4137321710586548,0.0007074631284922361,0.26527267694473267,0.42367544770240784,-0.012939967215061188,0.21517883241176605,0.42951324582099915,-0.03054635226726532,0.16761980950832367,0.4340306520462036,-0.044236600399017334,0.3528246283531189,0.37358441948890686,-0.0037440559826791286,0.2789912521839142,0.3754466474056244,-0.01860761269927025,0.2350883185863495,0.3800608813762665,-0.031031351536512375,0.19512276351451874,0.3872622847557068,-0.040129758417606354,0.37295395135879517,0.32860738039016724,-0.012289492413401604,0.3164333403110504,0.3252578377723694,-0.02585981786251068,0.2790033519268036,0.32954102754592896,-0.03323255851864815,0.24287483096122742,0.33687764406204224,-0.03858620300889015
0.5414958000183105,0.3892589211463928,3.341699255088315e-07,0.4947577714920044,0.45887047052383423,-0.031042685732245445,0.4239780008792877,0.4969232678413391,-0.04043641313910484,0.3549613058567047,0.49052178859710693,-0.047239962965250015,0.29571935534477234,0.49511924386024475,-0.052006762474775314,0.354023277759552,0.46293923258781433,-0.006449757609516382,0.28010672330856323,0.47566550970077515,-0.02454974688589573,0.23644600808620453,0.4807310700416565,-0.04269402101635933,0.1959128975868225,0.4849976897239685,-0.05643986165523529,0.34916800260543823,0.41845858097076416,-0.004680991638451815,0.2699972689151764,0.4295397996902466,-0.019101912155747414,0.21861961483955383,0.43543222546577454,-0.03682692348957062,0.1719730645418167,0.4422912001609802,-0.050861045718193054,0.35963115096092224,0.37765657901763916,-0.008785144425928593,0.28647011518478394,0.3792569637298584,-0.025023071095347404,0.24055469036102295,0.3814098536968231,-0.039212193340063095,0.19985990226268768,0.38790586590766907,-0.04963013902306557,0.37968605756759644,0.3319762647151947,-0.016614461317658424,0.3228204846382141,0.33071765303611755,-0.03209789842367172,0.2850457429885864,0.3377985954284668,-0.04149327799677849,0.24942611157894135,0.34805044531822205,-0.048367515206336975
0.543791651725769,0.3904276490211487,3.371242485172843e-07,0.49575820565223694,0.4572356939315796,-0.029671361669898033,0.42507171630859375,0.4948118329048157,-0.03855964541435242,0.3568665087223053,0.49201658368110657,-0.045402850955724716,0.29784780740737915,0.4981076121330261,-0.05021878331899643,0.35559651255607605,0.4644990563392639,-0.003246690845116973,0.28268110752105713,0.476372092962265,-0.021509291604161263,0.2390519678592682,0.4807509481906891,-0.040061116218566895,0.19788020849227905,0.4839619994163513,-0.05428285524249077,0.34974032640457153,0.4192321002483368,-0.002508428180590272,0.2707921266555786,0.4288617670536041,-0.017048059031367302,0.2196940928697586,0.4344243109226227,-0.035400256514549255,0.17230790853500366,0.44151806831359863,-0.04999285563826561,0.3596004247665405,0.37796109914779663,-0.007702807895839214,0.2863715887069702,0.37949883937835693,-0.024064460769295692,0.2404053807258606,0.38220855593681335,-0.038260385394096375,0.19947795569896698,0.3895803689956665,-0.048787910491228104,0.3799275755882263,0.3324623703956604,-0.016544979065656662,0.3238486647605896,0.33144357800483704,-0.03182798996567726,0.2861042320728302,0.33775684237480164,-0.040821999311447144,0.25025224685668945,0.34736955165863037,-0.04755613952875137
0.5498608350753784,0.39647382497787476,3.428303045893699e-07,0.500975489616394,0.4639286696910858,-0.03218806907534599,0.42921969294548035,0.5000858306884766,-0.04127303510904312,0.36033564805984497,0.4953080117702484,-0.04789772257208824,0.30038052797317505,0.5005915760993958,-0.052447542548179626,0.36138540506362915,0.46779322624206543,-0.003817599732428789,0.28749728202819824,0.4803576171398163,-0.022033413872122765,0.24416562914848328,0.4848317801952362,-0.04094511270523071,0.20309171080589294,0.4885287880897522,-0.055348969995975494,0.35675087571144104,0.42352715134620667,-0.0016045820666477084,0.2768506407737732,0.4338657259941101,-0.016344834119081497,0.22502437233924866,0.43938732147216797,-0.03547513484954834,0.17646558582782745,0.44559162855148315,-0.05066392943263054,0.36751580238342285,0.38283082842826843,-0.005614015739411116,0.2938327193260193,0.3834087550640106,-0.022448988631367683,0.2473415583372116,0.38498806953430176,-0.0377657525241375,0.20593832433223724,0.39047834277153015,-0.04896055907011032,0.3878189027309418,0.337166428565979,-0.013503741472959518,0.330839604139328,0.3351737856864929,-0.02905227430164814,0.2924904227256775,0.34120631217956543,-0.03885933384299278,0.2558637857437134,0.3499640226364136,-0.046233680099248886
0.5580805540084839,0.4008505046367645,3.3048141290237254e-07,0.5082120895385742,0.4684692621231079,-0.03174886479973793,0.4354102611541748,0.5032954216003418,-0.04077354818582535,0.3661791980266571,0.4971996545791626,-0.047395478934049606,0.3054952919483185,0.5035340189933777,-0.05207857862114906,0.36739614605903625,0.470016211271286,-0.0038930829614400864,0.294124960899353,0.4812893271446228,-0.02221633307635784,0.2508898377418518,0.4860600531101227,-0.04130905121564865,0.2095835953950882,0.4900643825531006,-0.056078460067510605,0.36334267258644104,0.42488300800323486,-0.002195724518969655,0.2834518849849701,0.43372297286987305,-0.017150508239865303,0.23169741034507751,0.43909668922424316,-0.036538753658533096,0.18291784822940826,0.44562920928001404,-0.052052244544029236,0.3749698996543884,0.3840561509132385,-0.006673557683825493,0.30070340633392334,0.3839711844921112,-0.024071265012025833,0.2541753649711609,0.3860674202442169,-0.039784327149391174,0.21240286529064178,0.3924214243888855,-0.05129903182387352,0.39636898040771484,0.3380936086177826,-0.01492803543806076,0.33905795216560364,0.33511343598365784,-0.03145870566368103,0.30011653900146484,0.34146106243133545,-0.041924357414245605,0.26264214515686035,0.3512175977230072,-0.0497540608048439
0.5590695738792419,0.40158411860466003,3.4368127899142564e-07,0.508817195892334,0.4687737226486206,-0.03196978569030762,0.4366510510444641,0.5031296610832214,-0.041211605072021484,0.3678191900253296,0.49794554710388184,-0.04817447438836098,0.3076721429824829,0.5037575960159302,-0.05307566002011299,0.36850085854530334,0.4691880941390991,-0.0031903248745948076,0.295333594083786,0.48028796911239624,-0.02181747928261757,0.2516113519668579,0.48494192957878113,-0.041202038526535034,0.20958952605724335,0.4888479709625244,-0.05615134909749031,0.36403077840805054,0.42370879650115967,-0.0014881475362926722,0.2848656177520752,0.43251457810401917,-0.016614463180303574,0.23341424763202667,0.4381750524044037,-0.03629489243030548,0.1845790296792984,0.4452957510948181,-0.05206514894962311,0.37506788969039917,0.38309651613235474,-0.006034583318978548,0.3021114468574524,0.38291454315185547,-0.023023294284939766,0.25546950101852417,0.38532447814941406,-0.03813490271568298,0.2136545032262802,0.3920855224132538,-0.0493888221681118,0.3958990275859833,0.33788418769836426,-0.014478901401162148,0.33980122208595276,0.3352702558040619,-0.030257221311330795,0.3014230728149414,0.34090688824653625,-0.0398564413189888,0.2643580436706543,0.3496703803539276,-0.04715794697403908
0.5663971304893494,0.4052140414714813,3.4250652447553875e-07,0.5158280730247498,0.47194579243659973,-0.03280524164438248,0.44346514344215393,0.5061550140380859,-0.04271435737609863,0.3739195168018341,0.5003623962402344,-0.05009413883090019,0.3122800290584564,0.5050493478775024,-0.05530683323740959,0.37364786863327026,0.47067102789878845,-0.004115057643502951,0.29912784695625305,0.48089057207107544,-0.02276633493602276,0.25569599866867065,0.4852468967437744,-0.04213845729827881,0.21432866156101227,0.48875126242637634,-0.057031892240047455,0.37008965015411377,0.4254090487957001,-0.00198167166672647,0.2897850573062897,0.4342726767063141,-0.01737518236041069,0.23741909861564636,0.4391327500343323,-0.037171926349401474,0.18833641707897186,0.4447086453437805,-0.052900560200214386,0.3821170926094055,0.3846544027328491,-0.006131489761173725,0.3077619969844818,0.3840768337249756,-0.02371768280863762,0.2606889009475708,0.3852972686290741,-0.03951874375343323,0.21855135262012482,0.3904580771923065,-0.051030322909355164,0.40385428071022034,0.33908283710479736,-0.014161547645926476,0.3463369309902191,0.3363528251647949,-0.030741380527615547,0.3073312044143677,0.342417448759079,-0.04114298149943352,0.269855260848999,0.3512324094772339,-0.048821523785591125
0.5673974752426147,0.4039973318576813,3.3388531051059545e-07,0.5166094899177551,0.47145071625709534,-0.03009294904768467,0.4429594576358795,0.5056731700897217,-0.038751550018787384,0.3736255466938019,0.49987590312957764,-0.045422136783599854,0.31336095929145813,0.5051618814468384,-0.050089288502931595,0.37512949109077454,0.4692102074623108,-0.0031542412471026182,0.3006695508956909,0.480142742395401,-0.021515142172574997,0.2563789486885071,0.4852355718612671,-0.04033544287085533,0.21439579129219055,0.4895375967025757,-0.05476077273488045,0.37089255452156067,0.42443811893463135,-0.0023950538598001003,0.29001256823539734,0.43296563625335693,-0.017332375049591064,0.23732805252075195,0.43830111622810364,-0.03628820925951004,0.1883724182844162,0.44506433606147766,-0.051333747804164886,0.3821580410003662,0.38387420773506165,-0.00759480195119977,0.3075014352798462,0.3834993243217468,-0.024234091863036156,0.2601076364517212,0.38533204793930054,-0.03880922496318817,0.2180255800485611,0.39176738262176514,-0.04958421736955643,0.4034081697463989,0.3387942314147949,-0.016519226133823395,0.3458960950374603,0.3355468213558197,-0.03201168403029442,0.3069796562194824,0.34111109375953674,-0.04115090146660805,0.2700752317905426,0.3498893082141876,-0.04798522964119911
0.5752527713775635,0.40559276938438416,3.4827613148991077e-07,0.524021327495575,0.47384369373321533,-0.03395243361592293,0.4502793550491333,0.5092210173606873,-0.04353047162294388,0.3799135684967041,0.502819299697876,-0.05037714168429375,0.3180377185344696,0.5079866647720337,-0.05478396639227867,0.3795289397239685,0.47268688678741455,-0.0026668941136449575,0.30464160442352295,0.48314806818962097,-0.020979322493076324,0.2608998119831085,0.4868379831314087,-0.04051520675420761,0.2194594144821167,0.48987582325935364,-0.055430445820093155,0.3761182129383087,0.42711493372917175,0.00018129489035345614,0.2955690622329712,0.43580910563468933,-0.014352207072079182,0.24262724816799164,0.43988314270973206,-0.033826131373643875,0.19349052011966705,0.4446794390678406,-0.04928445443511009,0.3883245885372162,0.3859734535217285,-0.003597799688577652,0.3139494061470032,0.38589370250701904,-0.020222671329975128,0.2666267156600952,0.38664868474006653,-0.035492535680532455,0.2242591381072998,0.3913440704345703,-0.046662379056215286,0.4104703664779663,0.33961617946624756,-0.01152754481881857,0.35289549827575684,0.3372677266597748,-0.02708118036389351,0.31391340494155884,0.3432280421257019,-0.036789391189813614,0.27652716636657715,0.3516192138195038,-0.043967053294181824
0.5823870897293091,0.41164329648017883,3.417673326566728e-07,0.530310869216919,0.47612419724464417,-0.03389167785644531,0.4553360342979431,0.5099039673805237,-0.04353737458586693,0.38466930389404297,0.5050051808357239,-0.05047531798481941,0.32200491428375244,0.5098671913146973,-0.055088385939598083,0.3846399188041687,0.47428688406944275,-0.0028867668006569147,0.30985987186431885,0.4840626120567322,-0.021297093480825424,0.2658206522464752,0.48828598856925964,-0.04094379395246506,0.22362984716892242,0.49194881319999695,-0.05623660981655121,0.380946546792984,0.4283629059791565,-0.00032519022352062166,0.29979878664016724,0.43574199080467224,-0.015302644111216068,0.2467244267463684,0.4402473568916321,-0.03519529104232788,0.19680924713611603,0.44655442237854004,-0.05109603703022003,0.393307089805603,0.3873545527458191,-0.004365287255495787,0.31771382689476013,0.38595977425575256,-0.021725794300436974,0.27006208896636963,0.38693296909332275,-0.037480976432561874,0.2270364612340927,0.39271458983421326,-0.04906564578413963,0.4157099723815918,0.3411989212036133,-0.012471374124288559,0.35766029357910156,0.33801811933517456,-0.028834987431764603,0.318477600812912,0.34396275877952576,-0.03912725672125816,0.280567467212677,0.35318008065223694,-0.046853892505168915
0.5832275748252869,0.4118262827396393,3.335094049816689e-07,0.530532956123352,0.47628551721572876,-0.03329869732260704,0.4548458158969879,0.5098093748092651,-0.04292433336377144,0.3843734562397003,0.5053646564483643,-0.050292473286390305,0.32236433029174805,0.5093837976455688,-0.055510737001895905,0.3865598440170288,0.4729912281036377,-0.0031277979724109173,0.31200674176216125,0.48297256231307983,-0.022712722420692444,0.2675594687461853,0.48743385076522827,-0.042962998151779175,0.22471043467521667,0.49079060554504395,-0.05866431072354317,0.38257643580436707,0.4274778366088867,-0.0014649522490799427,0.3010205030441284,0.4352336823940277,-0.017794573679566383,0.24760845303535461,0.4395780861377716,-0.03832019865512848,0.1972215622663498,0.4451580047607422,-0.054619599133729935,0.39472872018814087,0.38647642731666565,-0.00639147637411952,0.3187177777290344,0.3853403329849243,-0.024960506707429886,0.2705107033252716,0.38653799891471863,-0.04094299301505089,0.22729645669460297,0.3924427032470703,-0.05257619917392731,0.41733571887016296,0.34072691202163696,-0.015354207716882229,0.35864776372909546,0.3386077880859375,-0.03273075073957443,0.31882229447364807,0.34467238187789917,-0.043265119194984436,0.2806449830532074,0.3539036810398102,-0.05111918970942497
0.5846421718597412,0.41108131408691406,3.2583696452093136e-07,0.5331396460533142,0.4774923026561737,-0.03180573508143425,0.4585649073123932,0.5118964314460754,-0.04177428036928177,0.3879116177558899,0.5062335729598999,-0.049485333263874054,0.3262823820114136,0.5101076364517212,-0.055126387625932693,0.38871416449546814,0.4739561975002289,-0.006220490671694279,0.31250929832458496,0.48391401767730713,-0.025872575119137764,0.2679847180843353,0.48788195848464966,-0.04541146010160446,0.22560594975948334,0.49075061082839966,-0.06035109609365463,0.38538995385169983,0.4287045896053314,-0.005284992512315512,0.30284085869789124,0.43623384833335876,-0.02140745334327221,0.2497401237487793,0.4401441812515259,-0.04066969081759453,0.20046207308769226,0.44493141770362854,-0.055901188403367996,0.39766156673431396,0.3875890076160431,-0.010451866313815117,0.3211539387702942,0.38649728894233704,-0.028266984969377518,0.27295947074890137,0.38748109340667725,-0.04319479316473007,0.22966864705085754,0.3930582106113434,-0.05418229475617409,0.42039573192596436,0.341813325881958,-0.01947988197207451,0.361604243516922,0.3386034369468689,-0.03622335195541382,0.32189860939979553,0.34420645236968994,-0.04602452740073204,0.2841903567314148,0.35310956835746765,-0.053258512169122696
0.590322732925415,0.4158342182636261,3.514683157845866e-07,0.5387184023857117,0.480077862739563,-0.033848945051431656,0.4628708064556122,0.5138466358184814,-0.0438091866672039,0.3914986252784729,0.50936359167099,-0.05118832364678383,0.32884305715560913,0.5126492381095886,-0.056244608014822006,0.3906650245189667,0.4766000509262085,-0.00386269623413682,0.314268559217453,0.4855586588382721,-0.022308887913823128,0.27008843421936035,0.48887911438941956,-0.041671592742204666,0.22790566086769104,0.4910881519317627,-0.05674746260046959,0.3872305154800415,0.4306863248348236,-0.0016312171937897801,0.3045583963394165,0.4381306767463684,-0.01674494333565235,0.250934898853302,0.44215619564056396,-0.03659254312515259,0.2010766565799713,0.4471728503704071,-0.05240926146507263,0.4000955820083618,0.3891555666923523,-0.00592690147459507,0.3239333927631378,0.3872012495994568,-0.02323700301349163,0.27571505308151245,0.3880455493927002,-0.03916701301932335,0.23238588869571686,0.3935614824295044,-0.05094281584024429,0.42311686277389526,0.3430749177932739,-0.01428296323865652,0.3643959164619446,0.3396431803703308,-0.030756058171391487,0.32483765482902527,0.3454344570636749,-0.04121842235326767,0.2866746187210083,0.3542298674583435,-0.04906207695603371
0.5911463499069214,0.4165758490562439,3.3161038004436705e-07,0.5396320819854736,0.48374250531196594,-0.03281807154417038,0.4635273218154907,0.5178854465484619,-0.0427107959985733,0.39170780777931213,0.5116070508956909,-0.05024493485689163,0.32900527119636536,0.5143800377845764,-0.05567428469657898,0.39260998368263245,0.47879675030708313,-0.005098298192024231,0.31562912464141846,0.48826879262924194,-0.0246181171387434,0.2707720994949341,0.49175700545310974,-0.04434873163700104,0.22826988995075226,0.4943186938762665,-0.05954336002469063,0.3891422152519226,0.43247559666633606,-0.00359472818672657,0.30552399158477783,0.43948280811309814,-0.019805025309324265,0.25186997652053833,0.44298040866851807,-0.039831724017858505,0.20220232009887695,0.4477362632751465,-0.05571937561035156,0.4017345607280731,0.3908073306083679,-0.008431336842477322,0.3246195912361145,0.38912826776504517,-0.026605112478137016,0.2757216989994049,0.3900105655193329,-0.04261604696512222,0.2320789396762848,0.39574193954467773,-0.05444005876779556,0.4246918857097626,0.344745010137558,-0.01719433069229126,0.36554285883903503,0.34100770950317383,-0.03441585600376129,0.32499027252197266,0.34675514698028564,-0.045225899666547775,0.28628021478652954,0.3557283878326416,-0.0533246174454689
0.5921177864074707,0.4177093505859375,3.384227227343217e-07,0.5394831895828247,0.48388490080833435,-0.03279034420847893,0.46289658546447754,0.5170016288757324,-0.04251127317547798,0.3912595212459564,0.5113173127174377,-0.05000503361225128,0.3285099267959595,0.5151962041854858,-0.05551895499229431,0.394174724817276,0.47993528842926025,-0.004608796443790197,0.3180486559867859,0.48934146761894226,-0.024452488869428635,0.2727961242198944,0.49295011162757874,-0.044602323323488235,0.22930270433425903,0.49548447132110596,-0.060127463191747665,0.39006975293159485,0.4333043098449707,-0.0031459450256079435,0.30705028772354126,0.4408271908760071,-0.019762521609663963,0.2531551122665405,0.445075660943985,-0.040272779762744904,0.20209479331970215,0.4505767524242401,-0.05647142603993416,0.4021412432193756,0.391121506690979,-0.008009033277630806,0.32581692934036255,0.3897107243537903,-0.026526138186454773,0.2770311236381531,0.39123818278312683,-0.042415801435709,0.2330341935157776,0.39761319756507874,-0.054009970277547836,0.42448970675468445,0.3446538746356964,-0.01681005023419857,0.36529433727264404,0.34111759066581726,-0.03385502099990845,0.32503581047058105,0.34652435779571533,-0.04408666118979454,0.28637921810150146,0.3553086519241333,-0.05172951892018318
0.5904029607772827,0.4164661169052124,3.242504362788168e-07,0.539215087890625,0.4838743507862091,-0.03174808621406555,0.463162899017334,0.5176131725311279,-0.041650786995887756,0.39207330346107483,0.5111513137817383,-0.04930843412876129,0.33016443252563477,0.5154786109924316,-0.055031705647706985,0.39469531178474426,0.4797283411026001,-0.007511600386351347,0.3182373344898224,0.4897953271865845,-0.02768235094845295,0.2732814848423004,0.4945388436317444,-0.047429993748664856,0.2305353730916977,0.49830251932144165,-0.06249679625034332,0.3904516398906708,0.4338570833206177,-0.006693865172564983,0.306796133518219,0.4419046938419342,-0.02342134714126587,0.25282377004623413,0.4465788006782532,-0.04299784079194069,0.2026762068271637,0.45226427912712097,-0.058549899607896805,0.40215402841567993,0.3923127055168152,-0.01190116722136736,0.32465630769729614,0.3908398151397705,-0.030202165246009827,0.2759118676185608,0.39199328422546387,-0.04544549062848091,0.23262600600719452,0.3979191184043884,-0.05671444162726402,0.4242335259914398,0.3459729254245758,-0.020923620089888573,0.36414635181427,0.3426116704940796,-0.038076795637607574,0.3236108422279358,0.34859639406204224,-0.04825703427195549,0.28532764315605164,0.3581385314464569,-0.055871590971946716
0.5903615355491638,0.4155416786670685,3.4226758316435735e-07,0.5381730198860168,0.48257890343666077,-0.03195101022720337,0.4622795879840851,0.5170461535453796,-0.041976794600486755,0.3913182020187378,0.5112058520317078,-0.04977460950613022,0.3292555809020996,0.5158503651618958,-0.05564596876502037,0.3947184383869171,0.4799017012119293,-0.007204703986644745,0.3179171085357666,0.4905647933483124,-0.027688084170222282,0.2723919749259949,0.4958830773830414,-0.04778829589486122,0.22879467904567719,0.5007598996162415,-0.06309211254119873,0.3905189633369446,0.434149831533432,-0.00638711778447032,0.3065507709980011,0.4419354200363159,-0.023319292813539505,0.25174960494041443,0.44659942388534546,-0.04337448254227638,0.20031793415546417,0.45248690247535706,-0.05924983322620392,0.40247485041618347,0.3926942050457001,-0.011599174700677395,0.3254134953022003,0.3914629817008972,-0.029976921156048775,0.27596795558929443,0.3924699127674103,-0.04538176208734512,0.2316296398639679,0.3981131911277771,-0.056763239204883575,0.42459070682525635,0.34633108973503113,-0.02064572274684906,0.3649020195007324,0.34325647354125977,-0.03762193024158478,0.3246791362762451,0.3488333523273468,-0.04745740070939064,0.2862997055053711,0.35773637890815735,-0.054855234920978546
0.5905178785324097,0.41561001539230347,3.467299904968968e-07,0.5385100245475769,0.48287826776504517,-0.03216879069805145,0.4623575210571289,0.5173054933547974,-0.04212678596377373,0.39116501808166504,0.511318564414978,-0.049777571111917496,0.32894575595855713,0.5161648392677307,-0.055490899831056595,0.3946128487586975,0.4805575907230377,-0.006973797455430031,0.3178526759147644,0.4909692704677582,-0.0273336973041296,0.2721470296382904,0.4959266483783722,-0.047435760498046875,0.2285730242729187,0.5005808472633362,-0.0627434179186821,0.39023205637931824,0.4345555007457733,-0.00591986533254385,0.3063010573387146,0.44178134202957153,-0.022657310590147972,0.25160253047943115,0.4465363025665283,-0.042651642113924026,0.20041866600513458,0.4530303478240967,-0.05850690230727196,0.4020381569862366,0.39298805594444275,-0.010930568911135197,0.32480284571647644,0.3917151987552643,-0.029110917821526527,0.27553504705429077,0.393096923828125,-0.04434654861688614,0.23151753842830658,0.3992694914340973,-0.05562493950128555,0.4239961802959442,0.3464929461479187,-0.01980709470808506,0.36417341232299805,0.34324583411216736,-0.036597371101379395,0.3239187002182007,0.3488447666168213,-0.04632867872714996,0.28560006618499756,0.3579401969909668,-0.05365888029336929
0.5880001187324524,0.4138110280036926,3.57813576101762e-07,0.5369957685470581,0.48121607303619385,-0.033674709498882294,0.46171024441719055,0.516541600227356,-0.043960656970739365,0.39056816697120667,0.5129648447036743,-0.05162416771054268,0.32880938053131104,0.5171273946762085,-0.056829556822776794,0.38975876569747925,0.47986820340156555,-0.0048364317044615746,0.314193457365036,0.4903597831726074,-0.024220064282417297,0.26983898878097534,0.49542784690856934,-0.044120948761701584,0.22759680449962616,0.4999215006828308,-0.059311721473932266,0.38507336378097534,0.433686226606369,-0.0026166224852204323,0.30258509516716003,0.4420493543148041,-0.018175937235355377,0.24909129738807678,0.44745922088623047,-0.03783101961016655,0.19946515560150146,0.45429298281669617,-0.05334103852510452,0.3969387114048004,0.39190375804901123,-0.006807049736380577,0.3206026554107666,0.3914720118045807,-0.02380034513771534,0.27241867780685425,0.3935825824737549,-0.03854324296116829,0.22934560477733612,0.40030786395072937,-0.049476929008960724,0.4193766117095947,0.3454532325267792,-0.015093713067471981,0.3605882525444031,0.3428178131580353,-0.030847923830151558,0.32101061940193176,0.3490130305290222,-0.04004955291748047,0.2832489609718323,0.3581147789955139,-0.0468689501285553
0.5884337425231934,0.4157111942768097,3.373888262103719e-07,0.5363333225250244,0.4803755581378937,-0.03361831232905388,0.461222767829895,0.5157421231269836,-0.04421807825565338,0.39008674025535583,0.5124065279960632,-0.05238337442278862,0.32754796743392944,0.5173279047012329,-0.05828065052628517,0.39019477367401123,0.47938084602355957,-0.005996790248900652,0.3143162727355957,0.4903094470500946,-0.025978904217481613,0.2699095606803894,0.49551472067832947,-0.04613735154271126,0.22701282799243927,0.49986153841018677,-0.061711546033620834,0.385613352060318,0.434037983417511,-0.004230346996337175,0.30290234088897705,0.4437330663204193,-0.021083910018205643,0.24927325546741486,0.44909539818763733,-0.04133804142475128,0.1986302137374878,0.4558127522468567,-0.0573248565196991,0.39744290709495544,0.39249277114868164,-0.008843989111483097,0.32055798172950745,0.39269769191741943,-0.027740469202399254,0.27209359407424927,0.3946736454963684,-0.04358387365937233,0.22841832041740417,0.40204405784606934,-0.055013567209243774,0.4198428690433502,0.34584304690361023,-0.01744947023689747,0.36032652854919434,0.34330007433891296,-0.03518039360642433,0.3199501633644104,0.3502417802810669,-0.04583624005317688,0.2812687158584595,0.36107832193374634,-0.05361523479223251
0.5870689749717712,0.4137565791606903,3.367363206052687e-07,0.536055862903595,0.4789968430995941,-0.03210410103201866,0.4603131115436554,0.5152688026428223,-0.042422015219926834,0.3893485367298126,0.5114269256591797,-0.05048524588346481,0.3275478482246399,0.5156307220458984,-0.05646638944745064,0.3912849426269531,0.47966524958610535,-0.008062860928475857,0.3143247365951538,0.49150902032852173,-0.028974289074540138,0.2690350413322449,0.4968659579753876,-0.0490691252052784,0.22623522579669952,0.5013129711151123,-0.06420515477657318,0.3862239122390747,0.4346972107887268,-0.0072066327556967735,0.3014143705368042,0.4440647065639496,-0.02459505945444107,0.2463817000389099,0.44961193203926086,-0.04418770596385002,0.19586701691150665,0.45630547404289246,-0.05944492667913437,0.3975546956062317,0.39318403601646423,-0.01241474412381649,0.31882598996162415,0.3935507535934448,-0.03111932799220085,0.2696443796157837,0.3954061269760132,-0.04613227769732475,0.22632326185703278,0.40175139904022217,-0.057010676711797714,0.4196956753730774,0.34660643339157104,-0.021485382691025734,0.3598022162914276,0.3441942036151886,-0.038804344832897186,0.31910401582717896,0.35026815533638,-0.048797234892845154,0.28103113174438477,0.3595079481601715,-0.05609678104519844
0.5832846164703369,0.4111674427986145,3.387055755865731e-07,0.5338635444641113,0.4789470136165619,-0.03304072842001915,0.45979008078575134,0.5168261528015137,-0.04388465732336044,0.38881945610046387,0.5130872130393982,-0.05224424973130226,0.32688701152801514,0.5179682970046997,-0.05844441056251526,0.38882869482040405,0.4808693826198578,-0.008112655021250248,0.3119426965713501,0.49260085821151733,-0.028756456449627876,0.2671505808830261,0.4984220564365387,-0.04883327707648277,0.22488297522068024,0.5039061307907104,-0.06392247974872589,0.38367554545402527,0.4351467788219452,-0.006728394888341427,0.29913434386253357,0.4450407326221466,-0.02374115213751793,0.24456560611724854,0.451600044965744,-0.043389249593019485,0.1944950670003891,0.45970746874809265,-0.058739516884088516,0.3946935832500458,0.39347508549690247,-0.011511186137795448,0.3163498044013977,0.3944915533065796,-0.029836241155862808,0.2673725485801697,0.3971073627471924,-0.044931810349226,0.22406937181949615,0.40451669692993164,-0.05594879388809204,0.4164031744003296,0.3469235897064209,-0.020231930539011955,0.35679858922958374,0.3451683819293976,-0.03719460219144821,0.3165941536426544,0.3521091341972351,-0.047027308493852615,0.27891427278518677,0.3623441159725189,-0.05425078049302101
0.583411455154419,0.41210833191871643,3.4304505902582605e-07,0.532986044883728,0.47906339168548584,-0.03279135748744011,0.45862796902656555,0.5158802270889282,-0.04310884699225426,0.3877899646759033,0.5124099254608154,-0.05109919607639313,0.3257119059562683,0.518343985080719,-0.05698462575674057,0.38796165585517883,0.4824390709400177,-0.006179747637361288,0.31202957034111023,0.4946292042732239,-0.026212550699710846,0.267409086227417,0.5000182390213013,-0.04623895511031151,0.22442562878131866,0.5046792030334473,-0.06157473847270012,0.38306722044944763,0.4366856813430786,-0.004856076091527939,0.30002477765083313,0.4476262331008911,-0.021634692326188087,0.24597065150737762,0.4540301561355591,-0.04172230511903763,0.1950070559978485,0.46170979738235474,-0.0575161911547184,0.3943138122558594,0.39460819959640503,-0.009741702117025852,0.31755635142326355,0.39656147360801697,-0.028297988697886467,0.26879337430000305,0.39958497881889343,-0.043736882507801056,0.22501446306705475,0.4071972370147705,-0.054945796728134155,0.41598832607269287,0.34750238060951233,-0.01854332536458969,0.3570879101753235,0.34647616744041443,-0.03566489368677139,0.31700897216796875,0.3533531129360199,-0.04562733694911003,0.27888786792755127,0.36331260204315186,-0.052983034402132034
0.5785163640975952,0.4120563566684723,3.603979337185592e-07,0.5305068492889404,0.4816220998764038,-0.034602727741003036,0.4576045870780945,0.5220414996147156,-0.044784776866436005,0.3860511779785156,0.5191889405250549,-0.052255284041166306,0.3242762088775635,0.522111177444458,-0.0571841336786747,0.3872022330760956,0.489291250705719,-0.004199395887553692,0.31125450134277344,0.5013833045959473,-0.02328871190547943,0.2672535181045532,0.5071669816970825,-0.04280173406004906,0.22533702850341797,0.5134461522102356,-0.057574134320020676,0.38078761100769043,0.4434353709220886,-0.0010825168574228883,0.297920286655426,0.4545932412147522,-0.016437958925962448,0.24456259608268738,0.4617060422897339,-0.03546909987926483,0.19492222368717194,0.4706728458404541,-0.05046439170837402,0.3905182182788849,0.40156617760658264,-0.004650657996535301,0.3134844899177551,0.404011070728302,-0.021863028407096863,0.26488441228866577,0.4074345529079437,-0.03678535670042038,0.2217235416173935,0.41549068689346313,-0.047707315534353256,0.4104183614253998,0.3543795347213745,-0.012413879856467247,0.3518773317337036,0.3536108732223511,-0.028197716921567917,0.3132816553115845,0.3607853651046753,-0.03760110214352608,0.27695536613464355,0.3709985315799713,-0.04459061846137047
0.5795402526855469,0.4137263298034668,3.5565375355872675e-07,0.529502809047699,0.4811772406101227,-0.03096340037882328,0.4556547999382019,0.5194100141525269,-0.04026525840163231,0.3852967917919159,0.518055260181427,-0.04743855446577072,0.32437264919281006,0.5254636406898499,-0.05257728323340416,0.3863809108734131,0.48838990926742554,-0.004829628858715296,0.310293972492218,0.5015846490859985,-0.023774977773427963,0.26539283990859985,0.5074965357780457,-0.042815305292606354,0.2226380705833435,0.5123263001441956,-0.057443324476480484,0.38036593794822693,0.44258514046669006,-0.003958928398787975,0.2972715497016907,0.4533967077732086,-0.01943265087902546,0.2436494529247284,0.4600302278995514,-0.03880665823817253,0.19358541071414948,0.4683675765991211,-0.05417296290397644,0.3905433118343353,0.4006273150444031,-0.00906690489500761,0.3141635060310364,0.4032767713069916,-0.026270806789398193,0.26573115587234497,0.40692561864852905,-0.04163568094372749,0.22287039458751678,0.41536620259284973,-0.05303259193897247,0.4109130799770355,0.3538178503513336,-0.017918305471539497,0.3524644374847412,0.3533250391483307,-0.03374712914228439,0.3132035732269287,0.3605910837650299,-0.043365225195884705,0.27616968750953674,0.3712029457092285,-0.050696928054094315
0.5792527198791504,0.41734495759010315,3.5972661294181307e-07,0.5287167429924011,0.4845430254936218,-0.03217091038823128,0.4543845057487488,0.5209606289863586,-0.04231228306889534,0.3838838040828705,0.5176904797554016,-0.05018850043416023,0.3221229612827301,0.5258913040161133,-0.056078504770994186,0.3856976330280304,0.4901045560836792,-0.006591620855033398,0.3087921142578125,0.5027040839195251,-0.026089925318956375,0.2639729976654053,0.5084832906723022,-0.04543204605579376,0.22138351202011108,0.5138737559318542,-0.06028982251882553,0.3803279399871826,0.44424742460250854,-0.005373531486839056,0.2963334321975708,0.4551593065261841,-0.021962417289614677,0.24203957617282867,0.46198606491088867,-0.042147573083639145,0.1920265406370163,0.470568984746933,-0.058119386434555054,0.3912762999534607,0.40217307209968567,-0.010218359529972076,0.31448420882225037,0.4036758542060852,-0.028682749718427658,0.26495033502578735,0.4074203073978424,-0.04539491608738899,0.22134888172149658,0.4161234498023987,-0.05770518258213997,0.4120173454284668,0.3551918566226959,-0.018805136904120445,0.35299360752105713,0.35345083475112915,-0.03626580908894539,0.312605082988739,0.3615621328353882,-0.047463562339544296,0.27457165718078613,0.3733936846256256,-0.055916499346494675
0.5795408487319946,0.4183847904205322,3.4858572917073616e-07,0.5279457569122314,0.4842574894428253,-0.03155376762151718,0.45338836312294006,0.520038902759552,-0.041655655950307846,0.3832920491695404,0.5180254578590393,-0.04970601946115494,0.3217564523220062,0.5265294313430786,-0.055755164474248886,0.38531041145324707,0.4896440804004669,-0.00642605172470212,0.30816948413848877,0.5014989972114563,-0.026211466640233994,0.2634730339050293,0.5070993304252625,-0.045639634132385254,0.2208952158689499,0.5123499035835266,-0.060488760471343994,0.38046371936798096,0.44413435459136963,-0.005627990234643221,0.29643702507019043,0.4551086127758026,-0.0226319320499897,0.24213239550590515,0.46191680431365967,-0.04282059893012047,0.19197000563144684,0.47036200761795044,-0.05862102285027504,0.39157259464263916,0.4020477533340454,-0.010839154943823814,0.31471168994903564,0.4041186273097992,-0.02963850274682045,0.26511865854263306,0.40783900022506714,-0.04614336043596268,0.22144083678722382,0.4164983332157135,-0.05810012295842171,0.4125377833843231,0.3549513816833496,-0.0197529885917902,0.3530636727809906,0.35376280546188354,-0.037372443825006485,0.31250685453414917,0.3620964288711548,-0.0483747199177742,0.2745617926120758,0.37415051460266113,-0.05652362108230591
0.5783111453056335,0.4173310697078705,3.5071920478912944e-07,0.5293312072753906,0.4878794550895691,-0.032457876950502396,0.45512357354164124,0.5258370637893677,-0.04208626225590706,0.3835279643535614,0.5221178531646729,-0.04931268095970154,0.3216466009616852,0.5281925201416016,-0.054221171885728836,0.3838527202606201,0.48987239599227905,-0.004292741417884827,0.30691295862197876,0.5022589564323425,-0.022737327963113785,0.2623724341392517,0.5084419250488281,-0.041648510843515396,0.22029003500938416,0.514604389667511,-0.05608353763818741,0.3783092498779297,0.4443047046661377,-0.002516726963222027,0.2944490909576416,0.45562732219696045,-0.01742139272391796,0.2401704639196396,0.46299606561660767,-0.03651992976665497,0.19057798385620117,0.47215545177459717,-0.05162768438458443,0.3889843821525574,0.4026269316673279,-0.007013488560914993,0.31231969594955444,0.405416339635849,-0.02367398515343666,0.2630917429924011,0.40905454754829407,-0.039027124643325806,0.21999849379062653,0.417586088180542,-0.050448838621377945,0.40961310267448425,0.3554795980453491,-0.01545301079750061,0.3508453071117401,0.3545975089073181,-0.031093135476112366,0.31144678592681885,0.36243319511413574,-0.040795158594846725,0.27465009689331055,0.37368646264076233,-0.04808299243450165
0.5800235867500305,0.41877344250679016,3.4741236731861136e-07,0.5285202860832214,0.4867194592952728,-0.03177441284060478,0.454087495803833,0.5240118503570557,-0.04139731079339981,0.3828371465206146,0.5223748683929443,-0.048918213695287704,0.32060912251472473,0.5296350717544556,-0.0543275810778141,0.3848798871040344,0.49135616421699524,-0.0040406472980976105,0.30810490250587463,0.5038201212882996,-0.02326221577823162,0.26320916414260864,0.5094842314720154,-0.04269614443182945,0.22026534378528595,0.5144617557525635,-0.05754944682121277,0.37967729568481445,0.4453381896018982,-0.002882435219362378,0.29586800932884216,0.4571249783039093,-0.01891259476542473,0.24168089032173157,0.4642767012119293,-0.03875669464468956,0.19119036197662354,0.47287052869796753,-0.05425981432199478,0.39044246077537537,0.40262848138809204,-0.007906339131295681,0.31404298543930054,0.40658244490623474,-0.02576894871890545,0.26460176706314087,0.4105958044528961,-0.041400350630283356,0.2206946760416031,0.41929396986961365,-0.052712347358465195,0.4110966920852661,0.3546403646469116,-0.01675787940621376,0.3520019054412842,0.3547227382659912,-0.03313366696238518,0.31213659048080444,0.36243778467178345,-0.04287974163889885,0.2746012806892395,0.373464971780777,-0.050053272396326065
0.5777422189712524,0.4174661636352539,3.5519943253348174e-07,0.5289730429649353,0.48908731341362,-0.03175736963748932,0.45507317781448364,0.5271292924880981,-0.04146195575594902,0.38379716873168945,0.5241839289665222,-0.048858705908060074,0.32223376631736755,0.5309157371520996,-0.05401880666613579,0.3842547535896301,0.4946756660938263,-0.005391545593738556,0.3067891299724579,0.5078262686729431,-0.024462802335619926,0.26176148653030396,0.5139538049697876,-0.043464627116918564,0.2194477766752243,0.5198459625244141,-0.057777222245931625,0.3783922493457794,0.448439359664917,-0.004000190645456314,0.2936537265777588,0.46015164256095886,-0.01940084621310234,0.2392498105764389,0.46742212772369385,-0.038204483687877655,0.18954098224639893,0.4760475158691406,-0.05293390899896622,0.3886297941207886,0.40553781390190125,-0.008708764798939228,0.31119075417518616,0.40866491198539734,-0.02555573545396328,0.2617289423942566,0.41239872574806213,-0.040363844484090805,0.21847304701805115,0.42029452323913574,-0.05132342502474785,0.40910929441452026,0.3571830689907074,-0.017280513420701027,0.35009199380874634,0.356224924325943,-0.03283127397298813,0.3105205297470093,0.3634070158004761,-0.0420316606760025,0.2736557722091675,0.3736113905906677,-0.04888753592967987
0.5806391835212708,0.42116686701774597,3.5101751905131096e-07,0.5306870341300964,0.48889124393463135,-0.0332760363817215,0.4556910991668701,0.5262026786804199,-0.04319862276315689,0.38427913188934326,0.5244438648223877,-0.05056608468294144,0.321785569190979,0.5336843729019165,-0.055717192590236664,0.38317540287971497,0.4940767288208008,-0.005574344657361507,0.30657029151916504,0.5089718699455261,-0.02504592388868332,0.26114463806152344,0.5150737762451172,-0.04476584866642952,0.21786266565322876,0.5198566317558289,-0.05991901829838753,0.37737011909484863,0.4484347403049469,-0.003710172139108181,0.29462730884552,0.46156778931617737,-0.019793251529335976,0.24070696532726288,0.469174325466156,-0.03975127264857292,0.18997806310653687,0.47778359055519104,-0.055510491132736206,0.3880588114261627,0.406033992767334,-0.008164796978235245,0.3119962811470032,0.40976452827453613,-0.026110615581274033,0.2631608247756958,0.41395315527915955,-0.04173463210463524,0.21912574768066406,0.42260971665382385,-0.05322013422846794,0.40908628702163696,0.35794568061828613,-0.016605816781520844,0.3503822088241577,0.3574371337890625,-0.03339897841215134,0.3105018436908722,0.36495286226272583,-0.04356781020760536,0.27209216356277466,0.3757319450378418,-0.05113615468144417
0.5812686085700989,0.42104706168174744,3.4257857350894483e-07,0.5309333801269531,0.48797935247421265,-0.03370490297675133,0.45569324493408203,0.5257515907287598,-0.04401012510061264,0.3839482367038727,0.5247492790222168,-0.05177198722958565,0.32108914852142334,0.5330663919448853,-0.05721442773938179,0.38417550921440125,0.4928154945373535,-0.006007090676575899,0.30672064423561096,0.5071108937263489,-0.025797555223107338,0.2614362835884094,0.5136606097221375,-0.04547399282455444,0.21833373606204987,0.5191693902015686,-0.060492631047964096,0.37859925627708435,0.44717729091644287,-0.004036461468786001,0.29499495029449463,0.45990946888923645,-0.02054635062813759,0.240671768784523,0.4672751724720001,-0.04047752916812897,0.1898079365491867,0.4753526747226715,-0.05609152093529701,0.3894747197628021,0.4048042297363281,-0.008428134955465794,0.31301504373550415,0.4084978997707367,-0.026676418259739876,0.2635646462440491,0.41216129064559937,-0.0422690324485302,0.21902796626091003,0.4200259745121002,-0.0536474846303463,0.410796582698822,0.357007771730423,-0.016838526353240013,0.35182660818099976,0.3570064306259155,-0.033884964883327484,0.3115468919277191,0.3647407591342926,-0.04407527670264244,0.27294155955314636,0.3753150701522827,-0.05157526582479477
0.5778990387916565,0.4206050634384155,3.568312081370095e-07,0.5295864343643188,0.4905536472797394,-0.03347581997513771,0.4565282464027405,0.5284131169319153,-0.043869875371456146,0.38509103655815125,0.5254719853401184,-0.0517425574362278,0.3222288489341736,0.5328509211540222,-0.05722649395465851,0.3819442689418793,0.49496400356292725,-0.00450981967151165,0.30466124415397644,0.5090922713279724,-0.023448774591088295,0.25994056463241577,0.5154608488082886,-0.042778290808200836,0.21758636832237244,0.5211248397827148,-0.05748141184449196,0.37591928243637085,0.4484518766403198,-0.002420665929093957,0.29156795144081116,0.46041926741600037,-0.017688047140836716,0.23740427196025848,0.4678889513015747,-0.0370216928422451,0.18754126131534576,0.476828008890152,-0.052304986864328384,0.3866387903690338,0.405962198972702,-0.006790526676923037,0.3099122941493988,0.4088118374347687,-0.02369893342256546,0.2611904442310333,0.4124009609222412,-0.038812704384326935,0.218094140291214,0.4206486940383911,-0.05005604028701782,0.4076097011566162,0.35837292671203613,-0.015228420495986938,0.3482263386249542,0.3573806881904602,-0.031118443235754967,0.3087289333343506,0.36506566405296326,-0.04069212079048157,0.27147966623306274,0.3761581778526306,-0.04784256964921951
0.5795481204986572,0.4219222068786621,3.3926107789739035e-07,0.5296883583068848,0.4903152883052826,-0.03211073577404022,0.45576217770576477,0.5287707448005676,-0.04232177138328552,0.38423922657966614,0.5266691446304321,-0.05020841956138611,0.3219309151172638,0.5350173115730286,-0.055920202285051346,0.38145220279693604,0.49597060680389404,-0.005945287179201841,0.3035763204097748,0.5097416043281555,-0.02532554790377617,0.25931474566459656,0.5159929394721985,-0.044638123363256454,0.21719971299171448,0.5220731496810913,-0.05939839407801628,0.3760344088077545,0.4495065212249756,-0.004911450669169426,0.2912662923336029,0.46177610754966736,-0.02093353495001793,0.2372468262910843,0.4694618880748749,-0.0405028872191906,0.1873900294303894,0.47890907526016235,-0.055847253650426865,0.38746145367622375,0.4067046344280243,-0.01001722365617752,0.3103938102722168,0.40988075733184814,-0.027819879353046417,0.26168203353881836,0.41362741589546204,-0.04326758161187172,0.2184356302022934,0.422364741563797,-0.05457761883735657,0.4094962477684021,0.3590763509273529,-0.018955836072564125,0.35030725598335266,0.35832521319389343,-0.0356467068195343,0.3104633688926697,0.36612266302108765,-0.045550137758255005,0.27285993099212646,0.37723180651664734,-0.05283723026514053
0.5810986161231995,0.4232334792613983,3.2784743098090985e-07,0.5295608043670654,0.4901675283908844,-0.03159467503428459,0.4553712010383606,0.528030514717102,-0.041584551334381104,0.3838338255882263,0.5269796848297119,-0.0494748130440712,0.32133519649505615,0.5353715419769287,-0.055161554366350174,0.3815236985683441,0.49543318152427673,-0.004387143068015575,0.3039960265159607,0.5094290971755981,-0.023874329403042793,0.25977325439453125,0.515908420085907,-0.04337986558675766,0.21751752495765686,0.5219102501869202,-0.058255430310964584,0.37605342268943787,0.4492987394332886,-0.0035682045854628086,0.2919335961341858,0.46139761805534363,-0.01960095949470997,0.23835456371307373,0.46882832050323486,-0.039151858538389206,0.18858522176742554,0.47775188088417053,-0.054422684013843536,0.38728171586990356,0.40653401613235474,-0.008956140838563442,0.31056565046310425,0.4100193381309509,-0.026676403358578682,0.26203256845474243,0.4138460159301758,-0.041761841624975204,0.21872496604919434,0.42261821031570435,-0.052769847214221954,0.40925782918930054,0.35901954770088196,-0.018204640597105026,0.3504217267036438,0.35843005776405334,-0.03462868556380272,0.3106090724468231,0.366082102060318,-0.04420085996389389,0.27289390563964844,0.37700793147087097,-0.05120540410280228
0.5825120210647583,0.42498070001602173,3.320269854611979e-07,0.5309926867485046,0.49232903122901917,-0.03327084705233574,0.4552258551120758,0.5288991928100586,-0.04315654933452606,0.3832326829433441,0.5266886949539185,-0.050594866275787354,0.3206099569797516,0.5349226593971252,-0.05571280047297478,0.3835640847682953,0.49523770809173584,-0.004913710989058018,0.30518394708633423,0.5083364248275757,-0.02436346374452114,0.2595999836921692,0.5145108103752136,-0.04394349455833435,0.2165541648864746,0.520176887512207,-0.05882721021771431,0.3785604238510132,0.4491941034793854,-0.002890456933528185,0.2942013740539551,0.4611559808254242,-0.01911463588476181,0.2401794195175171,0.468536376953125,-0.038830775767564774,0.19001296162605286,0.4771234393119812,-0.054157156497240067,0.3895938992500305,0.40661412477493286,-0.00725088594481349,0.3120887279510498,0.4102347791194916,-0.025176094844937325,0.26273414492607117,0.41472989320755005,-0.04052022844552994,0.2189079225063324,0.42385587096214294,-0.051619525998830795,0.4111216068267822,0.35833024978637695,-0.015628082677721977,0.351369172334671,0.357473224401474,-0.03224670886993408,0.31090784072875977,0.36563044786453247,-0.042146436870098114,0.2727190852165222,0.3773443102836609,-0.04934604465961456
0.5823182463645935,0.4257120192050934,3.3866317039610294e-07,0.5307803750038147,0.4933632016181946,-0.03307981416583061,0.4550935924053192,0.5294325351715088,-0.042819589376449585,0.3831731677055359,0.5274161696434021,-0.05026966333389282,0.32046380639076233,0.535008430480957,-0.05543125793337822,0.38438233733177185,0.4952099919319153,-0.004194051027297974,0.3061172366142273,0.507642388343811,-0.023578530177474022,0.2606501281261444,0.5136311054229736,-0.04315023124217987,0.2176435887813568,0.5194412469863892,-0.05798838287591934,0.37921613454818726,0.44945064187049866,-0.002354047726839781,0.2945050597190857,0.4609905779361725,-0.018621210008859634,0.23974384367465973,0.4688360095024109,-0.03866415098309517,0.18885956704616547,0.4782564043998718,-0.05422266572713852,0.3901289105415344,0.4072084128856659,-0.006919453851878643,0.312511682510376,0.4098595082759857,-0.02487131580710411,0.26295244693756104,0.4141092300415039,-0.04072276130318642,0.2189643234014511,0.42332303524017334,-0.052161797881126404,0.4113892912864685,0.3594231903553009,-0.015475396998226643,0.35138630867004395,0.35800546407699585,-0.03212674707174301,0.31077873706817627,0.3657631278038025,-0.042259376496076584,0.27249735593795776,0.3771969676017761,-0.04964116960763931
0.5819247961044312,0.42435094714164734,3.434099369314936e-07,0.5306071639060974,0.4913659989833832,-0.03254558518528938,0.45492327213287354,0.527687132358551,-0.041881147772073746,0.382982462644577,0.5261344313621521,-0.04900865629315376,0.3203343152999878,0.5338277816772461,-0.05379849672317505,0.38397589325904846,0.494713693857193,-0.0029063373804092407,0.3054845929145813,0.5079089999198914,-0.02147592045366764,0.2603685259819031,0.5144086480140686,-0.040484119206666946,0.2175586074590683,0.5207352042198181,-0.055012255907058716,0.3788914680480957,0.4486965239048004,-0.0011718220775946975,0.2937161326408386,0.46048790216445923,-0.01664499193429947,0.23886270821094513,0.4682581126689911,-0.03636246919631958,0.1881842166185379,0.4779107868671417,-0.0518021360039711,0.3900242745876312,0.40629738569259644,-0.005851678550243378,0.3126041293144226,0.4095686972141266,-0.022997910156846046,0.26270949840545654,0.41393324732780457,-0.03877409175038338,0.21872016787528992,0.4231613278388977,-0.05035454407334328,0.41101449728012085,0.3583625555038452,-0.014487069100141525,0.3511565625667572,0.35788238048553467,-0.030387097969651222,0.31085991859436035,0.36593952775001526,-0.040300652384757996,0.273070752620697,0.3772720694541931,-0.04769681394100189
0.5818046927452087,0.42343437671661377,3.415619573843287e-07,0.5308111906051636,0.4910772740840912,-0.03324291482567787,0.45471519231796265,0.5277153253555298,-0.042754046618938446,0.38253092765808105,0.5261504054069519,-0.04990936443209648,0.31965649127960205,0.5339584350585938,-0.05476077273488045,0.38332563638687134,0.49424341320991516,-0.0034243762493133545,0.30511921644210815,0.5075148344039917,-0.022211197763681412,0.25999173521995544,0.5139198899269104,-0.0414598248898983,0.21714940667152405,0.5200743079185486,-0.05619790405035019,0.3784020245075226,0.4482342004776001,-0.0014005223056301475,0.2938225269317627,0.45984891057014465,-0.017075499519705772,0.2391895055770874,0.46755272150039673,-0.0370660275220871,0.18844421207904816,0.47708162665367126,-0.052770502865314484,0.38973191380500793,0.4059771001338959,-0.005865897051990032,0.3126930296421051,0.4087686538696289,-0.023263568058609962,0.2628953456878662,0.4131965637207031,-0.03932112455368042,0.2187938094139099,0.4224240481853485,-0.05113338679075241,0.41102516651153564,0.35829976201057434,-0.014343062415719032,0.3513953387737274,0.35775598883628845,-0.030550966039299965,0.31099802255630493,0.36578452587127686,-0.040810469537973404,0.2729088068008423,0.37698352336883545,-0.04848957061767578
0.5819917321205139,0.4219624102115631,3.346707728724141e-07,0.5304248332977295,0.49016690254211426,-0.03200234845280647,0.45410603284835815,0.5268539786338806,-0.041222717612981796,0.3824719190597534,0.5240476727485657,-0.048267293721437454,0.3202074468135834,0.5318161845207214,-0.05306677147746086,0.3836388885974884,0.4942018389701843,-0.0037415551487356424,0.30603891611099243,0.5075117349624634,-0.0227209385484457,0.2606738209724426,0.5133373141288757,-0.041960373520851135,0.2176544964313507,0.5186175107955933,-0.05668947845697403,0.3784935772418976,0.4480494558811188,-0.00249927444383502,0.29435375332832336,0.4596114754676819,-0.01819346658885479,0.23995369672775269,0.46683549880981445,-0.03775975853204727,0.18941424787044525,0.47552400827407837,-0.053091585636138916,0.38968679308891296,0.40534037351608276,-0.007535560522228479,0.31277382373809814,0.408547580242157,-0.02511460892856121,0.26327258348464966,0.41279006004333496,-0.04063989222049713,0.21910859644412994,0.4218108355998993,-0.05200556293129921,0.41130849719047546,0.35710984468460083,-0.016471879556775093,0.3521072268486023,0.3561883568763733,-0.03302888944745064,0.31175604462623596,0.36397626996040344,-0.04299464076757431,0.27350884675979614,0.3751790225505829,-0.050347138196229935
0.5814741849899292,0.4211629033088684,3.3424473144805233e-07,0.5307543277740479,0.4898858070373535,-0.03173625469207764,0.4547455906867981,0.5268622636795044,-0.04111039638519287,0.3830183744430542,0.5236989855766296,-0.04832719266414642,0.32084715366363525,0.5315842032432556,-0.05345248430967331,0.38414543867111206,0.49348682165145874,-0.004980895668268204,0.3064563572406769,0.5072799324989319,-0.024207698181271553,0.26111358404159546,0.5135266780853271,-0.04337913170456886,0.2182346135377884,0.5191277861595154,-0.05799798294901848,0.37887492775917053,0.44761690497398376,-0.003976994194090366,0.29431477189064026,0.4594785273075104,-0.019959839060902596,0.23960459232330322,0.4671131372451782,-0.03951701894402504,0.18899628520011902,0.47608986496925354,-0.054835785180330276,0.39001843333244324,0.4051240086555481,-0.009120598435401917,0.31268125772476196,0.40817707777023315,-0.026903700083494186,0.2629548907279968,0.41258102655410767,-0.0425577238202095,0.21875381469726562,0.42166152596473694,-0.05402440205216408,0.41162434220314026,0.3573186695575714,-0.018098821863532066,0.35211557149887085,0.35620594024658203,-0.03485072776675224,0.3115990161895752,0.36412313580513,-0.04497941955924034,0.2733418941497803,0.375399112701416,-0.05246947333216667
0.5826027393341064,0.4215194582939148,3.271748880706582e-07,0.5305639505386353,0.48872989416122437,-0.03087737411260605,0.4553966522216797,0.525564968585968,-0.040442757308483124,0.3843018710613251,0.5236780643463135,-0.04804205149412155,0.3222626745700836,0.5320399403572083,-0.05359339714050293,0.3849155306816101,0.49168604612350464,-0.0048730699345469475,0.3067961037158966,0.5057094097137451,-0.024359874427318573,0.2615920305252075,0.512317955493927,-0.04368320479989052,0.21863465011119843,0.5180915594100952,-0.05840392783284187,0.3798717260360718,0.4459209740161896,-0.004397120326757431,0.295042484998703,0.45828741788864136,-0.02078649401664734,0.240437850356102,0.465954452753067,-0.04055672883987427,0.18977662920951843,0.47494709491729736,-0.05596470087766647,0.39109963178634644,0.40323546528816223,-0.009938858449459076,0.31339263916015625,0.4069904685020447,-0.028004558756947517,0.26365524530410767,0.41110169887542725,-0.04348697513341904,0.21950840950012207,0.41981789469718933,-0.054709985852241516,0.4127389192581177,0.3552859127521515,-0.019209982827305794,0.3524862229824066,0.3557116389274597,-0.03606104850769043,0.3117736279964447,0.3642767071723938,-0.04591032862663269,0.27354082465171814,0.37600529193878174,-0.053090985864400864
0.5830244421958923,0.42038261890411377,3.2448690490127774e-07,0.5313336849212646,0.48746657371520996,-0.03190288320183754,0.45576635003089905,0.5247496962547302,-0.04168189689517021,0.3839775323867798,0.5232685208320618,-0.04935723915696144,0.32143861055374146,0.5314369201660156,-0.054922305047512054,0.38619282841682434,0.49046051502227783,-0.005595695693045855,0.30757376551628113,0.5039958953857422,-0.02532079629600048,0.26187288761138916,0.5107836723327637,-0.044676147401332855,0.2186790108680725,0.5168718099594116,-0.05937832593917847,0.38076305389404297,0.4450525939464569,-0.004650832153856754,0.2955455482006073,0.45741409063339233,-0.021376172080636024,0.24057498574256897,0.46539756655693054,-0.04110504686832428,0.18980973958969116,0.4747680723667145,-0.05641220510005951,0.391467809677124,0.4027400016784668,-0.009862139821052551,0.31261852383613586,0.4064984619617462,-0.028250757604837418,0.2626163363456726,0.4109024703502655,-0.043887969106435776,0.21840578317642212,0.4199675917625427,-0.055134233087301254,0.4127483367919922,0.3551511764526367,-0.01889754831790924,0.3518812954425812,0.35588985681533813,-0.036141905933618546,0.31078094244003296,0.3645525574684143,-0.04637610539793968,0.2723122835159302,0.37641674280166626,-0.0537700280547142
0.5818589925765991,0.41874030232429504,3.368368197698146e-07,0.5324474573135376,0.485387921333313,-0.03281397372484207,0.4576038122177124,0.5235253572463989,-0.04300570487976074,0.38535451889038086,0.523421049118042,-0.050832029432058334,0.32226642966270447,0.5304909944534302,-0.05640784278512001,0.385938435792923,0.49238213896751404,-0.006151667330414057,0.3072625398635864,0.5056174397468567,-0.02577465958893299,0.2619868218898773,0.5122912526130676,-0.04496880620718002,0.21935953199863434,0.51898193359375,-0.05947667360305786,0.3799420893192291,0.44616273045539856,-0.004644455388188362,0.2941339910030365,0.4582892060279846,-0.021048348397016525,0.2391146570444107,0.46640732884407043,-0.040498871356248856,0.1886439472436905,0.47651225328445435,-0.055582549422979355,0.39035138487815857,0.40337100625038147,-0.009384535253047943,0.31166043877601624,0.4068169891834259,-0.027439529076218605,0.2615717053413391,0.41126829385757446,-0.04312814772129059,0.2174338549375534,0.42081117630004883,-0.05449918285012245,0.4110727608203888,0.35551267862319946,-0.017993969842791557,0.35069260001182556,0.35543692111968994,-0.03489729017019272,0.3100457489490509,0.36344143748283386,-0.045109860599040985,0.27216508984565735,0.37487009167671204,-0.05255192518234253
0.5815396904945374,0.41955626010894775,3.28561014839579e-07,0.5318363904953003,0.4864323139190674,-0.032368190586566925,0.45678603649139404,0.5237674713134766,-0.04235795885324478,0.38482844829559326,0.5229249000549316,-0.050039514899253845,0.3221164345741272,0.5312176942825317,-0.05567450821399689,0.3843250274658203,0.4913994073867798,-0.006253274157643318,0.3064567446708679,0.5053184032440186,-0.02588527463376522,0.261628657579422,0.5125031471252441,-0.04523639380931854,0.2189725786447525,0.5195611119270325,-0.060013867914676666,0.3791019022464752,0.44509971141815186,-0.005183734931051731,0.2940489947795868,0.4572044909000397,-0.02169414982199669,0.23952971398830414,0.46558818221092224,-0.04161155968904495,0.18875905871391296,0.4759271740913391,-0.05719277262687683,0.39029553532600403,0.4024443030357361,-0.010265620425343513,0.31248313188552856,0.4058642089366913,-0.028691712766885757,0.2628190815448761,0.41075950860977173,-0.04471706971526146,0.2184455543756485,0.4207409918308258,-0.056403227150440216,0.4117951989173889,0.35480639338493347,-0.019152933731675148,0.35202470421791077,0.35457760095596313,-0.03652191162109375,0.31146538257598877,0.36258625984191895,-0.04701628163456917,0.27301234006881714,0.3739292323589325,-0.05474567413330078
0.5811680555343628,0.41786906123161316,3.351818236296822e-07,0.5306892395019531,0.48691511154174805,-0.033246226608753204,0.45631143450737,0.525028645992279,-0.04341008514165878,0.3845440447330475,0.52308589220047,-0.051162201911211014,0.32189399003982544,0.5310348272323608,-0.05663241073489189,0.3833640515804291,0.49026602506637573,-0.0048216055147349834,0.30572745203971863,0.5043740272521973,-0.024036506190896034,0.2610623836517334,0.5116950869560242,-0.04355228692293167,0.21855022013187408,0.5185418725013733,-0.058447208255529404,0.37809720635414124,0.4442978501319885,-0.0030400638934224844,0.29361212253570557,0.45731592178344727,-0.019018378108739853,0.23935069143772125,0.4657493233680725,-0.03885354474186897,0.18900643289089203,0.47539472579956055,-0.05437053367495537,0.3892306983470917,0.40184444189071655,-0.007642303127795458,0.31157544255256653,0.40610164403915405,-0.025399716570973396,0.26230522990226746,0.41126272082328796,-0.04111003130674362,0.21875782310962677,0.4208841323852539,-0.05253468081355095,0.41082078218460083,0.3541197180747986,-0.0162487979978323,0.3508743941783905,0.35465893149375916,-0.03288229927420616,0.3104493319988251,0.3635220527648926,-0.04297664761543274,0.2723756432533264,0.37542253732681274,-0.05035679414868355
0.5813788175582886,0.4179793894290924,3.337275700232567e-07,0.5307522416114807,0.4867454171180725,-0.03286375477910042,0.4562682807445526,0.5248608589172363,-0.04294488579034805,0.3845638036727905,0.5230357646942139,-0.050667501986026764,0.3219867944717407,0.5309547185897827,-0.05613551661372185,0.38333141803741455,0.49021801352500916,-0.004816396161913872,0.3058035969734192,0.5044794082641602,-0.024135684594511986,0.2612045407295227,0.5119861960411072,-0.043700482696294785,0.21867164969444275,0.5189473628997803,-0.05865120515227318,0.37810471653938293,0.4443739056587219,-0.003299753414466977,0.2936110496520996,0.4571552574634552,-0.019328216090798378,0.2395191788673401,0.4653872847557068,-0.039159540086984634,0.18920958042144775,0.47490859031677246,-0.0546710267663002,0.38926517963409424,0.40196481347084045,-0.008114095777273178,0.31184816360473633,0.4062388241291046,-0.025984156876802444,0.26260197162628174,0.41146111488342285,-0.041643910109996796,0.2188781350851059,0.42129087448120117,-0.05303774029016495,0.41088420152664185,0.3541811406612396,-0.01688985712826252,0.3512541651725769,0.3543831408023834,-0.03360670432448387,0.3109501004219055,0.36292219161987305,-0.04363337531685829,0.2728458046913147,0.37466952204704285,-0.05097080394625664
0.5799453854560852,0.4185912013053894,3.4996426734323904e-07,0.5320212841033936,0.4887101650238037,-0.034923940896987915,0.45761269330978394,0.5286905765533447,-0.04542994499206543,0.3845618963241577,0.5276275873184204,-0.05308346450328827,0.3211095333099365,0.5343679189682007,-0.05826139822602272,0.38338181376457214,0.49633365869522095,-0.006347793620079756,0.30475330352783203,0.5099102258682251,-0.025393040850758553,0.26002398133277893,0.5154922604560852,-0.04452408850193024,0.21742461621761322,0.5209125876426697,-0.05914461612701416,0.37771230936050415,0.4499012529850006,-0.0035407976247370243,0.29331526160240173,0.46231165528297424,-0.01900438405573368,0.2395513653755188,0.4697994589805603,-0.03821876645088196,0.1894860565662384,0.4790400564670563,-0.05350324138998985,0.38848409056663513,0.4072808027267456,-0.007317542098462582,0.31147515773773193,0.4103447496891022,-0.02476549707353115,0.2628639340400696,0.41461241245269775,-0.040477823466062546,0.21925580501556396,0.424152135848999,-0.052137020975351334,0.4093359410762787,0.35929030179977417,-0.015239107422530651,0.34971344470977783,0.3587648868560791,-0.03181758522987366,0.31057554483413696,0.36674341559410095,-0.04217283055186272,0.2734936773777008,0.37847307324409485,-0.049913402646780014
0.5815566182136536,0.41927778720855713,3.3635430440881464e-07,0.5328681468963623,0.48895159363746643,-0.032299939543008804,0.45893213152885437,0.5289585590362549,-0.04250813275575638,0.3871915638446808,0.5288331508636475,-0.05031987279653549,0.32453009486198425,0.5376286506652832,-0.05600692331790924,0.3842398524284363,0.4971260130405426,-0.006184213329106569,0.3066396713256836,0.5136110186576843,-0.02558005414903164,0.2619660496711731,0.5210872888565063,-0.044936053454875946,0.2195102423429489,0.5275217294692993,-0.05974775552749634,0.37839841842651367,0.45080140233039856,-0.005050439853221178,0.2934248149394989,0.4647257924079895,-0.021050160750746727,0.23912747204303741,0.4730333089828491,-0.040631070733070374,0.1890934258699417,0.4825684130191803,-0.05600829795002937,0.3894004225730896,0.40742936730384827,-0.010066595859825611,0.31153416633605957,0.41249561309814453,-0.027996020391583443,0.2619679570198059,0.41744518280029297,-0.04385107755661011,0.21789591014385223,0.4270881116390228,-0.055448684841394424,0.4106695055961609,0.3587455749511719,-0.018899688497185707,0.35025689005851746,0.35947832465171814,-0.03588024526834488,0.30985093116760254,0.36835071444511414,-0.04621956869959831,0.27180784940719604,0.38058507442474365,-0.05382440611720085
0.5827915668487549,0.42039111256599426,3.32063706309782e-07,0.533359169960022,0.488645076751709,-0.0327877551317215,0.4590105712413788,0.5279091596603394,-0.043053071945905685,0.3872867226600647,0.5282736420631409,-0.05090978741645813,0.3242434859275818,0.5370212197303772,-0.056571975350379944,0.38428908586502075,0.49690645933151245,-0.005386793985962868,0.3072223663330078,0.5135674476623535,-0.02482275478541851,0.2626204192638397,0.5211181640625,-0.04443942382931709,0.21986837685108185,0.5273606777191162,-0.059517715126276016,0.3783610165119171,0.4506433606147766,-0.004009488970041275,0.2939642071723938,0.46473804116249084,-0.020070606842637062,0.23998190462589264,0.4730769991874695,-0.039844073355197906,0.18976008892059326,0.4825035035610199,-0.05540583282709122,0.38927146792411804,0.40743470191955566,-0.008917341008782387,0.3118245005607605,0.41257381439208984,-0.026937197893857956,0.2625177502632141,0.4175751805305481,-0.04262985661625862,0.21840010583400726,0.42727744579315186,-0.05411938950419426,0.4104856848716736,0.35882487893104553,-0.017740223556756973,0.3503166735172272,0.3596744239330292,-0.03469200059771538,0.30996739864349365,0.36850911378860474,-0.04488693177700043,0.27168136835098267,0.38079893589019775,-0.05240873247385025
0.583385705947876,0.4208877980709076,3.2664789273439965e-07,0.5319044589996338,0.48846471309661865,-0.03151121735572815,0.45698750019073486,0.5266779661178589,-0.04131540656089783,0.38578420877456665,0.5264171361923218,-0.04902174323797226,0.3231744170188904,0.5352450609207153,-0.054527368396520615,0.38419413566589355,0.4943724274635315,-0.00430689612403512,0.3068721890449524,0.5105714201927185,-0.023733986541628838,0.26180651783943176,0.5185487866401672,-0.043175406754016876,0.21896442770957947,0.5255129933357239,-0.05798233300447464,0.37877318263053894,0.4487636983394623,-0.0035863020457327366,0.29463768005371094,0.4622727334499359,-0.019596867263317108,0.24048857390880585,0.4707375168800354,-0.03905020281672478,0.19020451605319977,0.48040127754211426,-0.05421965941786766,0.3896181583404541,0.40609508752822876,-0.009067205712199211,0.3125101625919342,0.4110684394836426,-0.026744917035102844,0.26317429542541504,0.4163343906402588,-0.04176749289035797,0.2190684676170349,0.42628368735313416,-0.0527435727417469,0.41075295209884644,0.3581371307373047,-0.018416404724121094,0.3512241244316101,0.3586640954017639,-0.03480471670627594,0.3109220862388611,0.3669373393058777,-0.04426281899213791,0.27269864082336426,0.37846291065216064,-0.05120660737156868
0.5831074714660645,0.42032837867736816,3.366222642853245e-07,0.5323905944824219,0.48847082257270813,-0.03349659964442253,0.4571395516395569,0.5265078544616699,-0.04371897876262665,0.3849800229072571,0.526141881942749,-0.05150796100497246,0.32178351283073425,0.5349531173706055,-0.05702799931168556,0.3855479657649994,0.4934616684913635,-0.005691553466022015,0.30707523226737976,0.5083020925521851,-0.02545394003391266,0.2614597678184509,0.515799343585968,-0.04506204277276993,0.21826313436031342,0.5228158235549927,-0.059877004474401474,0.38009509444236755,0.4477083086967468,-0.00374203035607934,0.29535651206970215,0.46089351177215576,-0.020293744280934334,0.24065089225769043,0.4695162773132324,-0.04021022096276283,0.18989871442317963,0.47954317927360535,-0.05566138029098511,0.3906707763671875,0.40530577301979065,-0.008157425560057163,0.3130573332309723,0.409397155046463,-0.0262672808021307,0.2632502317428589,0.414747953414917,-0.04198692366480827,0.2191484570503235,0.42489826679229736,-0.053311847150325775,0.41125452518463135,0.3576548993587494,-0.016574207693338394,0.3508441746234894,0.3580494225025177,-0.0332464762032032,0.31025683879852295,0.3668339252471924,-0.04330698773264885,0.27220600843429565,0.37899789214134216,-0.05063501000404358
0.5801984071731567,0.4177795648574829,3.3717057590365584e-07,0.5313721895217896,0.48720410466194153,-0.03288542851805687,0.4573306739330292,0.526278555393219,-0.043005138635635376,0.38573354482650757,0.526124119758606,-0.05078507214784622,0.32315540313720703,0.5331484079360962,-0.056314464658498764,0.3854109048843384,0.4942277669906616,-0.005477945785969496,0.3073166608810425,0.508493185043335,-0.024620169773697853,0.26210111379623413,0.515238881111145,-0.043772172182798386,0.21943399310112,0.52162104845047,-0.058372002094984055,0.37921687960624695,0.4482057988643646,-0.0037853580433875322,0.29431214928627014,0.4618580937385559,-0.019766321405768394,0.23974497616291046,0.47051626443862915,-0.039407625794410706,0.18925954401493073,0.48060840368270874,-0.05479783937335014,0.38937878608703613,0.40549948811531067,-0.008334957994520664,0.31192532181739807,0.4103315770626068,-0.02595571242272854,0.262121319770813,0.41567546129226685,-0.04182662069797516,0.2181379795074463,0.42562955617904663,-0.05349809303879738,0.4097062051296234,0.35714778304100037,-0.01680634170770645,0.3499222993850708,0.3577902317047119,-0.033252064138650894,0.3096849322319031,0.3668624460697174,-0.043397560715675354,0.2720089256763458,0.3793811798095703,-0.0509437657892704
0.5791152715682983,0.41722825169563293,3.3455870607213e-07,0.5312576293945312,0.4872407913208008,-0.032827213406562805,0.4579882025718689,0.5270087718963623,-0.043340250849723816,0.3868330717086792,0.5264022350311279,-0.05134524032473564,0.3247324824333191,0.5343592166900635,-0.057192593812942505,0.38424667716026306,0.4945145547389984,-0.007140511181205511,0.3070450723171234,0.5099447965621948,-0.026595136150717735,0.2623099684715271,0.5172251462936401,-0.04592445492744446,0.21982771158218384,0.523865282535553,-0.06075698509812355,0.37820005416870117,0.4482458829879761,-0.005697878077626228,0.29406726360321045,0.4622732996940613,-0.021978693082928658,0.2399938553571701,0.47094693779945374,-0.041702527552843094,0.18963797390460968,0.4808404743671417,-0.05724991112947464,0.3887312710285187,0.40531328320503235,-0.010354951024055481,0.31206145882606506,0.4104319214820862,-0.028392599895596504,0.2626337707042694,0.41540780663490295,-0.044258713722229004,0.21854422986507416,0.42488807439804077,-0.05598561838269234,0.40954431891441345,0.35672783851623535,-0.018866069614887238,0.35054636001586914,0.35715577006340027,-0.03579341247677803,0.31066635251045227,0.3660662770271301,-0.046064168214797974,0.27287620306015015,0.37845122814178467,-0.05373093858361244
0.5812095999717712,0.4186026453971863,3.280555631590687e-07,0.531002402305603,0.48732423782348633,-0.030976904556155205,0.4566819965839386,0.5257503390312195,-0.04081038013100624,0.385711133480072,0.5253191590309143,-0.0485820434987545,0.32404589653015137,0.5351734757423401,-0.05445250868797302,0.3857017457485199,0.4937458336353302,-0.006812060717493296,0.30813175439834595,0.5093545913696289,-0.02684953063726425,0.2631005644798279,0.5170604586601257,-0.04633662477135658,0.2202882617712021,0.5239415764808655,-0.0611782968044281,0.3799828886985779,0.44751840829849243,-0.006554556079208851,0.29526931047439575,0.46151280403137207,-0.02366199530661106,0.24038945138454437,0.4702416956424713,-0.04376840591430664,0.18944743275642395,0.48014357686042786,-0.05943011865019798,0.39068153500556946,0.40427106618881226,-0.0122031569480896,0.3134814202785492,0.40861985087394714,-0.03102041780948639,0.26420772075653076,0.41322046518325806,-0.04706525057554245,0.22051039338111877,0.4224812686443329,-0.058639124035835266,0.41168928146362305,0.3558536171913147,-0.021499987691640854,0.35199424624443054,0.35686737298965454,-0.038913972675800323,0.31164732575416565,0.36567553877830505,-0.04927569255232811,0.27374720573425293,0.3777221441268921,-0.05687400698661804
0.580849826335907,0.41831454634666443,3.311543537165562e-07,0.5317693948745728,0.48738646507263184,-0.03206756338477135,0.45716357231140137,0.525639533996582,-0.04212191700935364,0.3853481411933899,0.5251086354255676,-0.04984532296657562,0.323006272315979,0.534681499004364,-0.05552644655108452,0.3859652876853943,0.49286380410194397,-0.007087854202836752,0.3073943853378296,0.5079421997070312,-0.026705710217356682,0.26214414834976196,0.5158650279045105,-0.045802004635334015,0.21954268217086792,0.523503303527832,-0.060304705053567886,0.38026848435401917,0.4467461109161377,-0.005980236921459436,0.294795423746109,0.4601142406463623,-0.02255004458129406,0.23991595208644867,0.4689202308654785,-0.04227377101778984,0.18945001065731049,0.4793025851249695,-0.05769781768321991,0.3909246027469635,0.4041358530521393,-0.010886295698583126,0.31306391954421997,0.4082430601119995,-0.029048867523670197,0.26333558559417725,0.41290876269340515,-0.04493328183889389,0.2196292281150818,0.4223839342594147,-0.056526605039834976,0.4117014706134796,0.3564176857471466,-0.019543347880244255,0.3514270484447479,0.35663262009620667,-0.036462508141994476,0.3109924793243408,0.3651302456855774,-0.04674767330288887,0.27333688735961914,0.37717390060424805,-0.05435856431722641
0.5804199576377869,0.41688334941864014,3.4270303217454057e-07,0.53163743019104,0.48586729168891907,-0.03331484645605087,0.45794814825057983,0.525197446346283,-0.043676748871803284,0.386269211769104,0.5250817537307739,-0.051539789885282516,0.32354536652565,0.533488929271698,-0.05723349004983902,0.3861714005470276,0.49234479665756226,-0.006407855544239283,0.30817511677742004,0.5078102350234985,-0.02612782083451748,0.26296359300613403,0.51579350233078,-0.04558553174138069,0.2202734351158142,0.5229656100273132,-0.06036851927638054,0.3802228569984436,0.4465499818325043,-0.004632305819541216,0.2949563264846802,0.45979592204093933,-0.021180836483836174,0.24016322195529938,0.46829530596733093,-0.04111521691083908,0.189459428191185,0.4780503511428833,-0.05669095739722252,0.39068886637687683,0.40412911772727966,-0.009149708785116673,0.31282100081443787,0.40863534808158875,-0.027591509744524956,0.2628934383392334,0.4139024615287781,-0.04386616498231888,0.21864618360996246,0.4237332344055176,-0.0556693971157074,0.4112340211868286,0.3563483655452728,-0.0175478532910347,0.35127702355384827,0.3564346134662628,-0.03483099862933159,0.31089094281196594,0.3651167154312134,-0.045519787818193436,0.27285897731781006,0.3772718906402588,-0.05338155850768089
0.5798084139823914,0.4161463677883148,3.424671319862682e-07,0.531399130821228,0.48567503690719604,-0.03258839622139931,0.45803987979888916,0.5252798199653625,-0.043009381741285324,0.38660410046577454,0.5247041583061218,-0.051010552793741226,0.32418274879455566,0.5333544015884399,-0.056930817663669586,0.38614633679389954,0.4928034245967865,-0.0072072832845151424,0.3082331418991089,0.5082318186759949,-0.02713351882994175,0.26319602131843567,0.5161026120185852,-0.04654824733734131,0.22074516117572784,0.5233318209648132,-0.06124504283070564,0.37995266914367676,0.4469340443611145,-0.005934755317866802,0.294412225484848,0.46021488308906555,-0.022589921951293945,0.23945310711860657,0.4688872694969177,-0.04232131689786911,0.18894656002521515,0.4789428412914276,-0.05773225054144859,0.3903588652610779,0.4043310880661011,-0.010796102695167065,0.3121703863143921,0.4086771309375763,-0.02920573018491268,0.2623845338821411,0.41380083560943604,-0.04519305378198624,0.21838778257369995,0.42362716794013977,-0.05682538449764252,0.41104429960250854,0.35655516386032104,-0.019451314583420753,0.35105669498443604,0.35650748014450073,-0.03672659024596214,0.3106912672519684,0.36514410376548767,-0.047188419848680496,0.27278566360473633,0.37736180424690247,-0.05487842857837677
0.5807840824127197,0.4168004095554352,3.4064802889588464e-07,0.5317767858505249,0.48610740900039673,-0.03312913328409195,0.45738935470581055,0.5259791016578674,-0.04342886805534363,0.38565966486930847,0.5254732370376587,-0.05120519548654556,0.3235390782356262,0.53449946641922,-0.056754790246486664,0.38490885496139526,0.49295827746391296,-0.006309622898697853,0.30764347314834595,0.5078920125961304,-0.02592344954609871,0.2632893919944763,0.5150295495986938,-0.0454927422106266,0.2211209237575531,0.5217150449752808,-0.06039031222462654,0.3788035213947296,0.44718101620674133,-0.0046225134283304214,0.2942628264427185,0.4606747627258301,-0.020944993942975998,0.2397923320531845,0.4693055748939514,-0.04068971425294876,0.18968404829502106,0.4791841208934784,-0.05610525235533714,0.3894749879837036,0.4045112729072571,-0.009211862459778786,0.3122270405292511,0.4092612564563751,-0.027190109714865685,0.26296690106391907,0.4142288863658905,-0.0428340807557106,0.21950460970401764,0.42364418506622314,-0.054223496466875076,0.41046711802482605,0.3562746047973633,-0.017736025154590607,0.350999653339386,0.35656994581222534,-0.03438061475753784,0.31088823080062866,0.36564409732818604,-0.04441577568650246,0.2731277048587799,0.3778831958770752,-0.05183401331305504
0.5812007188796997,0.41699057817459106,3.3384876019226795e-07,0.5320000648498535,0.48625272512435913,-0.033070892095565796,0.4574383497238159,0.525838315486908,-0.043412212282419205,0.38554662466049194,0.5252782702445984,-0.05124896764755249,0.32337549328804016,0.5339418649673462,-0.05684841796755791,0.38500845432281494,0.49247753620147705,-0.006513563916087151,0.30756744742393494,0.507598876953125,-0.026357801631093025,0.26311618089675903,0.5149838924407959,-0.04599727690219879,0.2209174782037735,0.5219366550445557,-0.06086528301239014,0.37894174456596375,0.446780800819397,-0.004829889163374901,0.2943507432937622,0.46014729142189026,-0.021292608231306076,0.24008986353874207,0.46885445713996887,-0.04092005640268326,0.19019795954227448,0.4787769019603729,-0.0561789907515049,0.3895002603530884,0.4042256474494934,-0.009400876238942146,0.31215476989746094,0.40928950905799866,-0.027335932478308678,0.2627342939376831,0.414587140083313,-0.04269155487418175,0.21920526027679443,0.42422816157341003,-0.053858015686273575,0.4104713201522827,0.35605984926223755,-0.01792391762137413,0.35095351934432983,0.35635891556739807,-0.03441144898533821,0.3107907772064209,0.3654574751853943,-0.04418957233428955,0.27314287424087524,0.37780267000198364,-0.0513792484998703
0.5797598361968994,0.4148494303226471,3.35004045837195e-07,0.5319535732269287,0.4867810308933258,-0.03314570337533951,0.45746517181396484,0.5272383689880371,-0.043285030871629715,0.3852921426296234,0.5263771414756775,-0.050841495394706726,0.3231504559516907,0.5365262627601624,-0.05617905408143997,0.38363268971443176,0.4925191104412079,-0.007001270540058613,0.3057658076286316,0.5077066421508789,-0.0265878327190876,0.26070576906204224,0.5149996280670166,-0.04593969136476517,0.21838133037090302,0.5216571092605591,-0.060656145215034485,0.37797385454177856,0.44663843512535095,-0.005232708062976599,0.29369282722473145,0.4604766070842743,-0.021396057680249214,0.23981276154518127,0.4687003195285797,-0.040687933564186096,0.19059747457504272,0.4780149459838867,-0.05581814795732498,0.3887687921524048,0.40418440103530884,-0.009733160026371479,0.3113998472690582,0.4091132879257202,-0.027571797370910645,0.26230454444885254,0.41424304246902466,-0.04292605444788933,0.2191152125597,0.42366689443588257,-0.054200343787670135,0.4099610149860382,0.35622528195381165,-0.018176238983869553,0.35052716732025146,0.35671266913414,-0.035048145800828934,0.31050240993499756,0.36552348732948303,-0.045272793620824814,0.27286815643310547,0.37736713886260986,-0.0527922622859478
0.579702615737915,0.41558706760406494,3.3316467806798755e-07,0.5313286185264587,0.4865863621234894,-0.03206527978181839,0.4573231041431427,0.5266720056533813,-0.04197273775935173,0.385763943195343,0.525736927986145,-0.04952939972281456,0.3239060938358307,0.5361846089363098,-0.05503668263554573,0.3836521506309509,0.4930216670036316,-0.006513058673590422,0.306474506855011,0.5088421702384949,-0.02618739753961563,0.26170584559440613,0.5163509845733643,-0.04567274451255798,0.21917447447776794,0.5229694843292236,-0.060552023351192474,0.3779948055744171,0.4470891058444977,-0.005527789238840342,0.29388123750686646,0.4613282084465027,-0.021822111681103706,0.23989762365818024,0.46969226002693176,-0.04140419885516167,0.18998631834983826,0.4789833724498749,-0.05681055784225464,0.38899439573287964,0.4045446515083313,-0.010691244155168533,0.31192585825920105,0.40911221504211426,-0.02886573225259781,0.2632628083229065,0.4139009714126587,-0.04441766068339348,0.21992485225200653,0.4230233132839203,-0.05581428483128548,0.41041243076324463,0.35678786039352417,-0.019669461995363235,0.35123157501220703,0.3574276566505432,-0.03683844953775406,0.31135696172714233,0.3660963177680969,-0.04710492119193077,0.2733372747898102,0.3777039051055908,-0.05469077453017235
0.579527735710144,0.41788071393966675,3.3240709740312013e-07,0.5312396287918091,0.4904458224773407,-0.03100237064063549,0.4567791819572449,0.5301941633224487,-0.040579136461019516,0.3858334422111511,0.5284326076507568,-0.04803696647286415,0.3245219886302948,0.5378171801567078,-0.05354468151926994,0.3841381371021271,0.4961114227771759,-0.006334110628813505,0.306246280670166,0.5108375549316406,-0.02582314983010292,0.26152825355529785,0.5176178812980652,-0.044958729296922684,0.21961474418640137,0.5240717530250549,-0.059443149715662,0.3787061274051666,0.44966328144073486,-0.005839161109179258,0.29363778233528137,0.4627048373222351,-0.021962696686387062,0.23918801546096802,0.4706883132457733,-0.04134349152445793,0.18941308557987213,0.4802308678627014,-0.05649203807115555,0.3897024095058441,0.40647581219673157,-0.011328417807817459,0.31190192699432373,0.41098764538764954,-0.02915867045521736,0.26270386576652527,0.4154178500175476,-0.0447196364402771,0.2191358357667923,0.424547404050827,-0.05614138022065163,0.4110347628593445,0.3583132028579712,-0.020504653453826904,0.35130494832992554,0.35903531312942505,-0.03729000687599182,0.3113784193992615,0.3677693009376526,-0.047285716980695724,0.2737997770309448,0.37982115149497986,-0.05468495190143585
0.5780677199363708,0.41984713077545166,3.4740338605843135e-07,0.5321516990661621,0.49299246072769165,-0.03482784703373909,0.4588262438774109,0.5331019759178162,-0.04593677073717117,0.38732749223709106,0.5312966704368591,-0.05408964678645134,0.3247778117656708,0.5396662354469299,-0.06016417220234871,0.3831225335597992,0.4987724721431732,-0.008852115832269192,0.3058285117149353,0.5139212012290955,-0.02841797098517418,0.2612649202346802,0.5214208960533142,-0.04798039793968201,0.219110906124115,0.5280321836471558,-0.06304974108934402,0.37758466601371765,0.4514215290546417,-0.006681144703179598,0.29237139225006104,0.4655095040798187,-0.02314981259405613,0.2382420003414154,0.47400814294815063,-0.043421097099781036,0.18845902383327484,0.4835973083972931,-0.05945120379328728,0.38887128233909607,0.40816396474838257,-0.010812968015670776,0.3110556900501251,0.41286224126815796,-0.029390782117843628,0.26169323921203613,0.4175978899002075,-0.04616552218794823,0.2177768349647522,0.42635586857795715,-0.05854414775967598,0.41009005904197693,0.3595433533191681,-0.01888633519411087,0.3500330150127411,0.3608517646789551,-0.036538176238536835,0.30978327989578247,0.37014317512512207,-0.04764636605978012,0.2714395523071289,0.3822546601295471,-0.05599821358919144
0.5788141489028931,0.422030508518219,3.3352631589878e-07,0.5309452414512634,0.4937082827091217,-0.031643886119127274,0.45647481083869934,0.5327202081680298,-0.04132460430264473,0.385172575712204,0.5307214260101318,-0.04859500750899315,0.3238345682621002,0.5420159697532654,-0.05374883487820625,0.3824021518230438,0.5003777146339417,-0.006214683409780264,0.3040759563446045,0.5160796046257019,-0.024883784353733063,0.25940802693367004,0.5238970518112183,-0.04355032742023468,0.21778516471385956,0.5310893058776855,-0.057757943868637085,0.3765794634819031,0.45367708802223206,-0.0050715496763587,0.2912050783634186,0.4682215452194214,-0.02045460417866707,0.23686455190181732,0.4767332375049591,-0.03952838480472565,0.18809016048908234,0.4862728714942932,-0.054498665034770966,0.38740643858909607,0.4104938507080078,-0.009941496886312962,0.30944177508354187,0.41501209139823914,-0.026929648593068123,0.260356068611145,0.4191858768463135,-0.042319416999816895,0.21741949021816254,0.42787060141563416,-0.05373372882604599,0.40829914808273315,0.36248841881752014,-0.018566709011793137,0.34845516085624695,0.3632390797138214,-0.034678250551223755,0.3082752823829651,0.37257713079452515,-0.04454426467418671,0.27060621976852417,0.38490384817123413,-0.05190028250217438
0.5797263979911804,0.4222424030303955,3.213079082797776e-07,0.5311336517333984,0.49268782138824463,-0.03233849257230759,0.45668166875839233,0.5320157408714294,-0.0424761138856411,0.38496842980384827,0.5311900973320007,-0.05016332119703293,0.3227522373199463,0.5419553518295288,-0.05573539435863495,0.38289475440979004,0.49938300251960754,-0.006801503710448742,0.3046668767929077,0.515663206577301,-0.026372982189059258,0.259581983089447,0.5239479541778564,-0.0456923209130764,0.21739032864570618,0.531079888343811,-0.06033460795879364,0.3771854639053345,0.45284315943717957,-0.005485985893756151,0.2923067510128021,0.4677049517631531,-0.021673055365681648,0.23806992173194885,0.476467490196228,-0.04116087034344673,0.18877339363098145,0.48581987619400024,-0.05641907453536987,0.38785475492477417,0.4097566306591034,-0.010275228880345821,0.3100002706050873,0.4148542582988739,-0.027953194454312325,0.2608898878097534,0.41963431239128113,-0.043291203677654266,0.21766994893550873,0.4286660850048065,-0.05457361787557602,0.4087853729724884,0.3617604374885559,-0.018911883234977722,0.348872572183609,0.3631455898284912,-0.035447780042886734,0.30857014656066895,0.3729613721370697,-0.04537477344274521,0.27077117562294006,0.38584885001182556,-0.052711132913827896
0.5814720988273621,0.4231506586074829,3.530370236148883e-07,0.5326375365257263,0.49540501832962036,-0.033946506679058075,0.45626091957092285,0.5351772308349609,-0.04306942597031593,0.3839819133281708,0.5348021984100342,-0.04956379532814026,0.3214918375015259,0.5435452461242676,-0.05364019423723221,0.3824598789215088,0.5007551312446594,-0.002515845000743866,0.30451032519340515,0.5154533386230469,-0.020326673984527588,0.25884678959846497,0.5223948955535889,-0.039180394262075424,0.2164468765258789,0.5287678241729736,-0.053624071180820465,0.3767244219779968,0.45399752259254456,0.00022869909298606217,0.29174116253852844,0.4675710201263428,-0.014254257082939148,0.23659063875675201,0.4761597812175751,-0.03365422412753105,0.1869654655456543,0.4862391948699951,-0.048890531063079834,0.3874662518501282,0.4106796383857727,-0.0036689313128590584,0.3097672164440155,0.4152187407016754,-0.020074455067515373,0.2596779465675354,0.42070886492729187,-0.03597502410411835,0.2163686454296112,0.43042710423469543,-0.047677259892225266,0.40799787640571594,0.36185166239738464,-0.01168855745345354,0.34794798493385315,0.36315399408340454,-0.02705542743206024,0.3074318468570709,0.37295597791671753,-0.03713442385196686,0.2697324752807617,0.3856010138988495,-0.04471820965409279
0.5828678011894226,0.42296868562698364,3.324182102915074e-07,0.5336852073669434,0.4942426383495331,-0.03235182166099548,0.45649346709251404,0.5336615443229675,-0.04134161025285721,0.38408201932907104,0.5335466861724854,-0.048013921827077866,0.321851909160614,0.5434867143630981,-0.05245022475719452,0.3836295008659363,0.5007587671279907,-0.0039185574278235435,0.30517759919166565,0.5158843994140625,-0.022910187020897865,0.25921735167503357,0.5230816006660461,-0.042119961231946945,0.21680819988250732,0.529603123664856,-0.05663258954882622,0.3776254653930664,0.45434609055519104,-0.002296583028510213,0.29202696681022644,0.46764782071113586,-0.017800327390432358,0.23704580962657928,0.47603359818458557,-0.03712710738182068,0.1875901073217392,0.4859195649623871,-0.05212770029902458,0.38816189765930176,0.4110322892665863,-0.0070264749228954315,0.3097955286502838,0.415557324886322,-0.024105316027998924,0.2595474421977997,0.4210570752620697,-0.0394887812435627,0.21598489582538605,0.4310228228569031,-0.05072750523686409,0.40903031826019287,0.3622375726699829,-0.015707962214946747,0.34858816862106323,0.3630414605140686,-0.03158831596374512,0.30777013301849365,0.372707337141037,-0.04133235290646553,0.2699938416481018,0.3856799006462097,-0.04853511601686478
0.580984354019165,0.4241531789302826,3.3931783605112287e-07,0.5328781604766846,0.4949391484260559,-0.033263422548770905,0.45659005641937256,0.5339602828025818,-0.04314383119344711,0.3845396041870117,0.5331719517707825,-0.05048501119017601,0.32252347469329834,0.5420706272125244,-0.0555352121591568,0.3825061619281769,0.49967795610427856,-0.005417064763605595,0.3040156066417694,0.5153862237930298,-0.024763796478509903,0.2584370970726013,0.5229135751724243,-0.04414946213364601,0.21627400815486908,0.5295141935348511,-0.058642029762268066,0.37642866373062134,0.45395374298095703,-0.0033700831700116396,0.2906751334667206,0.46738898754119873,-0.019009673967957497,0.23590871691703796,0.4761962592601776,-0.03822633624076843,0.18646271526813507,0.4861493706703186,-0.05311885476112366,0.3868972659111023,0.4114844799041748,-0.007681273855268955,0.30860456824302673,0.41596806049346924,-0.02437232993543148,0.25899451971054077,0.4208802282810211,-0.03912965953350067,0.21564969420433044,0.4299848973751068,-0.050015922635793686,0.4075731039047241,0.3639463186264038,-0.01606997288763523,0.34705305099487305,0.36436349153518677,-0.031276553869247437,0.30655497312545776,0.37327760457992554,-0.040318503975868225,0.26883769035339355,0.38514024019241333,-0.047059547156095505
0.5816822052001953,0.4249861240386963,3.184415220403025e-07,0.5301265120506287,0.4962896704673767,-0.029968207702040672,0.45329588651657104,0.5342387557029724,-0.03906422108411789,0.3815454840660095,0.5312747359275818,-0.046364668756723404,0.3198535144329071,0.5402065515518188,-0.05183187872171402,0.3832322955131531,0.5006338357925415,-0.0053280070424079895,0.3050667345523834,0.51425701379776,-0.02513698861002922,0.2598322331905365,0.5211217999458313,-0.044755350798368454,0.21680361032485962,0.5277898907661438,-0.05967507138848305,0.37830573320388794,0.4538406729698181,-0.005453528370708227,0.2930496633052826,0.4665887653827667,-0.022062202915549278,0.23809577524662018,0.47459322214126587,-0.042032040655612946,0.18689750134944916,0.483970046043396,-0.05768301337957382,0.38949447870254517,0.41037729382514954,-0.011433553881943226,0.3117044270038605,0.41443026065826416,-0.02936604805290699,0.2624511122703552,0.41840532422065735,-0.04454142600297928,0.21883882582187653,0.42689892649650574,-0.05570666864514351,0.41071921586990356,0.36156976222991943,-0.021094443276524544,0.35049185156822205,0.361947238445282,-0.03744001314043999,0.30974575877189636,0.37031954526901245,-0.04685200750827789,0.27134352922439575,0.3816995620727539,-0.053909819573163986
0.5808653831481934,0.4240829348564148,3.4105516988347517e-07,0.5306903123855591,0.49659308791160583,-0.03009827993810177,0.4539055824279785,0.5342254638671875,-0.039221182465553284,0.3821506202220917,0.5310061573982239,-0.04640006646513939,0.320840448141098,0.5401399731636047,-0.0517195388674736,0.38330206274986267,0.5003243088722229,-0.006449450738728046,0.3037244975566864,0.5136932730674744,-0.02585221454501152,0.25796109437942505,0.5198035836219788,-0.044634003192186356,0.21528242528438568,0.5256487727165222,-0.05877910181879997,0.3784286677837372,0.4535911977291107,-0.0063925315625965595,0.291729211807251,0.46611061692237854,-0.02271287515759468,0.23614586889743805,0.47369447350502014,-0.04201161116361618,0.1857132911682129,0.48275837302207947,-0.056960538029670715,0.3898453116416931,0.41007331013679504,-0.012122048996388912,0.3114323616027832,0.4139249920845032,-0.029756225645542145,0.261419415473938,0.41750672459602356,-0.0450253002345562,0.21763767302036285,0.4255622625350952,-0.056199997663497925,0.41117537021636963,0.3617175817489624,-0.021475141867995262,0.35053539276123047,0.3619755506515503,-0.037801772356033325,0.3096122443675995,0.3702276647090912,-0.047368910163640976,0.27139973640441895,0.3812662959098816,-0.05445970222353935
0.580780029296875,0.42363834381103516,3.2411020356448716e-07,0.5312759280204773,0.4941173195838928,-0.03173726424574852,0.4555725157260895,0.5333421230316162,-0.041410140693187714,0.3840761184692383,0.5312858819961548,-0.04876553267240524,0.3222212791442871,0.5410737991333008,-0.05390726029872894,0.3814607858657837,0.49881184101104736,-0.006035929080098867,0.30404964089393616,0.5146800875663757,-0.025375647470355034,0.259199857711792,0.5212246179580688,-0.04461356997489929,0.2169867753982544,0.5264506340026855,-0.05924971401691437,0.3760491907596588,0.452970027923584,-0.005198585335165262,0.2916015386581421,0.4664577543735504,-0.0208636075258255,0.23737801611423492,0.47380566596984863,-0.0398157499730587,0.1880338191986084,0.4819716811180115,-0.05476856231689453,0.38712501525878906,0.41039061546325684,-0.010503310710191727,0.30985137820243835,0.414919912815094,-0.02754240483045578,0.2604028582572937,0.41888681054115295,-0.042247019708156586,0.21679365634918213,0.42687124013900757,-0.05326247215270996,0.4089227020740509,0.36237168312072754,-0.01973493956029415,0.34943750500679016,0.363137811422348,-0.03561386466026306,0.3090370297431946,0.37156274914741516,-0.044967349618673325,0.2710422873497009,0.3828890919685364,-0.05203961208462715
0.580960750579834,0.4249643385410309,3.3761628515094344e-07,0.53261399269104,0.49679625034332275,-0.03292979300022125,0.45651504397392273,0.5363578796386719,-0.04257313907146454,0.3839932978153229,0.534385621547699,-0.04969773441553116,0.32187020778656006,0.5429783463478088,-0.05458901822566986,0.38195231556892395,0.5002691745758057,-0.005269140936434269,0.30375224351882935,0.5147020220756531,-0.024092886596918106,0.25896361470222473,0.5211055278778076,-0.0432673878967762,0.21696984767913818,0.5268296003341675,-0.05787067487835884,0.3766721487045288,0.4540965259075165,-0.0034659162629395723,0.291263222694397,0.467011421918869,-0.018913056701421738,0.23657698929309845,0.47480982542037964,-0.03842286393046379,0.18653903901576996,0.4838712215423584,-0.05371735990047455,0.38806799054145813,0.41139206290245056,-0.007932350970804691,0.31035685539245605,0.4154670238494873,-0.025018014013767242,0.26100823283195496,0.4192086458206177,-0.04047606885433197,0.21730586886405945,0.42741599678993225,-0.05189412459731102,0.40978968143463135,0.3634234666824341,-0.016364214941859245,0.3497512936592102,0.3633432686328888,-0.03225238621234894,0.30933186411857605,0.3718523383140564,-0.04198558256030083,0.2710946202278137,0.3831862509250641,-0.04929616302251816
0.5819030404090881,0.4257175922393799,3.260623770984239e-07,0.5327430963516235,0.49561282992362976,-0.03234608843922615,0.45704910159111023,0.5355599522590637,-0.042340077459812164,0.3848423659801483,0.5340258479118347,-0.04997576028108597,0.3226354718208313,0.542550265789032,-0.05547622963786125,0.38271865248680115,0.5004697442054749,-0.00620172219350934,0.3049324154853821,0.5153875350952148,-0.025797085836529732,0.2599712610244751,0.5218108892440796,-0.04541299119591713,0.21748186647891998,0.5270829200744629,-0.060385651886463165,0.37721186876296997,0.4541865885257721,-0.005037523340433836,0.29212039709091187,0.4678732752799988,-0.021365074440836906,0.23756428062915802,0.4754180908203125,-0.0411723256111145,0.18721041083335876,0.48382192850112915,-0.05667110159993172,0.3884047567844391,0.41126084327697754,-0.010007830336689949,0.3105581998825073,0.41587120294570923,-0.02787482924759388,0.26115232706069946,0.41999804973602295,-0.04329216480255127,0.21726980805397034,0.4284655451774597,-0.05462077632546425,0.4102029502391815,0.3629647493362427,-0.018868276849389076,0.350175678730011,0.3635210394859314,-0.03543591499328613,0.30952325463294983,0.37253981828689575,-0.045292068272829056,0.27104389667510986,0.3844907879829407,-0.05261920392513275
0.5804280638694763,0.42625412344932556,3.453589272339741e-07,0.5334315299987793,0.4979272484779358,-0.03504321351647377,0.45814627408981323,0.538110077381134,-0.04562201723456383,0.38545724749565125,0.5362109541893005,-0.05326119437813759,0.3224937617778778,0.5442333817481995,-0.05846056714653969,0.3812926709651947,0.5010659098625183,-0.0068737114779651165,0.3029804527759552,0.5152125358581543,-0.02585195191204548,0.2578760087490082,0.5218022465705872,-0.045045122504234314,0.2155652493238449,0.5279848575592041,-0.05973105505108833,0.375610888004303,0.4549139738082886,-0.004114618059247732,0.29028260707855225,0.4679529368877411,-0.019651520997285843,0.2357999086380005,0.4756646752357483,-0.03890344873070717,0.18626749515533447,0.4848919212818146,-0.05402049422264099,0.38680505752563477,0.41250646114349365,-0.007862546481192112,0.30913370847702026,0.41666626930236816,-0.02501385100185871,0.2598590850830078,0.4208628535270691,-0.040399618446826935,0.21646621823310852,0.42988121509552,-0.05178465321660042,0.408337265253067,0.3646743595600128,-0.0158097967505455,0.34842973947525024,0.3654737174510956,-0.03193267434835434,0.30828091502189636,0.37472009658813477,-0.04193292558193207,0.27061474323272705,0.38716357946395874,-0.04940269887447357
0.5829260945320129,0.4283531904220581,3.3477095939815626e-07,0.5343775749206543,0.49843496084213257,-0.03372661769390106,0.4574121832847595,0.5387620329856873,-0.043821029365062714,0.38438352942466736,0.5378040671348572,-0.051226504147052765,0.32175081968307495,0.5463905930519104,-0.056198690086603165,0.38127315044403076,0.5014229416847229,-0.005841643549501896,0.30200672149658203,0.5161402821540833,-0.02484855428338051,0.2563159465789795,0.5227175354957581,-0.04405638948082924,0.21401630342006683,0.5283246040344238,-0.05858318507671356,0.3760143518447876,0.45529431104660034,-0.003703565336763859,0.2902664542198181,0.46872302889823914,-0.018995851278305054,0.23545785248279572,0.4767836332321167,-0.0380304679274559,0.1863490343093872,0.4859706461429596,-0.05280763655900955,0.3873286545276642,0.41261720657348633,-0.007930148392915726,0.30875691771507263,0.4175412952899933,-0.02448909543454647,0.2590637803077698,0.4225001335144043,-0.039101194590330124,0.2157522588968277,0.43198081851005554,-0.049835748970508575,0.40908101201057434,0.3646484315395355,-0.01628757268190384,0.348143994808197,0.3659355640411377,-0.03175579756498337,0.30723464488983154,0.37572216987609863,-0.040927816182374954,0.2692732810974121,0.3884287178516388,-0.04763609543442726
0.5815310478210449,0.42867472767829895,3.2499767144145153e-07,0.5328131318092346,0.5004968643188477,-0.031359896063804626,0.4547180235385895,0.5391780734062195,-0.04023163020610809,0.3818947970867157,0.536948561668396,-0.047062259167432785,0.3197552561759949,0.5450719594955444,-0.05177630856633186,0.3816820979118347,0.5042940378189087,-0.004658565856516361,0.30272287130355835,0.518647313117981,-0.023888595402240753,0.25678402185440063,0.5241954922676086,-0.04293539747595787,0.21381676197052002,0.5285524129867554,-0.05741887167096138,0.37599629163742065,0.45782455801963806,-0.0038678261917084455,0.2901773452758789,0.4704561233520508,-0.019803142175078392,0.23559880256652832,0.47756168246269226,-0.038870543241500854,0.1857178956270218,0.4862155318260193,-0.05372362211346626,0.3867664933204651,0.41485628485679626,-0.009302555583417416,0.30809712409973145,0.4188808500766754,-0.026731906458735466,0.2587670087814331,0.4232490062713623,-0.04169441759586334,0.21520212292671204,0.4323194921016693,-0.05269566923379898,0.40797311067581177,0.36667314171791077,-0.018643943592905998,0.346945583820343,0.3671027421951294,-0.034901540726423264,0.3063051998615265,0.37578946352005005,-0.044601619243621826,0.2683153748512268,0.3877961039543152,-0.05181694030761719
0.5804178714752197,0.4279371500015259,3.240822081806982e-07,0.5319092869758606,0.49996206164360046,-0.030719462782144547,0.45446181297302246,0.5391634702682495,-0.039463359862565994,0.3820835053920746,0.5370722413063049,-0.046261176466941833,0.32072359323501587,0.5461567640304565,-0.05107489973306656,0.38183584809303284,0.5049765706062317,-0.00495059322565794,0.30326229333877563,0.5194624066352844,-0.0244281105697155,0.25780773162841797,0.5257200598716736,-0.043600112199783325,0.21540406346321106,0.531141459941864,-0.058093927800655365,0.37579426169395447,0.45844796299934387,-0.0045778569765388966,0.28951478004455566,0.4713607430458069,-0.020749231800436974,0.2346511036157608,0.47918084263801575,-0.03998683765530586,0.18476542830467224,0.4885915517807007,-0.05486311763525009,0.3863013684749603,0.4150587022304535,-0.010292830877006054,0.307298868894577,0.4194514751434326,-0.027898060157895088,0.2581377327442169,0.42396360635757446,-0.04290412366390228,0.2149665802717209,0.4331201910972595,-0.053856901824474335,0.4072554409503937,0.36641690135002136,-0.019815927371382713,0.34647899866104126,0.3667193055152893,-0.03607402369379997,0.3059614598751068,0.37544137239456177,-0.04560597985982895,0.2682257294654846,0.3874085545539856,-0.052668824791908264
0.5791327953338623,0.42904192209243774,3.2558875773247564e-07,0.5305435657501221,0.5021775364875793,-0.03195933997631073,0.4540269374847412,0.5401833653450012,-0.04133113473653793,0.3819832503795624,0.5372903943061829,-0.04851521551609039,0.31991687417030334,0.5462459325790405,-0.053725503385066986,0.380411297082901,0.5050972700119019,-0.005184744950383902,0.30258047580718994,0.520086944103241,-0.024653758853673935,0.25722408294677734,0.5267963409423828,-0.04432813450694084,0.21442259848117828,0.532547652721405,-0.059386953711509705,0.3749661147594452,0.4579431712627411,-0.004285329487174749,0.28991571068763733,0.47120457887649536,-0.020472191274166107,0.23574130237102509,0.4788995385169983,-0.04076620191335678,0.18535132706165314,0.4878772497177124,-0.05681563913822174,0.3861066699028015,0.41504377126693726,-0.009563112631440163,0.3081900179386139,0.41850900650024414,-0.027376728132367134,0.2589262127876282,0.4229564368724823,-0.04344670847058296,0.21543169021606445,0.4318135976791382,-0.05541389435529709,0.40739941596984863,0.3667781352996826,-0.018710270524024963,0.3468940258026123,0.366976797580719,-0.03521445393562317,0.3061527609825134,0.3758622407913208,-0.04544055834412575,0.2678449749946594,0.38799503445625305,-0.05325140058994293
0.5792607665061951,0.4303398132324219,3.294114208074461e-07,0.530583918094635,0.5023815631866455,-0.03210753947496414,0.4541610777378082,0.5400757789611816,-0.04178381338715553,0.3821932077407837,0.5372171401977539,-0.04919600859284401,0.31993627548217773,0.5461812019348145,-0.054641805589199066,0.380481481552124,0.5045217871665955,-0.006288508418947458,0.30232518911361694,0.5197563171386719,-0.025935446843504906,0.25666096806526184,0.5267143249511719,-0.04555679112672806,0.21360255777835846,0.5325537919998169,-0.06056073307991028,0.37527018785476685,0.4575469493865967,-0.005394791252911091,0.28983891010284424,0.4710705578327179,-0.0219044778496027,0.23535087704658508,0.4789707064628601,-0.04219498485326767,0.1848447173833847,0.48817768692970276,-0.05813862010836601,0.3865227699279785,0.4146409332752228,-0.010589683428406715,0.3082769513130188,0.4182701110839844,-0.028634779155254364,0.2588561773300171,0.42264658212661743,-0.04469629004597664,0.2153262048959732,0.4315776824951172,-0.05654633417725563,0.4078882932662964,0.36639878153800964,-0.01962709054350853,0.34708234667778015,0.36691462993621826,-0.036286406219005585,0.30625349283218384,0.3757854998111725,-0.04652263596653938,0.2680177688598633,0.3878622055053711,-0.054256029427051544
0.5791115760803223,0.42856499552726746,3.388616960364743e-07,0.5312065482139587,0.5009305477142334,-0.03326839953660965,0.45497673749923706,0.540072500705719,-0.043403711169958115,0.382816880941391,0.5376466512680054,-0.05100347846746445,0.3204236924648285,0.5458354949951172,-0.05645032227039337,0.3802477717399597,0.5049171447753906,-0.00718899117782712,0.3019852638244629,0.519463837146759,-0.02699623629450798,0.256306916475296,0.5257121920585632,-0.04653126373887062,0.2137063443660736,0.5308682322502136,-0.06133453920483589,0.3748747706413269,0.458172082901001,-0.005612717941403389,0.28913938999176025,0.47176966071128845,-0.02226324751973152,0.23410223424434662,0.47944340109825134,-0.04204098880290985,0.18389365077018738,0.4881068468093872,-0.057410866022109985,0.3860306143760681,0.4151156544685364,-0.010297328233718872,0.30780595541000366,0.4191654324531555,-0.028517387807369232,0.25817954540252686,0.4230307936668396,-0.04434612765908241,0.2144828587770462,0.4313051700592041,-0.05582861602306366,0.40743961930274963,0.36665040254592896,-0.018928544595837593,0.34663617610931396,0.36698538064956665,-0.03582877293229103,0.3057103157043457,0.37590092420578003,-0.0461551770567894,0.26726457476615906,0.3879314064979553,-0.053785014897584915
0.5808316469192505,0.4307217001914978,3.3638733043517277e-07,0.5305286645889282,0.5018995404243469,-0.03263377770781517,0.45478981733322144,0.5404354333877563,-0.04259689152240753,0.38268744945526123,0.5378319025039673,-0.05012739822268486,0.32027629017829895,0.5471357107162476,-0.055466584861278534,0.3803974986076355,0.5059698224067688,-0.005491908174008131,0.30216631293296814,0.5210091471672058,-0.02503797598183155,0.2567363381385803,0.5268404483795166,-0.04474915191531181,0.2140263020992279,0.5311987400054932,-0.059714727103710175,0.37513411045074463,0.4582050144672394,-0.004131830297410488,0.2897498309612274,0.4717785716056824,-0.020243242383003235,0.23517772555351257,0.4793217182159424,-0.040217075496912,0.18502925336360931,0.48775514960289,-0.0558428056538105,0.38639459013938904,0.414270281791687,-0.009004482999444008,0.3081187903881073,0.4187716841697693,-0.026689406484365463,0.2587442398071289,0.4232347905635834,-0.042018093168735504,0.2154681235551834,0.4316120743751526,-0.05321570485830307,0.4079451858997345,0.36496859788894653,-0.017823241651058197,0.34703242778778076,0.36669984459877014,-0.03407272323966026,0.3061475157737732,0.37614497542381287,-0.04365566372871399,0.2679119110107422,0.38813990354537964,-0.05073462426662445
0.581487238407135,0.43111303448677063,3.327192814595037e-07,0.5308257937431335,0.5025513768196106,-0.03279225155711174,0.45449915528297424,0.5403971672058105,-0.04268384352326393,0.38235870003700256,0.5372267961502075,-0.05014119669795036,0.3198433518409729,0.5462816953659058,-0.055365752428770065,0.3806501030921936,0.5050544142723083,-0.005244601052254438,0.3020075261592865,0.5203194618225098,-0.024913297966122627,0.25613152980804443,0.5261560082435608,-0.04468776285648346,0.21328149735927582,0.5305573344230652,-0.05964045971632004,0.3755713105201721,0.4573257565498352,-0.003729207906872034,0.29011985659599304,0.4703104794025421,-0.019887154921889305,0.23567844927310944,0.4775388240814209,-0.03986945003271103,0.1857631504535675,0.48572805523872375,-0.05549178272485733,0.3869093656539917,0.4136940538883209,-0.008513042703270912,0.30864953994750977,0.417988657951355,-0.026071418076753616,0.2590533494949341,0.42234280705451965,-0.041335903108119965,0.2156926989555359,0.4304061532020569,-0.05254132300615311,0.40858522057533264,0.36466023325920105,-0.01728460192680359,0.3476245105266571,0.36630013585090637,-0.03339272364974022,0.30656376481056213,0.37575578689575195,-0.04297272488474846,0.2681999206542969,0.38767102360725403,-0.05007964000105858
0.5815765857696533,0.4302660822868347,3.204967811143433e-07,0.5326364636421204,0.5011256337165833,-0.03250495344400406,0.45602887868881226,0.5398277044296265,-0.04248300567269325,0.38383957743644714,0.5372617840766907,-0.050051771104335785,0.32126015424728394,0.5461138486862183,-0.05547448620200157,0.38173598051071167,0.5048106908798218,-0.007188941352069378,0.3030652701854706,0.5193818807601929,-0.02726910077035427,0.25719964504241943,0.5249258875846863,-0.0468907356262207,0.2144051492214203,0.5290988683700562,-0.061777953058481216,0.3761046528816223,0.4575370252132416,-0.005991141311824322,0.2904031276702881,0.47085005044937134,-0.022664964199066162,0.23581072688102722,0.4779706597328186,-0.0422586165368557,0.185808926820755,0.48623591661453247,-0.05759868770837784,0.3870928883552551,0.414093554019928,-0.01097605936229229,0.3086525797843933,0.4188412129878998,-0.029076270759105682,0.2590993046760559,0.422926664352417,-0.044448401778936386,0.21547114849090576,0.431384414434433,-0.05575855076313019,0.40878939628601074,0.36547479033470154,-0.019876550883054733,0.3481604754924774,0.36677923798561096,-0.03691469877958298,0.3070244789123535,0.37616270780563354,-0.04722216725349426,0.2683749794960022,0.3886660933494568,-0.05484258756041527
0.5817975401878357,0.42929527163505554,3.339987699746416e-07,0.5323941111564636,0.4998454749584198,-0.03334144502878189,0.4569591283798218,0.5398440361022949,-0.044090740382671356,0.38498246669769287,0.5384764075279236,-0.05246635153889656,0.3220865726470947,0.5467525124549866,-0.058692049235105515,0.3814644515514374,0.5052363872528076,-0.006909532938152552,0.3030949831008911,0.519622266292572,-0.02756698802113533,0.25754958391189575,0.5255085229873657,-0.047886889427900314,0.21471357345581055,0.5299222469329834,-0.06333484500646591,0.3763279616832733,0.45822176337242126,-0.005767239257693291,0.2907176613807678,0.4712246060371399,-0.023307394236326218,0.23626233637332916,0.4783783257007599,-0.043760403990745544,0.18603216111660004,0.48657500743865967,-0.059653811156749725,0.38773679733276367,0.4146374762058258,-0.011002403683960438,0.30920690298080444,0.4189838767051697,-0.030230119824409485,0.25971555709838867,0.423562616109848,-0.046240467578172684,0.2160608321428299,0.4324658215045929,-0.057777080684900284,0.4097440540790558,0.36533498764038086,-0.020198430866003036,0.34846991300582886,0.3670352101325989,-0.038147520273923874,0.3072890639305115,0.3767247498035431,-0.04880867153406143,0.26864752173423767,0.38951608538627625,-0.05657530575990677
0.5817664265632629,0.4291934370994568,3.270584159054124e-07,0.5324156284332275,0.5003476738929749,-0.032118186354637146,0.45679450035095215,0.540209174156189,-0.04239848628640175,0.3852232098579407,0.5382184982299805,-0.05044671520590782,0.3227084279060364,0.5468934178352356,-0.056461889296770096,0.3810383081436157,0.5058667659759521,-0.006490225438028574,0.30315256118774414,0.5207841992378235,-0.026767294853925705,0.2579714059829712,0.52695631980896,-0.04680977389216423,0.21541285514831543,0.5316801071166992,-0.06207467243075371,0.37584730982780457,0.45852839946746826,-0.005892957095056772,0.29046618938446045,0.47177940607070923,-0.022959915921092033,0.23602992296218872,0.4793519675731659,-0.04320136457681656,0.18588079512119293,0.4881005585193634,-0.0590304471552372,0.38738247752189636,0.4147653877735138,-0.011487908661365509,0.3091490864753723,0.41865837574005127,-0.030205611139535904,0.2600998878479004,0.4229161739349365,-0.04595518857240677,0.21683531999588013,0.4318996071815491,-0.057432010769844055,0.40946048498153687,0.36566969752311707,-0.020923854783177376,0.34829452633857727,0.36682194471359253,-0.03839082270860672,0.30736756324768066,0.3762527108192444,-0.048684876412153244,0.26899051666259766,0.3891032040119171,-0.05628253519535065
0.582054853439331,0.42939695715904236,3.2558625662204577e-07,0.5325621962547302,0.5006070137023926,-0.03187469020485878,0.45552948117256165,0.5387179851531982,-0.041481658816337585,0.3837471902370453,0.5363308787345886,-0.04889442026615143,0.32179713249206543,0.5463600158691406,-0.05424660071730614,0.3822306990623474,0.5052028298377991,-0.006269596051424742,0.3043228089809418,0.5201544165611267,-0.026296602562069893,0.258727103471756,0.5255340337753296,-0.046089816838502884,0.21570077538490295,0.5293984413146973,-0.06111258640885353,0.3767135739326477,0.4583605229854584,-0.005444561596959829,0.29159989953041077,0.47241368889808655,-0.02214016206562519,0.23679181933403015,0.479816198348999,-0.0418931320309639,0.1862020045518875,0.4879315197467804,-0.05732503533363342,0.3877166509628296,0.41473886370658875,-0.010753278620541096,0.3095686435699463,0.4194903075695038,-0.028848864138126373,0.2602127194404602,0.4234229326248169,-0.04394696652889252,0.2165973037481308,0.431277334690094,-0.055027224123477936,0.4091855585575104,0.3653639853000641,-0.019967151805758476,0.3485654592514038,0.3667481541633606,-0.03660324215888977,0.30770158767700195,0.37571266293525696,-0.04627151042222977,0.26922643184661865,0.38741257786750793,-0.05348626524209976
0.5823877453804016,0.4284026026725769,3.2393006677011726e-07,0.5342094898223877,0.49893736839294434,-0.03215467557311058,0.45733505487442017,0.5386921763420105,-0.04181448742747307,0.38520529866218567,0.5370754599571228,-0.04908296838402748,0.32341328263282776,0.5462303757667542,-0.0541839562356472,0.38171589374542236,0.502625048160553,-0.0066864690743386745,0.3034283220767975,0.5185877084732056,-0.026383155956864357,0.2582648992538452,0.52491295337677,-0.04585915058851242,0.21602848172187805,0.5298625826835632,-0.06062162294983864,0.37636131048202515,0.45621436834335327,-0.00562354875728488,0.29058098793029785,0.4701986610889435,-0.021871311590075493,0.23598776757717133,0.4778987169265747,-0.04139472171664238,0.18622510135173798,0.48642656207084656,-0.056629009544849396,0.38777151703834534,0.4133037328720093,-0.010670498944818974,0.30959996581077576,0.41744866967201233,-0.028331730514764786,0.260081946849823,0.42198848724365234,-0.04348912090063095,0.21670286357402802,0.4306999742984772,-0.054632119834423065,0.40994277596473694,0.3647882342338562,-0.019609127193689346,0.34938424825668335,0.3654639720916748,-0.035950034856796265,0.30867964029312134,0.3744761347770691,-0.04558764025568962,0.2706742286682129,0.3865855634212494,-0.05275659263134003
0.5834219455718994,0.42834046483039856,3.165305884067493e-07,0.5313972234725952,0.498961478471756,-0.029998889192938805,0.45430710911750793,0.5368342995643616,-0.03903254121541977,0.38301992416381836,0.5343039631843567,-0.046346940100193024,0.3212798237800598,0.5441129803657532,-0.05169159173965454,0.38189229369163513,0.5018151998519897,-0.0037961588241159916,0.3032560348510742,0.5170005559921265,-0.023783674463629723,0.2572442889213562,0.5237604975700378,-0.043660957366228104,0.21424642205238342,0.5294668078422546,-0.05866462364792824,0.37675392627716064,0.4554947018623352,-0.004019889980554581,0.2909740209579468,0.46863028407096863,-0.020713748410344124,0.23597835004329681,0.4762609601020813,-0.04074481874704361,0.1857067495584488,0.4852162003517151,-0.05623883008956909,0.38778936862945557,0.41247206926345825,-0.01030893623828888,0.309276819229126,0.4167928397655487,-0.02821820043027401,0.25954484939575195,0.4211253225803375,-0.043493907898664474,0.21583066880702972,0.4301048517227173,-0.054635606706142426,0.4093027710914612,0.3641827702522278,-0.02035580389201641,0.3487449288368225,0.36491674184799194,-0.03675982728600502,0.30770230293273926,0.37369927763938904,-0.0463237427175045,0.26932263374328613,0.38559702038764954,-0.05339124798774719
0.5819684267044067,0.42729854583740234,3.363019231983344e-07,0.5327768325805664,0.4999731481075287,-0.03279171511530876,0.45565152168273926,0.5388714671134949,-0.042640235275030136,0.38331931829452515,0.5361664295196533,-0.0501721166074276,0.3212253153324127,0.5446016788482666,-0.055561549961566925,0.3810309171676636,0.5025824308395386,-0.005624847486615181,0.30240654945373535,0.516117513179779,-0.02533853054046631,0.2565983533859253,0.5215443968772888,-0.04516150429844856,0.21383000910282135,0.5259303450584412,-0.0601758249104023,0.3762882947921753,0.4557701349258423,-0.00427422346547246,0.2906986474990845,0.4687105715274811,-0.020728683099150658,0.23580533266067505,0.4760318100452423,-0.04075116291642189,0.1853707730770111,0.48445624113082886,-0.05631987005472183,0.3879106342792511,0.41267433762550354,-0.009226270020008087,0.3095839023590088,0.41694387793540955,-0.02716682292521,0.25942981243133545,0.42127713561058044,-0.0429893359541893,0.21520021557807922,0.4297926425933838,-0.05455422401428223,0.4098105728626251,0.36405712366104126,-0.018149584531784058,0.3488393723964691,0.3647761046886444,-0.034772761166095734,0.30762481689453125,0.37378132343292236,-0.04488908126950264,0.26896238327026367,0.3855189085006714,-0.05238821357488632
0.5799189209938049,0.42884498834609985,3.370392107626685e-07,0.5310086011886597,0.500209391117096,-0.03288662061095238,0.45501384139060974,0.5390730500221252,-0.04330906271934509,0.38260185718536377,0.5360240936279297,-0.051345523446798325,0.32034817337989807,0.5450416803359985,-0.05729115009307861,0.3803696632385254,0.5025559663772583,-0.007735110819339752,0.30120235681533813,0.5178280472755432,-0.027971813455224037,0.2557213306427002,0.5249701142311096,-0.04770717769861221,0.21313059329986572,0.5310344696044922,-0.06265367567539215,0.3753262758255005,0.45562106370925903,-0.006674806121736765,0.2888296842575073,0.4692123532295227,-0.02364143542945385,0.23394733667373657,0.4770655632019043,-0.0438152477145195,0.18396393954753876,0.4859662652015686,-0.05957448109984398,0.38689038157463074,0.41262033581733704,-0.01177998073399067,0.3085744380950928,0.41676661372184753,-0.03015379048883915,0.25898486375808716,0.42080986499786377,-0.04593978449702263,0.21546126902103424,0.4290142357349396,-0.05754277482628822,0.40886253118515015,0.3647013306617737,-0.020794250071048737,0.34825631976127625,0.36583060026168823,-0.037893783301115036,0.30721375346183777,0.3748696446418762,-0.04816444218158722,0.26860493421554565,0.38651224970817566,-0.05581741780042648
0.5796294808387756,0.4290781319141388,3.310072713702539e-07,0.529628574848175,0.5003157258033752,-0.031762003898620605,0.45390307903289795,0.5388907790184021,-0.0418800413608551,0.38178113102912903,0.5360265374183655,-0.04984046146273613,0.3195533752441406,0.5451482534408569,-0.055748939514160156,0.38047507405281067,0.5036301612854004,-0.0071738227270543575,0.30113568902015686,0.5187970995903015,-0.027337782084941864,0.25555288791656494,0.5252020359039307,-0.046934161335229874,0.2127223014831543,0.5302889943122864,-0.06175699830055237,0.37549030780792236,0.45661020278930664,-0.006601995788514614,0.28900420665740967,0.46979784965515137,-0.023459209129214287,0.23425038158893585,0.4770377576351166,-0.04335351660847664,0.184123694896698,0.485184907913208,-0.05889405682682991,0.38688844442367554,0.41319581866264343,-0.012090512551367283,0.3081052005290985,0.41760703921318054,-0.030379796400666237,0.2585868239402771,0.42161157727241516,-0.046060722321271896,0.2150123417377472,0.42989209294319153,-0.05754439905285835,0.4086902141571045,0.36470574140548706,-0.021390197798609734,0.3479459583759308,0.3657624125480652,-0.03845231607556343,0.3069543242454529,0.3748340606689453,-0.048734430223703384,0.2685316205024719,0.3867945969104767,-0.0563335046172142
0.5801189541816711,0.4274955987930298,3.312997876037116e-07,0.5316140651702881,0.4990873634815216,-0.032223377376794815,0.45538777112960815,0.5387766361236572,-0.041770026087760925,0.3830307424068451,0.5369669198989868,-0.048988912254571915,0.3208303451538086,0.5466470122337341,-0.05394342541694641,0.3791200816631317,0.5034867525100708,-0.004408435896039009,0.30090317130088806,0.5180981755256653,-0.023242132738232613,0.25574401021003723,0.5240764617919922,-0.04244135692715645,0.2138165533542633,0.5289161205291748,-0.05705145373940468,0.373876690864563,0.4564337730407715,-0.003032152308151126,0.2883570194244385,0.4698335528373718,-0.018437808379530907,0.23396863043308258,0.47741463780403137,-0.03774820640683174,0.1846345216035843,0.48621866106987,-0.05286668986082077,0.38524800539016724,0.4130827486515045,-0.007940692827105522,0.3067359924316406,0.41730305552482605,-0.024989688768982887,0.25731360912323,0.42186886072158813,-0.0402226448059082,0.2140192985534668,0.4310890734195709,-0.05145140364766121,0.407105416059494,0.3644118010997772,-0.01677749864757061,0.3464163541793823,0.364798903465271,-0.03281759098172188,0.3056662976741791,0.3740891218185425,-0.04258140176534653,0.26758843660354614,0.38667482137680054,-0.04981590062379837
0.5808403491973877,0.43029770255088806,3.2095420010591624e-07,0.5307020545005798,0.5014352202415466,-0.03119717538356781,0.4535267949104309,0.539016842842102,-0.0406358502805233,0.3812263607978821,0.5360808372497559,-0.04800406098365784,0.3191068768501282,0.5461448431015015,-0.05333156883716583,0.37906137108802795,0.5025220513343811,-0.004906780086457729,0.29996365308761597,0.5168097019195557,-0.024470677599310875,0.2543944716453552,0.5238978266716003,-0.04402061551809311,0.21215862035751343,0.5302677750587463,-0.058806151151657104,0.37415632605552673,0.45551586151123047,-0.004443123005330563,0.2878655195236206,0.46842044591903687,-0.020691147074103355,0.2329254150390625,0.47648730874061584,-0.040669843554496765,0.18336133658885956,0.4859873652458191,-0.05618298798799515,0.3858374357223511,0.41228920221328735,-0.010087782517075539,0.3065909147262573,0.41686028242111206,-0.02773135155439377,0.25713545083999634,0.4215458035469055,-0.04318368434906006,0.2140451967716217,0.4307742714881897,-0.05449690669775009,0.40787333250045776,0.36418771743774414,-0.01954091712832451,0.3465341031551361,0.3654176592826843,-0.03595902770757675,0.30535387992858887,0.37516653537750244,-0.04572686180472374,0.26699745655059814,0.38782092928886414,-0.05292334780097008
0.5819898247718811,0.4295460283756256,3.177970597789681e-07,0.5314631462097168,0.5012362003326416,-0.03205926716327667,0.45387524366378784,0.5387884378433228,-0.04122843220829964,0.38123640418052673,0.5361920595169067,-0.048279259353876114,0.31851327419281006,0.5453661680221558,-0.053060878068208694,0.3798508644104004,0.5023965239524841,-0.0030258134938776493,0.3007746934890747,0.5156531929969788,-0.022002054378390312,0.25481027364730835,0.5218408107757568,-0.04148209095001221,0.2117292433977127,0.5271817445755005,-0.05638802424073219,0.3749825060367584,0.4553470313549042,-0.0019150507869198918,0.2897777855396271,0.4681318998336792,-0.017640231177210808,0.23525811731815338,0.47535839676856995,-0.03752034530043602,0.18495634198188782,0.48378968238830566,-0.05306778848171234,0.3863936960697174,0.4121931195259094,-0.007189789786934853,0.3079112768173218,0.4170982837677002,-0.02457529492676258,0.258504182100296,0.42180877923965454,-0.04004761576652527,0.21477046608924866,0.431045800447464,-0.05141272023320198,0.40827521681785583,0.36369091272354126,-0.016444392502307892,0.34728720784187317,0.36527884006500244,-0.03264058381319046,0.30656054615974426,0.37493157386779785,-0.042402978986501694,0.2684093713760376,0.3876643180847168,-0.049631621688604355
0.5790091156959534,0.4276633560657501,3.458961543856276e-07,0.5301914811134338,0.5014352798461914,-0.03397297114133835,0.4537779688835144,0.5395891666412354,-0.04373444616794586,0.38124507665634155,0.5367355346679688,-0.051071345806121826,0.31876468658447266,0.5463730096817017,-0.05611693859100342,0.3792406916618347,0.5042191743850708,-0.004512180108577013,0.30097442865371704,0.5181616544723511,-0.02412014827132225,0.2554279565811157,0.5233200192451477,-0.044066984206438065,0.21241384744644165,0.5274986028671265,-0.05917951464653015,0.37368714809417725,0.45703813433647156,-0.0024873092770576477,0.28876909613609314,0.4694296419620514,-0.018527494743466377,0.23419515788555145,0.4766077995300293,-0.03861252963542938,0.18359306454658508,0.48485955595970154,-0.05436283349990845,0.38460013270378113,0.4140406548976898,-0.0070495097897946835,0.3070078492164612,0.4177289605140686,-0.02455628290772438,0.2576657831668854,0.42195573449134827,-0.04017246887087822,0.213789165019989,0.43004536628723145,-0.05172375217080116,0.4060187339782715,0.3655950725078583,-0.015787500888109207,0.3459838032722473,0.36661872267723083,-0.03204353526234627,0.3055064082145691,0.3751271069049835,-0.041939008980989456,0.2670958638191223,0.3860211968421936,-0.049349095672369
0.5797200798988342,0.42894119024276733,3.28877916899728e-07,0.5291435718536377,0.49978283047676086,-0.03139906004071236,0.45204591751098633,0.5377642512321472,-0.04044679179787636,0.38022276759147644,0.535950779914856,-0.04744108393788338,0.3184688091278076,0.5457521080970764,-0.052302151918411255,0.3799830675125122,0.5041349530220032,-0.003669475670903921,0.30221056938171387,0.5197051167488098,-0.022957639768719673,0.2566527724266052,0.5255194306373596,-0.042490120977163315,0.2137622982263565,0.5296788215637207,-0.05736251920461655,0.37422776222229004,0.4574131667613983,-0.002838222309947014,0.2892970144748688,0.4715394675731659,-0.0188152976334095,0.23451285064220428,0.47907087206840515,-0.038681481033563614,0.1840728223323822,0.48745235800743103,-0.05418363958597183,0.3850913345813751,0.4140836000442505,-0.008217970840632915,0.30721959471702576,0.41901788115501404,-0.025727378204464912,0.2575238347053528,0.4236019253730774,-0.04108227789402008,0.21389737725257874,0.4322408437728882,-0.05234966427087784,0.40629467368125916,0.36505067348480225,-0.017482418566942215,0.3460487425327301,0.3665430545806885,-0.03349887207150459,0.30517658591270447,0.37597182393074036,-0.04305943101644516,0.26691460609436035,0.3882986307144165,-0.05023552477359772
0.5790740847587585,0.4272400736808777,3.3352242212458805e-07,0.5297400951385498,0.49916210770606995,-0.03225843608379364,0.45331257581710815,0.5373880863189697,-0.04190733656287193,0.381209135055542,0.5350165963172913,-0.04921137914061546,0.31942012906074524,0.5456435680389404,-0.05429520830512047,0.3800949454307556,0.5030938386917114,-0.00577140599489212,0.30107128620147705,0.5186914205551147,-0.025468366220593452,0.2552478015422821,0.525707483291626,-0.04494323581457138,0.21271543204784393,0.5320977568626404,-0.059502046555280685,0.3743650019168854,0.4561285376548767,-0.004440078046172857,0.2880459427833557,0.4697161316871643,-0.02060619741678238,0.23292124271392822,0.4778791069984436,-0.040053632110357285,0.18295583128929138,0.487581729888916,-0.05509468913078308,0.3850928843021393,0.4127718210220337,-0.009309747256338596,0.30643942952156067,0.4174082279205322,-0.026557551696896553,0.25675493478775024,0.42182669043540955,-0.04134199768304825,0.21355144679546356,0.43059641122817993,-0.05215965211391449,0.4060438871383667,0.3637574017047882,-0.01812320202589035,0.34514886140823364,0.36494237184524536,-0.033823560923337936,0.3046150803565979,0.373882532119751,-0.04285271465778351,0.2670179009437561,0.38586366176605225,-0.04951132461428642
0.578657329082489,0.42882463335990906,3.188737593973201e-07,0.5283758640289307,0.4996565282344818,-0.03146853297948837,0.4513038694858551,0.536830723285675,-0.04090287163853645,0.3796655833721161,0.5335218906402588,-0.04820318520069122,0.31814637780189514,0.5436250567436218,-0.0535406693816185,0.3796752691268921,0.5024641156196594,-0.00632666889578104,0.3011292815208435,0.5176745653152466,-0.026556281372904778,0.2551220655441284,0.5245717763900757,-0.04643641412258148,0.21213923394680023,0.5306712985038757,-0.06144271790981293,0.3741740882396698,0.45545658469200134,-0.005714815575629473,0.2883509695529938,0.46874088048934937,-0.022405922412872314,0.23344393074512482,0.4764270484447479,-0.04219696298241615,0.18330000340938568,0.4852640628814697,-0.057679470628499985,0.38498637080192566,0.4121142029762268,-0.011193826794624329,0.30637747049331665,0.4166985750198364,-0.02901431918144226,0.25656720995903015,0.4213080108165741,-0.04408247396349907,0.2130012810230255,0.42983484268188477,-0.05525863170623779,0.4061757028102875,0.3631628453731537,-0.020548159256577492,0.3458019495010376,0.36465951800346375,-0.03686578944325447,0.3049311339855194,0.3737095892429352,-0.04641932621598244,0.26674777269363403,0.38554123044013977,-0.05362189933657646
0.5769690275192261,0.42454543709754944,3.216744062228827e-07,0.5279327630996704,0.49662989377975464,-0.03149208053946495,0.45186668634414673,0.5353956818580627,-0.04105183854699135,0.38009998202323914,0.5325127243995667,-0.04843425005674362,0.31820085644721985,0.5415610671043396,-0.05377456545829773,0.3797011375427246,0.5005375146865845,-0.006238149479031563,0.30115076899528503,0.5155834555625916,-0.02597813494503498,0.25522318482398987,0.5225932598114014,-0.04536221921443939,0.21243752539157867,0.5283250212669373,-0.059992555528879166,0.3742337226867676,0.4541681408882141,-0.005394453182816505,0.28838327527046204,0.46771669387817383,-0.021945888176560402,0.23358702659606934,0.4757160246372223,-0.04157833755016327,0.18345043063163757,0.48482024669647217,-0.05685780942440033,0.384858638048172,0.41146332025527954,-0.010588908568024635,0.30615001916885376,0.41604506969451904,-0.028511343523859978,0.25651389360427856,0.4208657145500183,-0.04394202306866646,0.21302756667137146,0.4301352798938751,-0.05521378666162491,0.4056848883628845,0.3631620705127716,-0.019572803750634193,0.3445400893688202,0.3637518286705017,-0.03626536950469017,0.30333513021469116,0.37303897738456726,-0.046285778284072876,0.2650071978569031,0.38571420311927795,-0.05368221551179886
0.5758275389671326,0.42510247230529785,3.3379464525751246e-07,0.5274757742881775,0.49595907330513,-0.03226789832115173,0.45214706659317017,0.5345327258110046,-0.042296621948480606,0.3805566430091858,0.5321131944656372,-0.04992694780230522,0.3187805414199829,0.5417912006378174,-0.0555114783346653,0.3788997232913971,0.5004245638847351,-0.007370246108621359,0.30045244097709656,0.5156123638153076,-0.027140388265252113,0.2546870708465576,0.5228548645973206,-0.046503614634275436,0.21207483112812042,0.5289256572723389,-0.061183325946331024,0.3736407458782196,0.45434990525245667,-0.006215116009116173,0.28793787956237793,0.4682127833366394,-0.022951364517211914,0.2331850379705429,0.4763365387916565,-0.04273045063018799,0.18318727612495422,0.48564738035202026,-0.05815299227833748,0.3846696615219116,0.41170358657836914,-0.01110802125185728,0.3062952160835266,0.41590452194213867,-0.029348917305469513,0.2568278908729553,0.4201113283634186,-0.04505293816328049,0.21350868046283722,0.42897161841392517,-0.056511737406253815,0.4058051109313965,0.3635413348674774,-0.01980687864124775,0.34515380859375,0.36390072107315063,-0.0367913693189621,0.30423954129219055,0.37296393513679504,-0.047066982835531235,0.26606470346450806,0.3853250741958618,-0.054683830589056015
0.5766868591308594,0.4257475435733795,3.0993902555565e-07,0.5269765853881836,0.4960612654685974,-0.02929525077342987,0.45052963495254517,0.5336024761199951,-0.03837064653635025,0.3794379234313965,0.5299041867256165,-0.045614391565322876,0.3186568319797516,0.5410646200180054,-0.05115630850195885,0.3796781897544861,0.5000289678573608,-0.007513662800192833,0.30065301060676575,0.5141605138778687,-0.027206281200051308,0.25494807958602905,0.5213528275489807,-0.04609500244259834,0.21246272325515747,0.5281920433044434,-0.06036945432424545,0.374570369720459,0.454344242811203,-0.00796461384743452,0.2883462905883789,0.4676167368888855,-0.024826444685459137,0.2334107607603073,0.47559258341789246,-0.0442151315510273,0.1833646595478058,0.4852539598941803,-0.059209324419498444,0.38554516434669495,0.41160789132118225,-0.014020758680999279,0.3059910237789154,0.4162173271179199,-0.03223259747028351,0.2558820843696594,0.4204430878162384,-0.04783569648861885,0.21215347945690155,0.4295506477355957,-0.059173259884119034,0.40679603815078735,0.36353933811187744,-0.023563040420413017,0.34502869844436646,0.364452600479126,-0.04060366004705429,0.30349093675613403,0.3736591339111328,-0.05078277736902237,0.26524442434310913,0.38631951808929443,-0.05827284976840019
0.5765867829322815,0.42557576298713684,3.3475794225523714e-07,0.5255067944526672,0.4952433407306671,-0.0313694067299366,0.4500090777873993,0.5317186117172241,-0.040339965373277664,0.37872302532196045,0.529965877532959,-0.04729074984788895,0.3170803189277649,0.541041910648346,-0.05204277113080025,0.3786014914512634,0.49936407804489136,-0.0027753959875553846,0.30048760771751404,0.5147237777709961,-0.02155202068388462,0.2549402713775635,0.5217373371124268,-0.04069627448916435,0.21252833306789398,0.5276892185211182,-0.05514107644557953,0.37360677123069763,0.45323705673217773,-0.0015724006807431579,0.2885245680809021,0.4671071171760559,-0.017052629962563515,0.23387877643108368,0.47504615783691406,-0.03658648952841759,0.18423600494861603,0.483953058719635,-0.05178402364253998,0.3845162093639374,0.41053473949432373,-0.006619237828999758,0.30625802278518677,0.4156513512134552,-0.023653754964470863,0.2562931776046753,0.4201037287712097,-0.039078496396541595,0.21298298239707947,0.42852938175201416,-0.05033467337489128,0.4053618609905243,0.3621845543384552,-0.015518122352659702,0.3453366458415985,0.36327868700027466,-0.031250108033418655,0.304383248090744,0.3724048435688019,-0.040912412106990814,0.2664283215999603,0.3843234181404114,-0.048069216310977936
0.5751831531524658,0.42178234457969666,3.4415296568113263e-07,0.5259234309196472,0.49210456013679504,-0.0338955856859684,0.4518248438835144,0.5304540395736694,-0.043755996972322464,0.38026556372642517,0.5290516018867493,-0.05099857971072197,0.3180198669433594,0.5380576848983765,-0.05575470253825188,0.3795628845691681,0.49834221601486206,-0.004234012216329575,0.30120277404785156,0.5131959915161133,-0.02281320095062256,0.255938321352005,0.519934892654419,-0.041759610176086426,0.21354341506958008,0.5259678959846497,-0.05608271434903145,0.373716801404953,0.4523187577724457,-0.001381650916300714,0.2889668047428131,0.4661249816417694,-0.016710756346583366,0.23463070392608643,0.4739609956741333,-0.036111533641815186,0.18477681279182434,0.48280659317970276,-0.0512649305164814,0.3837999701499939,0.41008317470550537,-0.004980768542736769,0.30639469623565674,0.41464802622795105,-0.021853068843483925,0.25716763734817505,0.41868090629577637,-0.03730538859963417,0.21399180591106415,0.42699578404426575,-0.04857917129993439,0.40382111072540283,0.36231106519699097,-0.012640896253287792,0.3441149592399597,0.3630945682525635,-0.028175877407193184,0.3039337396621704,0.37193429470062256,-0.03797098249197006,0.2664918601512909,0.3837495744228363,-0.04521705210208893
0.5745128393173218,0.42144685983657837,3.470421461315709e-07,0.526246190071106,0.49115610122680664,-0.03285203129053116,0.4524475932121277,0.5297002792358398,-0.04286601021885872,0.381155401468277,0.5280709266662598,-0.05032102391123772,0.3197519779205322,0.5390084385871887,-0.055439312011003494,0.3783470690250397,0.4978058934211731,-0.005328879225999117,0.3004344701766968,0.5138509273529053,-0.02400118298828602,0.2556181252002716,0.5213042497634888,-0.0428430549800396,0.21370378136634827,0.5278710722923279,-0.057083860039711,0.37240222096443176,0.45128387212753296,-0.0032076863572001457,0.2873718738555908,0.46621283888816833,-0.01847446709871292,0.23296526074409485,0.47515425086021423,-0.037619125097990036,0.1835598200559616,0.48519206047058105,-0.05259857699275017,0.3830685019493103,0.4086277186870575,-0.0072872452437877655,0.3060760498046875,0.41331514716148376,-0.024033168330788612,0.25702959299087524,0.4179742634296417,-0.039052076637744904,0.21437551081180573,0.427063524723053,-0.050100743770599365,0.40388908982276917,0.3609720766544342,-0.015302153304219246,0.3448141813278198,0.36170727014541626,-0.03072221390902996,0.3049822449684143,0.37095797061920166,-0.04004395380616188,0.2679663300514221,0.3832815885543823,-0.04697560891509056
0.5751305222511292,0.421902060508728,3.324815622818278e-07,0.5259706974029541,0.49096620082855225,-0.03206978365778923,0.4512857496738434,0.5293363928794861,-0.04184110090136528,0.3800610601902008,0.5271852016448975,-0.0492914579808712,0.31859391927719116,0.5369445085525513,-0.05464855581521988,0.3781295418739319,0.4981115460395813,-0.005444393493235111,0.3000074326992035,0.5126675963401794,-0.024354200810194016,0.255275696516037,0.5193095803260803,-0.04338624328374863,0.21329347789287567,0.5253064632415771,-0.05789141356945038,0.372916579246521,0.45153525471687317,-0.004043343476951122,0.2875496447086334,0.46546152234077454,-0.019831255078315735,0.233480766415596,0.47352221608161926,-0.039481066167354584,0.18428850173950195,0.4830593466758728,-0.054892607033252716,0.3841119706630707,0.4085053503513336,-0.00877166073769331,0.30603939294815063,0.4128280282020569,-0.02642996236681938,0.25656917691230774,0.4175703227519989,-0.0425243116915226,0.21346500515937805,0.4272398352622986,-0.054300058633089066,0.40533339977264404,0.3601035475730896,-0.017264608293771744,0.3450034260749817,0.36076486110687256,-0.03395305573940277,0.3044234812259674,0.3703324496746063,-0.04443375766277313,0.2667626142501831,0.38331058621406555,-0.05220067873597145
0.5751739740371704,0.421784907579422,3.3708403179844026e-07,0.526016116142273,0.4906708300113678,-0.03267008066177368,0.45118632912635803,0.5288242697715759,-0.042538996785879135,0.3797336518764496,0.5267005562782288,-0.050000615417957306,0.3180070221424103,0.536410927772522,-0.055308904498815536,0.3783782720565796,0.49772822856903076,-0.005468817427754402,0.300112783908844,0.5119103193283081,-0.02438458614051342,0.2552224397659302,0.5182861089706421,-0.04342971742153168,0.21312320232391357,0.5241124629974365,-0.057929057627916336,0.37319931387901306,0.451280415058136,-0.0036673415452241898,0.287936270236969,0.46488866209983826,-0.019492562860250473,0.23384512960910797,0.472627192735672,-0.039185475558042526,0.18457286059856415,0.48191583156585693,-0.05463170260190964,0.38433119654655457,0.40842071175575256,-0.008087057620286942,0.30658942461013794,0.41252633929252625,-0.025785930454730988,0.25695300102233887,0.4170992374420166,-0.042071741074323654,0.2136942744255066,0.426763117313385,-0.05396803468465805,0.4053545296192169,0.3602178692817688,-0.016337182372808456,0.34511539340019226,0.3607499897480011,-0.03301989659667015,0.304590106010437,0.37031060457229614,-0.04368047043681145,0.2670365571975708,0.3834190368652344,-0.051591116935014725
0.5741732716560364,0.41992831230163574,3.3653091691121517e-07,0.5250559449195862,0.4881657361984253,-0.03308330476284027,0.4512750208377838,0.5257540941238403,-0.0430624894797802,0.38015010952949524,0.5239826440811157,-0.05059091001749039,0.3190714418888092,0.5338789820671082,-0.056026384234428406,0.3805301785469055,0.4950389862060547,-0.006374645046889782,0.302131325006485,0.5097668170928955,-0.025858953595161438,0.25688719749450684,0.5170849561691284,-0.04512660950422287,0.21437105536460876,0.5237763524055481,-0.059638820588588715,0.37462061643600464,0.44939279556274414,-0.004327233415096998,0.28914138674736023,0.46322762966156006,-0.020722607150673866,0.2346627563238144,0.47228825092315674,-0.040646303445100784,0.18472784757614136,0.48229506611824036,-0.05610787868499756,0.3847161531448364,0.4070117473602295,-0.008453240618109703,0.3067057430744171,0.4117823541164398,-0.026232728734612465,0.2569941580295563,0.41749459505081177,-0.042253945022821426,0.21375617384910583,0.4273049235343933,-0.053885091096162796,0.4048701226711273,0.3591596484184265,-0.01646801084280014,0.345201313495636,0.3594193160533905,-0.03270776942372322,0.3046809732913971,0.36851224303245544,-0.04290689900517464,0.26719486713409424,0.3806129992008209,-0.050468169152736664
0.5741733312606812,0.41737064719200134,3.616526953464927e-07,0.5258467197418213,0.484116792678833,-0.034992195665836334,0.45385876297950745,0.5225827097892761,-0.04619502276182175,0.3831936717033386,0.521131157875061,-0.05444679036736488,0.3214109539985657,0.5318113565444946,-0.06028200313448906,0.37978386878967285,0.49359408020973206,-0.007809875998646021,0.30188992619514465,0.5089109539985657,-0.027449963614344597,0.25694918632507324,0.5153311491012573,-0.04688670486211777,0.21459504961967468,0.5202945470809937,-0.0615946501493454,0.37369009852409363,0.44754207134246826,-0.00487201614305377,0.2886464297771454,0.4629831910133362,-0.02135664038360119,0.23392781615257263,0.47103241086006165,-0.04119573533535004,0.18388929963111877,0.47937747836112976,-0.05667669698596001,0.3843512535095215,0.40496450662612915,-0.008294000290334225,0.3062317371368408,0.40926507115364075,-0.026648202911019325,0.2570387125015259,0.4130818247795105,-0.04265836626291275,0.2142171561717987,0.4209023416042328,-0.05416237935423851,0.4054945409297943,0.3569503426551819,-0.015713533386588097,0.34601083397865295,0.3575085401535034,-0.03280071169137955,0.30573946237564087,0.36653798818588257,-0.04333334043622017,0.26815521717071533,0.37846195697784424,-0.05100828781723976
0.5736263990402222,0.41688060760498047,3.7180882372922497e-07,0.5254087448120117,0.48421603441238403,-0.03679876774549484,0.4531968832015991,0.5226218700408936,-0.04853660240769386,0.3825114965438843,0.5206676721572876,-0.056997381150722504,0.32025960087776184,0.5307614803314209,-0.06296958774328232,0.37957286834716797,0.49351581931114197,-0.008642454631626606,0.3017263412475586,0.508358359336853,-0.028613097965717316,0.2564205825328827,0.5145689845085144,-0.04842366278171539,0.21399162709712982,0.5195212364196777,-0.06333820521831512,0.3735252022743225,0.4475061595439911,-0.00470242602750659,0.28868865966796875,0.4622576832771301,-0.021329615265130997,0.23391775786876678,0.46988099813461304,-0.04139900580048561,0.18401631712913513,0.4778071343898773,-0.05711745098233223,0.3840450346469879,0.40516307950019836,-0.007356662303209305,0.30610719323158264,0.40944838523864746,-0.025716658681631088,0.2563669681549072,0.4132826030254364,-0.041988812386989594,0.2131461352109909,0.42088326811790466,-0.05375330150127411,0.40482911467552185,0.3574208617210388,-0.014198565855622292,0.34538620710372925,0.35811847448349,-0.03125522658228874,0.3050219416618347,0.36726948618888855,-0.04205738753080368,0.2673867344856262,0.37929296493530273,-0.05001596733927727
0.5730881690979004,0.41680148243904114,3.626426519076631e-07,0.5235792398452759,0.48487985134124756,-0.03298879414796829,0.45211508870124817,0.523423969745636,-0.04358464479446411,0.38223591446876526,0.5218002796173096,-0.051741231232881546,0.32145601511001587,0.5318753719329834,-0.057639289647340775,0.378767192363739,0.49311691522598267,-0.005336943548172712,0.3010317087173462,0.5075170993804932,-0.024620115756988525,0.25622016191482544,0.5138499736785889,-0.04401127249002457,0.21433348953723907,0.5190951824188232,-0.05861566588282585,0.37306615710258484,0.4469446539878845,-0.0034243410918861628,0.28779828548431396,0.4604676365852356,-0.01934424415230751,0.23340392112731934,0.4683954119682312,-0.03926113620400429,0.18407024443149567,0.47734886407852173,-0.05479412525892258,0.3838091194629669,0.4043336808681488,-0.0077733430080115795,0.3062579035758972,0.40774431824684143,-0.025466855615377426,0.25678300857543945,0.41214990615844727,-0.041707511991262436,0.21404270827770233,0.4208314120769501,-0.05350242182612419,0.4048261344432831,0.35649871826171875,-0.015971563756465912,0.3458213210105896,0.35588139295578003,-0.03239148110151291,0.30562713742256165,0.3644811511039734,-0.042758285999298096,0.26834356784820557,0.37631213665008545,-0.05041162669658661
0.5739760398864746,0.4173430800437927,3.5348799087842053e-07,0.5253441333770752,0.4837120473384857,-0.03435809165239334,0.4538804888725281,0.5222311019897461,-0.04595767334103584,0.3836190402507782,0.5201834440231323,-0.054729629307985306,0.32199203968048096,0.5297683477401733,-0.06128016114234924,0.3797004222869873,0.49119213223457336,-0.009050549939274788,0.3014531135559082,0.5062496066093445,-0.029310259968042374,0.256217896938324,0.5133777260780334,-0.04909546673297882,0.21391409635543823,0.5195544958114624,-0.06393208354711533,0.3742518126964569,0.4457337558269501,-0.0066601987928152084,0.2885948717594147,0.45950886607170105,-0.023752903565764427,0.23418354988098145,0.4673156142234802,-0.04389199614524841,0.1846129149198532,0.47591859102249146,-0.05948915705084801,0.3849708139896393,0.403727263212204,-0.01044546253979206,0.3070998787879944,0.40773069858551025,-0.029140645638108253,0.25736913084983826,0.4118694067001343,-0.0455719456076622,0.21412095427513123,0.4201587438583374,-0.057364970445632935,0.4058394432067871,0.3563861548900604,-0.018131425604224205,0.34598207473754883,0.35675883293151855,-0.03542313352227211,0.3055103123188019,0.36578959226608276,-0.04622075334191322,0.2679262161254883,0.3779487907886505,-0.05409744381904602
0.5721901655197144,0.41785675287246704,3.589982213725307e-07,0.5231464505195618,0.48876261711120605,-0.0337022989988327,0.45035257935523987,0.5269332528114319,-0.04346758872270584,0.37988150119781494,0.5226669907569885,-0.05073903128504753,0.3189026713371277,0.5310592651367188,-0.055544428527355194,0.37810638546943665,0.49565353989601135,-0.002984402235597372,0.3011600077152252,0.508873701095581,-0.021539021283388138,0.2564541697502136,0.5137960314750671,-0.0408373586833477,0.21443001925945282,0.5183303356170654,-0.05532523989677429,0.3724583685398102,0.44891557097435,-0.00011748612450901419,0.289120614528656,0.46194788813591003,-0.015145184472203255,0.23499196767807007,0.46947914361953735,-0.03442968800663948,0.18540440499782562,0.4783960282802582,-0.04948056489229202,0.38244137167930603,0.40604862570762634,-0.003857305273413658,0.3061850070953369,0.4104088246822357,-0.02042657695710659,0.25736257433891296,0.4144866168498993,-0.03566286340355873,0.21486376225948334,0.42279374599456787,-0.04677821323275566,0.40219971537590027,0.35793212056159973,-0.01175637636333704,0.34390538930892944,0.3589387536048889,-0.026898687705397606,0.3046238422393799,0.367870032787323,-0.03638915717601776,0.2682030498981476,0.3794505000114441,-0.04343714565038681
0.570828914642334,0.4201641380786896,3.7112741324563103e-07,0.5218849182128906,0.49094340205192566,-0.033102866262197495,0.4493021070957184,0.5286424160003662,-0.04330599680542946,0.3793922960758209,0.5251219868659973,-0.05087817460298538,0.31867602467536926,0.5336480736732483,-0.05624280497431755,0.3780362904071808,0.4972098767757416,-0.006557794753462076,0.30033454298973083,0.5110139846801758,-0.02555348351597786,0.2555873394012451,0.5168795585632324,-0.04451925307512283,0.21366249024868011,0.5224398970603943,-0.058721087872982025,0.37272995710372925,0.45054104924201965,-0.004284115508198738,0.2874893248081207,0.46383219957351685,-0.019914409145712852,0.23264765739440918,0.4716787338256836,-0.039303988218307495,0.18283775448799133,0.480605810880661,-0.05443430319428444,0.3834281265735626,0.4076124429702759,-0.008171580731868744,0.30616745352745056,0.41118326783180237,-0.025355340912938118,0.2568187117576599,0.41517528891563416,-0.04097342491149902,0.21419167518615723,0.4229067862033844,-0.05230974406003952,0.4036802351474762,0.35936492681503296,-0.01594173163175583,0.34390467405319214,0.3597407937049866,-0.031740594655275345,0.30377197265625,0.3685097098350525,-0.04150283709168434,0.2665238082408905,0.38001447916030884,-0.048737380653619766
0.571834921836853,0.42128872871398926,3.630274250099319e-07,0.5228025317192078,0.4902473986148834,-0.03347675874829292,0.4503419101238251,0.5282430648803711,-0.04437071830034256,0.38018590211868286,0.5246293544769287,-0.05268937349319458,0.31972038745880127,0.5330320596694946,-0.05876300111413002,0.3778785169124603,0.4970218539237976,-0.00725513743236661,0.3000889718532562,0.5110494494438171,-0.02684013545513153,0.25539684295654297,0.5172855854034424,-0.04630401358008385,0.2133997082710266,0.5227634906768799,-0.06099184229969978,0.37235262989997864,0.4507347047328949,-0.005232477094978094,0.2873668074607849,0.46467074751853943,-0.02157270535826683,0.23278898000717163,0.4727773368358612,-0.04151739180088043,0.1828654706478119,0.481770396232605,-0.057040680199861526,0.38312289118766785,0.4077555239200592,-0.009361814707517624,0.30552905797958374,0.41175544261932373,-0.027207830920815468,0.2565644383430481,0.4157591462135315,-0.04303757846355438,0.21391460299491882,0.4237532615661621,-0.054494068026542664,0.40388569235801697,0.3594107925891876,-0.0173957422375679,0.3448781371116638,0.36023029685020447,-0.03377586975693703,0.30483943223953247,0.369317889213562,-0.0437716543674469,0.2675386667251587,0.3808054029941559,-0.051127608865499496
0.5717394948005676,0.4215136468410492,3.566453585790441e-07,0.5216198563575745,0.4909166693687439,-0.032931484282016754,0.4491007328033447,0.528532862663269,-0.04373840242624283,0.3791080415248871,0.5251619815826416,-0.05213223397731781,0.318672776222229,0.5332457423210144,-0.05836044251918793,0.37740856409072876,0.4960024058818817,-0.006979745347052813,0.299320250749588,0.5101353526115417,-0.026735583320260048,0.25445806980133057,0.5169082283973694,-0.04624658823013306,0.21235942840576172,0.5229448080062866,-0.06093309819698334,0.3723277151584625,0.44992387294769287,-0.005317736882716417,0.28700360655784607,0.46371349692344666,-0.02195594646036625,0.23250900208950043,0.47194793820381165,-0.042091406881809235,0.1827782392501831,0.4811030328273773,-0.0577053464949131,0.3833025097846985,0.40717676281929016,-0.009755353443324566,0.30540329217910767,0.41095370054244995,-0.027871856465935707,0.2560616731643677,0.4153357148170471,-0.043918196111917496,0.2132776528596878,0.42378515005111694,-0.05548455938696861,0.40432366728782654,0.35907623171806335,-0.018023710697889328,0.34506967663764954,0.3597414195537567,-0.0346100889146328,0.3046616315841675,0.3688984513282776,-0.04474287107586861,0.2672087550163269,0.3807235360145569,-0.05216619372367859
0.5725418329238892,0.42041465640068054,3.5393071584621794e-07,0.5230042934417725,0.4897240400314331,-0.0334092453122139,0.4499987065792084,0.528215765953064,-0.04381560534238815,0.3791196048259735,0.5248530507087708,-0.05164806917309761,0.3175424635410309,0.5322750806808472,-0.05720473825931549,0.3775955140590668,0.49622130393981934,-0.005938842426985502,0.29979848861694336,0.5112591981887817,-0.02539229206740856,0.25450924038887024,0.5175352692604065,-0.044855594635009766,0.21179379522800446,0.5227007865905762,-0.05954704433679581,0.3720622956752777,0.44994768500328064,-0.0037902488838881254,0.28758546710014343,0.46382999420166016,-0.019916262477636337,0.23284587264060974,0.4715704619884491,-0.039735112339258194,0.18249498307704926,0.4797692894935608,-0.05520111322402954,0.38274094462394714,0.4073348939418793,-0.007909717038273811,0.3056183457374573,0.412034273147583,-0.025624820962548256,0.25616466999053955,0.41594892740249634,-0.041299689561128616,0.21285541355609894,0.4235877990722656,-0.052682776004076004,0.40369683504104614,0.35947713255882263,-0.015984615311026573,0.34437018632888794,0.3600682020187378,-0.032437801361083984,0.30392858386039734,0.3687496781349182,-0.04247662425041199,0.2660140097141266,0.3799644112586975,-0.04983473941683769
0.5719695091247559,0.4197818636894226,3.4769354329000635e-07,0.5218618512153625,0.48986634612083435,-0.03069888800382614,0.44831740856170654,0.5276563167572021,-0.04025959596037865,0.3779044449329376,0.5243996977806091,-0.04780521243810654,0.31756532192230225,0.5337817072868347,-0.0533517561852932,0.3779110610485077,0.49649155139923096,-0.0057204305194318295,0.2996426224708557,0.5108622312545776,-0.024992741644382477,0.25439465045928955,0.5169155597686768,-0.043917909264564514,0.21186639368534088,0.5222533345222473,-0.05815060809254646,0.3721907436847687,0.4502556025981903,-0.004992844071239233,0.28694450855255127,0.463897705078125,-0.020981473848223686,0.23230552673339844,0.47161221504211426,-0.040215302258729935,0.18237724900245667,0.48045995831489563,-0.05518454685807228,0.38259223103523254,0.4071854054927826,-0.010170123539865017,0.30509674549102783,0.4111841320991516,-0.02743741124868393,0.2558721601963043,0.4148557484149933,-0.042460013180971146,0.21295662224292755,0.42302143573760986,-0.05342666804790497,0.40310466289520264,0.3592405915260315,-0.019059685990214348,0.34363722801208496,0.359546422958374,-0.03480596840381622,0.3034293055534363,0.3677855134010315,-0.044079042971134186,0.2660989761352539,0.3789415955543518,-0.05095316842198372
0.5704067945480347,0.42120981216430664,3.88424211905658e-07,0.5221264362335205,0.4923761785030365,-0.03615669906139374,0.449310839176178,0.530672550201416,-0.04675430431962013,0.3785209655761719,0.5267772078514099,-0.05431468412280083,0.31650039553642273,0.534844160079956,-0.05934802442789078,0.37576425075531006,0.49885016679763794,-0.0047851502895355225,0.29859215021133423,0.5129117965698242,-0.023666610941290855,0.25374528765678406,0.5185856223106384,-0.043302278965711594,0.21155308187007904,0.5236719250679016,-0.05814679339528084,0.369891881942749,0.45189133286476135,-0.0010800202144309878,0.28527167439460754,0.4653945565223694,-0.0164030771702528,0.2304752916097641,0.47307321429252625,-0.03641143813729286,0.18067054450511932,0.48166772723197937,-0.05213230475783348,0.38046354055404663,0.4089069962501526,-0.004215703345835209,0.3036578595638275,0.412456214427948,-0.021668197587132454,0.2544839382171631,0.41645729541778564,-0.03812117874622345,0.21172800660133362,0.4242503046989441,-0.05009118840098381,0.40076449513435364,0.36051684617996216,-0.011615868657827377,0.34227824211120605,0.360490083694458,-0.027927063405513763,0.3025243580341339,0.36908841133117676,-0.038555506616830826,0.265167236328125,0.38029026985168457,-0.046500712633132935
0.5717518329620361,0.42047300934791565,3.7592528201457753e-07,0.5232539176940918,0.4905518591403961,-0.03504403680562973,0.45080962777137756,0.5291135907173157,-0.04580231010913849,0.37951645255088806,0.5273445248603821,-0.053658146411180496,0.3170992136001587,0.5366055965423584,-0.059095777571201324,0.37620019912719727,0.4996851086616516,-0.005857956130057573,0.2989110052585602,0.5136889815330505,-0.024827053770422935,0.25410181283950806,0.518808901309967,-0.044364891946315765,0.21161383390426636,0.5224276185035706,-0.05927332118153572,0.3707752525806427,0.4526599943637848,-0.0027500700671225786,0.2863961160182953,0.4665185511112213,-0.018255144357681274,0.23208576440811157,0.4736960232257843,-0.038179460912942886,0.1818305104970932,0.48101234436035156,-0.053933802992105484,0.3817765414714813,0.4094667136669159,-0.006123351864516735,0.30477195978164673,0.4131735861301422,-0.023662827908992767,0.2558897137641907,0.4165307581424713,-0.039567284286022186,0.21286851167678833,0.42361950874328613,-0.051194556057453156,0.4027183949947357,0.3611072301864624,-0.013587984256446362,0.34347063302993774,0.36109453439712524,-0.029849844053387642,0.3038974106311798,0.36963993310928345,-0.03989227116107941,0.2665523290634155,0.38116389513015747,-0.047359175980091095
0.5736251473426819,0.4231787323951721,3.578684584226721e-07,0.5240380764007568,0.4926297962665558,-0.032712601125240326,0.44970789551734924,0.5307353138923645,-0.04264611378312111,0.37885528802871704,0.5271335244178772,-0.05011935904622078,0.3173443675041199,0.5348812937736511,-0.055431120097637177,0.3773253262042999,0.49870362877845764,-0.006095102988183498,0.2994749844074249,0.5132845044136047,-0.025195550173521042,0.2543114423751831,0.5185753703117371,-0.044477205723524094,0.21150436997413635,0.5229438543319702,-0.05908302962779999,0.3718031644821167,0.4527142345905304,-0.004324870649725199,0.2870970070362091,0.46671542525291443,-0.02012120932340622,0.23198361694812775,0.47452276945114136,-0.03986615315079689,0.181389719247818,0.4835098087787628,-0.05535890907049179,0.38254159688949585,0.41024255752563477,-0.008710476569831371,0.30518633127212524,0.4139246940612793,-0.02622361108660698,0.25562262535095215,0.4175932705402374,-0.04215424880385399,0.21221233904361725,0.42592883110046387,-0.053761932998895645,0.4031478762626648,0.3624299168586731,-0.016990745440125465,0.3431519567966461,0.3624390959739685,-0.03323264792561531,0.3027927577495575,0.37131446599960327,-0.043369922786951065,0.2651585042476654,0.3835715055465698,-0.05093446001410484
0.5730810165405273,0.4235469400882721,3.489100492970465e-07,0.5232371091842651,0.49350810050964355,-0.03164796531200409,0.4491121768951416,0.5307323336601257,-0.04182133078575134,0.37839213013648987,0.5272772908210754,-0.04977978393435478,0.3171597123146057,0.5347713828086853,-0.05576806515455246,0.37772703170776367,0.498961478471756,-0.007542426697909832,0.29921919107437134,0.5129124522209167,-0.027369854971766472,0.25408536195755005,0.5186976194381714,-0.04674204811453819,0.2113887071609497,0.5239726305007935,-0.06127593666315079,0.37263891100883484,0.4525180757045746,-0.006625995971262455,0.2868102192878723,0.4655880331993103,-0.02313419058918953,0.23171153664588928,0.47340652346611023,-0.042986348271369934,0.1812639981508255,0.482646644115448,-0.05846250802278519,0.3835291266441345,0.409544438123703,-0.011578744277358055,0.3054409623146057,0.4126267433166504,-0.029373005032539368,0.25565287470817566,0.41637495160102844,-0.0450710654258728,0.2123105525970459,0.42478635907173157,-0.056515876203775406,0.40439373254776,0.36163759231567383,-0.0202675461769104,0.34401586651802063,0.36165761947631836,-0.03655209019780159,0.30319976806640625,0.3700884282588959,-0.046325333416461945,0.2654762268066406,0.38169875741004944,-0.05357709527015686
0.5723242163658142,0.42397382855415344,3.6824843618887826e-07,0.5229933261871338,0.4949091076850891,-0.03376223146915436,0.44942718744277954,0.5331283807754517,-0.04394906759262085,0.3785593509674072,0.53003990650177,-0.0515546016395092,0.3166015148162842,0.5366752743721008,-0.0568191297352314,0.376030832529068,0.5001155138015747,-0.004379829857498407,0.2984922528266907,0.5133748650550842,-0.023136017844080925,0.2532961666584015,0.5184947848320007,-0.042529746890068054,0.21099025011062622,0.522767186164856,-0.05723882466554642,0.37080809473991394,0.45345646142959595,-0.0019460892071947455,0.28606510162353516,0.46618422865867615,-0.017347421497106552,0.2313254028558731,0.4736016094684601,-0.03718641400337219,0.18150471150875092,0.48209676146507263,-0.052752189338207245,0.3817805051803589,0.4107484519481659,-0.005971413105726242,0.30451682209968567,0.41402560472488403,-0.02317650243639946,0.25465935468673706,0.41761788725852966,-0.039146728813648224,0.2115521878004074,0.4251578748226166,-0.050825633108615875,0.4027898907661438,0.36244916915893555,-0.014019478112459183,0.34327203035354614,0.36195456981658936,-0.029992571100592613,0.30278557538986206,0.3705178201198578,-0.04005812481045723,0.2651293873786926,0.38213154673576355,-0.047567181289196014
0.5732861757278442,0.42657470703125,3.2643643521623744e-07,0.5233625769615173,0.49408432841300964,-0.030242493376135826,0.44959330558776855,0.5315061211585999,-0.04048098623752594,0.37952080368995667,0.5285139679908752,-0.04865393042564392,0.3188110589981079,0.5351862907409668,-0.05488879233598709,0.3765726685523987,0.5000108480453491,-0.007884304970502853,0.29861003160476685,0.5141755938529968,-0.02787364087998867,0.253542423248291,0.5195647478103638,-0.04723513498902321,0.2114066183567047,0.5237582921981812,-0.061803221702575684,0.37152373790740967,0.45354264974594116,-0.007823770865797997,0.28597763180732727,0.4668867886066437,-0.024369845166802406,0.2316005378961563,0.4745140075683594,-0.04382418841123581,0.18209655582904816,0.48293831944465637,-0.05898173898458481,0.38263240456581116,0.41024231910705566,-0.013430926017463207,0.30442166328430176,0.41435232758522034,-0.031083500012755394,0.25545579195022583,0.4181020259857178,-0.046075690537691116,0.21250514686107635,0.4261293411254883,-0.057087190449237823,0.4043104946613312,0.3617696762084961,-0.022648027166724205,0.3440741300582886,0.3622787296772003,-0.03897098824381828,0.303437203168869,0.3714388906955719,-0.048451948910951614,0.2654776871204376,0.38396304845809937,-0.055442843586206436
0.6384055018424988,0.9744559526443481,1.2576854260260006e-06,0.5393818020820618,1.0170397758483887,-0.06102588027715683,0.43275925517082214,0.9908249974250793,-0.10859056562185287,0.34569746255874634,0.9607193470001221,-0.1450938880443573,0.25815993547439575,0.9501563310623169,-0.18603704869747162,0.41214418411254883,0.8546591997146606,-0.14714816212654114,0.29854816198349,0.7577436566352844,-0.2153548002243042,0.22132748365402222,0.685797393321991,-0.25615423917770386,0.1552085280418396,0.620969295501709,-0.2836099863052368,0.4748136103153229,0.777551531791687,-0.1549244374036789,0.36964380741119385,0.6321016550064087,-0.22427186369895935,0.2915102243423462,0.5300237536430359,-0.2670004367828369,0.22219732403755188,0.4417806565761566,-0.2950098514556885,0.5556908845901489,0.7318490743637085,-0.163321852684021,0.46396613121032715,0.5848789215087891,-0.23141995072364807,0.3890492618083954,0.48890024423599243,-0.2708679735660553,0.32168400287628174,0.4057375490665436,-0.2947691082954407,0.6400370597839355,0.7099012732505798,-0.17238833010196686,0.5931394100189209,0.5786386132240295,-0.23524895310401917,0.5456047058105469,0.490986168384552,-0.26315638422966003,0.49385520815849304,0.41377541422843933,-0.2792803645133972
0.6790195107460022,1.0361132621765137,1.1849241445816006e-06,0.5747460126876831,1.082598090171814,-0.05550110712647438,0.466079443693161,1.0738751888275146,-0.10174925625324249,0.38577261567115784,1.0580650568008423,-0.14186619222164154,0.3148191571235657,1.0554792881011963,-0.1860840916633606,0.40630289912223816,0.8781778812408447,-0.1104220375418663,0.290183961391449,0.7772105932235718,-0.1757258176803589,0.21518239378929138,0.7029122114181519,-0.22183790802955627,0.1504305899143219,0.6355769634246826,-0.25280898809432983,0.46428054571151733,0.8025062680244446,-0.12209973484277725,0.3566542863845825,0.655921995639801,-0.18491320312023163,0.27965986728668213,0.5503754019737244,-0.23073017597198486,0.20886722207069397,0.455851286649704,-0.2604531943798065,0.5416572093963623,0.7600805163383484,-0.13677066564559937,0.4496234357357025,0.6121147871017456,-0.19664433598518372,0.38129445910453796,0.5136862397193909,-0.23540133237838745,0.3187662363052368,0.42879465222358704,-0.2581699788570404,0.6300415396690369,0.740597128868103,-0.1536794751882553,0.5772985219955444,0.6039210557937622,-0.20632699131965637,0.5314353704452515,0.5139695405960083,-0.22944888472557068,0.4842362403869629,0.43334922194480896,-0.24147795140743256
0.6827117800712585,1.1047923564910889,1.1293270745227346e-06,0.564313530921936,1.1449695825576782,-0.051677726209163666,0.4372476637363434,1.1181201934814453,-0.08882781863212585,0.34759700298309326,1.08005952835083,-0.12016544491052628,0.26704829931259155,1.0458391904830933,-0.15418203175067902,0.3949751555919647,0.9006288647651672,-0.09034141898155212,0.27451956272125244,0.7876650094985962,-0.1469404399394989,0.19790995121002197,0.7109960317611694,-0.18804138898849487,0.13166379928588867,0.644264817237854,-0.21671900153160095,0.45492875576019287,0.8185946941375732,-0.10301199555397034,0.3423043489456177,0.6589645743370056,-0.1572476178407669,0.26756948232650757,0.5506357550621033,-0.19894196093082428,0.19849637150764465,0.4582217335700989,-0.22688399255275726,0.5339836478233337,0.7749159932136536,-0.11982148140668869,0.4376225471496582,0.6189846396446228,-0.1743001639842987,0.36836445331573486,0.5160033106803894,-0.2110564112663269,0.3019213378429413,0.4307270348072052,-0.2340889722108841,0.6250728964805603,0.758098304271698,-0.13891878724098206,0.5677173733711243,0.6170093417167664,-0.1887001395225525,0.5204668045043945,0.5239664316177368,-0.2104872167110443,0.4695416986942291,0.4431803524494171,-0.2229619324207306
0.6989778280258179,1.1408708095550537,8.696152917764266e-07,0.5693652629852295,1.1684801578521729,-0.04556325823068619,0.4351085126399994,1.124814748764038,-0.07407773286104202,0.3390275239944458,1.072983980178833,-0.09919881075620651,0.2517944574356079,1.029554009437561,-0.12531930208206177,0.3944184482097626,0.8950713872909546,-0.060544174164533615,0.2737785875797272,0.7838151454925537,-0.10770701617002487,0.1982536017894745,0.7115063071250916,-0.14403584599494934,0.13090217113494873,0.6451493501663208,-0.16992436349391937,0.4542088806629181,0.8117899298667908,-0.07356075942516327,0.3414062559604645,0.6516314744949341,-0.11743754148483276,0.2657940983772278,0.545279860496521,-0.15512116253376007,0.19609341025352478,0.4529222548007965,-0.1806327998638153,0.5325236320495605,0.7672767639160156,-0.09176983684301376,0.4376222491264343,0.6182949542999268,-0.13746419548988342,0.36954179406166077,0.5211144089698792,-0.16959434747695923,0.3036404848098755,0.43737903237342834,-0.18934424221515656,0.6225605010986328,0.7486722469329834,-0.11281263083219528,0.5650309324264526,0.6098953485488892,-0.15253163874149323,0.5192168951034546,0.5206452012062073,-0.16843397915363312,0.47187626361846924,0.44109341502189636,-0.17696529626846313
0.7167840600013733,1.1662590503692627,7.954850502756017e-07,0.5952771902084351,1.2033449411392212,-0.041622452437877655,0.46855655312538147,1.1817768812179565,-0.07064656168222427,0.38192644715309143,1.1504712104797363,-0.09871017932891846,0.3144133687019348,1.1144970655441284,-0.1283089816570282,0.3934565782546997,0.9067716598510742,-0.04892534762620926,0.2712884843349457,0.7931675910949707,-0.09304560720920563,0.19687318801879883,0.7211107015609741,-0.12975522875785828,0.12961715459823608,0.6554163098335266,-0.1565711349248886,0.4508081376552582,0.8212681412696838,-0.06496661901473999,0.3358350396156311,0.659587025642395,-0.10462641716003418,0.2628272473812103,0.5571087598800659,-0.14179427921772003,0.19694644212722778,0.46690139174461365,-0.16775350272655487,0.527747392654419,0.7787463665008545,-0.08657244592905045,0.4323974847793579,0.6233690977096558,-0.12635661661624908,0.36646074056625366,0.5233094096183777,-0.15700586140155792,0.3040773272514343,0.4369746744632721,-0.17704011499881744,0.6176435947418213,0.7659063339233398,-0.11158639192581177,0.5608399510383606,0.6209275722503662,-0.1465359628200531,0.5156546235084534,0.5278177261352539,-0.16066867113113403,0.469486802816391,0.44321319460868835,-0.16860373318195343
0.7205995321273804,1.18631911277771,7.430855930579128e-07,0.6001664400100708,1.218627691268921,-0.04130299761891365,0.47878050804138184,1.1862189769744873,-0.06919673830270767,0.404302716255188,1.1361045837402344,-0.09663690626621246,0.352803498506546,1.0780916213989258,-0.12490259110927582,0.3939248025417328,0.9048287272453308,-0.04012575373053551,0.2730068862438202,0.7905944585800171,-0.08204518258571625,0.19942277669906616,0.721237063407898,-0.11845747381448746,0.13259676098823547,0.6562647819519043,-0.1457190215587616,0.4521179795265198,0.820129930973053,-0.05672663077712059,0.3381173014640808,0.6543888449668884,-0.09220826625823975,0.2655981779098511,0.5540721416473389,-0.1279783397912979,0.20056882500648499,0.4657299220561981,-0.15420939028263092,0.5292640328407288,0.778520941734314,-0.07963576167821884,0.4334608316421509,0.6230055093765259,-0.11618570238351822,0.36555802822113037,0.5244828462600708,-0.14541508257389069,0.30141913890838623,0.43865692615509033,-0.16578632593154907,0.6194616556167603,0.7678211331367493,-0.10648056119680405,0.5614719390869141,0.6231348514556885,-0.13882966339588165,0.5166627764701843,0.5304985046386719,-0.15146037936210632,0.4707200229167938,0.4458688199520111,-0.15943390130996704
0.7200733423233032,1.2079447507858276,7.250527005453478e-07,0.5863193273544312,1.2363603115081787,-0.04181038215756416,0.4535299837589264,1.1961106061935425,-0.06757967174053192,0.3632837235927582,1.142719030380249,-0.09314776211977005,0.29092392325401306,1.0889437198638916,-0.11924423277378082,0.3847431540489197,0.9146279096603394,-0.031988922506570816,0.26231318712234497,0.8020040988922119,-0.07464203238487244,0.18692025542259216,0.730506181716919,-0.11264291405677795,0.11933031678199768,0.6617156863212585,-0.1411571204662323,0.4434707760810852,0.8274242877960205,-0.04814804345369339,0.3280225098133087,0.6635134220123291,-0.08509775996208191,0.25428587198257446,0.5612552165985107,-0.12154825031757355,0.18705078959465027,0.46912696957588196,-0.14791779220104218,0.5205273032188416,0.7845516204833984,-0.07179271429777145,0.4227021038532257,0.626990795135498,-0.10989128798246384,0.35787874460220337,0.5256730318069458,-0.1388186514377594,0.29504305124282837,0.4380403757095337,-0.15849849581718445,0.61252760887146,0.772189199924469,-0.09976670145988464,0.5535041093826294,0.6284817457199097,-0.13304314017295837,0.5073629021644592,0.5371830463409424,-0.14634163677692413,0.4592548906803131,0.45608481764793396,-0.15468084812164307
0.7208985090255737,1.2223466634750366,7.04901822246029e-07,0.5908881425857544,1.2503032684326172,-0.040194641798734665,0.4597854018211365,1.217862844467163,-0.06732755154371262,0.3715361952781677,1.1703293323516846,-0.09468117356300354,0.3071320354938507,1.1197333335876465,-0.12282886356115341,0.3836185932159424,0.919199526309967,-0.03269987925887108,0.2612043023109436,0.8023058176040649,-0.07367300987243652,0.1874227523803711,0.7294051647186279,-0.11051949858665466,0.12214085459709167,0.6586582064628601,-0.138640359044075,0.4419851303100586,0.832543134689331,-0.049879785627126694,0.3239208459854126,0.6660397052764893,-0.08534286916255951,0.25139039754867554,0.5634642839431763,-0.12095925211906433,0.1871701180934906,0.4712187349796295,-0.14719095826148987,0.5194723606109619,0.7899085283279419,-0.07399795204401016,0.4229015111923218,0.6292820572853088,-0.11049784719944,0.3557634949684143,0.5268670916557312,-0.13949289917945862,0.29127728939056396,0.4381853938102722,-0.16004134714603424,0.6124409437179565,0.7784098386764526,-0.10226006805896759,0.5560179948806763,0.6321007609367371,-0.13471587002277374,0.5108206272125244,0.5388297438621521,-0.14766685664653778,0.4635849893093109,0.454046368598938,-0.15607556700706482
0.7228230237960815,1.228016972541809,6.197795983098331e-07,0.6025220155715942,1.2555580139160156,-0.0418425016105175,0.4853234589099884,1.2146382331848145,-0.07034921646118164,0.4214184582233429,1.1398319005966187,-0.09969440847635269,0.38361048698425293,1.0598026514053345,-0.12909278273582458,0.3803102374076843,0.9256292581558228,-0.02623392455279827,0.25675979256629944,0.8100245594978333,-0.06696154922246933,0.18164679408073425,0.7391173839569092,-0.10439886152744293,0.11527454853057861,0.6681947112083435,-0.13382641971111298,0.4380178451538086,0.83794105052948,-0.04379672929644585,0.3214133381843567,0.6739829182624817,-0.07891982793807983,0.24987414479255676,0.5741187334060669,-0.11638700217008591,0.18452489376068115,0.48191800713539124,-0.14515969157218933,0.5149988532066345,0.7946113348007202,-0.06916113942861557,0.4182806611061096,0.6357535123825073,-0.10604991763830185,0.3530410826206207,0.5360209941864014,-0.13652396202087402,0.2880888283252716,0.44836294651031494,-0.1589168757200241,0.6087256669998169,0.7824497818946838,-0.09915940463542938,0.5499922633171082,0.6383683681488037,-0.13182049989700317,0.5046768188476562,0.5469733476638794,-0.14612406492233276,0.45580169558525085,0.46456000208854675,-0.15657423436641693
0.7147886753082275,1.2382980585098267,6.01676106271043e-07,0.580386757850647,1.2619175910949707,-0.03921833261847496,0.4511927366256714,1.2079229354858398,-0.060879576951265335,0.37141913175582886,1.1326141357421875,-0.08330829441547394,0.3088063597679138,1.0650410652160645,-0.10634226351976395,0.37684184312820435,0.9232780337333679,-0.02044876664876938,0.2547107934951782,0.8071383833885193,-0.05882895737886429,0.17954760789871216,0.73762047290802,-0.09527645260095596,0.11112174391746521,0.6696051359176636,-0.1235654354095459,0.43836289644241333,0.8352922797203064,-0.03794391080737114,0.3237419128417969,0.6703301668167114,-0.07067859172821045,0.2504671812057495,0.5717099905014038,-0.10756988078355789,0.18205171823501587,0.4823717772960663,-0.13538862764835358,0.5166633129119873,0.7921280264854431,-0.0632534772157669,0.42044395208358765,0.6323292851448059,-0.09820950776338577,0.35574424266815186,0.5308693051338196,-0.1283150613307953,0.2915736436843872,0.44314125180244446,-0.14988182485103607,0.609907865524292,0.7798907160758972,-0.09304752200841904,0.547956109046936,0.635829508304596,-0.12393612414598465,0.4995664358139038,0.5446668863296509,-0.13773025572299957,0.449593722820282,0.46397149562835693,-0.14754903316497803
0.7166650295257568,1.2298710346221924,6.406248758139554e-07,0.5918404459953308,1.2561616897583008,-0.045714713633060455,0.47398561239242554,1.2182615995407104,-0.07683137059211731,0.4069759249687195,1.1488193273544312,-0.10834009945392609,0.3671356737613678,1.0734232664108276,-0.14001597464084625,0.3766206204891205,0.9246267676353455,-0.028537608683109283,0.2542600929737091,0.8101577758789062,-0.07024091482162476,0.17986780405044556,0.7404878735542297,-0.10961444675922394,0.11283665895462036,0.6705033779144287,-0.14067764580249786,0.4352142810821533,0.8372737169265747,-0.04472969099879265,0.32041579484939575,0.6735473871231079,-0.08060259371995926,0.24836567044258118,0.5754184722900391,-0.12009032815694809,0.18145301938056946,0.48365113139152527,-0.15045346319675446,0.5124459266662598,0.7952601313591003,-0.0689801350235939,0.4151853024959564,0.6360207796096802,-0.10582472383975983,0.3516608476638794,0.5363121032714844,-0.13670958578586578,0.2887287735939026,0.448858380317688,-0.15927563607692719,0.6067566871643066,0.7842646837234497,-0.09825407713651657,0.54505455493927,0.638935387134552,-0.13011525571346283,0.4987451732158661,0.5468302965164185,-0.14408168196678162,0.4499092698097229,0.46314555406570435,-0.15431198477745056
0.7160708904266357,1.2312886714935303,6.68770724132628e-07,0.5882395505905151,1.258233666419983,-0.04580884054303169,0.4642612338066101,1.214500904083252,-0.07450879365205765,0.38685235381126404,1.1477428674697876,-0.10303603857755661,0.331472784280777,1.0822163820266724,-0.13173703849315643,0.3759816288948059,0.9255699515342712,-0.030098238959908485,0.25435876846313477,0.8093094229698181,-0.07140113413333893,0.17971864342689514,0.7391968965530396,-0.10959477722644806,0.1120440661907196,0.6706244945526123,-0.13898229598999023,0.43592914938926697,0.8375712037086487,-0.04524320363998413,0.32163408398628235,0.6730085611343384,-0.08068227022886276,0.24893532693386078,0.5738382339477539,-0.1182149201631546,0.18180733919143677,0.4826819598674774,-0.14640818536281586,0.5138539671897888,0.7948497533798218,-0.06839020550251007,0.41823408007621765,0.635592520236969,-0.10470613837242126,0.35356950759887695,0.5351213812828064,-0.13438397645950317,0.2897636294364929,0.44749656319618225,-0.15554583072662354,0.6069988012313843,0.7827504873275757,-0.09655039757490158,0.5458959937095642,0.6371932029724121,-0.12781989574432373,0.49793824553489685,0.5453145503997803,-0.14123524725437164,0.4483049511909485,0.4626765549182892,-0.1506415754556656
0.7175081968307495,1.224939227104187,6.614951644223765e-07,0.592818021774292,1.2527391910552979,-0.043240152299404144,0.47163066267967224,1.2143054008483887,-0.07191582769155502,0.39906734228134155,1.1466399431228638,-0.10101263225078583,0.3488757014274597,1.0763700008392334,-0.13031519949436188,0.3767867088317871,0.9258804321289062,-0.029505932703614235,0.2538536787033081,0.8106720447540283,-0.07152234017848969,0.1790429949760437,0.7393041849136353,-0.10989291220903397,0.11211913824081421,0.6688483953475952,-0.13947142660617828,0.4346623122692108,0.838985800743103,-0.04619847238063812,0.3165745139122009,0.6762601137161255,-0.08224175125360489,0.24349333345890045,0.5762741565704346,-0.11966196447610855,0.17704108357429504,0.48386266827583313,-0.14785268902778625,0.5120187997817993,0.7960454225540161,-0.07072162628173828,0.41320160031318665,0.636958658695221,-0.10783454030752182,0.34891149401664734,0.5345950126647949,-0.13751180469989777,0.28607869148254395,0.4448104500770569,-0.15881428122520447,0.6061182618141174,0.7833946347236633,-0.09999056905508041,0.5453879237174988,0.6382739543914795,-0.13233435153961182,0.4996143877506256,0.5452098250389099,-0.14600613713264465,0.4516265094280243,0.46142077445983887,-0.15555213391780853
0.7162113785743713,1.2355166673660278,6.570414825546322e-07,0.590112030506134,1.2592681646347046,-0.041875965893268585,0.4698108732700348,1.2102380990982056,-0.06763195246458054,0.3996146321296692,1.1328444480895996,-0.09414421766996384,0.3511980473995209,1.057295322418213,-0.12066861242055893,0.37877821922302246,0.9267306327819824,-0.022731810808181763,0.2553054392337799,0.810661256313324,-0.06246478110551834,0.17955422401428223,0.7393940091133118,-0.0995524451136589,0.11280933022499084,0.668868899345398,-0.12831752002239227,0.436603307723999,0.8400020599365234,-0.039437223225831985,0.3181454837322235,0.6770473122596741,-0.0737873986363411,0.24428817629814148,0.5767349600791931,-0.11085458844900131,0.17805707454681396,0.48474597930908203,-0.1385902613401413,0.5137251019477844,0.7966457605361938,-0.06424226611852646,0.41297364234924316,0.6369171142578125,-0.10051818937063217,0.347809374332428,0.534241795539856,-0.13037076592445374,0.28492116928100586,0.4449027478694916,-0.1515939086675644,0.6074296236038208,0.7832062840461731,-0.09382951259613037,0.5455569624900818,0.6370440721511841,-0.12545599043369293,0.4984334409236908,0.5443706512451172,-0.13911795616149902,0.4498063027858734,0.4617772400379181,-0.14865772426128387
0.7207521796226501,1.2296345233917236,6.728766948072007e-07,0.5898878574371338,1.2575631141662598,-0.047583796083927155,0.4666317403316498,1.2150652408599854,-0.07804913073778152,0.39559441804885864,1.1395015716552734,-0.10799296200275421,0.3497130274772644,1.0618746280670166,-0.13788999617099762,0.37734222412109375,0.9237915277481079,-0.03179376572370529,0.2549096643924713,0.8070791363716125,-0.07394655793905258,0.17962917685508728,0.7366695404052734,-0.11327507346868515,0.11137279868125916,0.6670517921447754,-0.14393337070941925,0.43854308128356934,0.834802508354187,-0.04641304165124893,0.32451146841049194,0.6709187626838684,-0.08224594593048096,0.2516672611236572,0.5720069408416748,-0.12088736146688461,0.18420729041099548,0.4809170067310333,-0.15038225054740906,0.5177460312843323,0.7920066118240356,-0.06913617998361588,0.42170071601867676,0.6337805986404419,-0.1055622324347496,0.35738641023635864,0.5326830148696899,-0.13534167408943176,0.29431015253067017,0.4450339674949646,-0.15709879994392395,0.6120989322662354,0.7809450626373291,-0.09706427901983261,0.5505237579345703,0.6371043920516968,-0.128371924161911,0.5029387474060059,0.5455839037895203,-0.1416121870279312,0.4538726806640625,0.463523805141449,-0.1512497216463089
0.7209533452987671,1.2280559539794922,7.141828746171086e-07,0.5946986675262451,1.255394697189331,-0.050035927444696426,0.47557517886161804,1.214510202407837,-0.08275376260280609,0.4098624587059021,1.138396143913269,-0.11467058956623077,0.37163522839546204,1.0574052333831787,-0.14648252725601196,0.37886086106300354,0.9229772090911865,-0.03505922481417656,0.25697576999664307,0.8062735795974731,-0.07823697477579117,0.18161341547966003,0.7361348867416382,-0.11839918047189713,0.11327570676803589,0.6659457683563232,-0.14979064464569092,0.4383878707885742,0.8341427445411682,-0.04914160072803497,0.32310110330581665,0.6696829795837402,-0.08596611022949219,0.24969351291656494,0.5701844692230225,-0.1254846453666687,0.18214425444602966,0.47770434617996216,-0.15573275089263916,0.5164892077445984,0.7915733456611633,-0.07143369317054749,0.41949138045310974,0.6332662105560303,-0.10880833864212036,0.3552285432815552,0.5318083763122559,-0.1397765576839447,0.29237133264541626,0.44336268305778503,-0.16243179142475128,0.6106060743331909,0.7806404829025269,-0.09912186115980148,0.5493459701538086,0.6366589069366455,-0.1311648041009903,0.502629280090332,0.544958233833313,-0.1452084332704544,0.4542365074157715,0.46175992488861084,-0.15554490685462952
0.7188829779624939,1.2021865844726562,5.759246732850443e-07,0.5870534181594849,1.2117191553115845,-0.03635556623339653,0.45803189277648926,1.15308678150177,-0.05803476274013519,0.3697572946548462,1.0801570415496826,-0.08083062618970871,0.29160451889038086,1.0316874980926514,-0.10403338819742203,0.39424723386764526,0.8849990367889404,-0.020125117152929306,0.2760939598083496,0.7706174850463867,-0.059675395488739014,0.2017061412334442,0.7018058896064758,-0.09642240405082703,0.13598451018333435,0.6333608031272888,-0.1245456337928772,0.4511397182941437,0.8057546615600586,-0.037839073687791824,0.3392712473869324,0.6396827697753906,-0.07037067413330078,0.2695799469947815,0.540053129196167,-0.10420604050159454,0.20695653557777405,0.45075610280036926,-0.1298898160457611,0.5254002213478088,0.7664750218391418,-0.06313320994377136,0.43464139103889465,0.6074037551879883,-0.09626355767250061,0.37267476320266724,0.5066535472869873,-0.12217100709676743,0.31137344241142273,0.41913238167762756,-0.14175613224506378,0.6157529354095459,0.7556249499320984,-0.09300892800092697,0.5630223751068115,0.61518394947052,-0.12172464281320572,0.5223549008369446,0.5242491960525513,-0.13303755223751068,0.4785883128643036,0.44163304567337036,-0.14152881503105164
0.7192934155464172,1.1673394441604614,4.5561657202597416e-07,0.5716131329536438,1.1566981077194214,-0.031011909246444702,0.4337751269340515,1.055052638053894,-0.041914623230695724,0.3408425450325012,0.945857048034668,-0.05390491709113121,0.2475200742483139,0.8880522847175598,-0.06509199738502502,0.4099309742450714,0.8309377431869507,-0.00038114702329039574,0.2911447286605835,0.7208555936813354,-0.032880473881959915,0.2164483666419983,0.6581223607063293,-0.06536265462636948,0.15223386883735657,0.5945632457733154,-0.08986404538154602,0.46719205379486084,0.7569021582603455,-0.015230663120746613,0.36057260632514954,0.5927796363830566,-0.038711175322532654,0.29196619987487793,0.4966239035129547,-0.06803719699382782,0.23347756266593933,0.41351228952407837,-0.09057755768299103,0.5402718186378479,0.7226999998092651,-0.03810553625226021,0.4552348852157593,0.5666120648384094,-0.06340593099594116,0.3973114788532257,0.46844348311424255,-0.08442311733961105,0.3424510061740875,0.38450735807418823,-0.10137863457202911,0.6278902888298035,0.7149257063865662,-0.06550579518079758,0.582811713218689,0.5781530141830444,-0.08658045530319214,0.5473271608352661,0.49123477935791016,-0.0927797183394432,0.5097016096115112,0.4122919738292694,-0.09797946363687515
0.7236804962158203,1.156619906425476,3.438441638081713e-07,0.5783114433288574,1.1444469690322876,-0.029151981696486473,0.4432207942008972,1.0422704219818115,-0.038887761533260345,0.35017478466033936,0.9338639974594116,-0.051040537655353546,0.2554146647453308,0.8706885576248169,-0.06280451267957687,0.4147258698940277,0.8243661522865295,0.006347821094095707,0.29200589656829834,0.7225069999694824,-0.02688737027347088,0.2153344750404358,0.6616604328155518,-0.059645455330610275,0.14940282702445984,0.5994210243225098,-0.08457037806510925,0.47174713015556335,0.7493875026702881,-0.010465512052178383,0.3643718361854553,0.593337893486023,-0.03703875467181206,0.2939850687980652,0.4986538290977478,-0.06834287941455841,0.23290395736694336,0.4136519134044647,-0.0914456769824028,0.5455651879310608,0.7162287831306458,-0.03587815538048744,0.4588336646556854,0.5630717277526855,-0.06509166955947876,0.403049498796463,0.4639492630958557,-0.08781732618808746,0.34931278228759766,0.37700098752975464,-0.10467987507581711,0.6342326402664185,0.7113975286483765,-0.06565748900175095,0.584335446357727,0.5797150731086731,-0.08944780379533768,0.5463253259658813,0.49602556228637695,-0.0971233919262886,0.50625079870224,0.4209967255592346,-0.10291264951229095
0.7381917834281921,1.1168290376663208,4.886086912847531e-07,0.5926476120948792,1.0999304056167603,-0.035520344972610474,0.4589625895023346,0.9956027269363403,-0.04604553058743477,0.36513131856918335,0.8864403963088989,-0.05697484314441681,0.2710103988647461,0.8279532194137573,-0.06679974496364594,0.43506497144699097,0.7867928147315979,0.004838959313929081,0.32191550731658936,0.6745979189872742,-0.025500629097223282,0.25262486934661865,0.6077641248703003,-0.057090044021606445,0.19360297918319702,0.5381848812103271,-0.08159246295690536,0.4921150505542755,0.7102674841880798,-0.006427484098821878,0.3941890001296997,0.5476125478744507,-0.028421109542250633,0.3304091691970825,0.4517095983028412,-0.05806858837604523,0.2748516798019409,0.36688098311424255,-0.08128339052200317,0.5644416809082031,0.6763362884521484,-0.02663996070623398,0.4881492555141449,0.519676923751831,-0.051858000457286835,0.43451017141342163,0.42111340165138245,-0.07321830093860626,0.3831111490726471,0.3360756039619446,-0.09034566581249237,0.6502476930618286,0.670579195022583,-0.05179827660322189,0.6096376776695251,0.5370715856552124,-0.07288681715726852,0.576621949672699,0.4518139660358429,-0.07972624152898788,0.5406835079193115,0.37500137090682983,-0.08553611487150192
0.741887092590332,1.1064879894256592,4.26119669327818e-07,0.5963354706764221,1.0888084173202515,-0.03345705568790436,0.4642971158027649,0.9881210327148438,-0.0447390116751194,0.36953818798065186,0.8841699957847595,-0.057290393859148026,0.27391570806503296,0.8297494053840637,-0.06911856681108475,0.44151216745376587,0.7832761406898499,0.004504108335822821,0.3260265588760376,0.6722556948661804,-0.028534797951579094,0.2531152069568634,0.6075987815856934,-0.06062522530555725,0.18969130516052246,0.5423711538314819,-0.08520931750535965,0.4990726411342621,0.7078821659088135,-0.009475412778556347,0.3978438973426819,0.5515866875648499,-0.03594673424959183,0.3328879475593567,0.456939160823822,-0.06650947034358978,0.27555495500564575,0.3717077076435089,-0.08953296393156052,0.5713456869125366,0.6745712161064148,-0.032573044300079346,0.4913547933101654,0.5195000767707825,-0.062301862984895706,0.4387041926383972,0.420014888048172,-0.08440443873405457,0.38619688153266907,0.3327125608921051,-0.10095100849866867,0.657437801361084,0.669066846370697,-0.06030520796775818,0.6130507588386536,0.5382120609283447,-0.0844031572341919,0.5786787271499634,0.45548632740974426,-0.09226061403751373,0.540214478969574,0.38133928179740906,-0.09844272583723068
0.7399824261665344,1.0443010330200195,4.779238906849059e-07,0.6047478914260864,1.0288286209106445,-0.04157017171382904,0.47850921750068665,0.9457939863204956,-0.0563805066049099,0.3837117850780487,0.845152735710144,-0.07061878591775894,0.29304075241088867,0.7750489711761475,-0.08317248523235321,0.4565678834915161,0.7378799915313721,-0.0009940386516973376,0.3496497571468353,0.6325650811195374,-0.033122461289167404,0.28327518701553345,0.5691945552825928,-0.06523490697145462,0.22537890076637268,0.49914512038230896,-0.09061218053102493,0.511179506778717,0.6642993688583374,-0.009873068891465664,0.4172438383102417,0.5110733509063721,-0.03434762731194496,0.35829147696495056,0.4201684594154358,-0.06430529803037643,0.30449172854423523,0.3349338471889496,-0.08831766247749329,0.5796977877616882,0.6321611404418945,-0.028333567082881927,0.5080294013023376,0.48556917905807495,-0.05754512548446655,0.45747363567352295,0.39225679636001587,-0.07983416318893433,0.4056604206562042,0.30755582451820374,-0.09729044139385223,0.6616330742835999,0.6258300542831421,-0.05216476693749428,0.6226295232772827,0.4998617172241211,-0.07783038914203644,0.5929934978485107,0.41746076941490173,-0.0876198559999466,0.5586188435554504,0.340664267539978,-0.09545189142227173
0.7337880730628967,1.0207180976867676,4.644629143513157e-07,0.6024649143218994,1.0080050230026245,-0.0414440780878067,0.4793361723423004,0.9306530952453613,-0.060264892876148224,0.38601037859916687,0.8345334529876709,-0.07792459428310394,0.29427748918533325,0.7708562612533569,-0.09459216892719269,0.457356333732605,0.7328224778175354,-0.017207423225045204,0.34815776348114014,0.6259068250656128,-0.054659437388181686,0.2821612060070038,0.5631929636001587,-0.08699939399957657,0.22428488731384277,0.4964640736579895,-0.11154892295598984,0.5122077465057373,0.6622889041900635,-0.02773091569542885,0.41586852073669434,0.5112853646278381,-0.05904042720794678,0.3564828336238861,0.42062604427337646,-0.08954405784606934,0.3030574321746826,0.336101233959198,-0.11267879605293274,0.5821737051010132,0.6316946744918823,-0.04681912809610367,0.5076425671577454,0.48701775074005127,-0.08171892911195755,0.45843756198883057,0.39074215292930603,-0.10527081787586212,0.40851399302482605,0.3021029233932495,-0.12242811173200607,0.665880560874939,0.6271935701370239,-0.07054372131824493,0.6254328489303589,0.5024106502532959,-0.10072922706604004,0.5947163105010986,0.42053207755088806,-0.11249517649412155,0.5593892931938171,0.3442903459072113,-0.12105033546686172
0.7316608428955078,0.9787517786026001,5.015743340663903e-07,0.6001929044723511,0.9751917123794556,-0.04416152089834213,0.47856029868125916,0.8875637650489807,-0.05783659219741821,0.3914796710014343,0.7843242883682251,-0.07040026783943176,0.30409079790115356,0.7279459238052368,-0.08168325573205948,0.4567887485027313,0.7009415626525879,-0.0027693063020706177,0.35724616050720215,0.6018224954605103,-0.035821832716464996,0.29483044147491455,0.5420503616333008,-0.06825557351112366,0.23947829008102417,0.4766223430633545,-0.0940195843577385,0.5105099081993103,0.6290817260742188,-0.010384143330156803,0.4206523895263672,0.4869653582572937,-0.03745293617248535,0.3647347688674927,0.40043848752975464,-0.0698113963007927,0.3141900300979614,0.3186078667640686,-0.09530605375766754,0.5763583183288574,0.5987611413002014,-0.027873054146766663,0.5074648857116699,0.4608049690723419,-0.06130361184477806,0.45716995000839233,0.3709317445755005,-0.08852049708366394,0.4073072075843811,0.2877945899963379,-0.10867027938365936,0.6542360186576843,0.5941544771194458,-0.050655413419008255,0.61858069896698,0.4733932912349701,-0.08167273551225662,0.5892473459243774,0.3930419981479645,-0.0971704050898552,0.5557425618171692,0.3168126046657562,-0.10890262573957443
0.7318437695503235,0.97727370262146,5.298410314935609e-07,0.5983963012695312,0.971493124961853,-0.04088953137397766,0.48070216178894043,0.8834383487701416,-0.05427638068795204,0.39542242884635925,0.777977705001831,-0.06708785146474838,0.30494558811187744,0.731381356716156,-0.07915753126144409,0.45786118507385254,0.6992990374565125,0.00023883570975158364,0.3538110852241516,0.5996134877204895,-0.031146209686994553,0.2900933027267456,0.538794755935669,-0.06209375336766243,0.23322811722755432,0.4745771586894989,-0.08642961084842682,0.5118499994277954,0.6289970278739929,-0.008476500399410725,0.4200647175312042,0.4896196722984314,-0.03420380502939224,0.36329174041748047,0.40160223841667175,-0.06549075245857239,0.3141247630119324,0.3198849856853485,-0.08952202647924423,0.5802303552627563,0.5986985564231873,-0.02648868039250374,0.5062329769134521,0.46226128935813904,-0.057091422379016876,0.45744234323501587,0.37160325050354004,-0.08129939436912537,0.41141220927238464,0.28863826394081116,-0.09902095794677734,0.6611515283584595,0.5934557914733887,-0.04956131428480148,0.6197868585586548,0.47332504391670227,-0.07626605778932571,0.5888136625289917,0.3957677483558655,-0.08751651644706726,0.5554924011230469,0.32341644167900085,-0.09602796286344528
0.7245625853538513,0.9509091377258301,5.168791972209874e-07,0.591231644153595,0.9460071325302124,-0.038443662226200104,0.4708139896392822,0.8518096804618835,-0.04550458490848541,0.38631904125213623,0.7503840923309326,-0.05209658294916153,0.30125731229782104,0.7017975449562073,-0.056619223207235336,0.45122194290161133,0.672607421875,0.018029402941465378,0.3521372675895691,0.5783646106719971,-0.003566125873476267,0.29271116852760315,0.5217535495758057,-0.02960493229329586,0.2391536831855774,0.4604238271713257,-0.051315199583768845,0.5031943321228027,0.605351448059082,0.012077237479388714,0.41526156663894653,0.47401997447013855,-0.004041147883981466,0.361235648393631,0.39091113209724426,-0.03070257604122162,0.3136022686958313,0.31415608525276184,-0.05229945480823517,0.5664382576942444,0.576813817024231,-0.004017441533505917,0.49584296345710754,0.4480978548526764,-0.027191486209630966,0.44957876205444336,0.3632221817970276,-0.04887131601572037,0.4055113196372986,0.285827100276947,-0.06558551639318466,0.6420371532440186,0.5686252117156982,-0.025491170585155487,0.6001077890396118,0.4559270143508911,-0.04683255776762962,0.5700885057449341,0.3821363151073456,-0.056775178760290146,0.5382465124130249,0.3109407126903534,-0.06502166390419006
0.724608302116394,0.9465898275375366,4.885284852207405e-07,0.5902552604675293,0.9449524879455566,-0.036228787153959274,0.4716837406158447,0.8536207675933838,-0.04115655645728111,0.3895953297615051,0.7494490146636963,-0.04614531993865967,0.3049919009208679,0.7003749012947083,-0.049472372978925705,0.45087236166000366,0.6728601455688477,0.0220261849462986,0.35131025314331055,0.5803064107894897,0.0016213167691603303,0.2910388112068176,0.5236984491348267,-0.02390437386929989,0.2369934618473053,0.46385639905929565,-0.04529189318418503,0.5024577379226685,0.6034842729568481,0.01513709407299757,0.41488081216812134,0.47323328256607056,-0.0001032119762385264,0.3612568974494934,0.3899945914745331,-0.0266974288970232,0.314619779586792,0.3142419755458832,-0.047911934554576874,0.5661066174507141,0.5738641023635864,-0.0018791775219142437,0.49499350786209106,0.4457327723503113,-0.0247891154140234,0.4476795792579651,0.3606679141521454,-0.04741904139518738,0.4019007086753845,0.2824181616306305,-0.0646606832742691,0.6417878866195679,0.5662209987640381,-0.02404431626200676,0.6014606952667236,0.4543139338493347,-0.04576905444264412,0.571431577205658,0.38244765996932983,-0.05631522834300995,0.5390061140060425,0.31356388330459595,-0.06479216367006302
0.7158701419830322,0.9223524332046509,5.489394538926717e-07,0.5818414092063904,0.923454761505127,-0.04042239487171173,0.46021145582199097,0.8312432765960693,-0.040162138640880585,0.38032984733581543,0.7304853200912476,-0.03864628076553345,0.3007040321826935,0.6725809574127197,-0.033931102603673935,0.4419960081577301,0.6556962132453918,0.03575291484594345,0.34435799717903137,0.5678902268409729,0.026399683207273483,0.2885758876800537,0.5150057673454285,0.006924340967088938,0.23748904466629028,0.45681998133659363,-0.01085213478654623,0.49322885274887085,0.5890712738037109,0.03546071797609329,0.40777426958084106,0.46469685435295105,0.03183766081929207,0.3567570745944977,0.384861022233963,0.010383295826613903,0.31264424324035645,0.31352537870407104,-0.008305329829454422,0.553229570388794,0.5609136819839478,0.023476270958781242,0.4859738349914551,0.4403725266456604,0.010825221426784992,0.44167178869247437,0.3603198826313019,-0.010288447141647339,0.398685097694397,0.28652095794677734,-0.02796485647559166,0.6229628324508667,0.547704815864563,0.00537742767482996,0.5808649659156799,0.4445308446884155,-0.007679742760956287,0.5525587797164917,0.37990307807922363,-0.01684778369963169,0.5223090648651123,0.31469276547431946,-0.025851735845208168
0.7136097550392151,0.9190444946289062,5.373769340621948e-07,0.5804711580276489,0.9236017465591431,-0.038589246571063995,0.4608014225959778,0.8312464952468872,-0.03900820389389992,0.3818853497505188,0.7277709245681763,-0.038463205099105835,0.3015959858894348,0.670319139957428,-0.03498518466949463,0.4392527639865875,0.6557785272598267,0.03231954574584961,0.3422517776489258,0.5682214498519897,0.021884102374315262,0.28649282455444336,0.5150988101959229,0.0027055067475885153,0.23616060614585876,0.4584445357322693,-0.014925753697752953,0.4902209937572479,0.5880630016326904,0.030209047719836235,0.40523195266723633,0.4640846252441406,0.024905411526560783,0.354623019695282,0.3845011293888092,0.003739276435226202,0.312015175819397,0.314374178647995,-0.014399340376257896,0.551224410533905,0.5603858828544617,0.016842424869537354,0.48324304819107056,0.438699871301651,0.0013005906948819757,0.43696674704551697,0.3582421541213989,-0.020782887935638428,0.3921404480934143,0.2840285003185272,-0.03876986354589462,0.6226575970649719,0.5487242937088013,-0.002123468555510044,0.5834415555000305,0.4437673091888428,-0.019537756219506264,0.554007887840271,0.37785157561302185,-0.031005024909973145,0.5216046571731567,0.31218385696411133,-0.04106979817152023
0.7022011876106262,0.9080662727355957,4.889981823907874e-07,0.5730246305465698,0.9124392867088318,-0.03723766654729843,0.4512593150138855,0.8186328411102295,-0.034769851714372635,0.3726691007614136,0.7165278196334839,-0.0312739722430706,0.29523319005966187,0.6623544692993164,-0.024795718491077423,0.4322126507759094,0.6480705142021179,0.03714556619524956,0.3375176787376404,0.5648089051246643,0.029929252341389656,0.2840510606765747,0.5149581432342529,0.012795801274478436,0.23529604077339172,0.46135401725769043,-0.003283764235675335,0.48102378845214844,0.5812543630599976,0.03671695291996002,0.3986054062843323,0.4626079499721527,0.03552708029747009,0.35003697872161865,0.38861915469169617,0.017672624439001083,0.3087669014930725,0.3247566521167755,0.001702003413811326,0.5390609502792358,0.5525832772254944,0.024949222803115845,0.4731691777706146,0.4355415105819702,0.014447796158492565,0.42912548780441284,0.3598053753376007,-0.0036863426212221384,0.38672733306884766,0.2918623387813568,-0.019417332485318184,0.6059807538986206,0.5399594902992249,0.007337119895964861,0.5653550028800964,0.44069287180900574,-0.004163481295108795,0.5375716686248779,0.3792794942855835,-0.01181885413825512,0.5078730583190918,0.3187616765499115,-0.019728045910596848
0.6988677978515625,0.9084455966949463,4.672413069783943e-07,0.5710418820381165,0.9130150079727173,-0.03579206392168999,0.4524477422237396,0.819283127784729,-0.0341816209256649,0.3751041889190674,0.7171705961227417,-0.03196817263960838,0.2977887988090515,0.6639462113380432,-0.02703958749771118,0.43093955516815186,0.6493224501609802,0.03535837680101395,0.3372035026550293,0.5665875673294067,0.026906952261924744,0.28362327814102173,0.5163968801498413,0.00914856418967247,0.2357044219970703,0.4632936120033264,-0.007317170035094023,0.4798734784126282,0.5827423334121704,0.03340151906013489,0.3974834084510803,0.46532270312309265,0.030754202976822853,0.34895241260528564,0.39020293951034546,0.012066015973687172,0.3081752061843872,0.3245493173599243,-0.004423432983458042,0.5386597514152527,0.5548735857009888,0.020373638719320297,0.4729657769203186,0.43886053562164307,0.007978476583957672,0.42766833305358887,0.3628210723400116,-0.011586484499275684,0.38396286964416504,0.293940007686615,-0.028215553611516953,0.606785237789154,0.5428001284599304,0.0018208492547273636,0.5676267147064209,0.4424711763858795,-0.012337461113929749,0.5386376976966858,0.3793691098690033,-0.02191615104675293,0.5066803097724915,0.3171716630458832,-0.03096873126924038
0.6967567801475525,0.9029239416122437,5.140688585925091e-07,0.5690287947654724,0.9140570163726807,-0.04048901051282883,0.44829070568084717,0.8209689259529114,-0.03863682597875595,0.36972612142562866,0.7172937393188477,-0.035157281905412674,0.28928980231285095,0.6652424335479736,-0.028631284832954407,0.4271586239337921,0.6516449451446533,0.03797278553247452,0.33214154839515686,0.5716208219528198,0.03346855565905571,0.27798885107040405,0.5232239961624146,0.0177802462130785,0.2291894555091858,0.47131043672561646,0.002432185225188732,0.47516992688179016,0.5836665630340576,0.03912725672125816,0.39190351963043213,0.46683576703071594,0.0417289100587368,0.3425031006336212,0.3926684856414795,0.025789808481931686,0.3017534613609314,0.3294135332107544,0.01070471853017807,0.532908022403717,0.555401623249054,0.028283432126045227,0.4658074378967285,0.438793420791626,0.020426658913493156,0.4214586913585663,0.3641303479671478,0.002115487353876233,0.3788914084434509,0.29640576243400574,-0.014365147799253464,0.5995397567749023,0.5422643423080444,0.01116620097309351,0.5592817068099976,0.44248712062835693,0.0004311072698328644,0.5310678482055664,0.3809962868690491,-0.008349263109266758,0.5002133846282959,0.3190045952796936,-0.017466602846980095
0.695608377456665,0.9024358987808228,5.034817718296836e-07,0.5675827860832214,0.9124577045440674,-0.039272237569093704,0.44821277260780334,0.8227429986000061,-0.03854585066437721,0.37050431966781616,0.7204775214195251,-0.03643602132797241,0.29167789220809937,0.6664289832115173,-0.031456269323825836,0.4264954924583435,0.6532104015350342,0.03432480990886688,0.3325161933898926,0.5724649429321289,0.026380175724625587,0.27890461683273315,0.5228633284568787,0.008660677820444107,0.23055440187454224,0.4697110950946808,-0.007810020353645086,0.47467178106307983,0.5856837630271912,0.03430469334125519,0.3914267122745514,0.47009900212287903,0.032752059400081635,0.3421880602836609,0.3952084183692932,0.014126594178378582,0.3007342219352722,0.3287351429462433,-0.002574756508693099,0.5326212644577026,0.5569777488708496,0.02276867814362049,0.46633368730545044,0.44234606623649597,0.011250521056354046,0.4202892780303955,0.3667234778404236,-0.009026975370943546,0.37532806396484375,0.2970697283744812,-0.0264543779194355,0.5998506546020508,0.5435212850570679,0.005371503997594118,0.5604302883148193,0.44439178705215454,-0.008325373753905296,0.5309819579124451,0.3823128342628479,-0.018539484590291977,0.49819308519363403,0.3199637234210968,-0.02831384167075157
0.6960477232933044,0.9123131036758423,4.94475557388796e-07,0.5666605234146118,0.9214584827423096,-0.038481488823890686,0.447230726480484,0.8292893171310425,-0.03777722269296646,0.36876776814460754,0.7258298993110657,-0.036115553230047226,0.28846052289009094,0.6728398203849792,-0.03190134838223457,0.42647165060043335,0.6572595238685608,0.03496658056974411,0.3313443660736084,0.577201247215271,0.026291321963071823,0.2758931517601013,0.5285534262657166,0.007726704701781273,0.22510889172554016,0.4762323498725891,-0.009830087423324585,0.4746229648590088,0.5898120999336243,0.033398669213056564,0.39049381017684937,0.4745963513851166,0.030226020142436028,0.33942580223083496,0.4004138112068176,0.010205322876572609,0.29575079679489136,0.3355332911014557,-0.0074744862504303455,0.5328284502029419,0.5622023940086365,0.020316502079367638,0.46526193618774414,0.4459039270877838,0.00630803732201457,0.4181986451148987,0.3698057234287262,-0.015169542282819748,0.3723546266555786,0.3005557060241699,-0.03301136568188667,0.6007314920425415,0.5511279106140137,0.0015190434642136097,0.5602681040763855,0.4496862292289734,-0.01507327426224947,0.5300877690315247,0.3864487111568451,-0.026746202260255814,0.4963477551937103,0.3240683376789093,-0.03723645582795143
0.6977791786193848,0.9109141826629639,4.801075874638627e-07,0.568711519241333,0.9229228496551514,-0.03756612911820412,0.44841691851615906,0.8316164612770081,-0.036315999925136566,0.3705008924007416,0.7276323437690735,-0.03409567102789879,0.29194727540016174,0.6726747155189514,-0.029203586280345917,0.42605239152908325,0.658193826675415,0.033884886652231216,0.3305504322052002,0.5772491693496704,0.025342635810375214,0.2753620147705078,0.527498185634613,0.007199715357273817,0.225258469581604,0.474356472492218,-0.009980466216802597,0.4743645191192627,0.5902172327041626,0.03211276978254318,0.3900359869003296,0.47404539585113525,0.028810469433665276,0.3395617604255676,0.39912885427474976,0.008993040770292282,0.29681816697120667,0.33358514308929443,-0.008514508605003357,0.5325829982757568,0.5618672966957092,0.019093776121735573,0.4646562337875366,0.44499653577804565,0.005168588366359472,0.41727185249328613,0.3687218129634857,-0.016643118113279343,0.3712044358253479,0.29898595809936523,-0.03487684205174446,0.6007465720176697,0.5494250655174255,0.0005178307183086872,0.5611022114753723,0.44808894395828247,-0.016069157049059868,0.530832827091217,0.385185569524765,-0.028060434386134148,0.4972571134567261,0.32293450832366943,-0.038830336183309555
0.6990137100219727,0.9141734838485718,4.6905105932637525e-07,0.571547269821167,0.9269301891326904,-0.03785238042473793,0.44933444261550903,0.8331629037857056,-0.037172093987464905,0.3707478642463684,0.7274256348609924,-0.035307563841342926,0.2922724485397339,0.6737298369407654,-0.03103332221508026,0.42770034074783325,0.6611159443855286,0.027874277904629707,0.3311127722263336,0.5789057016372681,0.016458677127957344,0.27452099323272705,0.5288397073745728,-0.0028858138248324394,0.2232409119606018,0.4753614664077759,-0.020662404596805573,0.4763839840888977,0.5921422839164734,0.025666192173957825,0.39011314511299133,0.47441694140434265,0.019532008096575737,0.3379741907119751,0.39843663573265076,-0.0011424509575590491,0.2937961518764496,0.3314639925956726,-0.018970414996147156,0.5357293486595154,0.5632840394973755,0.012654359452426434,0.46633172035217285,0.4454386234283447,-0.003340786322951317,0.4182456135749817,0.3689441680908203,-0.02467356249690056,0.3719639778137207,0.29964345693588257,-0.04220210388302803,0.6052128076553345,0.5513900518417358,-0.005826341919600964,0.5651872158050537,0.4490314722061157,-0.02363029308617115,0.5346440672874451,0.38455671072006226,-0.035157252103090286,0.5007967352867126,0.3216097354888916,-0.04531450569629669
0.7000856995582581,0.9136781692504883,4.746234765207191e-07,0.5717588067054749,0.9266393184661865,-0.03863135725259781,0.4497271180152893,0.8335734605789185,-0.03820269554853439,0.37103182077407837,0.7285990118980408,-0.0365554615855217,0.2917326092720032,0.6744740009307861,-0.032410573214292526,0.4282788634300232,0.6609945297241211,0.029110075905919075,0.3316287696361542,0.5796661972999573,0.018142491579055786,0.27547693252563477,0.5294556617736816,-0.0010571593884378672,0.22461098432540894,0.4754207730293274,-0.01868901401758194,0.47701501846313477,0.5925695300102234,0.027339307591319084,0.39125505089759827,0.47573351860046387,0.021969307214021683,0.3395085334777832,0.3994457721710205,0.0015917611308395863,0.2956421375274658,0.33135986328125,-0.016090072691440582,0.5362120866775513,0.5638370513916016,0.014501461759209633,0.46775022149086,0.44715768098831177,-0.0007141141104511917,0.42003971338272095,0.36962512135505676,-0.021997462958097458,0.3736511468887329,0.298369824886322,-0.03962935879826546,0.6052032709121704,0.5516213178634644,-0.003965684212744236,0.5648248791694641,0.4500807523727417,-0.02094987966120243,0.5345773696899414,0.3859601318836212,-0.032129257917404175,0.5008957386016846,0.32270267605781555,-0.04219972342252731
0.7003799080848694,0.9165912866592407,4.852633423979569e-07,0.5716758370399475,0.9259755611419678,-0.03705787658691406,0.4512160122394562,0.8330447673797607,-0.03637729957699776,0.3728827238082886,0.7282403707504272,-0.03490831330418587,0.29435813426971436,0.6744145750999451,-0.031112421303987503,0.42859551310539246,0.6613066792488098,0.03015267290174961,0.33199310302734375,0.5775914788246155,0.018892310559749603,0.2753587067127228,0.5267500877380371,-0.0006946043577045202,0.22411015629768372,0.47246718406677246,-0.018758131191134453,0.47810009121894836,0.5922505855560303,0.027216767892241478,0.39218077063560486,0.4727167785167694,0.020580193027853966,0.3404697775840759,0.3956230878829956,-0.0013299529673531651,0.29643768072128296,0.3277275860309601,-0.020022476091980934,0.5379770398139954,0.5635156035423279,0.013450484722852707,0.46838968992233276,0.44410067796707153,-0.0034499086905270815,0.42058464884757996,0.36616775393486023,-0.025914475321769714,0.3748782277107239,0.295531690120697,-0.044078633189201355,0.6082155108451843,0.551581859588623,-0.005640832241624594,0.5668858885765076,0.4473910629749298,-0.024239741265773773,0.5362097024917603,0.38147565722465515,-0.036372240632772446,0.5026097893714905,0.31696200370788574,-0.04690070450305939
0.6999384760856628,0.9163758754730225,4.829177555620845e-07,0.5697396993637085,0.9249849319458008,-0.03745518624782562,0.4496283233165741,0.8320186138153076,-0.03621290251612663,0.3716404139995575,0.7279557585716248,-0.03431074321269989,0.2926856279373169,0.6750079989433289,-0.03014373779296875,0.42892155051231384,0.660984218120575,0.03296342492103577,0.3329731225967407,0.5785074234008789,0.022472083568572998,0.27654045820236206,0.5276180505752563,0.003158263862133026,0.2252817153930664,0.47337526082992554,-0.014666684903204441,0.4784627854824066,0.592603325843811,0.030426528304815292,0.3934629261493683,0.47308549284935,0.02458476647734642,0.34157794713974,0.3958010673522949,0.0027734567411243916,0.29689157009124756,0.32701870799064636,-0.015852143988013268,0.537826657295227,0.5645017623901367,0.016707580536603928,0.47040271759033203,0.4452471137046814,0.00012740281817968935,0.42255011200904846,0.3666362464427948,-0.023136114701628685,0.3759427070617676,0.2948164939880371,-0.04179917275905609,0.6070950627326965,0.5529019832611084,-0.0024158263113349676,0.5671219825744629,0.4482188820838928,-0.02054581046104431,0.5366109609603882,0.38260871171951294,-0.03298728168010712,0.5023828744888306,0.318280428647995,-0.043904487043619156
0.6998744010925293,0.9112776517868042,4.858708280153223e-07,0.5705845952033997,0.9228628873825073,-0.03674910217523575,0.4502391815185547,0.8322998881340027,-0.036421194672584534,0.3732946515083313,0.7267152070999146,-0.03533810377120972,0.2956400513648987,0.6712884306907654,-0.03196927160024643,0.42860954999923706,0.659160315990448,0.028839996084570885,0.33215492963790894,0.5767788887023926,0.016714144498109818,0.27619457244873047,0.5260945558547974,-0.003110218793153763,0.22582712769508362,0.47189927101135254,-0.02093600668013096,0.47795721888542175,0.5908948183059692,0.025963421911001205,0.3931739628314972,0.47100815176963806,0.01837768219411373,0.3415757417678833,0.39385268092155457,-0.00403639255091548,0.29743847250938416,0.3251860737800598,-0.02278454229235649,0.5371022820472717,0.5618192553520203,0.012449483387172222,0.46954867243766785,0.44342631101608276,-0.0047980244271457195,0.4220760762691498,0.36614933609962463,-0.02792186848819256,0.3756348192691803,0.29591232538223267,-0.046298276633024216,0.6060353517532349,0.5495412945747375,-0.0062696440145373344,0.5670109391212463,0.44613975286483765,-0.024565642699599266,0.5366343855857849,0.3811567723751068,-0.036804474890232086,0.5028491616249084,0.31756818294525146,-0.04727790132164955
0.6995395421981812,0.9111502766609192,4.714241867986857e-07,0.5706908702850342,0.9215824604034424,-0.035746898502111435,0.4496222734451294,0.8305809497833252,-0.03547937422990799,0.37147825956344604,0.7260459661483765,-0.03459484502673149,0.2932244539260864,0.6714524626731873,-0.03162369132041931,0.42849814891815186,0.6579211354255676,0.027903249487280846,0.332320898771286,0.5761433839797974,0.01501886174082756,0.2762385308742523,0.5258442163467407,-0.005129387602210045,0.22547143697738647,0.4720769226551056,-0.023199008777737617,0.4777260720729828,0.5899544954299927,0.024299729615449905,0.3931194841861725,0.47106167674064636,0.015949981287121773,0.34152960777282715,0.3944493234157562,-0.006665936205536127,0.297035813331604,0.3262237012386322,-0.0255452748388052,0.536949872970581,0.5613373517990112,0.01027573924511671,0.4695429503917694,0.4441952407360077,-0.007639497518539429,0.4221203029155731,0.366712361574173,-0.03051968291401863,0.3756828010082245,0.2963883876800537,-0.04865618795156479,0.6059155464172363,0.5503470301628113,-0.00880526751279831,0.5665905475616455,0.4473543167114258,-0.027659595012664795,0.5364205241203308,0.38196882605552673,-0.0397520586848259,0.5027100443840027,0.3182632625102997,-0.05003912374377251
0.6972061395645142,0.910484790802002,4.869968961429549e-07,0.5684442520141602,0.9216018915176392,-0.03615938499569893,0.4479304552078247,0.8301095962524414,-0.0355781614780426,0.3702733516693115,0.7260409593582153,-0.0344427190721035,0.29165488481521606,0.6704080104827881,-0.031101403757929802,0.42637237906455994,0.6586840152740479,0.02968629077076912,0.3307386040687561,0.576262354850769,0.017617028206586838,0.274947851896286,0.5259063839912415,-0.0023364322260022163,0.2238864004611969,0.47175031900405884,-0.020440636202692986,0.47600388526916504,0.5906100273132324,0.026252450421452522,0.39172282814979553,0.47129422426223755,0.01854751817882061,0.34005212783813477,0.39391717314720154,-0.004276571795344353,0.29537129402160645,0.32536154985427856,-0.02349381521344185,0.5351186394691467,0.5619525909423828,0.012176844291388988,0.4685916304588318,0.4444308280944824,-0.005434629041701555,0.4212970435619354,0.36627301573753357,-0.028975671157240868,0.37469080090522766,0.2956198453903198,-0.04771687090396881,0.6036797761917114,0.5503005981445312,-0.007015088107436895,0.5649648904800415,0.4470866322517395,-0.025741906836628914,0.5350562930107117,0.3820198178291321,-0.0381990484893322,0.5012289881706238,0.31883224844932556,-0.04894477501511574
0.6962682604789734,0.9100943207740784,4.941281304127187e-07,0.5671594142913818,0.9205418825149536,-0.036682408303022385,0.44741547107696533,0.8294478058815002,-0.03625066205859184,0.3699823021888733,0.7259937524795532,-0.035176727920770645,0.2914815843105316,0.6710690855979919,-0.03185300901532173,0.4261648952960968,0.6588329672813416,0.030079102143645287,0.33079805970191956,0.5765120387077332,0.0182323195040226,0.27496522665023804,0.5262498259544373,-0.0016893399879336357,0.2240307331085205,0.4720994234085083,-0.019839586690068245,0.47560644149780273,0.5904009342193604,0.02689288556575775,0.39104488492012024,0.4712985157966614,0.019431110471487045,0.339266836643219,0.39415642619132996,-0.003417228814214468,0.29466164112091064,0.3255840241909027,-0.022685309872031212,0.5347936749458313,0.5616127252578735,0.012977627106010914,0.46769043803215027,0.4437658190727234,-0.004710385575890541,0.42016738653182983,0.3661510944366455,-0.02835971862077713,0.3733994662761688,0.2956075668334961,-0.047141484916210175,0.6035031676292419,0.5497656464576721,-0.006105288863182068,0.564916729927063,0.44659584760665894,-0.025205736979842186,0.5351738929748535,0.3812756836414337,-0.037961751222610474,0.5015347599983215,0.31719258427619934,-0.048860374838113785
0.695042073726654,0.908471941947937,5.534371894100332e-07,0.5639829635620117,0.9179897308349609,-0.04215611144900322,0.4449889659881592,0.8281160593032837,-0.04256778955459595,0.3678218722343445,0.725318968296051,-0.041207559406757355,0.28791025280952454,0.6675706505775452,-0.03712986409664154,0.4235701560974121,0.6562395691871643,0.03167098015546799,0.32731327414512634,0.573469877243042,0.022470947355031967,0.27126848697662354,0.5226978063583374,0.0034761454444378614,0.2195892632007599,0.46796172857284546,-0.014327007345855236,0.47425180673599243,0.5882821083068848,0.03165711462497711,0.3890116512775421,0.46897566318511963,0.027388328686356544,0.33734315633773804,0.3910662829875946,0.005463140085339546,0.2934383749961853,0.3229126036167145,-0.013544618152081966,0.5340918302536011,0.5601131916046143,0.01995696686208248,0.46577227115631104,0.44177260994911194,0.004701788537204266,0.4184969663619995,0.36406734585762024,-0.018944453448057175,0.3720630407333374,0.29207876324653625,-0.03818175196647644,0.6032609939575195,0.5469568371772766,0.0023897523060441017,0.5621878504753113,0.4438263177871704,-0.01520408783107996,0.531976580619812,0.37944966554641724,-0.028133565559983253,0.4979285001754761,0.31500244140625,-0.03954066336154938
0.6938827037811279,0.906940221786499,5.844888164574513e-07,0.5606281757354736,0.91414475440979,-0.04319256916642189,0.4435492753982544,0.8258605599403381,-0.04365113377571106,0.3675708770751953,0.7253952026367188,-0.042510662227869034,0.2871793508529663,0.6673665046691895,-0.038511019200086594,0.42261791229248047,0.6556193828582764,0.03633825108408928,0.32675114274024963,0.5740289688110352,0.02952324040234089,0.27066540718078613,0.5228641033172607,0.011859855614602566,0.21967512369155884,0.4687020182609558,-0.005106647964566946,0.4735836982727051,0.5880469679832458,0.03700878843665123,0.38792884349823,0.46824929118156433,0.035819537937641144,0.3364510238170624,0.39067965745925903,0.015548423863947392,0.29274260997772217,0.3228010833263397,-0.002505779266357422,0.5334486365318298,0.560275137424469,0.025313351303339005,0.4651249647140503,0.44081830978393555,0.011884700506925583,0.4175943434238434,0.3638858497142792,-0.011727488599717617,0.3706234097480774,0.29238182306289673,-0.031224263831973076,0.6024577617645264,0.5468126535415649,0.007480575703084469,0.5624924898147583,0.4430605173110962,-0.009348022751510143,0.5325480103492737,0.3789350092411041,-0.0228464063256979,0.4981305003166199,0.31451141834259033,-0.034942299127578735
0.69130939245224,0.9043934345245361,5.199463544158789e-07,0.562153160572052,0.9096584320068359,-0.037557244300842285,0.4421693980693817,0.8202008008956909,-0.03750738501548767,0.3631438612937927,0.7182583808898926,-0.03652241453528404,0.2844979763031006,0.6613667607307434,-0.0328124463558197,0.4209776818752289,0.6508651971817017,0.031386543065309525,0.3250971734523773,0.5661967992782593,0.020601946860551834,0.2693643271923065,0.5157650113105774,0.0010914572048932314,0.21763145923614502,0.4618675112724304,-0.016818245872855186,0.4707380533218384,0.5840718746185303,0.029309198260307312,0.3861914873123169,0.4639146327972412,0.023182962089776993,0.3356737494468689,0.38661515712738037,0.0010641503613442183,0.29182109236717224,0.31836360692977905,-0.01779341697692871,0.5305382609367371,0.5557477474212646,0.016341054812073708,0.46199628710746765,0.4369237422943115,0.00015376877854578197,0.41536036133766174,0.3585379421710968,-0.02257954701781273,0.3697080910205841,0.2872931659221649,-0.040855761617422104,0.6004911065101624,0.5428588390350342,-0.001953692873939872,0.5600432753562927,0.43861711025238037,-0.019536862149834633,0.5297396183013916,0.37262070178985596,-0.031549643725156784,0.496200293302536,0.30772164463996887,-0.04202008992433548
0.6907256841659546,0.9048962593078613,4.913102316095319e-07,0.5618799924850464,0.9108325839042664,-0.03654797747731209,0.44181880354881287,0.818626344203949,-0.035919059067964554,0.3632815480232239,0.7159731984138489,-0.03461170569062233,0.2849082946777344,0.6608463525772095,-0.030926624312996864,0.42110347747802734,0.6502832174301147,0.03108634427189827,0.32542771100997925,0.5668622255325317,0.019850561395287514,0.26930490136146545,0.5164796113967896,0.00031725509325042367,0.21776896715164185,0.46291181445121765,-0.017620977014303207,0.4709174633026123,0.5825784206390381,0.028149385005235672,0.385842889547348,0.46253257989883423,0.021372374147176743,0.3345997631549835,0.3848135769367218,-0.0009012355003505945,0.29036903381347656,0.31625065207481384,-0.01976662687957287,0.5308853387832642,0.5543831586837769,0.01443849690258503,0.46272432804107666,0.4356723427772522,-0.0027243245858699083,0.415385901927948,0.35728102922439575,-0.026016991585493088,0.36904770135879517,0.2864055037498474,-0.04455307126045227,0.600729763507843,0.5424311757087708,-0.004437791183590889,0.5608216524124146,0.4386768937110901,-0.02303237095475197,0.5306129455566406,0.37305107712745667,-0.035552289336919785,0.4966907501220703,0.30886805057525635,-0.04632081091403961
0.6840587258338928,0.9001744985580444,5.22128289048851e-07,0.5560665130615234,0.9021046161651611,-0.03774941340088844,0.43776735663414,0.8112176656723022,-0.03873217850923538,0.35881853103637695,0.7101304531097412,-0.03866192698478699,0.2798640727996826,0.6539599895477295,-0.03578897938132286,0.418323278427124,0.6424140334129333,0.02910272590816021,0.3217303156852722,0.5580616593360901,0.01733601652085781,0.2660215497016907,0.507830023765564,-0.002233235165476799,0.21486812829971313,0.4535348415374756,-0.019828693941235542,0.46784138679504395,0.5767368674278259,0.02704855427145958,0.3828146457672119,0.455422580242157,0.020161613821983337,0.331857830286026,0.37749576568603516,-0.0014911056496202946,0.288196861743927,0.3091144561767578,-0.019719189032912254,0.5272470116615295,0.5490325093269348,0.014244797639548779,0.45889216661453247,0.42932653427124023,-0.0021188752725720406,0.41292059421539307,0.3504713475704193,-0.02406747080385685,0.3685104548931122,0.2796526551246643,-0.0415312722325325,0.596572995185852,0.5369988083839417,-0.003875904716551304,0.5563049912452698,0.43281811475753784,-0.02073870226740837,0.5266077518463135,0.3671502470970154,-0.03167799115180969,0.4942688047885895,0.3033801019191742,-0.04128788784146309
0.6824715733528137,0.902061939239502,4.844738441533991e-07,0.5527074337005615,0.904003381729126,-0.03691719472408295,0.4353695809841156,0.8085463643074036,-0.037259917706251144,0.357097327709198,0.7057785987854004,-0.03694742172956467,0.2777132987976074,0.653666615486145,-0.0343281514942646,0.4176817834377289,0.6423975825309753,0.030292397364974022,0.3219119906425476,0.5588281154632568,0.017999062314629555,0.2657248377799988,0.5088920593261719,-0.0022560751531273127,0.2140205204486847,0.4553547501564026,-0.02047550491988659,0.46739375591278076,0.5759286284446716,0.027465447783470154,0.3832288384437561,0.45480114221572876,0.019729124382138252,0.331859827041626,0.3772245943546295,-0.0030891334172338247,0.2872293293476105,0.3084823787212372,-0.022150838747620583,0.5270150899887085,0.5487666130065918,0.013945954851806164,0.4605119824409485,0.42967015504837036,-0.0035833390429615974,0.41362980008125305,0.35073322057724,-0.02668566256761551,0.36810383200645447,0.27932941913604736,-0.044866036623716354,0.5962511301040649,0.5383416414260864,-0.00475767906755209,0.5573199987411499,0.43400776386260986,-0.02261926792562008,0.5278957486152649,0.3685547411441803,-0.03415901958942413,0.49501481652259827,0.30513566732406616,-0.04419868811964989
0.6797798871994019,0.8993352651596069,5.218849992161267e-07,0.549078643321991,0.9004424810409546,-0.037212569266557693,0.42929643392562866,0.8050206899642944,-0.03560994938015938,0.352045476436615,0.701730489730835,-0.03307878226041794,0.27397653460502625,0.6470992565155029,-0.027835652232170105,0.4122084379196167,0.6391329169273376,0.03497416153550148,0.31485211849212646,0.5552610754966736,0.02615753747522831,0.25860756635665894,0.5043550729751587,0.007849779911339283,0.20719590783119202,0.4498867094516754,-0.009071552194654942,0.46216121315956116,0.5722196102142334,0.03352353721857071,0.37744131684303284,0.45108282566070557,0.029805274680256844,0.3262673020362854,0.37294039130210876,0.008940576575696468,0.2828499972820282,0.30583205819129944,-0.008889468386769295,0.5221379399299622,0.5440244674682617,0.021005993708968163,0.453935831785202,0.4237738251686096,0.007268756162375212,0.4088596701622009,0.345552921295166,-0.014736882410943508,0.36547303199768066,0.2755584120750427,-0.03248629719018936,0.591238260269165,0.531792402267456,0.0030563848558813334,0.5508795380592346,0.4275047183036804,-0.01186189241707325,0.5222189426422119,0.36213600635528564,-0.02254704013466835,0.4906543493270874,0.298155277967453,-0.03216059133410454
0.6787943243980408,0.9001801013946533,4.925469170302677e-07,0.5473830699920654,0.9009771347045898,-0.03710057958960533,0.4278346300125122,0.8037521839141846,-0.035528816282749176,0.34934163093566895,0.7003029584884644,-0.03316919878125191,0.27034199237823486,0.6479165554046631,-0.02827906236052513,0.41134142875671387,0.6372448205947876,0.03500339388847351,0.31504952907562256,0.5534693002700806,0.0258084274828434,0.2586706876754761,0.5036314725875854,0.007197050377726555,0.20656195282936096,0.45058631896972656,-0.010174781084060669,0.4612053334712982,0.5709824562072754,0.03317364677786827,0.3772130012512207,0.45010000467300415,0.028464842587709427,0.3263494670391083,0.3721693754196167,0.006849152036011219,0.28260770440101624,0.30448293685913086,-0.011567501351237297,0.5211726427078247,0.5438802242279053,0.020291827619075775,0.4542894959449768,0.42372921109199524,0.005020742770284414,0.4083579182624817,0.3449230492115021,-0.018314175307750702,0.36306077241897583,0.27352431416511536,-0.03696690872311592,0.590200662612915,0.5331030488014221,0.002123211044818163,0.5511462092399597,0.42939168214797974,-0.014602072536945343,0.5217952728271484,0.36454513669013977,-0.02663782797753811,0.4888336956501007,0.30087482929229736,-0.03723518177866936
0.674139142036438,0.8977379202842712,5.268910285849415e-07,0.5440546870231628,0.8995084762573242,-0.03713750094175339,0.4227559268474579,0.8031846284866333,-0.034877631813287735,0.3442424237728119,0.6994301080703735,-0.031714946031570435,0.26610997319221497,0.6435545086860657,-0.02557964436709881,0.40594354271888733,0.6365280747413635,0.03735904395580292,0.3080916404724121,0.5533232092857361,0.029896769672632217,0.2518312931060791,0.50267493724823,0.01249612495303154,0.20043429732322693,0.44881173968315125,-0.0037495202850550413,0.45597735047340393,0.5693747997283936,0.036301691085100174,0.37151503562927246,0.4476301670074463,0.034427084028720856,0.3205574154853821,0.36883115768432617,0.01488954946398735,0.2775810956954956,0.30207493901252747,-0.002097686752676964,0.5157992243766785,0.5411062240600586,0.023948192596435547,0.4479309022426605,0.42118579149246216,0.012068568728864193,0.40255242586135864,0.3430546522140503,-0.009066225960850716,0.3587116599082947,0.2738316059112549,-0.026440739631652832,0.5840092897415161,0.5285894870758057,0.0060470146127045155,0.5435755848884583,0.4244946837425232,-0.006937031168490648,0.5147952437400818,0.35930442810058594,-0.01666356436908245,0.48332077264785767,0.29549917578697205,-0.025854334235191345
0.6717888116836548,0.8942863941192627,5.054014877714508e-07,0.542356014251709,0.8958335518836975,-0.037710223346948624,0.4200015664100647,0.7999996542930603,-0.03673296049237251,0.33969587087631226,0.6966497898101807,-0.03475528210401535,0.2612392008304596,0.6417820453643799,-0.029867473989725113,0.40181317925453186,0.6336398124694824,0.034127093851566315,0.30329298973083496,0.5512374043464661,0.024645110592246056,0.24592727422714233,0.5020034313201904,0.006182262673974037,0.1934477686882019,0.4498855471611023,-0.010592847131192684,0.45106419920921326,0.566696047782898,0.03304554894566536,0.36553359031677246,0.44548630714416504,0.029408691450953484,0.31381767988204956,0.3685459792613983,0.00969796720892191,0.2697513699531555,0.30310362577438354,-0.007163951173424721,0.510871171951294,0.5381560325622559,0.020811306312680244,0.44211193919181824,0.4184286892414093,0.007870609872043133,0.39628052711486816,0.34057268500328064,-0.01243828795850277,0.3526339828968048,0.2719075679779053,-0.029007822275161743,0.5793699026107788,0.525883674621582,0.002983231795951724,0.5372841954231262,0.42270225286483765,-0.010456601157784462,0.5077278017997742,0.3575860559940338,-0.019524799659848213,0.47616514563560486,0.2941077947616577,-0.028046105057001114
0.6728452444076538,0.892996609210968,4.886598503617279e-07,0.540216326713562,0.8961901068687439,-0.039068643003702164,0.4182307720184326,0.8013529181480408,-0.037348438054323196,0.33800172805786133,0.6983237862586975,-0.03444080799818039,0.259168416261673,0.6413460373878479,-0.028472797945141792,0.40151047706604004,0.6330845952033997,0.037175484001636505,0.3040749132633209,0.549849271774292,0.028615716844797134,0.2466464638710022,0.5008407235145569,0.00984794832766056,0.19345295429229736,0.4488270580768585,-0.007566912565380335,0.45083776116371155,0.5664256811141968,0.037045031785964966,0.3656923770904541,0.4466039538383484,0.033813297748565674,0.31440675258636475,0.36997976899147034,0.013030472211539745,0.2701968550682068,0.3029267489910126,-0.004918815568089485,0.5102769732475281,0.5389625430107117,0.02532067336142063,0.44252702593803406,0.4193350672721863,0.011766370385885239,0.39572083950042725,0.3419204354286194,-0.01034200843423605,0.3497791290283203,0.27141696214675903,-0.0284156184643507,0.579336404800415,0.5263959765434265,0.007903408259153366,0.5394951105117798,0.4237734377384186,-0.007053375244140625,0.5092843174934387,0.3600747287273407,-0.018084334209561348,0.47546708583831787,0.29660871624946594,-0.028159355744719505
0.6741671562194824,0.8898410797119141,5.214615725890326e-07,0.5419988632202148,0.8894025683403015,-0.03954339772462845,0.42060932517051697,0.7980768084526062,-0.038542989641427994,0.3401842713356018,0.6960607767105103,-0.03618916496634483,0.26062989234924316,0.6382206082344055,-0.030663469806313515,0.40209880471229553,0.6298884749412537,0.03584858775138855,0.3038262724876404,0.5463716983795166,0.026205234229564667,0.24682624638080597,0.49688929319381714,0.0065552787855267525,0.19393908977508545,0.44297513365745544,-0.01142157707363367,0.450838565826416,0.5626490116119385,0.035642243921756744,0.3639950752258301,0.4425104856491089,0.031303904950618744,0.312053382396698,0.36539942026138306,0.009147759526968002,0.26721471548080444,0.29740408062934875,-0.00969030149281025,0.5104827880859375,0.5346470475196838,0.023962190374732018,0.4413851797580719,0.4153054356575012,0.009357823058962822,0.3942510783672333,0.33784860372543335,-0.013694742694497108,0.3482072949409485,0.26742368936538696,-0.03216647729277611,0.5807302594184875,0.5220463871955872,0.006644319277256727,0.5400699973106384,0.41891711950302124,-0.008982546627521515,0.5100355744361877,0.35461190342903137,-0.020360158756375313,0.4767440855503082,0.2905834913253784,-0.03046356327831745
0.6737092733383179,0.8843611478805542,5.054999974163366e-07,0.5462777018547058,0.8832342624664307,-0.03860366716980934,0.42571592330932617,0.7876978516578674,-0.03954629600048065,0.344432532787323,0.6857704520225525,-0.03934992477297783,0.2640322148799896,0.6316475868225098,-0.03572087362408638,0.4021355211734772,0.623464822769165,0.031527191400527954,0.30495885014533997,0.5394639372825623,0.01913345977663994,0.24826104938983917,0.48977628350257874,-0.0012627193937078118,0.1959928274154663,0.4367212653160095,-0.01908729039132595,0.45080041885375977,0.5567293763160706,0.0304823350161314,0.3651202321052551,0.4362858533859253,0.02478296123445034,0.31451869010925293,0.3593539893627167,0.004468811210244894,0.27092933654785156,0.2913650870323181,-0.01261871587485075,0.5113641023635864,0.527780294418335,0.018319465219974518,0.44228100776672363,0.40939271450042725,0.00417790561914444,0.3955792188644409,0.33184176683425903,-0.015010267496109009,0.35006892681121826,0.26229655742645264,-0.030716491863131523,0.5824573040008545,0.5149850845336914,0.0004214617656543851,0.541633129119873,0.41328999400138855,-0.013586947694420815,0.5115543007850647,0.34903183579444885,-0.021794253960251808,0.47882577776908875,0.2861669063568115,-0.029429439455270767
0.6755633354187012,0.88419508934021,5.056406280345982e-07,0.545157253742218,0.8832740783691406,-0.04057827591896057,0.4237671494483948,0.7862453460693359,-0.04050980508327484,0.3419035077095032,0.6836280226707458,-0.038974329829216,0.2622253894805908,0.6298059821128845,-0.03414607048034668,0.40329107642173767,0.6236163973808289,0.03496111184358597,0.30519792437553406,0.5406445264816284,0.024653246626257896,0.2470478117465973,0.49099764227867126,0.004894472658634186,0.19343456625938416,0.43846017122268677,-0.012850962579250336,0.4513902962207794,0.5566189289093018,0.035509560257196426,0.3664718270301819,0.43750202655792236,0.0315486416220665,0.3149210810661316,0.3613811135292053,0.010921543464064598,0.2702813744544983,0.2945461571216583,-0.006631944328546524,0.5108576416969299,0.5276974439620972,0.024522926658391953,0.4431893825531006,0.4095139801502228,0.011580191552639008,0.39674535393714905,0.3320907652378082,-0.008387538604438305,0.35162800550460815,0.26257407665252686,-0.024729866534471512,0.5801923274993896,0.5149964094161987,0.007552212104201317,0.539742648601532,0.41330981254577637,-0.0054197004064917564,0.5099087953567505,0.34921500086784363,-0.013807411305606365,0.4774639904499054,0.2865034341812134,-0.021794142201542854
0.6770026087760925,0.8783351182937622,5.218623186920013e-07,0.5482522249221802,0.8696936964988708,-0.03863423317670822,0.42816585302352905,0.7765882015228271,-0.03947107866406441,0.345878005027771,0.6775534749031067,-0.03924521431326866,0.26685184240341187,0.6234846115112305,-0.03561871498823166,0.40572595596313477,0.6179834008216858,0.03341061994433403,0.30920344591140747,0.5321885347366333,0.020581845194101334,0.25312814116477966,0.48193809390068054,-0.000540621520485729,0.20126190781593323,0.4279478192329407,-0.0189229603856802,0.4545658230781555,0.5512772798538208,0.03256100416183472,0.36977076530456543,0.4302293062210083,0.025500528514385223,0.3197556734085083,0.3524792790412903,0.0031762649305164814,0.2757725119590759,0.2824617028236389,-0.01527501828968525,0.5148743391036987,0.5225558280944824,0.020550290122628212,0.44714656472206116,0.40395602583885193,0.004845296498388052,0.4012995660305023,0.32533591985702515,-0.016121430322527885,0.35659128427505493,0.25463026762008667,-0.032760102301836014,0.5859590172767639,0.5099024176597595,0.0029552604537457228,0.5458304286003113,0.408531129360199,-0.012094308622181416,0.5164518356323242,0.3435094356536865,-0.02130655013024807,0.4842880666255951,0.2794443666934967,-0.029576122760772705
0.678264319896698,0.8735212683677673,5.529444706553477e-07,0.549014151096344,0.8656727075576782,-0.04107481241226196,0.43062466382980347,0.7700306177139282,-0.0413171760737896,0.3495338559150696,0.6686471700668335,-0.03979138657450676,0.27006828784942627,0.611290454864502,-0.034349747002124786,0.4092269539833069,0.6081492304801941,0.03694852069020271,0.3122555911540985,0.5218498706817627,0.027542652562260628,0.25602489709854126,0.4718363285064697,0.007986299693584442,0.20435112714767456,0.4178881049156189,-0.009499955922365189,0.4587089419364929,0.5427586436271667,0.03836612403392792,0.3742232322692871,0.42123204469680786,0.03567313402891159,0.3247561454772949,0.3423677384853363,0.01525648683309555,0.2827523946762085,0.27271509170532227,-0.002292178338393569,0.5188452005386353,0.5151642560958862,0.028029941022396088,0.4510052502155304,0.3959590494632721,0.016136249527335167,0.40564462542533875,0.3173651099205017,-0.00385139393620193,0.36155110597610474,0.24572709202766418,-0.02048487402498722,0.5891686081886292,0.502166748046875,0.011649106629192829,0.5492094159126282,0.40124261379241943,-0.0008091959753073752,0.5204356908798218,0.33685359358787537,-0.009422652423381805,0.4888990521430969,0.2719249427318573,-0.01767762191593647
0.6790187358856201,0.8728931546211243,5.435439902612416e-07,0.5479892492294312,0.8672187328338623,-0.0444745272397995,0.4282952547073364,0.7703163027763367,-0.04409516602754593,0.34711819887161255,0.6675089001655579,-0.04135612025856972,0.2673112154006958,0.609038233757019,-0.03487998992204666,0.41137194633483887,0.6054354310035706,0.03932126984000206,0.31403306126594543,0.5209994912147522,0.0328391008079052,0.25671321153640747,0.471713662147522,0.014551300555467606,0.20305675268173218,0.41899651288986206,-0.002674061805009842,0.460669606924057,0.5407668352127075,0.042800795286893845,0.37630873918533325,0.42114606499671936,0.04275640472769737,0.32490432262420654,0.3437690734863281,0.02260168455541134,0.2801532745361328,0.27601537108421326,0.004795231856405735,0.5201050043106079,0.514464259147644,0.03390483930706978,0.45405110716819763,0.39636582136154175,0.02354796603322029,0.40900129079818726,0.3181309998035431,0.0024191371630877256,0.3639179766178131,0.24612319469451904,-0.01525793969631195,0.5887305736541748,0.5020484924316406,0.018592076376080513,0.5485402941703796,0.40103596448898315,0.006973397918045521,0.5203070044517517,0.3372802138328552,-0.00237249000929296,0.4887658357620239,0.27256131172180176,-0.011554121971130371
0.6777046918869019,0.8679153919219971,5.708698722628469e-07,0.5454730987548828,0.858418345451355,-0.04249102994799614,0.425772100687027,0.764155387878418,-0.04268286004662514,0.34576863050460815,0.6613326072692871,-0.040810223668813705,0.2660422921180725,0.6040672659873962,-0.03510751202702522,0.40854474902153015,0.6024040579795837,0.03839678317308426,0.31236931681632996,0.5141732096672058,0.03023960255086422,0.2570965886116028,0.46255016326904297,0.01092724222689867,0.20519742369651794,0.4073980450630188,-0.0067429328337311745,0.45944809913635254,0.5375942587852478,0.040573008358478546,0.3759375810623169,0.4155541658401489,0.03857008367776871,0.3263772130012512,0.33583295345306396,0.017442088574171066,0.2836586833000183,0.26620158553123474,-0.0008579887798987329,0.5203917622566223,0.5109332799911499,0.030728621408343315,0.45370200276374817,0.39095574617385864,0.018846191465854645,0.4089537262916565,0.3117349147796631,-0.002394403563812375,0.36469677090644836,0.2397136390209198,-0.019809942692518234,0.5915448665618896,0.4982214570045471,0.014774207025766373,0.5517088174819946,0.39571091532707214,0.0021815213840454817,0.5228937864303589,0.33144789934158325,-0.007225016597658396,0.4910241365432739,0.266958624124527,-0.016156595200300217
0.6756099462509155,0.867634654045105,5.775029876531335e-07,0.5446099042892456,0.8613049387931824,-0.04462522268295288,0.4228917360305786,0.7640241384506226,-0.04520952329039574,0.34259045124053955,0.6578149199485779,-0.04323066025972366,0.2630792260169983,0.5978554487228394,-0.037527065724134445,0.40603721141815186,0.6000128984451294,0.034289728850126266,0.31012818217277527,0.5116454362869263,0.024665385484695435,0.25453710556030273,0.4590798616409302,0.004700178280472755,0.2020041048526764,0.40270179510116577,-0.013495166786015034,0.4571394920349121,0.5348634123802185,0.037129588425159454,0.3750908672809601,0.4126095771789551,0.033579666167497635,0.3259117007255554,0.3330833613872528,0.011992412619292736,0.2827627658843994,0.26300638914108276,-0.006533693056553602,0.5176821947097778,0.5081906914710999,0.02789752557873726,0.45252227783203125,0.38786581158638,0.014425143599510193,0.4081362187862396,0.3076741099357605,-0.007136053405702114,0.3639586567878723,0.23467767238616943,-0.02461046725511551,0.5877261161804199,0.49643510580062866,0.012428642250597477,0.5493033528327942,0.39461618661880493,-0.0016626430442556739,0.521307110786438,0.3300778865814209,-0.011488009244203568,0.49017584323883057,0.26535284519195557,-0.02053183875977993
0.6748790740966797,0.8652405738830566,5.938242111369618e-07,0.5432934761047363,0.8592264652252197,-0.04723532870411873,0.42357346415519714,0.7639748454093933,-0.048922281712293625,0.343428373336792,0.6593903303146362,-0.047691307961940765,0.2627236545085907,0.5986183285713196,-0.042628537863492966,0.40562790632247925,0.5998430848121643,0.034586068242788315,0.30993354320526123,0.5117335915565491,0.025584790855646133,0.25423258543014526,0.45890673995018005,0.005732938181608915,0.20164144039154053,0.4023846983909607,-0.012523675337433815,0.45707497000694275,0.534986138343811,0.03868526965379715,0.37454500794410706,0.4126783311367035,0.03591037914156914,0.32520562410354614,0.33287742733955383,0.01437599491328001,0.2820310592651367,0.26242104172706604,-0.004383391235023737,0.517492949962616,0.5089032649993896,0.03022666461765766,0.45278477668762207,0.3883512020111084,0.016832347959280014,0.4085177183151245,0.30857986211776733,-0.005510712508112192,0.36379605531692505,0.23504367470741272,-0.023698486387729645,0.5873345136642456,0.49660640954971313,0.015283608809113503,0.5495731830596924,0.39386337995529175,0.0006783352000638843,0.5215389132499695,0.3292992115020752,-0.010337427258491516,0.48949891328811646,0.2639663517475128,-0.020447278395295143
0.6685599088668823,0.8641757965087891,6.088635018386412e-07,0.5357427597045898,0.8614936470985413,-0.04388715699315071,0.4130372703075409,0.7614402770996094,-0.042272649705410004,0.3352617025375366,0.6542333364486694,-0.038106806576251984,0.2558438181877136,0.5972313284873962,-0.030365075916051865,0.39994141459465027,0.5993739366531372,0.038178592920303345,0.30264005064964294,0.5118188858032227,0.033530112355947495,0.24679365754127502,0.4584805369377136,0.016956573352217674,0.19524461030960083,0.40191376209259033,0.0009689187863841653,0.45156005024909973,0.5345568656921387,0.04184978827834129,0.3686825931072235,0.4115077257156372,0.044104088097810745,0.3186894357204437,0.33107778429985046,0.025952743366360664,0.2765912413597107,0.26210522651672363,0.00951134692877531,0.5125794410705566,0.5076546669006348,0.03329556807875633,0.446262001991272,0.3864993155002594,0.02543415129184723,0.4028940796852112,0.30626383423805237,0.005489368457347155,0.36007219552993774,0.23307576775550842,-0.01172778569161892,0.5821462869644165,0.49451515078544617,0.018305769190192223,0.5429932475090027,0.3915413022041321,0.00848129577934742,0.5153141617774963,0.3277667164802551,-0.0001264663878828287,0.48470741510391235,0.2630988359451294,-0.009009087458252907
0.6642196774482727,0.8714725375175476,5.53473626041523e-07,0.5342320799827576,0.8659039735794067,-0.04175041615962982,0.4115011394023895,0.7637672424316406,-0.0413895808160305,0.33197975158691406,0.6549074053764343,-0.03899288922548294,0.25320565700531006,0.595149040222168,-0.033360689878463745,0.3974682092666626,0.5994572043418884,0.03274540975689888,0.2998724579811096,0.5106524229049683,0.023148441687226295,0.24262863397598267,0.4578171372413635,0.0038742381148040295,0.18952536582946777,0.40125149488449097,-0.01386269275099039,0.4485585391521454,0.534433126449585,0.03379008546471596,0.36534586548805237,0.4110875129699707,0.030255114659667015,0.3149350583553314,0.33122605085372925,0.00925707258284092,0.2713768184185028,0.2618741989135742,-0.008822561241686344,0.5093936324119568,0.5078633427619934,0.023298421874642372,0.44308480620384216,0.38620656728744507,0.010360951535403728,0.39871081709861755,0.3051255941390991,-0.01066537108272314,0.35521200299263,0.2323763370513916,-0.02793342061340809,0.5791083574295044,0.4973062574863434,0.0068366811610758305,0.5396834015846252,0.3935945928096771,-0.006738577503710985,0.5115547180175781,0.3279883563518524,-0.016126802191138268,0.4808247983455658,0.2632215619087219,-0.02499857358634472
0.6650570631027222,0.872529149055481,5.339618951438752e-07,0.5340728163719177,0.8662408590316772,-0.04320574924349785,0.41277915239334106,0.7661018371582031,-0.04373684898018837,0.3323080539703369,0.6597563028335571,-0.04218994453549385,0.25297102332115173,0.5977127552032471,-0.037057891488075256,0.39841511845588684,0.59807950258255,0.03484649211168289,0.3010208010673523,0.5097998380661011,0.025710435584187508,0.24326585233211517,0.45861947536468506,0.006220676004886627,0.18898078799247742,0.4035579562187195,-0.011848251335322857,0.4492228925228119,0.5334592461585999,0.03657173365354538,0.3659822344779968,0.41067057847976685,0.03341235592961311,0.3151583969593048,0.33143243193626404,0.012286605313420296,0.2707327604293823,0.2621098458766937,-0.0060501787811517715,0.5098284482955933,0.5079787969589233,0.026341738179326057,0.44413596391677856,0.38673141598701477,0.013398178853094578,0.39918574690818787,0.30711063742637634,-0.007923001423478127,0.3541104197502136,0.23429498076438904,-0.025520160794258118,0.5795214772224426,0.4973997175693512,0.009959344752132893,0.5406569838523865,0.3937434256076813,-0.0038517548236995935,0.512434184551239,0.32858121395111084,-0.01373741589486599,0.4807489216327667,0.26320701837539673,-0.023053675889968872
0.6635932922363281,0.8712509870529175,5.432331704469107e-07,0.5328549742698669,0.8657184839248657,-0.04218130186200142,0.40997418761253357,0.7659218311309814,-0.04201892390847206,0.3295121192932129,0.6587145924568176,-0.039905913174152374,0.2513590157032013,0.5973878502845764,-0.03433394804596901,0.3946666121482849,0.5985844135284424,0.03414236009120941,0.29690903425216675,0.5089499354362488,0.024652749300003052,0.23988474905490875,0.45554232597351074,0.005277934018522501,0.18696776032447815,0.39856386184692383,-0.012585857883095741,0.44589075446128845,0.5333735942840576,0.03544360771775246,0.3625282943248749,0.40891605615615845,0.03157457709312439,0.31239748001098633,0.32903677225112915,0.010388525202870369,0.2687886357307434,0.2589676082134247,-0.007748773787170649,0.5071812868118286,0.5073167085647583,0.02502247877418995,0.44116467237472534,0.38385093212127686,0.011284036561846733,0.3972245454788208,0.3028624355792999,-0.010290436446666718,0.3540802597999573,0.22940704226493835,-0.027806779369711876,0.5775294899940491,0.49680739641189575,0.008643422275781631,0.5388180613517761,0.3926997780799866,-0.005829891189932823,0.5110279321670532,0.32688236236572266,-0.01586640253663063,0.4805038273334503,0.2609851360321045,-0.025098901242017746
0.6638383269309998,0.8689448833465576,6.300691666183411e-07,0.5286548733711243,0.8589005470275879,-0.04732043296098709,0.40902796387672424,0.762039065361023,-0.047466062009334564,0.329955130815506,0.6577027440071106,-0.044990427792072296,0.24965861439704895,0.593284010887146,-0.03873654082417488,0.3936174511909485,0.5970908999443054,0.04163123667240143,0.29591280221939087,0.5073964595794678,0.036583464592695236,0.23901371657848358,0.45288053154945374,0.018569696694612503,0.18606340885162354,0.39526981115341187,0.0011153784580528736,0.44599226117134094,0.5324169397354126,0.04616852477192879,0.3621653914451599,0.40796124935150146,0.046973925083875656,0.31164753437042236,0.32665935158729553,0.02550959214568138,0.2683463990688324,0.2556298077106476,0.006460483651608229,0.5070539116859436,0.506621241569519,0.03771108016371727,0.44087380170822144,0.38271385431289673,0.027176309376955032,0.3959537744522095,0.30177703499794006,0.0036773609463125467,0.3506705164909363,0.22645068168640137,-0.015911897644400597,0.577629804611206,0.493648886680603,0.022616682574152946,0.538818895816803,0.3887355923652649,0.009854583069682121,0.5103139281272888,0.3234848082065582,-0.0017844293033704162,0.4777931571006775,0.25696861743927,-0.012845078483223915
0.6628506779670715,0.8690608739852905,6.891901307426451e-07,0.5266720652580261,0.8564241528511047,-0.050502579659223557,0.4083104133605957,0.7615183591842651,-0.051613710820674896,0.3299035429954529,0.6593319177627563,-0.049772199243307114,0.24891063570976257,0.5939181447029114,-0.044043682515621185,0.39359164237976074,0.5970131158828735,0.04458979144692421,0.2952079176902771,0.5072875022888184,0.04215032607316971,0.23778186738491058,0.4523564577102661,0.025136461481451988,0.1845417022705078,0.39500781893730164,0.008082268759608269,0.446450412273407,0.5332379341125488,0.05104292556643486,0.36246031522750854,0.4088524878025055,0.05494120344519615,0.31183233857154846,0.32663393020629883,0.034136708825826645,0.26902103424072266,0.2550596594810486,0.015078759752213955,0.5070644617080688,0.507265031337738,0.04379816725850105,0.44108593463897705,0.38376712799072266,0.03611689433455467,0.3964311480522156,0.3029646873474121,0.01266296673566103,0.35100701451301575,0.22716692090034485,-0.007536705117672682,0.5768989324569702,0.4926208257675171,0.029388876631855965,0.5378724336624146,0.38761889934539795,0.01875769905745983,0.5096420049667358,0.32266655564308167,0.00707953842356801,0.47699350118637085,0.2558991014957428,-0.004585347604006529
0.6629796028137207,0.8675305843353271,6.254403501770867e-07,0.5308474898338318,0.8601510524749756,-0.048957161605358124,0.40956178307533264,0.761237382888794,-0.04970831796526909,0.3292287588119507,0.6547702550888062,-0.04724203422665596,0.24856352806091309,0.5914655923843384,-0.04089025408029556,0.3939504027366638,0.5947748422622681,0.036823973059654236,0.2959124445915222,0.5055401921272278,0.030781090259552002,0.23922401666641235,0.45135894417762756,0.012804431840777397,0.18677327036857605,0.3932853937149048,-0.004424795974045992,0.4459393620491028,0.5298157930374146,0.04193651303648949,0.3620128333568573,0.40561091899871826,0.04199153557419777,0.3117998242378235,0.32399216294288635,0.021325737237930298,0.269023597240448,0.2522631883621216,0.0031068422831594944,0.5069466233253479,0.5039814710617065,0.03416392207145691,0.44080767035484314,0.38118934631347656,0.023022443056106567,0.3964923024177551,0.30019405484199524,0.0003868374042212963,0.35171836614608765,0.2243759036064148,-0.018356554210186005,0.5771133899688721,0.4912327826023102,0.019646769389510155,0.5377340912818909,0.3872343897819519,0.006517625413835049,0.5098485946655273,0.32208675146102905,-0.004479043185710907,0.4781798720359802,0.25501400232315063,-0.014854528941214085
0.6643277406692505,0.8654688000679016,6.272036330301489e-07,0.5297871828079224,0.8602640628814697,-0.04873444885015488,0.4090922474861145,0.7609638571739197,-0.049189139157533646,0.3299602270126343,0.6538281440734863,-0.04659593477845192,0.2488725483417511,0.589311420917511,-0.04024720937013626,0.3947029709815979,0.5921648144721985,0.03987005725502968,0.29692399501800537,0.5023049712181091,0.035766057670116425,0.2397552728652954,0.4486381709575653,0.018610207363963127,0.18689236044883728,0.3917393088340759,0.0016813420224934816,0.4473038911819458,0.5278303027153015,0.04503338038921356,0.3632820248603821,0.40341442823410034,0.047157254070043564,0.31232354044914246,0.32217276096343994,0.026769869029521942,0.2691148817539215,0.251160591840744,0.008302498608827591,0.5080333352088928,0.5027021765708923,0.03715049847960472,0.4416086673736572,0.37872815132141113,0.02769845351576805,0.3965548276901245,0.2984670400619507,0.0046470207162201405,0.3506161570549011,0.2234303057193756,-0.01495280396193266,0.577865719795227,0.4903159439563751,0.02248530276119709,0.5390957593917847,0.3860798478126526,0.010019066743552685,0.510617196559906,0.3211967647075653,-0.001607944373972714,0.47806087136268616,0.25417426228523254,-0.012787329964339733
0.66398024559021,0.8661812543869019,6.192182127051638e-07,0.530071496963501,0.8606615662574768,-0.04851478338241577,0.40950968861579895,0.760608434677124,-0.049405161291360855,0.32969820499420166,0.6537847518920898,-0.04735443368554115,0.24800948798656464,0.5903375148773193,-0.04168117791414261,0.39469146728515625,0.5923957824707031,0.038150202482938766,0.2968960404396057,0.5028772354125977,0.03258257731795311,0.23961350321769714,0.4494386315345764,0.014625122770667076,0.18640977144241333,0.39220088720321655,-0.002900137100368738,0.4472135603427887,0.5280947089195251,0.0426810048520565,0.3633273243904114,0.404010534286499,0.04286607354879379,0.312389075756073,0.32251861691474915,0.02153337374329567,0.2688521146774292,0.2510177493095398,0.002456550020724535,0.507959246635437,0.5031326413154602,0.0342632457613945,0.4421548545360565,0.37963414192199707,0.022936571389436722,0.3973272740840912,0.2986825704574585,-0.000783202238380909,0.35150250792503357,0.22310784459114075,-0.02063225395977497,0.5774562358856201,0.4913962483406067,0.019171444699168205,0.5389323830604553,0.38724884390830994,0.005228376016020775,0.5107749700546265,0.32207247614860535,-0.006997794844210148,0.478385329246521,0.254800945520401,-0.018510965630412102
0.6622756123542786,0.8678890466690063,6.572852839781262e-07,0.5275397300720215,0.859152615070343,-0.0507386140525341,0.407855749130249,0.7619706988334656,-0.05193092301487923,0.3297044336795807,0.6566979289054871,-0.049729906022548676,0.2483511120080948,0.5926124453544617,-0.04369198530912399,0.3939979672431946,0.5941213965415955,0.03957216069102287,0.29509615898132324,0.5048779249191284,0.036508481949567795,0.2372860610485077,0.4504602253437042,0.01978468708693981,0.18391889333724976,0.39344918727874756,0.0029990484472364187,0.4467475116252899,0.5297755002975464,0.045869529247283936,0.3623332381248474,0.40543752908706665,0.04953395947813988,0.31172460317611694,0.3231405019760132,0.029838163405656815,0.26927655935287476,0.2519184648990631,0.011568475514650345,0.5077498555183411,0.5041903257369995,0.03878837451338768,0.4412575960159302,0.38073572516441345,0.030763139948248863,0.3969626724720001,0.29954513907432556,0.007997929118573666,0.3519461154937744,0.2232513725757599,-0.011738508939743042,0.5779063701629639,0.49105626344680786,0.02458646148443222,0.5390080809593201,0.3857223391532898,0.01320231519639492,0.5112624764442444,0.32046106457710266,0.0016477287281304598,0.47906172275543213,0.2529537081718445,-0.009814047254621983
0.6632858514785767,0.8699485063552856,6.03298985879519e-07,0.5301130414009094,0.8649345636367798,-0.04765671119093895,0.40809765458106995,0.76514732837677,-0.048408396542072296,0.32850438356399536,0.6570965051651001,-0.04631975665688515,0.24739114940166473,0.5950202941894531,-0.04071751981973648,0.39319998025894165,0.5978684425354004,0.03506883978843689,0.29308146238327026,0.509890615940094,0.028366073966026306,0.23416858911514282,0.4558628797531128,0.010552071034908295,0.18013033270835876,0.3987334966659546,-0.006584624759852886,0.44479018449783325,0.5322422981262207,0.03888872638344765,0.3600091338157654,0.4076378643512726,0.03834749013185501,0.3080647587776184,0.32592177391052246,0.017905376851558685,0.26391440629959106,0.25556185841560364,-0.0002243051421828568,0.505818784236908,0.5059835910797119,0.029977669939398766,0.4401278495788574,0.381348192691803,0.018020035699009895,0.39564552903175354,0.30005431175231934,-0.005336263217031956,0.35057276487350464,0.22544828057289124,-0.024623505771160126,0.575137734413147,0.4945676028728485,0.014515427872538567,0.5373461246490479,0.389312744140625,-2.6650890504242852e-05,0.5095635056495667,0.3233174979686737,-0.01226398628205061,0.4775693118572235,0.25634345412254333,-0.02354368381202221
0.6633502840995789,0.8715687990188599,5.778999252470385e-07,0.5298470258712769,0.8648271560668945,-0.046826187521219254,0.4073837697505951,0.764901876449585,-0.04754649102687836,0.3271385729312897,0.6578971147537231,-0.04551056772470474,0.24608688056468964,0.5959575772285461,-0.03999510034918785,0.39312607049942017,0.5968940258026123,0.033546332269907,0.2939135432243347,0.5078100562095642,0.02452288195490837,0.23565718531608582,0.45453694462776184,0.004828277043998241,0.18134799599647522,0.3967853784561157,-0.013742981478571892,0.4447372257709503,0.5317433476448059,0.03637925162911415,0.3601859211921692,0.4080764353275299,0.03246523067355156,0.30900126695632935,0.32627058029174805,0.009382884949445724,0.2649156451225281,0.2543662190437317,-0.010602299124002457,0.5057347416877747,0.5064387917518616,0.026719622313976288,0.43997275829315186,0.3826991617679596,0.011437967419624329,0.39532211422920227,0.3011643886566162,-0.013653966598212719,0.3497238755226135,0.22556251287460327,-0.03375760093331337,0.5757114887237549,0.4955644905567169,0.010763106867671013,0.5374376177787781,0.390081524848938,-0.006431431043893099,0.5090845227241516,0.323969304561615,-0.019955938681960106,0.4762616455554962,0.2562558352947235,-0.03192976862192154
0.6585643291473389,0.8757796883583069,6.090006650083524e-07,0.5248123407363892,0.8673226237297058,-0.044596072286367416,0.40359067916870117,0.7664304971694946,-0.04398690164089203,0.32413867115974426,0.6587608456611633,-0.0411558523774147,0.2433611899614334,0.5984418988227844,-0.03480321541428566,0.38962870836257935,0.6011916995048523,0.040485505014657974,0.2901265025138855,0.5117334127426147,0.035415079444646835,0.23155725002288818,0.45811277627944946,0.017935652285814285,0.1771276593208313,0.4015772044658661,0.0010899518383666873,0.44151970744132996,0.5357802510261536,0.04369848594069481,0.35673609375953674,0.40957915782928467,0.045510150492191315,0.3046754002571106,0.3284163177013397,0.02606401965022087,0.26010191440582275,0.2590849697589874,0.00854173768311739,0.5031611919403076,0.5087881088256836,0.034412845969200134,0.43595942854881287,0.38383278250694275,0.026143455877900124,0.39118844270706177,0.3023402690887451,0.005756477825343609,0.3465561270713806,0.2284546196460724,-0.011848821304738522,0.5736939907073975,0.4961729645729065,0.018539180979132652,0.5338220596313477,0.38994061946868896,0.008554115891456604,0.5055151581764221,0.3237602412700653,-1.630038968869485e-05,0.4741904139518738,0.25790590047836304,-0.008920307271182537
0.6578519344329834,0.8757232427597046,5.875672286492772e-07,0.5228283405303955,0.8665492534637451,-0.04323562979698181,0.40214651823043823,0.766327977180481,-0.04130644351243973,0.3228079676628113,0.6607255339622498,-0.037459708750247955,0.24234968423843384,0.6014458537101746,-0.030216943472623825,0.38974258303642273,0.6009114980697632,0.042599644511938095,0.29023629426956177,0.5116446614265442,0.03813773766160011,0.23138527572155,0.45796194672584534,0.02097047120332718,0.17680129408836365,0.4012318253517151,0.004064999520778656,0.44156748056411743,0.5354891419410706,0.045229554176330566,0.3568314015865326,0.40941959619522095,0.04652497172355652,0.30514463782310486,0.3278923034667969,0.025977684184908867,0.26063501834869385,0.25766608119010925,0.007604333572089672,0.5028596520423889,0.5091983079910278,0.035431016236543655,0.43642011284828186,0.38460052013397217,0.025856316089630127,0.39160990715026855,0.3029736280441284,0.0032952071633189917,0.3463370203971863,0.2280360758304596,-0.015757085755467415,0.5732475519180298,0.4969671070575714,0.019344521686434746,0.533903956413269,0.39066028594970703,0.007787210866808891,0.5054053664207458,0.3246791660785675,-0.002695566276088357,0.47309041023254395,0.25807657837867737,-0.013040074147284031
0.6559461355209351,0.879970371723175,5.559394935517048e-07,0.5238205194473267,0.871134877204895,-0.04268365725874901,0.4022558331489563,0.7699214220046997,-0.041690852493047714,0.32077139616012573,0.6633193492889404,-0.039034660905599594,0.2405080497264862,0.6063594818115234,-0.03312676027417183,0.38652801513671875,0.6040410399436951,0.039025429636240005,0.2865486145019531,0.5167264938354492,0.03174018859863281,0.22733888030052185,0.464491069316864,0.013192428275942802,0.17236468195915222,0.4092518091201782,-0.004498173017054796,0.43755266070365906,0.5371901988983154,0.04039863497018814,0.3532794415950775,0.4124005436897278,0.038186848163604736,0.3009169101715088,0.3315144181251526,0.016669662669301033,0.25557464361190796,0.2626030147075653,-0.0018687130650505424,0.49918216466903687,0.510407030582428,0.029645545408129692,0.4329793453216553,0.3857923746109009,0.016671551391482353,0.3881324529647827,0.30424484610557556,-0.0059660617262125015,0.3434085547924042,0.2310885190963745,-0.02419431507587433,0.570013701915741,0.5005538463592529,0.012800571508705616,0.5311826467514038,0.3939603567123413,-0.0012905726907774806,0.5024051070213318,0.32716280221939087,-0.011934975162148476,0.4701842665672302,0.26169145107269287,-0.021736765280365944
0.6549628973007202,0.883699893951416,5.486361942530493e-07,0.5215404629707336,0.8767088651657104,-0.042121771723032,0.3988327383995056,0.7733885049819946,-0.040379058569669724,0.31782886385917664,0.665489912033081,-0.037063539028167725,0.237254336476326,0.6094531416893005,-0.030539266765117645,0.38468942046165466,0.608818531036377,0.03954235836863518,0.2842686176300049,0.5213308334350586,0.03221728280186653,0.22431182861328125,0.46918004751205444,0.013670207932591438,0.16880294680595398,0.41441893577575684,-0.0037819379940629005,0.4356413781642914,0.541638195514679,0.04094679281115532,0.35085633397102356,0.41602328419685364,0.0392937995493412,0.29867738485336304,0.33445489406585693,0.018341487273573875,0.2542984187602997,0.26476436853408813,0.00025226944126188755,0.49715903401374817,0.5142104029655457,0.030216308310627937,0.4301798939704895,0.38988757133483887,0.018406838178634644,0.384959876537323,0.3081698715686798,-0.0031813737004995346,0.34075361490249634,0.23492586612701416,-0.020828375592827797,0.5681089162826538,0.5030204653739929,0.013301823288202286,0.5280728340148926,0.39503055810928345,0.0008967220201157033,0.4990237355232239,0.3274538218975067,-0.00840540137141943,0.46687614917755127,0.26110386848449707,-0.01742255501449108
0.653641939163208,0.886359691619873,4.970926283931476e-07,0.5216221213340759,0.8823145627975464,-0.03961068391799927,0.3975902199745178,0.7795568704605103,-0.03941117227077484,0.31569087505340576,0.6703872680664062,-0.038030222058296204,0.23571424186229706,0.6128348708152771,-0.033882055431604385,0.3818289339542389,0.6124505400657654,0.032337307929992676,0.28180575370788574,0.525152325630188,0.02112533152103424,0.2217598855495453,0.4739133417606354,0.0012020535068586469,0.16602405905723572,0.4205530881881714,-0.016889400780200958,0.4327624440193176,0.5445398092269897,0.03112642653286457,0.34818485379219055,0.4183529019355774,0.02537940815091133,0.295260488986969,0.33828216791152954,0.003566201077774167,0.2488880753517151,0.2696410119533539,-0.014895658940076828,0.4941574037075043,0.5164574384689331,0.018633460626006126,0.42749518156051636,0.39149701595306396,0.0032854280434548855,0.381902277469635,0.3097533583641052,-0.01856115274131298,0.3370511531829834,0.23786041140556335,-0.03601673245429993,0.5648388862609863,0.5068135261535645,0.00047086793347261846,0.5252052545547485,0.3994867205619812,-0.014994541183114052,0.49560993909835815,0.3314100503921509,-0.02499590627849102,0.46310028433799744,0.26632028818130493,-0.03412596508860588
0.6541868448257446,0.885897159576416,5.005842353966727e-07,0.5211976170539856,0.8824400901794434,-0.039686139672994614,0.3968900144100189,0.779179573059082,-0.039037175476551056,0.3149960935115814,0.6712241768836975,-0.037211768329143524,0.23527026176452637,0.613113284111023,-0.03246241807937622,0.3818040192127228,0.6118463277816772,0.03294019401073456,0.2819902002811432,0.5237774848937988,0.02150612324476242,0.22242605686187744,0.47108379006385803,0.001370524405501783,0.1676834225654602,0.4155290722846985,-0.016878170892596245,0.43280982971191406,0.5454340577125549,0.03190533071756363,0.3475843369960785,0.4205036461353302,0.02575344406068325,0.2953743040561676,0.34036341309547424,0.0033151728566735983,0.24975019693374634,0.26991844177246094,-0.015518390573561192,0.49442899227142334,0.5177963376045227,0.019544601440429688,0.42678260803222656,0.3940883278846741,0.003880815813317895,0.3803356885910034,0.31239426136016846,-0.018564879894256592,0.3343818783760071,0.23906370997428894,-0.03649045154452324,0.5653219223022461,0.5070497393608093,0.0014962730929255486,0.5255303978919983,0.40120869874954224,-0.014350694604218006,0.4958515465259552,0.3339032232761383,-0.024875139817595482,0.4631858468055725,0.26829853653907776,-0.034354642033576965
0.6521075963973999,0.8918997645378113,4.969255655851157e-07,0.5198336243629456,0.8894240856170654,-0.037848517298698425,0.393837034702301,0.7832250595092773,-0.03591916710138321,0.3119361400604248,0.6721751689910889,-0.03305487707257271,0.23161832988262177,0.617761492729187,-0.027454186230897903,0.37866121530532837,0.6168739199638367,0.034099530428647995,0.27749890089035034,0.5308247804641724,0.02394161745905876,0.2167017161846161,0.47975024580955505,0.004994882736355066,0.16076138615608215,0.4270493984222412,-0.012311437167227268,0.42921122908592224,0.5488909482955933,0.03232137858867645,0.34405362606048584,0.42301762104034424,0.027860278263688087,0.2907392978668213,0.3424874544143677,0.007385893724858761,0.24498562514781952,0.27406978607177734,-0.009847990237176418,0.4908149838447571,0.5209410190582275,0.01939072087407112,0.42289477586746216,0.39664870500564575,0.005451076198369265,0.3765734136104584,0.3147093653678894,-0.014848846942186356,0.33158940076828003,0.24267414212226868,-0.03124106116592884,0.5618020296096802,0.5117064714431763,0.0008247048826888204,0.5217721462249756,0.4048271179199219,-0.013243256136775017,0.49215781688690186,0.33643150329589844,-0.02170874923467636,0.45994263887405396,0.2707262933254242,-0.029671000316739082
0.6478016972541809,0.8958684206008911,5.096816835248319e-07,0.5136053562164307,0.8923678398132324,-0.03969459980726242,0.3902023732662201,0.7907174825668335,-0.039359837770462036,0.30877193808555603,0.6813426613807678,-0.03808329254388809,0.2277023196220398,0.6242038607597351,-0.03400060161948204,0.3733152151107788,0.6218884587287903,0.034808024764060974,0.27339088916778564,0.5353744626045227,0.023654945194721222,0.21294528245925903,0.4846133887767792,0.003246796317398548,0.1566394567489624,0.4318641424179077,-0.015223618596792221,0.4240677058696747,0.5538007616996765,0.033396895974874496,0.33907634019851685,0.4279450476169586,0.027531292289495468,0.2851370871067047,0.3483712375164032,0.005196835845708847,0.238172709941864,0.2803393304347992,-0.013559785671532154,0.48563137650489807,0.5258554220199585,0.020454788580536842,0.4175988435745239,0.40032291412353516,0.005017179995775223,0.3705660402774811,0.3186665177345276,-0.01668507605791092,0.3252333402633667,0.24684682488441467,-0.03398745507001877,0.5571848750114441,0.5162760615348816,0.0016880406765267253,0.5173576474189758,0.40708494186401367,-0.013677313923835754,0.4872853755950928,0.33810603618621826,-0.023477870970964432,0.4544648230075836,0.2721443772315979,-0.0324191190302372
0.6477379202842712,0.8956717252731323,4.951675691700075e-07,0.5130969285964966,0.8923346996307373,-0.03883010894060135,0.38981205224990845,0.7889692187309265,-0.03666618838906288,0.3083376884460449,0.6814230680465698,-0.033613599836826324,0.22832655906677246,0.6242228746414185,-0.027631046250462532,0.3737390339374542,0.6213585734367371,0.0381033755838871,0.2733893096446991,0.534667432308197,0.02930993027985096,0.21329233050346375,0.48343923687934875,0.010385073721408844,0.15767383575439453,0.42968571186065674,-0.007346112746745348,0.42451339960098267,0.5536209344863892,0.03688979521393776,0.33787068724632263,0.42971503734588623,0.03316894546151161,0.28433090448379517,0.3505004346370697,0.011447706259787083,0.23789066076278687,0.28242191672325134,-0.007110458333045244,0.4864954948425293,0.5259175300598145,0.024072010070085526,0.4172179400920868,0.40179675817489624,0.01010954286903143,0.3699854016304016,0.32093313336372375,-0.012253589928150177,0.3236975073814392,0.2483653724193573,-0.030418947339057922,0.5581045150756836,0.5148640275001526,0.005502583459019661,0.5166807174682617,0.4074469208717346,-0.009265757165849209,0.4864043891429901,0.3398047089576721,-0.0196791160851717,0.45311740040779114,0.273485392332077,-0.029326053336262703
0.6468464136123657,0.9004154205322266,4.969426754541928e-07,0.5133951902389526,0.9034266471862793,-0.040194712579250336,0.3862800598144531,0.798586368560791,-0.03969703987240791,0.30453550815582275,0.6862905025482178,-0.03811033442616463,0.222836434841156,0.6281231641769409,-0.033871375024318695,0.36917421221733093,0.627938985824585,0.03147124499082565,0.26902082562446594,0.5429421663284302,0.018935756757855415,0.20841339230537415,0.4920922517776489,-0.0017714131390675902,0.1522742509841919,0.43926292657852173,-0.020320482552051544,0.42022424936294556,0.5587109923362732,0.029657747596502304,0.3345301151275635,0.43285131454467773,0.0224047489464283,0.27958112955093384,0.35256049036979675,-4.519329741015099e-05,0.23188062012195587,0.2837579846382141,-0.018686385825276375,0.48221462965011597,0.529845118522644,0.016335221007466316,0.41283872723579407,0.4042936861515045,-0.0006906751077622175,0.36472147703170776,0.32296064496040344,-0.02292541414499283,0.3181123733520508,0.25141191482543945,-0.040374670177698135,0.5535577535629272,0.5192942023277283,-0.0027676639147102833,0.5129860639572144,0.4102974534034729,-0.01985142007470131,0.48247194290161133,0.3412119746208191,-0.030486011877655983,0.44922685623168945,0.2749544382095337,-0.039834681898355484
0.6463445425033569,0.9032896161079407,4.892708034276438e-07,0.5135651230812073,0.9075507521629333,-0.040444739162921906,0.38579219579696655,0.8023431897163391,-0.04027947410941124,0.3029249310493469,0.6910465955734253,-0.03888291120529175,0.22052812576293945,0.63433438539505,-0.0348014272749424,0.36720287799835205,0.6308366656303406,0.029900744557380676,0.2658095061779022,0.5459996461868286,0.017468782141804695,0.20476964116096497,0.4954167604446411,-0.002817033790051937,0.14830347895622253,0.4430180788040161,-0.021158792078495026,0.4178115427494049,0.5611669421195984,0.028184687718749046,0.33053913712501526,0.4358331859111786,0.021097976714372635,0.27664870023727417,0.3562987744808197,-0.0007004723302088678,0.23016907274723053,0.28782176971435547,-0.018901925534009933,0.47985801100730896,0.531895101070404,0.015040988102555275,0.40885159373283386,0.4072381854057312,-0.001960188150405884,0.3607771098613739,0.32559195160865784,-0.023877132683992386,0.31440675258636475,0.2529522478580475,-0.04120795428752899,0.5517116785049438,0.5205715894699097,-0.0038681328296661377,0.5089760422706604,0.4119383692741394,-0.020952535793185234,0.47785496711730957,0.3430279493331909,-0.03143749758601189,0.44408780336380005,0.27692922949790955,-0.04077945649623871
0.6465432047843933,0.9049140214920044,4.969481324224034e-07,0.5132143497467041,0.9077579975128174,-0.04109056293964386,0.385940283536911,0.8019157648086548,-0.04085102304816246,0.3029164671897888,0.6925148963928223,-0.03945600241422653,0.22075580060482025,0.6351933479309082,-0.03509600833058357,0.36644071340560913,0.6301384568214417,0.03189496695995331,0.2655816078186035,0.5453000068664551,0.01956471987068653,0.20514240860939026,0.4938451647758484,-0.000920893216971308,0.14950549602508545,0.43988895416259766,-0.019538404420018196,0.41720330715179443,0.561156690120697,0.030421704053878784,0.32916033267974854,0.43764132261276245,0.023287653923034668,0.275312602519989,0.35802727937698364,0.0011700174072757363,0.2289620041847229,0.28863346576690674,-0.017238298431038857,0.4797631502151489,0.5321208238601685,0.017217537388205528,0.40748897194862366,0.40899592638015747,-8.603732567280531e-05,0.35895779728889465,0.3277685046195984,-0.022333351895213127,0.311775267124176,0.25461524724960327,-0.0398888997733593,0.5517938137054443,0.5202884674072266,-0.0018996037542819977,0.5089288949966431,0.4137111008167267,-0.019516102969646454,0.47822344303131104,0.34585142135620117,-0.030489850789308548,0.44477808475494385,0.2798316776752472,-0.04013081640005112
0.6473057270050049,0.9043972492218018,4.904331376565096e-07,0.5117935538291931,0.9135066270828247,-0.039360664784908295,0.38182538747787476,0.8074747920036316,-0.03615734353661537,0.2998359203338623,0.6947689056396484,-0.0319693423807621,0.21829037368297577,0.637150764465332,-0.02508232556283474,0.3638650178909302,0.6347046494483948,0.036124806851148605,0.26189616322517395,0.5514597296714783,0.02715468220412731,0.2009350061416626,0.5013183355331421,0.008365944027900696,0.1442887783050537,0.44925734400749207,-0.00923743937164545,0.4153484106063843,0.5637557506561279,0.03456217423081398,0.3280642032623291,0.43871667981147766,0.030807465314865112,0.2734197974205017,0.3581319749355316,0.009525742381811142,0.22663193941116333,0.2895874083042145,-0.00868733786046505,0.47758185863494873,0.5342785120010376,0.021271338686347008,0.4086037576198578,0.4094690978527069,0.007028813939541578,0.3601403832435608,0.3278985023498535,-0.01581212505698204,0.31252962350845337,0.2547210454940796,-0.03441712632775307,0.5489213466644287,0.5221772789955139,0.0021577372681349516,0.507469117641449,0.41347652673721313,-0.013352664187550545,0.47658833861351013,0.3449736535549164,-0.024335382506251335,0.4424203038215637,0.27800390124320984,-0.034483980387449265
0.6473044157028198,0.9033336043357849,4.794893015969137e-07,0.511755645275116,0.9117602109909058,-0.0383901447057724,0.3829074501991272,0.8079642653465271,-0.03551487997174263,0.3008918762207031,0.6963152885437012,-0.031783878803253174,0.21917998790740967,0.637537956237793,-0.025509502738714218,0.3646159768104553,0.6332373023033142,0.034602899104356766,0.26301607489585876,0.548687219619751,0.024396145716309547,0.2023223340511322,0.49762797355651855,0.004973393864929676,0.14606350660324097,0.44366300106048584,-0.013220831751823425,0.41605323553085327,0.5632637143135071,0.03214620053768158,0.32776880264282227,0.43972504138946533,0.02638249099254608,0.2730444371700287,0.3600214123725891,0.0034941802732646465,0.22524219751358032,0.2900293171405792,-0.01589326001703739,0.47822442650794983,0.5342020988464355,0.01829301007091999,0.40825173258781433,0.4113255739212036,0.0016022975323721766,0.35915443301200867,0.3298782706260681,-0.022760707885026932,0.31017327308654785,0.2559238374233246,-0.04221821576356888,0.5499424934387207,0.5222306251525879,-0.0010674208169803023,0.5079252123832703,0.4147634208202362,-0.01902194879949093,0.4767153263092041,0.3469074070453644,-0.03144753351807594,0.4418259859085083,0.27998366951942444,-0.042446039617061615
0.6435985565185547,0.9068390130996704,4.852522010878602e-07,0.5108090043067932,0.9162906408309937,-0.038969505578279495,0.380723774433136,0.8097621202468872,-0.037026405334472656,0.2974075675010681,0.6967349648475647,-0.034069351851940155,0.21519063413143158,0.640830934047699,-0.028585879132151604,0.3607226014137268,0.6370906829833984,0.03169747069478035,0.2585485279560089,0.5532658100128174,0.02089385688304901,0.19684627652168274,0.5030378103256226,0.001644596573896706,0.14018452167510986,0.45072585344314575,-0.016168978065252304,0.4116232395172119,0.5658589601516724,0.029398754239082336,0.32351309061050415,0.4414084553718567,0.023861896246671677,0.26899272203445435,0.3613111972808838,0.00273827719502151,0.2228241115808487,0.2929738163948059,-0.015196578577160835,0.4742952883243561,0.5359008312225342,0.01577303372323513,0.40360161662101746,0.4111210107803345,5.394848994910717e-05,0.3551376760005951,0.32967299222946167,-0.02179616317152977,0.30811959505081177,0.25762802362442017,-0.03951854258775711,0.5465505123138428,0.5244393348693848,-0.0035344003699719906,0.5044494271278381,0.41634032130241394,-0.020291324704885483,0.4727840721607208,0.34772250056266785,-0.030926117673516273,0.4380725622177124,0.2815379798412323,-0.040567025542259216
0.6402511596679688,0.9081747531890869,5.084758072371187e-07,0.505022406578064,0.9174425601959229,-0.040937863290309906,0.3754945993423462,0.8154562711715698,-0.04002528265118599,0.2929106652736664,0.7024405598640442,-0.03783058002591133,0.21005789935588837,0.6435960531234741,-0.03292843699455261,0.3561645746231079,0.6408022046089172,0.031364720314741135,0.253967821598053,0.5576727390289307,0.019929545000195503,0.19259586930274963,0.5079978704452515,-4.2218460293952376e-05,0.1359744369983673,0.45586109161376953,-0.018231898546218872,0.4074387848377228,0.569543719291687,0.02995128743350506,0.3194299340248108,0.44457995891571045,0.023820744827389717,0.26429325342178345,0.36430275440216064,0.0023849622812122107,0.21790501475334167,0.2954939007759094,-0.015716886147856712,0.4696550965309143,0.5395466089248657,0.016804341226816177,0.39906734228134155,0.41480863094329834,0.0006035289843566716,0.3499661684036255,0.3334086239337921,-0.021168718114495277,0.30322617292404175,0.26099124550819397,-0.03861238434910774,0.541938066482544,0.5272780060768127,-0.0022943371441215277,0.49954962730407715,0.417884886264801,-0.018940893933176994,0.4677424430847168,0.34908419847488403,-0.02943984977900982,0.4333564043045044,0.28281888365745544,-0.03892900049686432
0.6368050575256348,0.9108534455299377,5.264409992378205e-07,0.49855685234069824,0.9214750528335571,-0.04059300944209099,0.370715856552124,0.821959376335144,-0.03828088566660881,0.2904624938964844,0.7079349756240845,-0.03483431413769722,0.2068970799446106,0.6497348546981812,-0.028676599264144897,0.35135647654533386,0.6464589238166809,0.03703923523426056,0.24856191873550415,0.562355101108551,0.028167065232992172,0.18770503997802734,0.5123782157897949,0.008846065029501915,0.13089236617088318,0.4602058231830597,-0.009246035479009151,0.40376707911491394,0.5745453238487244,0.03563018515706062,0.31416434049606323,0.4488603174686432,0.031638432294130325,0.2577298581600189,0.36821016669273376,0.009489099495112896,0.20976974070072174,0.3002200722694397,-0.00952769536525011,0.4663967788219452,0.5445515513420105,0.022145938128232956,0.39504092931747437,0.41892769932746887,0.007176292594522238,0.3455387353897095,0.33785173296928406,-0.01582956314086914,0.2979219853878021,0.2653096616268158,-0.03447088226675987,0.5394728183746338,0.5311052799224854,0.002661106176674366,0.4956709146499634,0.4206555485725403,-0.013529946096241474,0.46355578303337097,0.3518262505531311,-0.024806024506688118,0.4281153380870819,0.28455376625061035,-0.03519054502248764
0.6367956399917603,0.9126662611961365,4.6767158323746116e-07,0.5005148649215698,0.9242039918899536,-0.03778645023703575,0.37086987495422363,0.8210016489028931,-0.03483223542571068,0.2904834747314453,0.7066138982772827,-0.031187590211629868,0.20918840169906616,0.6481912732124329,-0.025358721613883972,0.35366714000701904,0.6458997130393982,0.03159942477941513,0.25073951482772827,0.5626529455184937,0.01981966570019722,0.18904682993888855,0.5113884210586548,-0.0001497379707871005,0.1325547695159912,0.45759904384613037,-0.01860087364912033,0.405254602432251,0.5742226839065552,0.028025779873132706,0.31470274925231934,0.45047786831855774,0.02043609321117401,0.2580186724662781,0.37029829621315,-0.0028570801950991154,0.20944391191005707,0.30061954259872437,-0.022229395806789398,0.4679222106933594,0.5441157221794128,0.013219218701124191,0.3948255479335785,0.4206885099411011,-0.005149027332663536,0.3435978889465332,0.3393605947494507,-0.029463527724146843,0.2936723232269287,0.2655094861984253,-0.04866926372051239,0.54078209400177,0.5322093367576599,-0.007039986550807953,0.49782225489616394,0.4241437315940857,-0.026511838659644127,0.4656387269496918,0.35559481382369995,-0.0392250195145607,0.429884135723114,0.2884209454059601,-0.050248369574546814
0.6347324848175049,0.9159417748451233,5.162621050658345e-07,0.4978084862232208,0.9279883503913879,-0.04287051409482956,0.368824303150177,0.8267402648925781,-0.04316231980919838,0.28733885288238525,0.7115209102630615,-0.04206302762031555,0.20345580577850342,0.6527267694473267,-0.03856545314192772,0.34916818141937256,0.6500542163848877,0.028941763564944267,0.24603155255317688,0.5671094059944153,0.01535056997090578,0.18362638354301453,0.5170891284942627,-0.006428221240639687,0.1256502866744995,0.46449998021125793,-0.026012806221842766,0.40124595165252686,0.5775492787361145,0.02729112282395363,0.31213271617889404,0.4518853425979614,0.01830234006047249,0.25521528720855713,0.37080883979797363,-0.006201975047588348,0.20636044442653656,0.3011869788169861,-0.02651117369532585,0.46434256434440613,0.5473942756652832,0.01377809140831232,0.3926863372325897,0.42158105969429016,-0.00575778353959322,0.34225648641586304,0.3400862514972687,-0.03059968911111355,0.2937890291213989,0.2674064636230469,-0.04987289384007454,0.5378955602645874,0.5355471968650818,-0.005657566245645285,0.49429851770401,0.42427706718444824,-0.02580939419567585,0.4612760841846466,0.354343444108963,-0.03893561288714409,0.4250045418739319,0.2868686318397522,-0.05010191351175308
0.6354115009307861,0.9136556386947632,4.811699341189524e-07,0.4981999695301056,0.9277404546737671,-0.038954656571149826,0.3688504695892334,0.825971245765686,-0.037501152604818344,0.28783607482910156,0.7119036912918091,-0.03523072972893715,0.20562824606895447,0.6526983976364136,-0.030682219192385674,0.34884995222091675,0.651594877243042,0.030191898345947266,0.24504494667053223,0.5686891674995422,0.017707297578454018,0.18191245198249817,0.5182231664657593,-0.0025235668290406466,0.12417429685592651,0.4654015302658081,-0.021023234352469444,0.4006107747554779,0.5792238116264343,0.027105890214443207,0.31000837683677673,0.45552071928977966,0.019222257658839226,0.253523051738739,0.37616246938705444,-0.003524778876453638,0.2056465744972229,0.30743128061294556,-0.022439658641815186,0.4640103280544281,0.5481312274932861,0.012693358585238457,0.3896835744380951,0.42383652925491333,-0.005543936043977737,0.33887237310409546,0.3428384065628052,-0.028684478253126144,0.2899527847766876,0.269518107175827,-0.047019679099321365,0.5375199317932129,0.5351295471191406,-0.0073080589063465595,0.4933706820011139,0.42639124393463135,-0.026434775441884995,0.46059128642082214,0.3572150468826294,-0.03827894851565361,0.42478489875793457,0.28998711705207825,-0.04855488985776901
0.6359304785728455,0.9113962650299072,4.971342946191726e-07,0.49872732162475586,0.9285207986831665,-0.03967700153589249,0.3689767122268677,0.8280224800109863,-0.03818318992853165,0.2878379821777344,0.7139908671379089,-0.035696133971214294,0.20532307028770447,0.6541703939437866,-0.030966633930802345,0.348528653383255,0.6525771617889404,0.02973116561770439,0.2455836534500122,0.5686701536178589,0.017555702477693558,0.18319475650787354,0.5174188613891602,-0.0027048697229474783,0.12567588686943054,0.46287646889686584,-0.021611612290143967,0.4005260467529297,0.5800932049751282,0.026618577539920807,0.3099904954433441,0.45694756507873535,0.01845458522439003,0.25330621004104614,0.3772946894168854,-0.005407871678471565,0.20450696349143982,0.3070545196533203,-0.025417540222406387,0.46395811438560486,0.5490685701370239,0.012157515622675419,0.38989871740341187,0.4254904091358185,-0.007074491120874882,0.3387260138988495,0.3443639278411865,-0.03195931017398834,0.2885010242462158,0.26970013976097107,-0.05168018117547035,0.5374182462692261,0.5355820059776306,-0.007844594307243824,0.49397921562194824,0.4273722171783447,-0.028706861659884453,0.46153807640075684,0.3583966791629791,-0.042338307946920395,0.425419420003891,0.2901930809020996,-0.053985342383384705
0.6374222040176392,0.9072414636611938,5.448405886454566e-07,0.4996415674686432,0.9239986538887024,-0.045114245265722275,0.37067463994026184,0.8270465731620789,-0.04419108107686043,0.2905486226081848,0.7161990404129028,-0.04096534848213196,0.2071918249130249,0.6537010073661804,-0.03498204052448273,0.35050320625305176,0.6494385600090027,0.029611364006996155,0.24734151363372803,0.5649129152297974,0.019487064331769943,0.1856619417667389,0.5134560465812683,-0.0004955031326971948,0.12841221690177917,0.4584120512008667,-0.01953796297311783,0.40265852212905884,0.577000081539154,0.02971932478249073,0.31160110235214233,0.45416173338890076,0.02401542477309704,0.2555299997329712,0.37319043278694153,-0.00016747627523727715,0.2077362835407257,0.3025023937225342,-0.02110830694437027,0.4652251899242401,0.5467345118522644,0.017616266384720802,0.3913213312625885,0.4241251051425934,-0.00011121555144200101,0.3407811224460602,0.34384816884994507,-0.026903100311756134,0.29015156626701355,0.268169105052948,-0.048642124980688095,0.537983238697052,0.5310633778572083,-0.0005844756960868835,0.49405014514923096,0.4231220781803131,-0.021315088495612144,0.4617486298084259,0.355520635843277,-0.0371055044233799,0.42470359802246094,0.2860458493232727,-0.050904564559459686
0.6383876800537109,0.9066333174705505,5.539552603295306e-07,0.5007411241531372,0.9208319187164307,-0.04509887844324112,0.37292101979255676,0.8231178522109985,-0.044263530522584915,0.2924978733062744,0.7119560241699219,-0.04114163666963577,0.20849664509296417,0.6503570675849915,-0.03513172268867493,0.3522488474845886,0.6466511487960815,0.03048921376466751,0.2485337257385254,0.5626253485679626,0.020197533071041107,0.18664804100990295,0.5117090940475464,-1.0110076800629031e-05,0.12951210141181946,0.4568166732788086,-0.01906907558441162,0.40375566482543945,0.5741320848464966,0.030793746933341026,0.3118770718574524,0.45039963722229004,0.025646042078733444,0.2559352517127991,0.368915855884552,0.0021101951133459806,0.20894181728363037,0.29811838269233704,-0.018287671729922295,0.46635547280311584,0.5443345308303833,0.0187868382781744,0.39200499653816223,0.4198712110519409,0.0017316661542281508,0.3417980968952179,0.33970507979393005,-0.024225648492574692,0.29224228858947754,0.2650437355041504,-0.0453619584441185,0.5394605994224548,0.5294458270072937,0.000602245272602886,0.4962039291858673,0.4211157560348511,-0.01951117441058159,0.4638024568557739,0.3534228801727295,-0.034738000482320786,0.42681607604026794,0.28456348180770874,-0.04804004356265068
0.6394765377044678,0.9093378186225891,5.104337219563604e-07,0.5032376646995544,0.9245136976242065,-0.04265942424535751,0.3720743656158447,0.8232861161231995,-0.04168239235877991,0.28971660137176514,0.7094253301620483,-0.03905170038342476,0.20637831091880798,0.6499783992767334,-0.03399064764380455,0.3519534766674042,0.6469243764877319,0.02875453233718872,0.24882113933563232,0.5644867420196533,0.01627480611205101,0.18706569075584412,0.5141700506210327,-0.004553505685180426,0.12982714176177979,0.46036845445632935,-0.023824159055948257,0.403752863407135,0.5746980309486389,0.02719416655600071,0.3131839632987976,0.45139166712760925,0.01892765425145626,0.2570657730102539,0.3711981475353241,-0.0052942438051104546,0.20851223170757294,0.3006579875946045,-0.025585226714611053,0.4670351445674896,0.5449144840240479,0.013839961029589176,0.3937065005302429,0.42095065116882324,-0.006085055414587259,0.3425491452217102,0.33963754773139954,-0.03200221806764603,0.2920325994491577,0.26492542028427124,-0.05226077139377594,0.5403695106506348,0.5319980382919312,-0.00527161406353116,0.49701276421546936,0.423289954662323,-0.026792310178279877,0.46445226669311523,0.354876309633255,-0.04126574471592903,0.4276592433452606,0.28706619143486023,-0.05351543053984642
0.6383891701698303,0.9123793840408325,4.983329517926904e-07,0.5034129619598389,0.9243528842926025,-0.040914371609687805,0.3747597932815552,0.8224858045578003,-0.039719630032777786,0.2930172085762024,0.7104170322418213,-0.03719368577003479,0.21013015508651733,0.6484290957450867,-0.03205609694123268,0.35455429553985596,0.6447328329086304,0.029633015394210815,0.25160136818885803,0.5605561137199402,0.01754332147538662,0.18949374556541443,0.5098960399627686,-0.002905492438003421,0.13236665725708008,0.4557391107082367,-0.021809769794344902,0.40636351704597473,0.5731194019317627,0.027356814593076706,0.3148212432861328,0.449226438999176,0.0202861949801445,0.25852325558662415,0.3684374988079071,-0.0029587859753519297,0.21059314906597137,0.29778701066970825,-0.022727588191628456,0.46929118037223816,0.5439668297767639,0.01347969751805067,0.3953063189983368,0.41998326778411865,-0.0046797762624919415,0.34388670325279236,0.33858397603034973,-0.029301892966032028,0.29351896047592163,0.2644592225551605,-0.0490812212228775,0.5425436496734619,0.5316209197044373,-0.006138772238045931,0.4988170266151428,0.42294856905937195,-0.02615371346473694,0.46565213799476624,0.3542669713497162,-0.039728958159685135,0.4284888207912445,0.2867138981819153,-0.05154773220419884
0.6383377313613892,0.914201557636261,4.781695679412223e-07,0.5027993321418762,0.9244680404663086,-0.0387519970536232,0.3733513355255127,0.8199803233146667,-0.03563474118709564,0.2913059890270233,0.7073454856872559,-0.03175448998808861,0.20936845242977142,0.6484775543212891,-0.025398721918463707,0.35455524921417236,0.6464033126831055,0.03405635058879852,0.25122547149658203,0.5628207325935364,0.02381983958184719,0.18934255838394165,0.5118885636329651,0.0047482275404036045,0.13290277123451233,0.45817723870277405,-0.013283631764352322,0.40590572357177734,0.5747163891792297,0.03132663294672966,0.315263569355011,0.44989511370658875,0.025229232385754585,0.25909245014190674,0.36964648962020874,0.0025729427579790354,0.21126247942447662,0.3000899851322174,-0.0165255106985569,0.4687424600124359,0.545111358165741,0.017063647508621216,0.3956555128097534,0.42045557498931885,-0.0004331960517447442,0.3451271951198578,0.3389062285423279,-0.0249920804053545,0.2962740957736969,0.2651669681072235,-0.04448287934064865,0.541732907295227,0.5328997373580933,-0.0027516328264027834,0.4986637830734253,0.42392945289611816,-0.02181774564087391,0.46625036001205444,0.3553449809551239,-0.03492852300405502,0.4303267300128937,0.28815820813179016,-0.046367350965738297
0.6389997005462646,0.9104732275009155,4.879920538769511e-07,0.5008794069290161,0.9219498634338379,-0.040353573858737946,0.3726998567581177,0.8190871477127075,-0.03763614594936371,0.2913588285446167,0.706332802772522,-0.033843524754047394,0.2084549069404602,0.6459548473358154,-0.02741323597729206,0.3551492989063263,0.6447109580039978,0.03534208983182907,0.25298067927360535,0.5607967972755432,0.02567659132182598,0.19137606024742126,0.5103368759155273,0.006145445629954338,0.13412845134735107,0.45650121569633484,-0.012458376586437225,0.40687575936317444,0.5732888579368591,0.03363329544663429,0.31654834747314453,0.45010054111480713,0.028239145874977112,0.26028889417648315,0.3706384301185608,0.004869249649345875,0.2116088718175888,0.30099546909332275,-0.015213590115308762,0.4696895480155945,0.5436902642250061,0.020037733018398285,0.3970332145690918,0.4201839566230774,0.0028849230147898197,0.34620797634124756,0.3393409252166748,-0.02266688644886017,0.29583683609962463,0.26498496532440186,-0.043232593685388565,0.5425295829772949,0.530184268951416,0.0006998240132816136,0.5009691119194031,0.4202439785003662,-0.018492845818400383,0.4690687656402588,0.35174837708473206,-0.03260895609855652,0.43246403336524963,0.284103661775589,-0.04502333328127861
0.6381701231002808,0.9121453762054443,4.851803510064201e-07,0.5035713315010071,0.921064019203186,-0.03857163339853287,0.3739517033100128,0.8192986249923706,-0.03701699525117874,0.292108952999115,0.7068158984184265,-0.0346858948469162,0.21016278862953186,0.6482152342796326,-0.03018014132976532,0.3548375070095062,0.6451979875564575,0.029646271839737892,0.25191745162010193,0.5621508955955505,0.01685398817062378,0.19042837619781494,0.5114079713821411,-0.0035297335125505924,0.13388320803642273,0.45778101682662964,-0.022173412144184113,0.40656182169914246,0.5738513469696045,0.026303887367248535,0.3164914548397064,0.4490244388580322,0.01775704137980938,0.26080942153930664,0.36921635270118713,-0.0057978639379143715,0.21289417147636414,0.2995228171348572,-0.025256402790546417,0.4700278341770172,0.5439540147781372,0.011797413229942322,0.3975057899951935,0.41927701234817505,-0.007577706128358841,0.34747710824012756,0.33734744787216187,-0.03213938698172569,0.298836886882782,0.26327571272850037,-0.05121026560664177,0.5436261892318726,0.5323159694671631,-0.008072593249380589,0.5006005764007568,0.42272254824638367,-0.028102895244956017,0.468660444021225,0.3534526824951172,-0.0408640019595623,0.4332977831363678,0.28632113337516785,-0.0517447255551815
0.6399513483047485,0.9092509150505066,4.876509365203674e-07,0.5042976140975952,0.9198328256607056,-0.04001205414533615,0.37555521726608276,0.8166733384132385,-0.03694840893149376,0.2934861481189728,0.7056897282600403,-0.03279087692499161,0.21105924248695374,0.6459446549415588,-0.02607361413538456,0.3569290339946747,0.644145667552948,0.03542204201221466,0.25433725118637085,0.5605381727218628,0.026146147400140762,0.19270938634872437,0.5092539191246033,0.007215266581624746,0.13628169894218445,0.45448556542396545,-0.010922621004283428,0.4084622263908386,0.5725107192993164,0.03373175486922264,0.3178257346153259,0.4491147994995117,0.028353000059723854,0.2618991434574127,0.36909642815589905,0.005113562103360891,0.213876411318779,0.2991895079612732,-0.014698452316224575,0.4710901379585266,0.5424398183822632,0.02030014432966709,0.39777660369873047,0.4185003638267517,0.0030934743117541075,0.347139835357666,0.33733290433883667,-0.022406719624996185,0.297515332698822,0.2628755271434784,-0.0427808053791523,0.5430366396903992,0.5281524658203125,0.0012707432033494115,0.49886417388916016,0.41984397172927856,-0.01783345267176628,0.4671134352684021,0.3513275384902954,-0.031643353402614594,0.43159031867980957,0.282889187335968,-0.04374302923679352
0.6402145624160767,0.9091733694076538,4.7300019900831103e-07,0.5055296421051025,0.9195355176925659,-0.03844384104013443,0.3756227195262909,0.8165653944015503,-0.03638098016381264,0.2926003932952881,0.7051723003387451,-0.03355739265680313,0.21010881662368774,0.6471639275550842,-0.028501201421022415,0.35683155059814453,0.6435016989707947,0.031409263610839844,0.25446099042892456,0.5598878860473633,0.019574405625462532,0.1927541196346283,0.5090831518173218,-0.00042085035238415003,0.1361769139766693,0.4550267159938812,-0.01898767426609993,0.40811336040496826,0.572422206401825,0.02830754593014717,0.31817537546157837,0.44926151633262634,0.020375939086079597,0.262396901845932,0.36986130475997925,-0.0034323162399232388,0.21409255266189575,0.30000773072242737,-0.02328331395983696,0.4709855020046234,0.5420478582382202,0.014015044085681438,0.3979964554309845,0.41850852966308594,-0.004912420641630888,0.34765756130218506,0.3371109068393707,-0.029841428622603416,0.2982460856437683,0.2632457911968231,-0.04936419799923897,0.5432397127151489,0.5289872288703918,-0.005615450907498598,0.49898719787597656,0.420631468296051,-0.02565501257777214,0.46697673201560974,0.3516574203968048,-0.038802631199359894,0.4316796064376831,0.284085214138031,-0.05002212151885033
0.6412146091461182,0.9067301750183105,5.016533464186068e-07,0.5055552124977112,0.9190226197242737,-0.041170258074998856,0.37705859541893005,0.8184159994125366,-0.03996753692626953,0.2954765558242798,0.7069191932678223,-0.03751794621348381,0.21319839358329773,0.6463300585746765,-0.032500751316547394,0.35803523659706116,0.6432284712791443,0.031144240871071815,0.2556133270263672,0.5599589347839355,0.019096512347459793,0.19372910261154175,0.5087141990661621,-0.0016353345708921552,0.13670030236244202,0.45385119318962097,-0.020775549113750458,0.4092714190483093,0.571732759475708,0.02934359386563301,0.3198830187320709,0.4479592740535736,0.021723652258515358,0.2643217444419861,0.36768877506256104,-0.002450494561344385,0.21639598906040192,0.2965110242366791,-0.02273581176996231,0.4717462658882141,0.5417786836624146,0.01589908078312874,0.3998691737651825,0.41837361454963684,-0.0026270863600075245,0.34935134649276733,0.33687686920166016,-0.027893366292119026,0.29957371950149536,0.2619086802005768,-0.04788467660546303,0.5444623827934265,0.5285043120384216,-0.003242185804992914,0.5014692544937134,0.42015933990478516,-0.022899460047483444,0.4693050980567932,0.3521937131881714,-0.03628883510828018,0.43335068225860596,0.28509771823883057,-0.04788042977452278
0.6420003175735474,0.9065127968788147,5.066227686256752e-07,0.5060009956359863,0.9157696962356567,-0.03854602202773094,0.37600940465927124,0.8137335777282715,-0.03637755662202835,0.2936367392539978,0.703549861907959,-0.03344865143299103,0.21185171604156494,0.6454650163650513,-0.027987821027636528,0.35710716247558594,0.6420063376426697,0.03261188417673111,0.2555525600910187,0.557453453540802,0.020849313586950302,0.19428718090057373,0.5063226222991943,0.0006246732082217932,0.13763880729675293,0.45232248306274414,-0.017973972484469414,0.40888485312461853,0.5710341930389404,0.029724696651101112,0.31954967975616455,0.44676581025123596,0.02228286676108837,0.264398992061615,0.3666895031929016,-0.001059049740433693,0.2166024148464203,0.29632166028022766,-0.02043217048048973,0.4718332290649414,0.5408899188041687,0.01550400909036398,0.3985652029514313,0.4167223572731018,-0.0025555728934705257,0.34842875599861145,0.3354032337665558,-0.02640816755592823,0.2993927001953125,0.26146987080574036,-0.04516855627298355,0.5445331931114197,0.5279353857040405,-0.00422857329249382,0.501395046710968,0.4194738268852234,-0.02328403666615486,0.46959754824638367,0.35038262605667114,-0.035495102405548096,0.4345511198043823,0.2822582721710205,-0.04598286375403404
0.6424321532249451,0.9049617052078247,5.158664748705633e-07,0.5060789585113525,0.915143609046936,-0.039654914289712906,0.37613189220428467,0.8139164447784424,-0.03742694482207298,0.29388105869293213,0.7038003206253052,-0.0342240184545517,0.21178580820560455,0.6448480486869812,-0.02833535708487034,0.3566756248474121,0.6419017910957336,0.03324233740568161,0.25501441955566406,0.5577830672264099,0.02207554131746292,0.19395104050636292,0.5066068172454834,0.0022087779361754656,0.13737362623214722,0.4526771306991577,-0.016152076423168182,0.4085492789745331,0.5707308053970337,0.031110942363739014,0.31922394037246704,0.4464539587497711,0.02449045702815056,0.2640937566757202,0.3661862015724182,0.0017677563009783626,0.2166554182767868,0.2960805296897888,-0.017246045172214508,0.4715419411659241,0.5406866073608398,0.017349354922771454,0.39875465631484985,0.41672879457473755,-0.00022013028501532972,0.34850966930389404,0.33554428815841675,-0.024072594940662384,0.29937732219696045,0.2615414559841156,-0.04291607066988945,0.5442502498626709,0.5273513793945312,-0.0020771019626408815,0.501476526260376,0.4190064072608948,-0.02098381519317627,0.46952080726623535,0.3501964509487152,-0.033475492149591446,0.4340120255947113,0.2821604609489441,-0.04426388442516327
0.6425265073776245,0.905949592590332,5.049008677815436e-07,0.5077202916145325,0.9165400266647339,-0.04078622907400131,0.3783490061759949,0.8154455423355103,-0.03939081355929375,0.29573798179626465,0.7032448649406433,-0.03652532771229744,0.2126931995153427,0.6436830759048462,-0.03104385919868946,0.3579312264919281,0.6397664546966553,0.03025614283978939,0.2560158967971802,0.5558595061302185,0.018536586314439774,0.1948477029800415,0.5051484107971191,-0.0017145663732662797,0.1380423605442047,0.4509616494178772,-0.020511219277977943,0.40954893827438354,0.5690518021583557,0.028354495763778687,0.31943464279174805,0.445476770401001,0.02133147232234478,0.2639904320240021,0.36532941460609436,-0.0018378301756456494,0.21577446162700653,0.29458045959472656,-0.021447455510497093,0.4722847640514374,0.5399860739707947,0.014938943088054657,0.39952048659324646,0.4163592457771301,-0.0033336931373924017,0.34935855865478516,0.33513781428337097,-0.027724042534828186,0.2994080185890198,0.26052752137184143,-0.04710886999964714,0.545282781124115,0.527600109577179,-0.004155049566179514,0.5024782419204712,0.41968590021133423,-0.024072928354144096,0.4707401692867279,0.35117533802986145,-0.037241630256175995,0.4349171221256256,0.28304529190063477,-0.04858515411615372
0.6403504610061646,0.9076498746871948,4.910742177344218e-07,0.5080954432487488,0.9179867506027222,-0.0410294309258461,0.37754738330841064,0.8155851364135742,-0.04082900285720825,0.29453790187835693,0.703856348991394,-0.03921358659863472,0.21242401003837585,0.6442009210586548,-0.035040318965911865,0.3559948801994324,0.6419442296028137,0.026230541989207268,0.25412517786026,0.558449387550354,0.012618855573236942,0.19334086775779724,0.5066452026367188,-0.00795032549649477,0.13764214515686035,0.45221227407455444,-0.026505354791879654,0.40773364901542664,0.571189284324646,0.024236956611275673,0.3194364607334137,0.44728946685791016,0.015497658401727676,0.2648158669471741,0.36774227023124695,-0.00728473300114274,0.21737758815288544,0.2979736626148224,-0.0262133926153183,0.4707833528518677,0.5406090617179871,0.010932856239378452,0.39917728304862976,0.41737550497055054,-0.008078387938439846,0.34920719265937805,0.3362724483013153,-0.031648460775613785,0.29994097352027893,0.26302698254585266,-0.05009964480996132,0.5431444644927979,0.5277725458145142,-0.008037392981350422,0.501118004322052,0.41937345266342163,-0.02780134603381157,0.4695846736431122,0.35050806403160095,-0.040316227823495865,0.43444982171058655,0.28386521339416504,-0.05095614865422249
0.639121413230896,0.9072140455245972,4.684916348196566e-07,0.5071769952774048,0.9214249849319458,-0.03915053978562355,0.3762150704860687,0.8189278841018677,-0.03901342302560806,0.2939457297325134,0.7050266265869141,-0.0376935675740242,0.2113138884305954,0.6466703414916992,-0.034170106053352356,0.35561662912368774,0.6430190801620483,0.02362033538520336,0.2533397674560547,0.5599571466445923,0.009272677823901176,0.19191494584083557,0.5095843076705933,-0.011260466650128365,0.13553458452224731,0.4566408395767212,-0.029794400557875633,0.4067302346229553,0.5725179314613342,0.020128002390265465,0.317781001329422,0.44885626435279846,0.010348472744226456,0.2630487084388733,0.3694334626197815,-0.012705597095191479,0.21589906513690948,0.2992590665817261,-0.03176112845540047,0.4694601893424988,0.5425139665603638,0.005836623255163431,0.3975889980792999,0.41901880502700806,-0.014168326742947102,0.34840720891952515,0.3372468650341034,-0.03785218670964241,0.2998153567314148,0.2626079022884369,-0.05640053376555443,0.5420784950256348,0.5308243632316589,-0.013787894509732723,0.4997689127922058,0.42242762446403503,-0.03449762612581253,0.46849608421325684,0.3529822826385498,-0.04701724275946617,0.4336938261985779,0.2853944003582001,-0.05762290954589844
0.638386607170105,0.9117664098739624,4.718204422715644e-07,0.505024254322052,0.9224902391433716,-0.03937939926981926,0.3744328022003174,0.8199206590652466,-0.039453256875276566,0.2921817898750305,0.7056893706321716,-0.03847496211528778,0.2094704806804657,0.6482426524162292,-0.03534318134188652,0.35429468750953674,0.6448823809623718,0.02502625808119774,0.251943439245224,0.5607361793518066,0.010160180740058422,0.19043642282485962,0.5095412731170654,-0.011308211833238602,0.13364893198013306,0.45555222034454346,-0.030615873634815216,0.4057329595088959,0.5736661553382874,0.02164921723306179,0.31659621000289917,0.4504249691963196,0.011356672272086143,0.26144567131996155,0.3713376820087433,-0.012616397812962532,0.21327683329582214,0.30148276686668396,-0.032398901879787445,0.46892568469047546,0.5431461334228516,0.007333649788051844,0.39633989334106445,0.4190784692764282,-0.012972352094948292,0.3459755778312683,0.33756715059280396,-0.03690475597977638,0.29633188247680664,0.26392489671707153,-0.05556922033429146,0.5423876643180847,0.5314237475395203,-0.012395438738167286,0.49901440739631653,0.4224245548248291,-0.033302802592515945,0.46619653701782227,0.3527839481830597,-0.046094901859760284,0.4296954870223999,0.2858247756958008,-0.05683765560388565
0.638324499130249,0.9125025868415833,4.6522913521584996e-07,0.5039927959442139,0.9217312932014465,-0.03944313898682594,0.37383973598480225,0.8185814619064331,-0.03883309289813042,0.2912142276763916,0.7053890824317932,-0.037403661757707596,0.20895522832870483,0.6484765410423279,-0.03379534184932709,0.35500961542129517,0.6442098617553711,0.027466576546430588,0.252612441778183,0.5614064931869507,0.013071234337985516,0.1904742419719696,0.5111677646636963,-0.008272604085505009,0.13362988829612732,0.4579400420188904,-0.027577154338359833,0.40606656670570374,0.5728947520256042,0.024173825979232788,0.31721776723861694,0.44919925928115845,0.013832850381731987,0.2616516947746277,0.37031129002571106,-0.010501716285943985,0.21334685385227203,0.3009314239025116,-0.030464990064501762,0.4687589406967163,0.5427650809288025,0.009718695655465126,0.39638471603393555,0.4181632995605469,-0.011002929881215096,0.3463382124900818,0.3377964496612549,-0.03550737723708153,0.297512948513031,0.26559916138648987,-0.05439293757081032,0.5416273474693298,0.5314190983772278,-0.010197916999459267,0.4983551502227783,0.4224587678909302,-0.03139222040772438,0.465537428855896,0.3535320460796356,-0.04462990537285805,0.429462730884552,0.2871103286743164,-0.0556737445294857
0.6380667090415955,0.9120532274246216,4.6912566631363006e-07,0.5037247538566589,0.9218018651008606,-0.04020647332072258,0.3741675317287445,0.8191269040107727,-0.04015187546610832,0.291745126247406,0.705908477306366,-0.039113178849220276,0.20932942628860474,0.6477069854736328,-0.035741645842790604,0.3542063534259796,0.644160270690918,0.027288388460874557,0.2521362900733948,0.5611969232559204,0.012747778557240963,0.19042739272117615,0.5110076069831848,-0.00881669670343399,0.1338440179824829,0.45777249336242676,-0.028241867199540138,0.4054555892944336,0.5728597640991211,0.02437618188560009,0.3167412281036377,0.44903257489204407,0.014083298854529858,0.2614706754684448,0.37032976746559143,-0.010288732126355171,0.21329860389232635,0.30085045099258423,-0.03032456897199154,0.4682183861732483,0.5429897904396057,0.010205034166574478,0.3961581289768219,0.41849833726882935,-0.010469458997249603,0.3462883234024048,0.33802270889282227,-0.034912820905447006,0.2975628972053528,0.2654534578323364,-0.05381746590137482,0.5411777496337891,0.531568169593811,-0.009502450935542583,0.49819159507751465,0.42279547452926636,-0.03064616397023201,0.4655258059501648,0.3538760542869568,-0.04380471631884575,0.4294346868991852,0.2871030569076538,-0.05482066422700882
0.6374809741973877,0.9071699380874634,4.3263381144242885e-07,0.5048230886459351,0.9200712442398071,-0.0377538800239563,0.3737174868583679,0.8184495568275452,-0.036902956664562225,0.29114216566085815,0.7054631114006042,-0.03521716967225075,0.20970949530601501,0.6477884650230408,-0.031406570225954056,0.3544841408729553,0.6429819464683533,0.02522316575050354,0.2527412474155426,0.5609091520309448,0.01085770782083273,0.19141307473182678,0.5106731653213501,-0.00980952475219965,0.1353527009487152,0.45770055055618286,-0.028566734865307808,0.40496912598609924,0.5715473890304565,0.02127377688884735,0.3156008720397949,0.44878870248794556,0.011263841763138771,0.26068562269210815,0.3703405559062958,-0.011711805127561092,0.21287217736244202,0.30084773898124695,-0.030737075954675674,0.46752017736434937,0.5410497784614563,0.00657297857105732,0.3946937024593353,0.4174790382385254,-0.013682073913514614,0.3451654314994812,0.3368381857872009,-0.03721163794398308,0.29644775390625,0.2639562487602234,-0.05562102049589157,0.5407227873802185,0.5290610790252686,-0.013364231213927269,0.4974743723869324,0.42191463708877563,-0.03432271629571915,0.4648650884628296,0.35384106636047363,-0.04705006256699562,0.4288492798805237,0.28825822472572327,-0.057785503566265106
0.6369506120681763,0.9109943509101868,4.811333838006249e-07,0.5034714937210083,0.9218747615814209,-0.038754627108573914,0.372293084859848,0.817939817905426,-0.037375349551439285,0.28925463557243347,0.7054508328437805,-0.03526990860700607,0.20671223104000092,0.6488609313964844,-0.03083891049027443,0.3537461459636688,0.6446094512939453,0.02919778786599636,0.2515476942062378,0.5611434578895569,0.01595492474734783,0.18989160656929016,0.5109771490097046,-0.0044835349544882774,0.1330033242702484,0.4581046998500824,-0.02320125512778759,0.4050057828426361,0.573819637298584,0.025672072544693947,0.3157585561275482,0.44999656081199646,0.016305120661854744,0.260079562664032,0.37032949924468994,-0.00734409736469388,0.21177160739898682,0.30040380358695984,-0.026779502630233765,0.4677625298500061,0.5442089438438416,0.010905401781201363,0.39572861790657043,0.41999173164367676,-0.009488401934504509,0.3451836407184601,0.3383677899837494,-0.034334447234869,0.2952363193035126,0.2645106911659241,-0.05346746742725372,0.540215253829956,0.5326859354972839,-0.009206458926200867,0.49852660298347473,0.42380791902542114,-0.030496744439005852,0.46612462401390076,0.3552551567554474,-0.04402245581150055,0.42959749698638916,0.2886052131652832,-0.05531414970755577
0.6374567151069641,0.9114792346954346,4.617456283995125e-07,0.5036696195602417,0.922539472579956,-0.037328433245420456,0.3719053566455841,0.8178383708000183,-0.035018548369407654,0.2892580032348633,0.704472541809082,-0.03214869275689125,0.2072361409664154,0.6478810906410217,-0.027033137157559395,0.3541921377182007,0.6445083618164062,0.029437271878123283,0.2520219087600708,0.5604961514472961,0.016383089125156403,0.19041544198989868,0.5100104808807373,-0.0037998189218342304,0.1335163712501526,0.4570305347442627,-0.022311629727482796,0.40557125210762024,0.5738884806632996,0.025346053764224052,0.3163626790046692,0.44981881976127625,0.015967784449458122,0.26076367497444153,0.370080828666687,-0.007769755553454161,0.2121419757604599,0.29999080300331116,-0.027257157489657402,0.4682554006576538,0.5440163016319275,0.010244426317512989,0.39628058671951294,0.41970425844192505,-0.010170789435505867,0.34578388929367065,0.3381248712539673,-0.03538404032588005,0.2954581677913666,0.2644493877887726,-0.05473451316356659,0.5406178832054138,0.5320372581481934,-0.010018061846494675,0.49855801463127136,0.42292916774749756,-0.03135504946112633,0.4660480320453644,0.3542400002479553,-0.04506427049636841,0.42944464087486267,0.28774842619895935,-0.05645659938454628
0.634617805480957,0.9097199440002441,4.492731306982023e-07,0.5011324882507324,0.9200804233551025,-0.03718032315373421,0.3704368472099304,0.8185328841209412,-0.03534217178821564,0.2881690561771393,0.7055774331092834,-0.032880693674087524,0.20630156993865967,0.6485826373100281,-0.028202861547470093,0.3533180356025696,0.6441243290901184,0.02906659245491028,0.2505272626876831,0.5617667436599731,0.01624753512442112,0.18869861960411072,0.5127050876617432,-0.0038950061425566673,0.13147592544555664,0.461095929145813,-0.022315029054880142,0.40447738766670227,0.5728402733802795,0.02525780163705349,0.3152558207511902,0.4489808976650238,0.01657693460583687,0.25953999161720276,0.3703545331954956,-0.006691351067274809,0.21067796647548676,0.3012969195842743,-0.025997312739491463,0.46689072251319885,0.5425518155097961,0.010572158731520176,0.3948698043823242,0.4190937876701355,-0.008482441306114197,0.34522131085395813,0.3382818102836609,-0.032430339604616165,0.2961622476577759,0.2656112611293793,-0.05113803967833519,0.5396873950958252,0.5298828482627869,-0.00933772698044777,0.49629679322242737,0.4211154580116272,-0.028895245864987373,0.46343308687210083,0.35262879729270935,-0.04118167981505394,0.42690911889076233,0.28648409247398376,-0.051760852336883545
0.633668065071106,0.9100177884101868,4.556688395496167e-07,0.5009926557540894,0.9210295677185059,-0.038017865270376205,0.37061551213264465,0.8185153007507324,-0.03759241849184036,0.288618266582489,0.705670952796936,-0.03651577606797218,0.2063654065132141,0.6492883563041687,-0.033389437943696976,0.3511964678764343,0.6454412341117859,0.025792796164751053,0.24943017959594727,0.5636477470397949,0.011139600537717342,0.18816232681274414,0.5137056708335876,-0.009903996251523495,0.13161230087280273,0.46122151613235474,-0.028951693326234818,0.4029454290866852,0.5739738345146179,0.021581709384918213,0.31426113843917847,0.44999927282333374,0.011053558439016342,0.2591746151447296,0.3704880475997925,-0.012709369882941246,0.21114581823349,0.30067363381385803,-0.03226105123758316,0.46633675694465637,0.5442560315132141,0.0064926790073513985,0.3945519030094147,0.4205319285392761,-0.014579936861991882,0.34416693449020386,0.3391222655773163,-0.039096057415008545,0.2946518659591675,0.26579737663269043,-0.057994235306978226,0.5400437712669373,0.533195972442627,-0.013776584528386593,0.4975202679634094,0.4237173795700073,-0.035371966660022736,0.4645240604877472,0.35477155447006226,-0.048616234213113785,0.427474707365036,0.2891804277896881,-0.05970246344804764
0.6341586112976074,0.9098818302154541,4.6037754941608e-07,0.5010688304901123,0.9208741784095764,-0.03832779824733734,0.3707006871700287,0.818784236907959,-0.037890635430812836,0.2886534333229065,0.7058840394020081,-0.03670741245150566,0.2063935548067093,0.6494629383087158,-0.033434268087148666,0.35110336542129517,0.6457939743995667,0.025785211473703384,0.24930115044116974,0.5635731220245361,0.011171677149832249,0.18793579936027527,0.5133922696113586,-0.009871378540992737,0.13116446137428284,0.46072280406951904,-0.02896510809659958,0.40303027629852295,0.5745068192481995,0.021751949563622475,0.31428080797195435,0.4506117105484009,0.011073414236307144,0.25907212495803833,0.37125059962272644,-0.012962818145751953,0.21069398522377014,0.3013279139995575,-0.03270928934216499,0.46648240089416504,0.5449333786964417,0.0068255397491157055,0.3947029411792755,0.4211747944355011,-0.014644247479736805,0.3439008891582489,0.33981505036354065,-0.03956259414553642,0.2938130497932434,0.26626378297805786,-0.05865916609764099,0.5402467846870422,0.5338627099990845,-0.013262615539133549,0.49807143211364746,0.42402124404907227,-0.035299431532621384,0.4651620388031006,0.3549714684486389,-0.048909712582826614,0.4280058741569519,0.28924456238746643,-0.060205817222595215
0.63571697473526,0.9093464612960815,4.7427238314412534e-07,0.5004796981811523,0.9172223210334778,-0.03836982697248459,0.3708629310131073,0.8176631927490234,-0.03755659610033035,0.2884800434112549,0.7063097953796387,-0.03610315918922424,0.20617154240608215,0.6491836309432983,-0.03238201513886452,0.3531241714954376,0.6440010070800781,0.029271969571709633,0.25058746337890625,0.5608799457550049,0.01529205497354269,0.1888960301876068,0.5110371112823486,-0.006000370252877474,0.13136416673660278,0.45813167095184326,-0.025303620845079422,0.40500351786613464,0.5731496810913086,0.025674860924482346,0.315962016582489,0.4496603012084961,0.01538932602852583,0.26073992252349854,0.3709825575351715,-0.009436696767807007,0.21168577671051025,0.3011367917060852,-0.029763484373688698,0.4678659439086914,0.5435688495635986,0.010980348102748394,0.3960157632827759,0.42058366537094116,-0.010132351890206337,0.34502360224723816,0.3396022319793701,-0.035384733229875565,0.29457443952560425,0.266241192817688,-0.054654233157634735,0.5411149263381958,0.5317239761352539,-0.008946946822106838,0.4987561106681824,0.4223642647266388,-0.03031761944293976,0.46638181805610657,0.3537055552005768,-0.04363372176885605,0.42972347140312195,0.28768420219421387,-0.05469236150383949
0.6376475095748901,0.9107018709182739,4.578752736961178e-07,0.5036978721618652,0.9203295707702637,-0.03794052451848984,0.37282052636146545,0.8182604312896729,-0.03621397912502289,0.28988921642303467,0.7058318853378296,-0.03374703228473663,0.20792081952095032,0.6491792798042297,-0.028997031971812248,0.3553234338760376,0.6432687044143677,0.0296566691249609,0.25271809101104736,0.5602756142616272,0.01710384525358677,0.1906893253326416,0.5106084942817688,-0.0030575201380997896,0.1332828402519226,0.4585897922515869,-0.02161271870136261,0.4064147174358368,0.5726160407066345,0.02631712332367897,0.317412406206131,0.44962847232818604,0.01774914562702179,0.26206788420677185,0.3713008463382721,-0.0056586978025734425,0.21354863047599792,0.30280801653862,-0.02510964125394821,0.4686565697193146,0.5427770614624023,0.011942340061068535,0.39630061388015747,0.4190879464149475,-0.007240905426442623,0.3453264832496643,0.3387996256351471,-0.03170196712017059,0.2950018644332886,0.26643210649490356,-0.05081678554415703,0.5407425761222839,0.5304210186004639,-0.007719796150922775,0.4979366064071655,0.42113763093948364,-0.027754181995987892,0.46522068977355957,0.35237738490104675,-0.04081552475690842,0.4289543032646179,0.2859951853752136,-0.051908086985349655
0.6373786926269531,0.90990149974823,4.559576041174296e-07,0.5040847063064575,0.9209674000740051,-0.03837333619594574,0.37279653549194336,0.8190302848815918,-0.03712143003940582,0.2894253432750702,0.7065741419792175,-0.03501250967383385,0.20698188245296478,0.6498528122901917,-0.030612889677286148,0.35491323471069336,0.6429284811019897,0.028033405542373657,0.2519126534461975,0.5601177215576172,0.014975979924201965,0.1897883117198944,0.5104824900627136,-0.005334397777915001,0.13240280747413635,0.45834511518478394,-0.023965639993548393,0.4060812294483185,0.5719494223594666,0.024717342108488083,0.31678158044815063,0.4485481381416321,0.015814591199159622,0.26125675439834595,0.37018218636512756,-0.007556914817541838,0.2125777006149292,0.30168524384498596,-0.027039526030421257,0.4684043824672699,0.542088508605957,0.010409176349639893,0.39632174372673035,0.4184567332267761,-0.008965880610048771,0.34582212567329407,0.338327556848526,-0.03326217085123062,0.2959575653076172,0.26647067070007324,-0.05230418220162392,0.5407333970069885,0.5299632549285889,-0.009213282726705074,0.4977235794067383,0.4210643768310547,-0.029403081163764,0.464927613735199,0.35238417983055115,-0.04244297742843628,0.42851153016090393,0.2863488793373108,-0.05356211960315704
0.6353431940078735,0.9059100151062012,4.870154270975036e-07,0.5011866092681885,0.9140611290931702,-0.04004177078604698,0.3720778822898865,0.8161032199859619,-0.03962511569261551,0.2890574634075165,0.7064285278320312,-0.03821108490228653,0.2068004012107849,0.6479315757751465,-0.03427531197667122,0.35375624895095825,0.6436922550201416,0.029592523351311684,0.2518883943557739,0.5599234104156494,0.0161821860820055,0.1906726062297821,0.5095987319946289,-0.004798387177288532,0.13371768593788147,0.4562995135784149,-0.023883668705821037,0.405644953250885,0.5730466246604919,0.027166103944182396,0.31619706749916077,0.4485918879508972,0.01784634217619896,0.26085036993026733,0.3695998191833496,-0.006436013616621494,0.2121310830116272,0.2996349632740021,-0.026620855554938316,0.4683687388896942,0.5433418154716492,0.013386396691203117,0.39606034755706787,0.4194350838661194,-0.006789986975491047,0.34500211477279663,0.33893001079559326,-0.031751349568367004,0.2948283553123474,0.2659253478050232,-0.05110996589064598,0.5417987108230591,0.5298583507537842,-0.005840378347784281,0.49937358498573303,0.4206542372703552,-0.026585405692458153,0.4667964577674866,0.3522314429283142,-0.03993692621588707,0.42997124791145325,0.2860877215862274,-0.051269736140966415
0.6349992752075195,0.9074665307998657,4.5449058916346985e-07,0.5021656155586243,0.9183031320571899,-0.03678396716713905,0.3716411590576172,0.816001296043396,-0.03564540296792984,0.2900545597076416,0.7030175924301147,-0.033798180520534515,0.20894697308540344,0.6476483941078186,-0.029820969328284264,0.35389959812164307,0.6432156562805176,0.025272205471992493,0.251463919878006,0.5596024394035339,0.011041712947189808,0.18966162204742432,0.5097639560699463,-0.0092546958476305,0.132791668176651,0.4583868980407715,-0.02744351327419281,0.4054938554763794,0.5732517242431641,0.021066581830382347,0.31682467460632324,0.44899314641952515,0.010815971530973911,0.2613488435745239,0.3702593445777893,-0.012200883589684963,0.2130795568227768,0.3020225167274475,-0.030893953517079353,0.46845003962516785,0.5432072281837463,0.006307270377874374,0.39681923389434814,0.41894978284835815,-0.013877090066671371,0.34614935517311096,0.33767613768577576,-0.03733515366911888,0.29623398184776306,0.26492854952812195,-0.05535926669836044,0.5413204431533813,0.5312066078186035,-0.013524297624826431,0.4987887740135193,0.4218065142631531,-0.03394198790192604,0.4657583236694336,0.3528132438659668,-0.046042364090681076,0.4290681481361389,0.28734272718429565,-0.05611790716648102
0.6340690851211548,0.9066877365112305,4.579700600970682e-07,0.5021728277206421,0.9172066450119019,-0.036311693489551544,0.3717120885848999,0.8154948949813843,-0.03555343300104141,0.29005876183509827,0.7031979560852051,-0.034185633063316345,0.20894773304462433,0.6483901143074036,-0.03078298643231392,0.3531531095504761,0.6438323259353638,0.024151038378477097,0.25049257278442383,0.5604353547096252,0.009277117438614368,0.1889866590499878,0.5100790858268738,-0.011142210103571415,0.1327631175518036,0.45804768800735474,-0.029344264417886734,0.4045422077178955,0.5736151933670044,0.019535869359970093,0.3154500424861908,0.4484410285949707,0.008679306134581566,0.2600957751274109,0.36909204721450806,-0.014340551570057869,0.2121053785085678,0.3003280460834503,-0.03294733539223671,0.4675268828868866,0.5432651042938232,0.0045004053972661495,0.3953407406806946,0.4187275767326355,-0.016130656003952026,0.3451697826385498,0.33709654211997986,-0.03948386386036873,0.29616236686706543,0.26439279317855835,-0.05735054239630699,0.5407289266586304,0.5312530398368835,-0.015514102764427662,0.4981474280357361,0.42182058095932007,-0.03607694059610367,0.4653562903404236,0.35282087326049805,-0.04808741807937622,0.42902883887290955,0.28787875175476074,-0.0580948181450367
0.6345700621604919,0.9081869125366211,4.6877576664883236e-07,0.5014331936836243,0.9164338111877441,-0.03665498271584511,0.3718733787536621,0.8157264590263367,-0.03658448904752731,0.2892918586730957,0.7048637866973877,-0.03610684350132942,0.20704646408557892,0.6487601399421692,-0.03354928642511368,0.3527190685272217,0.641845703125,0.0265837162733078,0.2501979470252991,0.5599597692489624,0.011948085390031338,0.18866446614265442,0.5103912949562073,-0.008856447413563728,0.1322886049747467,0.45852306485176086,-0.02747037447988987,0.40455925464630127,0.5719680786132812,0.02192334644496441,0.31584757566452026,0.44840720295906067,0.011139823123812675,0.2609325051307678,0.36945483088493347,-0.012728199362754822,0.21323992311954498,0.30046361684799194,-0.032029446214437485,0.4678024649620056,0.5419780015945435,0.006664165761321783,0.3956828713417053,0.41909271478652954,-0.014198736287653446,0.3453081548213959,0.33784469962120056,-0.03814496099948883,0.29590603709220886,0.2650878429412842,-0.05637552589178085,0.540608823299408,0.5306383371353149,-0.01358755026012659,0.49769288301467896,0.42212438583374023,-0.03442991524934769,0.46519050002098083,0.3530845046043396,-0.04668606445193291,0.4291258752346039,0.28755220770835876,-0.05677678808569908
0.634459376335144,0.9088026285171509,4.527182682068087e-07,0.5011233687400818,0.9170138835906982,-0.03671407699584961,0.37113136053085327,0.8156208395957947,-0.03609594330191612,0.2881409227848053,0.7049683332443237,-0.03503473475575447,0.20622558891773224,0.6483591198921204,-0.03187564015388489,0.3524439334869385,0.6422604322433472,0.027298351749777794,0.25031837821006775,0.559985339641571,0.013049558736383915,0.18892374634742737,0.5101920962333679,-0.00762614281848073,0.13249942660331726,0.4582182466983795,-0.026273172348737717,0.404215931892395,0.5718424320220947,0.02283257246017456,0.3155483603477478,0.44870060682296753,0.012439378537237644,0.2609063982963562,0.3699585199356079,-0.01132327038794756,0.21308967471122742,0.300694078207016,-0.03068523295223713,0.46750086545944214,0.5417983531951904,0.0076887477189302444,0.3954377770423889,0.41918355226516724,-0.013059714809060097,0.34516477584838867,0.3383100926876068,-0.03722352162003517,0.2954912781715393,0.265582799911499,-0.055719442665576935,0.5405884981155396,0.5301826596260071,-0.012465226463973522,0.4976833760738373,0.4217771887779236,-0.03344927355647087,0.46524548530578613,0.35313332080841064,-0.046033523976802826,0.42885398864746094,0.28763720393180847,-0.05644530430436134
0.636107861995697,0.9058034420013428,4.4721764425048605e-07,0.5025197267532349,0.9179036617279053,-0.037502359598875046,0.37105780839920044,0.8160223364830017,-0.03599947318434715,0.2883109450340271,0.7042388916015625,-0.03384968265891075,0.20695799589157104,0.6481430530548096,-0.029556581750512123,0.35303184390068054,0.6436586380004883,0.027239443734288216,0.25198259949684143,0.5612958073616028,0.013094163499772549,0.19076254963874817,0.5115483403205872,-0.007688140030950308,0.13406312465667725,0.4593202471733093,-0.026520943269133568,0.40432924032211304,0.5724703669548035,0.02332152985036373,0.31613609194755554,0.4491976499557495,0.013019038364291191,0.26114729046821594,0.37063467502593994,-0.010700562037527561,0.21290236711502075,0.30082932114601135,-0.030113283544778824,0.4672841429710388,0.5423148274421692,0.00855579786002636,0.3957991600036621,0.4196239709854126,-0.012288588099181652,0.34506383538246155,0.339092493057251,-0.03682783246040344,0.29513871669769287,0.2659728527069092,-0.05568017438054085,0.5405172109603882,0.5302191972732544,-0.011358257383108139,0.4987529516220093,0.42185163497924805,-0.032686997205019,0.46638405323028564,0.3535972535610199,-0.045838113874197006,0.4300784170627594,0.28782960772514343,-0.05677272379398346
0.6357532739639282,0.9055230617523193,4.633609478332801e-07,0.5032984614372253,0.9174978137016296,-0.0380619578063488,0.37315887212753296,0.8174257278442383,-0.03766292333602905,0.29032230377197266,0.7058249711990356,-0.036385636776685715,0.20798398554325104,0.6496241688728333,-0.03301052749156952,0.354451447725296,0.6422336101531982,0.0253627747297287,0.25252726674079895,0.5591174960136414,0.01115182600915432,0.191010981798172,0.5094119906425476,-0.009646709077060223,0.13434651494026184,0.4571477174758911,-0.028390493243932724,0.40568122267723083,0.5719000101089478,0.02150450088083744,0.3165348768234253,0.4487925171852112,0.011677414178848267,0.2612096071243286,0.3706554174423218,-0.011989730410277843,0.21281719207763672,0.3017145097255707,-0.031522586941719055,0.468181848526001,0.5421313047409058,0.006962905637919903,0.3959442973136902,0.4187548756599426,-0.013030609115958214,0.3454207479953766,0.33820611238479614,-0.03704677149653435,0.2953910231590271,0.2653682827949524,-0.05574369058012962,0.5407809019088745,0.530511200428009,-0.01277226023375988,0.49820294976234436,0.421678364276886,-0.033359918743371964,0.46570834517478943,0.3526245653629303,-0.0459006167948246,0.4294823110103607,0.2860870063304901,-0.05645570904016495
0.6355661749839783,0.9065756797790527,4.5496079792428645e-07,0.5029658079147339,0.9186117649078369,-0.03729589655995369,0.3726414442062378,0.8170341849327087,-0.036501456052064896,0.28993695974349976,0.7051658630371094,-0.0349755696952343,0.20764879882335663,0.6502496004104614,-0.03145475313067436,0.35447943210601807,0.6423026323318481,0.025423698127269745,0.2524380385875702,0.5589853525161743,0.011446270160377026,0.1908673644065857,0.5091913938522339,-0.00897527951747179,0.13407644629478455,0.45725879073143005,-0.027483992278575897,0.4057804048061371,0.5721431970596313,0.021182402968406677,0.3166936933994293,0.44871795177459717,0.011268788948655128,0.2611444890499115,0.37062278389930725,-0.012245859950780869,0.21244043111801147,0.3021468222141266,-0.0315910279750824,0.46848127245903015,0.5424975156784058,0.006376809440553188,0.39644429087638855,0.4191235303878784,-0.013749447651207447,0.34589266777038574,0.33851397037506104,-0.03780640289187431,0.2958553433418274,0.26577454805374146,-0.05645309016108513,0.5411252379417419,0.5311070680618286,-0.013520870357751846,0.49855557084083557,0.42185062170028687,-0.034187331795692444,0.46603450179100037,0.3527049124240875,-0.04675671085715294,0.4297499656677246,0.28638437390327454,-0.057312510907649994
0.636207103729248,0.9060341119766235,4.422225003963831e-07,0.5042511224746704,0.9171057939529419,-0.03821863606572151,0.37227997183799744,0.8155251145362854,-0.0374053530395031,0.2892681360244751,0.7036588788032532,-0.035670191049575806,0.2074825018644333,0.648415744304657,-0.031835850328207016,0.35453560948371887,0.6425265073776245,0.024978986009955406,0.25330162048339844,0.5595952868461609,0.010033216327428818,0.19202306866645813,0.5093350410461426,-0.011118250899016857,0.13533642888069153,0.4565453827381134,-0.03019043803215027,0.405855268239975,0.5714126825332642,0.021382872015237808,0.31793174147605896,0.448677122592926,0.010401560924947262,0.26351314783096313,0.3703764081001282,-0.013643373735249043,0.21509306132793427,0.300596684217453,-0.03334132954478264,0.4684937298297882,0.5414319634437561,0.007018994074314833,0.39684975147247314,0.41872626543045044,-0.01430333498865366,0.34609389305114746,0.3383810520172119,-0.038855262100696564,0.2955021858215332,0.26533907651901245,-0.057753998786211014,0.5413234233856201,0.5295844674110413,-0.012483729049563408,0.49882078170776367,0.4215153455734253,-0.034194134175777435,0.4662053883075714,0.35331401228904724,-0.04747048392891884,0.42948564887046814,0.28774964809417725,-0.05850255861878395
0.635102391242981,0.9102585315704346,4.826310373573506e-07,0.501826286315918,0.9166160821914673,-0.03774377331137657,0.3722333312034607,0.815966784954071,-0.037388790398836136,0.2895200848579407,0.7050132751464844,-0.03650808334350586,0.2082086056470871,0.6487434506416321,-0.03349817171692848,0.3538396954536438,0.6441054344177246,0.027413969859480858,0.2528737783432007,0.559764564037323,0.012327390722930431,0.19220751523971558,0.5082330703735352,-0.00929223746061325,0.13637375831604004,0.4539245367050171,-0.028541602194309235,0.40527963638305664,0.5732828974723816,0.02340739406645298,0.3181350827217102,0.4486624002456665,0.012331769801676273,0.26425284147262573,0.36839398741722107,-0.012177257798612118,0.2168295830488205,0.29723772406578064,-0.03203298896551132,0.46768951416015625,0.5426279306411743,0.008525175973773003,0.39578258991241455,0.42001739144325256,-0.012534230016171932,0.34549492597579956,0.338861346244812,-0.036859579384326935,0.29611432552337646,0.2659156918525696,-0.05535312741994858,0.5398963093757629,0.5305143594741821,-0.011559088714420795,0.4960402846336365,0.4225965440273285,-0.03255316987633705,0.4633684754371643,0.35431167483329773,-0.04518379643559456,0.42751190066337585,0.28912168741226196,-0.05558233708143234
0.6367812752723694,0.9078150987625122,5.037749133407488e-07,0.5020628571510315,0.9222237467765808,-0.04120347276329994,0.37302982807159424,0.822792649269104,-0.04000532999634743,0.2902411222457886,0.7106356620788574,-0.037612903863191605,0.2072538584470749,0.6511520743370056,-0.032654695212841034,0.3536873757839203,0.6464257836341858,0.03264246881008148,0.25278162956237793,0.5624508261680603,0.021710390225052834,0.19242265820503235,0.5122273564338684,0.0016015610890462995,0.13605570793151855,0.4590023458003998,-0.017043396830558777,0.4049713909626007,0.5751190781593323,0.03122900426387787,0.3174193501472473,0.44962307810783386,0.024698477238416672,0.2629172205924988,0.36993178725242615,0.0015092564281076193,0.2153904289007187,0.30049455165863037,-0.018174519762396812,0.46634650230407715,0.5454373359680176,0.018069537356495857,0.3949545919895172,0.4214951992034912,0.0007345849298872054,0.3449050486087799,0.3418235778808594,-0.0233202762901783,0.2963145971298218,0.2703467607498169,-0.04243771731853485,0.5375107526779175,0.5322338938713074,-0.0008915868820622563,0.4926721155643463,0.423319935798645,-0.019312361255288124,0.45968616008758545,0.3550008535385132,-0.03187578171491623,0.4236662983894348,0.28822261095046997,-0.04290930926799774
0.6364497542381287,0.9069982171058655,5.326192535903829e-07,0.5002379417419434,0.921512246131897,-0.04215599223971367,0.37209686636924744,0.8243244886398315,-0.04098868742585182,0.2906064987182617,0.7136355638504028,-0.03835495933890343,0.2082122266292572,0.6504766345024109,-0.03301582857966423,0.35399168729782104,0.6459468603134155,0.032144226133823395,0.25245386362075806,0.5611213445663452,0.021154440939426422,0.19208559393882751,0.5097612142562866,0.0008231475367210805,0.13566088676452637,0.4541955888271332,-0.01818194054067135,0.4058470129966736,0.5748920440673828,0.03118348866701126,0.3169044256210327,0.4507236182689667,0.02398855984210968,0.26239895820617676,0.3695163428783417,-0.0006810728809796274,0.21452946960926056,0.29694387316703796,-0.02157626859843731,0.46714797616004944,0.5455321669578552,0.018394870683550835,0.3952392041683197,0.42422157526016235,-0.0001680507994024083,0.3442913591861725,0.3432468771934509,-0.026505732908844948,0.29369595646858215,0.2686610221862793,-0.04727070778608322,0.5383568406105042,0.531415581703186,-0.00013959618809167296,0.4941225051879883,0.42370760440826416,-0.02022636868059635,0.46102258563041687,0.356198251247406,-0.03477944806218147,0.42378801107406616,0.2889992594718933,-0.047311048954725266
0.637832760810852,0.9072626829147339,4.590444291352469e-07,0.5024672150611877,0.9225024580955505,-0.03750622645020485,0.37102818489074707,0.8256468772888184,-0.03515881299972534,0.2880396842956543,0.7132512927055359,-0.03216904401779175,0.20844043791294098,0.6550725102424622,-0.026952512562274933,0.35414737462997437,0.6503118276596069,0.03282235190272331,0.2543949484825134,0.5653265714645386,0.021015923470258713,0.19486914575099945,0.5151081085205078,0.000515093095600605,0.1397487223148346,0.4618801176548004,-0.01818014122545719,0.40332040190696716,0.5788636207580566,0.030077680945396423,0.3154054284095764,0.45514288544654846,0.022968130186200142,0.26035410165786743,0.37739405035972595,-0.00012660377251449972,0.21188977360725403,0.3085238039493561,-0.019613340497016907,0.4629943072795868,0.5477243065834045,0.01623634807765484,0.39071059226989746,0.42663779854774475,-0.00034889313974417746,0.3404850661754608,0.3480629324913025,-0.023124029859900475,0.2922816872596741,0.27840498089790344,-0.041400570422410965,0.5333101153373718,0.5345379710197449,-0.003120647044852376,0.48693856596946716,0.42913633584976196,-0.020146872848272324,0.45314499735832214,0.3628404140472412,-0.031196098774671555,0.417464017868042,0.2983921468257904,-0.04112512990832329
0.6365375518798828,0.9008387327194214,4.542884255442914e-07,0.501147985458374,0.9182301759719849,-0.03860710561275482,0.3705296218395233,0.8292075395584106,-0.0367223285138607,0.28810375928878784,0.717703640460968,-0.03398457542061806,0.21018116176128387,0.6548512578010559,-0.02877759002149105,0.35307663679122925,0.6579892635345459,0.03181472048163414,0.25573626160621643,0.5710816383361816,0.01774948462843895,0.19805307686328888,0.5197721719741821,-0.004317035432904959,0.14450624585151672,0.46476513147354126,-0.023528961464762688,0.4013954997062683,0.5869186520576477,0.03021184355020523,0.31307142972946167,0.4647747278213501,0.021085325628519058,0.2573360204696655,0.38759225606918335,-0.0036035606171935797,0.2072734236717224,0.3167338967323303,-0.02416432462632656,0.4594252407550812,0.55390864610672,0.017422033473849297,0.3883020281791687,0.4381987452507019,-0.0002697778691072017,0.3395284116268158,0.3627917468547821,-0.023150669410824776,0.292861670255661,0.2958057224750519,-0.04114559665322304,0.5287282466888428,0.5369167923927307,-0.0010164392879232764,0.48111486434936523,0.4367144703865051,-0.017731187865138054,0.4463726878166199,0.3745853006839752,-0.02851201221346855,0.41032275557518005,0.31371137499809265,-0.038218505680561066
0.6351314783096313,0.8998631238937378,5.032370609114878e-07,0.5009875297546387,0.914940357208252,-0.03991027921438217,0.37290287017822266,0.8311989903450012,-0.04022978991270065,0.2902107834815979,0.7238026857376099,-0.03937564790248871,0.21169298887252808,0.6611878275871277,-0.03594018146395683,0.35345155000686646,0.6632030606269836,0.026319380849599838,0.2577872574329376,0.5728800296783447,0.010125254280865192,0.20122383534908295,0.5209457874298096,-0.012929486110806465,0.14732691645622253,0.46451911330223083,-0.03293222561478615,0.4017181992530823,0.5923222899436951,0.024779856204986572,0.313021719455719,0.47255444526672363,0.012193289585411549,0.25781649351119995,0.39394378662109375,-0.014752848073840141,0.20632995665073395,0.3198857605457306,-0.03688295558094978,0.4599599242210388,0.5590041875839233,0.012336915358901024,0.3888913691043854,0.4445810914039612,-0.009177003987133503,0.3399345278739929,0.3684271275997162,-0.03454859182238579,0.29086989164352417,0.2995132803916931,-0.053777795284986496,0.5294339656829834,0.5394231677055359,-0.005472658202052116,0.4819115400314331,0.43730029463768005,-0.025659944862127304,0.44670552015304565,0.3739589750766754,-0.038742974400520325,0.40865394473075867,0.31188517808914185,-0.04979507625102997
0.6342727541923523,0.8953680396080017,4.376782385406841e-07,0.4990634620189667,0.9083758592605591,-0.03545371815562248,0.37181150913238525,0.825325608253479,-0.03321659937500954,0.29145359992980957,0.7191578149795532,-0.030840639024972916,0.21793688833713531,0.6555108428001404,-0.026045022532343864,0.3566432595252991,0.6671796441078186,0.03169695660471916,0.2647169828414917,0.5788159966468811,0.015794292092323303,0.20977674424648285,0.5282710790634155,-0.007425050716847181,0.15745732188224792,0.4724683165550232,-0.027507077902555466,0.4023505747318268,0.597302258014679,0.028524983674287796,0.3140830993652344,0.4831444025039673,0.016040975227952003,0.25710225105285645,0.4069114327430725,-0.011577417142689228,0.20355679094791412,0.33334529399871826,-0.0344296358525753,0.458323210477829,0.5632653832435608,0.014701894484460354,0.38899320363998413,0.4546968936920166,-0.006457553245127201,0.3417421579360962,0.38439345359802246,-0.0314607210457325,0.2948338985443115,0.32153818011283875,-0.05030020698904991,0.5263503789901733,0.543891966342926,-0.004271335434168577,0.4769255518913269,0.4482251703739166,-0.024242565035820007,0.43928083777427673,0.38903817534446716,-0.037622999399900436,0.39921972155570984,0.33109250664711,-0.04890002682805061
0.6329736113548279,0.8934054374694824,5.053626637163688e-07,0.4994470477104187,0.9081821441650391,-0.03687039390206337,0.3727843761444092,0.8257771134376526,-0.03534717857837677,0.292326956987381,0.7187273502349854,-0.03307292237877846,0.21861489117145538,0.6558188796043396,-0.028195617720484734,0.35512474179267883,0.6705808639526367,0.029139213263988495,0.2645076513290405,0.5789515376091003,0.013642098754644394,0.21006380021572113,0.5271942019462585,-0.009316671639680862,0.1572936773300171,0.4711386561393738,-0.029085630550980568,0.40118032693862915,0.6002930402755737,0.027169156819581985,0.3128562569618225,0.4836622476577759,0.015206885524094105,0.2549179792404175,0.40591615438461304,-0.01212924811989069,0.19997532665729523,0.3322896659374237,-0.034595243632793427,0.4576548933982849,0.5659283995628357,0.014716369099915028,0.3883054256439209,0.4551711678504944,-0.0057677337899804115,0.3402775526046753,0.3837489187717438,-0.030779868364334106,0.2927616238594055,0.32135695219039917,-0.049478862434625626,0.5257096290588379,0.544917106628418,-0.002893074182793498,0.4773547947406769,0.44655656814575195,-0.022222306579351425,0.4404451847076416,0.3867473304271698,-0.0352468378841877,0.40115252137184143,0.32946255803108215,-0.04603121802210808
0.6353079676628113,0.8905870914459229,3.9545918184558104e-07,0.4996187686920166,0.901570200920105,-0.03498787805438042,0.37261632084846497,0.8197627067565918,-0.03086068294942379,0.29257655143737793,0.7134467959403992,-0.027111880481243134,0.22366726398468018,0.6462442874908447,-0.020427143201231956,0.3640563488006592,0.6734256744384766,0.03759358078241348,0.2783721089363098,0.5847272872924805,0.023004496470093727,0.22432032227516174,0.534969687461853,0.0007792390533722937,0.1730874478816986,0.48004141449928284,-0.01866191066801548,0.4067230224609375,0.6053733229637146,0.03565188869833946,0.32217520475387573,0.5008663535118103,0.02266784757375717,0.2644149661064148,0.4292341470718384,-0.004948968067765236,0.20967860519886017,0.35862550139427185,-0.027498027309775352,0.4598751962184906,0.570652961730957,0.022712836042046547,0.3972718119621277,0.4703468084335327,-0.0004393969429656863,0.3544957637786865,0.41264915466308594,-0.024697953835129738,0.3110909163951874,0.36177828907966614,-0.04152357950806618,0.5252619385719299,0.5480408668518066,0.004644799046218395,0.47847065329551697,0.45922166109085083,-0.016949951648712158,0.43993479013442993,0.4064147472381592,-0.03102608397603035,0.39833498001098633,0.3556186258792877,-0.04186626523733139
0.6423736214637756,0.8904197216033936,3.442727916080912e-07,0.5047736763954163,0.9012719392776489,-0.026355909183621407,0.37939876317977905,0.8190041780471802,-0.01962091587483883,0.30378496646881104,0.7140951156616211,-0.015026018023490906,0.24434347450733185,0.6374436616897583,-0.007118285167962313,0.3742404282093048,0.6774961948394775,0.04925652965903282,0.2965724468231201,0.5897229313850403,0.041765887290239334,0.24696582555770874,0.5412940979003906,0.022634396329522133,0.19715586304664612,0.4928005337715149,0.004125413950532675,0.4143930673599243,0.6167420744895935,0.04569035768508911,0.3360747694969177,0.5204092264175415,0.039119523018598557,0.27997496724128723,0.4584349989891052,0.01544179953634739,0.2246062457561493,0.40494006872177124,-0.004922283347696066,0.46571433544158936,0.5825785398483276,0.03191055357456207,0.39649876952171326,0.48797059059143066,0.015705402940511703,0.3470616638660431,0.44218212366104126,-0.005436749197542667,0.29613572359085083,0.4096042811870575,-0.021680425852537155,0.531697154045105,0.5560129284858704,0.013452533632516861,0.48366913199424744,0.4703131318092346,-0.004201191011816263,0.44398245215415955,0.42957162857055664,-0.01696694642305374,0.40123412013053894,0.396912157535553,-0.02731841616332531
0.6378017067909241,0.8864095211029053,4.210732527099026e-07,0.5069301128387451,0.8994951248168945,-0.028463568538427353,0.38176947832107544,0.8209269642829895,-0.023503204807639122,0.30406370759010315,0.7150207757949829,-0.0201361496001482,0.2438279688358307,0.6424663066864014,-0.013487405143678188,0.37786686420440674,0.6794485449790955,0.04026827961206436,0.2989215850830078,0.5917022228240967,0.02936556003987789,0.24872319400310516,0.5434973835945129,0.010095946490764618,0.19890406727790833,0.4934215545654297,-0.007507484406232834,0.4172782003879547,0.6158438324928284,0.037500444799661636,0.339213490486145,0.5196378231048584,0.026675526052713394,0.2821480333805084,0.4529985785484314,0.002912008436396718,0.2287413626909256,0.3967971205711365,-0.016486618667840958,0.4673711061477661,0.5817094445228577,0.024783750995993614,0.4073660671710968,0.4869326651096344,0.002732521388679743,0.37119826674461365,0.4502302408218384,-0.017823828384280205,0.3344864547252655,0.4312945604324341,-0.03036211058497429,0.5297253727912903,0.5572302341461182,0.007724474649876356,0.4847012162208557,0.47254353761672974,-0.013219417072832584,0.44830697774887085,0.4295719861984253,-0.026590943336486816,0.40914008021354675,0.39778846502304077,-0.0355849526822567
0.6490005254745483,0.8928931951522827,2.480019816175627e-07,0.5154609084129333,0.8997499942779541,-0.021360186859965324,0.395053893327713,0.8248011469841003,-0.012702411971986294,0.31944209337234497,0.7214027643203735,-0.007446599658578634,0.260723739862442,0.6509202718734741,0.0013839676976203918,0.38416072726249695,0.6926136016845703,0.06101609393954277,0.31514739990234375,0.6095163822174072,0.059056129306554794,0.27479973435401917,0.5622422099113464,0.04231651499867439,0.2340073138475418,0.5168739557266235,0.024991119280457497,0.42706429958343506,0.6352958083152771,0.05797160416841507,0.3541974425315857,0.5602235794067383,0.05340607464313507,0.30197495222091675,0.5199037194252014,0.028325209394097328,0.25643688440322876,0.49424636363983154,0.006821414455771446,0.47902435064315796,0.6001579165458679,0.04543955624103546,0.4179932773113251,0.5119131803512573,0.02764138951897621,0.3875645697116852,0.4835469722747803,0.00662974501028657,0.3662608861923218,0.48403501510620117,-0.0069916085340082645,0.5441229939460754,0.5703989863395691,0.02924710139632225,0.5001660585403442,0.48456746339797974,0.010605022311210632,0.47112274169921875,0.4536200761795044,-0.0016404525376856327,0.44878068566322327,0.44618821144104004,-0.009509516879916191
0.6662882566452026,0.8870441913604736,8.774356530238947e-08,0.5318771004676819,0.9056985974311829,-0.024142036214470863,0.4136286973953247,0.8365747928619385,-0.00993532594293356,0.34336191415786743,0.7380726337432861,-0.0018534624250605702,0.2844747006893158,0.6705102324485779,0.00879520270973444,0.40235185623168945,0.706996738910675,0.09195393323898315,0.34052059054374695,0.6189900040626526,0.09504464268684387,0.2971469461917877,0.5657743215560913,0.0758933499455452,0.2588769197463989,0.5195165872573853,0.05555564910173416,0.44622981548309326,0.6501457095146179,0.08852247893810272,0.36862972378730774,0.5479229688644409,0.05695049464702606,0.37393561005592346,0.5527504682540894,0.004209164530038834,0.39738962054252625,0.5851766467094421,-0.023402603343129158,0.49448511004447937,0.6093436479568481,0.07592609524726868,0.4273914396762848,0.5017472505569458,0.03431590273976326,0.4295607805252075,0.5164933204650879,-0.015838630497455597,0.45780137181282043,0.5661802291870117,-0.03790757805109024,0.5550156235694885,0.5666654706001282,0.06145007908344269,0.4970993995666504,0.47531408071517944,0.027214573696255684,0.49131113290786743,0.4811024069786072,-0.002283673034980893,0.5118687152862549,0.5168140530586243,-0.01768721640110016
0.6946208477020264,0.9125224351882935,-2.7255418899585493e-07,0.5706523656845093,0.9464728832244873,-0.023141900077462196,0.44995155930519104,0.8801631927490234,-0.015187847428023815,0.3822503685951233,0.7785134315490723,-0.011988391168415546,0.3270373046398163,0.7104557752609253,-0.006067698355764151,0.4288191795349121,0.7211087346076965,0.05346572771668434,0.36887890100479126,0.6368781328201294,0.0417785607278347,0.32705289125442505,0.5900238752365112,0.02617734484374523,0.288812518119812,0.5533823370933533,0.013316278345882893,0.47410136461257935,0.6629701852798462,0.046118997037410736,0.40702390670776367,0.5588163137435913,0.0032312339171767235,0.43439221382141113,0.6152752637863159,-0.023015625774860382,0.46772703528404236,0.677368700504303,-0.02407212182879448,0.5268420577049255,0.6256187558174133,0.030910363420844078,0.47217535972595215,0.5199402570724487,-0.01691305823624134,0.4990669786930084,0.5781319737434387,-0.02746615931391716,0.5328205227851868,0.6343465447425842,-0.016579199582338333,0.5903012752532959,0.5956907868385315,0.013105049729347229,0.5413743853569031,0.5033305883407593,-0.018941674381494522,0.5494078397750854,0.5411727428436279,-0.02053988166153431,0.5746182799339294,0.5874970555305481,-0.011100482195615768
0.6977145671844482,0.914138674736023,-1.3596419989880815e-07,0.57438725233078,0.9428246021270752,-0.023893864825367928,0.45295000076293945,0.8741214275360107,-0.017727406695485115,0.38421618938446045,0.7728474736213684,-0.016537779942154884,0.32739025354385376,0.7063395977020264,-0.01254674606025219,0.42891210317611694,0.7218067049980164,0.056283317506313324,0.36941444873809814,0.6366432309150696,0.04345868527889252,0.32834550738334656,0.5898448824882507,0.02581915073096752,0.2915548086166382,0.5487105846405029,0.01138716284185648,0.47597599029541016,0.6636836528778076,0.048505011945962906,0.40725284814834595,0.5560237765312195,0.0003696475178003311,0.43473976850509644,0.6078287363052368,-0.032090749591588974,0.47063419222831726,0.6683693528175354,-0.035727765411138535,0.5301358699798584,0.6257346868515015,0.03280142694711685,0.4751821458339691,0.5191402435302734,-0.016384925693273544,0.4981513023376465,0.5647799968719482,-0.032690227031707764,0.5297237634658813,0.616902768611908,-0.02521951124072075,0.5942592620849609,0.5960685014724731,0.014562048017978668,0.5448394417762756,0.5082213878631592,-0.01780911162495613,0.5497272610664368,0.5378292202949524,-0.02294830046594143,0.5717487335205078,0.5793026089668274,-0.01598256826400757
0.7745260000228882,0.9172894358634949,-3.2697141705284594e-07,0.6542391777038574,0.9604812860488892,-0.03574144095182419,0.5275153517723083,0.9139503836631775,-0.0388462133705616,0.45174509286880493,0.8230215311050415,-0.0456664115190506,0.3896857500076294,0.7540463209152222,-0.04927312955260277,0.48704883456230164,0.7598831057548523,0.042764220386743546,0.4204058051109314,0.6839963793754578,0.017086368054151535,0.3775169849395752,0.6430842280387878,-0.00810473132878542,0.3399631381034851,0.6088452935218811,-0.025530189275741577,0.5320693254470825,0.697682797908783,0.03604026138782501,0.4618162512779236,0.5973231196403503,-0.02697509527206421,0.5048036575317383,0.6586279273033142,-0.06386884301900864,0.5505245923995972,0.7226227521896362,-0.06629667431116104,0.5842336416244507,0.654581606388092,0.020137745887041092,0.5301792621612549,0.5681138038635254,-0.046276748180389404,0.5728007555007935,0.6285327076911926,-0.06253721565008163,0.6140246987342834,0.6851587891578674,-0.049126431345939636,0.6438269019126892,0.6188768744468689,0.0012320063542574644,0.5932936668395996,0.5448357462882996,-0.04377869889140129,0.6136049628257751,0.5877988338470459,-0.04715564474463463,0.6454152464866638,0.633242130279541,-0.03475997969508171
0.8630528450012207,0.9267431497573853,-5.294886591400427e-07,0.7594466805458069,0.9936248660087585,-0.02463933266699314,0.6262746453285217,0.9568557143211365,-0.02693653292953968,0.5424456000328064,0.8759192824363708,-0.034282345324754715,0.4743275046348572,0.8156808614730835,-0.03815421462059021,0.5633305907249451,0.8217916488647461,0.03564295172691345,0.4884483516216278,0.736723780632019,0.014093436300754547,0.4515538215637207,0.6964448094367981,-0.0014772568829357624,0.42303019762039185,0.6703850030899048,-0.010999827645719051,0.6033552289009094,0.751417338848114,0.028428664430975914,0.5497934222221375,0.6796242594718933,-0.023160003125667572,0.6194729208946228,0.7395061254501343,-0.04379374906420708,0.6806090474128723,0.7999780774116516,-0.038569673895835876,0.6516956686973572,0.69684898853302,0.013642499223351479,0.6082218289375305,0.6326531171798706,-0.04478338733315468,0.6724821925163269,0.7038404941558838,-0.045482221990823746,0.725311279296875,0.7650447487831116,-0.024535564705729485,0.7058924436569214,0.6511456370353699,-0.002772803418338299,0.6631101369857788,0.5966308116912842,-0.04205463081598282,0.7001348733901978,0.650451123714447,-0.0366392508149147,0.7403521537780762,0.6962788701057434,-0.019114112481474876
0.8919142484664917,0.9477375745773315,-2.477437135439686e-07,0.782738447189331,1.0059571266174316,-0.02784455567598343,0.645913302898407,0.9609370827674866,-0.030170224606990814,0.5576959848403931,0.8669958114624023,-0.03767348453402519,0.4878622591495514,0.7929737567901611,-0.043190859258174896,0.5880811810493469,0.8387846350669861,0.04174356907606125,0.5207783579826355,0.7605909705162048,0.021188365295529366,0.4711495041847229,0.7151889204978943,0.0036793274339288473,0.4266345500946045,0.6804337501525879,-0.009238844737410545,0.6255566477775574,0.7641629576683044,0.0344575010240078,0.5619925856590271,0.6914522647857666,-0.019878419116139412,0.6271112561225891,0.7483367919921875,-0.04462354630231857,0.6834474205970764,0.8063029050827026,-0.04158400371670723,0.6722671389579773,0.7091022729873657,0.01913977600634098,0.6147764325141907,0.6392838954925537,-0.04105699062347412,0.676360011100769,0.7063661813735962,-0.0411076582968235,0.7271591424942017,0.766392707824707,-0.019381722435355186,0.7248546481132507,0.6652134656906128,0.0016755072865635157,0.6684563159942627,0.6083847880363464,-0.037510961294174194,0.7040084004402161,0.6625856757164001,-0.02991662546992302,0.744756817817688,0.7101907730102539,-0.011152352206408978
0.4679567813873291,0.8796348571777344,9.892039543046849e-07,0.36201775074005127,0.9013490676879883,-0.02662462554872036,0.26502224802970886,0.8741938471794128,-0.061255503445863724,0.19325284659862518,0.8329527378082275,-0.09227151423692703,0.13584841787815094,0.7929139733314514,-0.12798810005187988,0.2480347752571106,0.8212646245956421,-0.11878728866577148,0.14568062126636505,0.7284179925918579,-0.1794481724500656,0.08045682311058044,0.6554971933364868,-0.21304045617580414,0.026377186179161072,0.5916597843170166,-0.23505446314811707,0.3026437759399414,0.7582201957702637,-0.13833948969841003,0.20156128704547882,0.6320449113845825,-0.2046356350183487,0.128790020942688,0.533920168876648,-0.2410607784986496,0.0677919089794159,0.4503725469112396,-0.26369011402130127,0.374269962310791,0.7053370475769043,-0.1555822789669037,0.28167352080345154,0.5810362696647644,-0.2194661945104599,0.21006327867507935,0.49003779888153076,-0.253217875957489,0.14538279175758362,0.4122989773750305,-0.2725408673286438,0.452112078666687,0.6638891696929932,-0.1708381623029709,0.3988235592842102,0.5554473400115967,-0.2287905216217041,0.3480874300003052,0.4842227101325989,-0.25394585728645325,0.2959596514701843,0.4203859865665436,-0.26773303747177124
0.49502110481262207,0.9745573997497559,1.1138084801132209e-06,0.4002338647842407,1.0000361204147339,-0.0443999320268631,0.2911645770072937,0.9613292217254639,-0.07865850627422333,0.21048122644424438,0.9205183982849121,-0.10695499181747437,0.13445821404457092,0.8998038172721863,-0.13871920108795166,0.25929582118988037,0.8203209638595581,-0.09772825986146927,0.15304148197174072,0.7328211069107056,-0.15567566454410553,0.0797760933637619,0.6681013703346252,-0.19547078013420105,0.01870119571685791,0.6104511022567749,-0.2230881303548813,0.31004446744918823,0.7515288591384888,-0.10999546945095062,0.20922866463661194,0.6266134977340698,-0.1704356074333191,0.13370966911315918,0.5334238409996033,-0.21353700757026672,0.06422169506549835,0.4529571235179901,-0.24207879602909088,0.3792547881603241,0.7079641222953796,-0.12419413775205612,0.2871611416339874,0.5795238018035889,-0.1847722828388214,0.21772648394107819,0.4957713186740875,-0.2232583463191986,0.1520666480064392,0.427089124917984,-0.24649842083454132,0.45851749181747437,0.6834768652915955,-0.13910062611103058,0.40495777130126953,0.563433051109314,-0.19441992044448853,0.3533920645713806,0.4883241057395935,-0.22098831832408905,0.29706186056137085,0.4266366958618164,-0.23669107258319855
0.5142598152160645,1.0073773860931396,7.56976589855185e-07,0.3936411142349243,1.0386196374893188,-0.044292520731687546,0.2727833688259125,0.9829785823822021,-0.07093232870101929,0.18843156099319458,0.9073134660720825,-0.09335789084434509,0.10424277186393738,0.8630984425544739,-0.11719009280204773,0.2532197833061218,0.8238140940666199,-0.061516184359788895,0.1429183930158615,0.7319690585136414,-0.10888747125864029,0.07212838530540466,0.6676315665245056,-0.14367488026618958,0.012492239475250244,0.6087585091590881,-0.1681872457265854,0.30507954955101013,0.7501199841499329,-0.07123924046754837,0.19881361722946167,0.6225996017456055,-0.1167466938495636,0.12581174075603485,0.5341916084289551,-0.1540759801864624,0.061898380517959595,0.4581869840621948,-0.17947416007518768,0.3737359941005707,0.7068172097206116,-0.08561398833990097,0.28008097410202026,0.5742765665054321,-0.13218216598033905,0.21251317858695984,0.4866907596588135,-0.16495287418365479,0.15096305310726166,0.4140205383300781,-0.1856193244457245,0.4543471038341522,0.6858577132225037,-0.10228639096021652,0.39703288674354553,0.5655628442764282,-0.14394859969615936,0.3484523594379425,0.4901268780231476,-0.16402678191661835,0.299556165933609,0.4270521402359009,-0.17611373960971832
0.5293738842010498,1.0557942390441895,6.777200951546547e-07,0.39875930547714233,1.0827562808990479,-0.03603748604655266,0.2688155472278595,1.0185097455978394,-0.055291797965765,0.17444796860218048,0.9509580731391907,-0.07295355200767517,0.08462998270988464,0.9268511533737183,-0.09149167686700821,0.24945849180221558,0.8390153050422668,-0.03527868166565895,0.1386869251728058,0.744479238986969,-0.07477416098117828,0.06758487224578857,0.681597113609314,-0.10694010555744171,0.006123214960098267,0.6251671314239502,-0.13061735033988953,0.30065083503723145,0.7650608420372009,-0.04722028970718384,0.1936447024345398,0.6325196623802185,-0.0847301334142685,0.12070260941982269,0.5434184074401855,-0.11836765706539154,0.0571017861366272,0.4682064354419708,-0.14173771440982819,0.36880427598953247,0.7226001024246216,-0.06487849354743958,0.2748619318008423,0.5856648683547974,-0.10487192869186401,0.2080255150794983,0.4964195787906647,-0.13402925431728363,0.14655831456184387,0.42333993315696716,-0.15275606513023376,0.44927358627319336,0.7026852369308472,-0.08508864790201187,0.39414745569229126,0.5756874084472656,-0.1202249601483345,0.3465197682380676,0.49956652522087097,-0.1367422491312027,0.2969414293766022,0.43684282898902893,-0.14719973504543304
0.5355338454246521,1.0776448249816895,5.932277531428554e-07,0.4063494801521301,1.097691535949707,-0.03601555898785591,0.2791009843349457,1.0265123844146729,-0.054002393037080765,0.18996064364910126,0.9523972272872925,-0.07105150073766708,0.10306558012962341,0.9105923175811768,-0.088166743516922,0.2485831081867218,0.833362340927124,-0.030442766845226288,0.13535331189632416,0.7364560961723328,-0.06874074041843414,0.0650043785572052,0.6715620160102844,-0.10057090222835541,0.006204336881637573,0.6113734841346741,-0.12386414408683777,0.29896026849746704,0.7596024870872498,-0.04295221343636513,0.1880754977464676,0.6256411075592041,-0.07890719920396805,0.11592946946620941,0.5370597839355469,-0.11238528788089752,0.052678316831588745,0.46140193939208984,-0.1356385499238968,0.3669895827770233,0.7192018032073975,-0.061623960733413696,0.2731400728225708,0.5784914493560791,-0.0996064692735672,0.2078811377286911,0.48995545506477356,-0.127726212143898,0.14494512975215912,0.41750970482826233,-0.14632105827331543,0.4481824040412903,0.7032577395439148,-0.08335239440202713,0.393280565738678,0.5748014450073242,-0.11676757037639618,0.3448556065559387,0.49641093611717224,-0.13246622681617737,0.29323986172676086,0.431424081325531,-0.14250725507736206
0.552487850189209,1.0999231338500977,5.816622206111788e-07,0.422743022441864,1.1351786851882935,-0.03059801459312439,0.2921999990940094,1.1020185947418213,-0.049189016222953796,0.1974572241306305,1.0701904296875,-0.0693763718008995,0.116009920835495,1.0478631258010864,-0.0906573012471199,0.2467082440853119,0.8567054867744446,-0.0216544009745121,0.13513022661209106,0.7625797986984253,-0.05868421122431755,0.06644922494888306,0.6967312693595886,-0.09218942373991013,0.005876123905181885,0.6361045241355896,-0.11780239641666412,0.2950793504714966,0.776390790939331,-0.03861827775835991,0.18266329169273376,0.6410098075866699,-0.07584264874458313,0.10820265114307404,0.5498287677764893,-0.11218937486410141,0.04081839323043823,0.4684297442436218,-0.13759183883666992,0.3625450134277344,0.7336999177932739,-0.06157625466585159,0.2676977217197418,0.5944226980209351,-0.10099998116493225,0.20009543001651764,0.5049387216567993,-0.13288161158561707,0.133670836687088,0.4320380687713623,-0.15342871844768524,0.4455104470252991,0.7150416970252991,-0.0872078388929367,0.39068296551704407,0.5847748517990112,-0.12136340886354446,0.3403540551662445,0.5078365802764893,-0.1385975480079651,0.28564608097076416,0.44428321719169617,-0.14947231113910675
0.5570579171180725,1.1128950119018555,6.052827643543424e-07,0.42960092425346375,1.1424059867858887,-0.033774178475141525,0.3005521297454834,1.1093209981918335,-0.05578332021832466,0.20636925101280212,1.0822334289550781,-0.07916893064975739,0.1297130286693573,1.066720724105835,-0.10388851165771484,0.24710439145565033,0.8580994606018066,-0.028323503211140633,0.13094373047351837,0.7606858611106873,-0.06817168742418289,0.06022512912750244,0.6932100653648376,-0.10409358143806458,-0.0015209019184112549,0.6288261413574219,-0.1311885416507721,0.2968668043613434,0.7793872952461243,-0.04484201967716217,0.18260180950164795,0.6423259377479553,-0.08175414055585861,0.11017093062400818,0.5536561012268066,-0.1174602285027504,0.04511687159538269,0.47387996315956116,-0.14280177652835846,0.3652307093143463,0.7360613346099854,-0.06741809099912643,0.269844114780426,0.5968343019485474,-0.10456594079732895,0.2010921686887741,0.5056233406066895,-0.13301719725131989,0.13443879783153534,0.42935943603515625,-0.1523122936487198,0.4484648108482361,0.7181883454322815,-0.09342578053474426,0.39175543189048767,0.5889356136322021,-0.12523174285888672,0.3417122960090637,0.5098221898078918,-0.13906028866767883,0.2875521183013916,0.44165897369384766,-0.1479434072971344
0.5713971853256226,1.123540997505188,5.565281639974273e-07,0.4441099464893341,1.1526384353637695,-0.028488311916589737,0.3187360167503357,1.1186103820800781,-0.04836481064558029,0.23170669376850128,1.0877585411071777,-0.07122957706451416,0.15958380699157715,1.0650815963745117,-0.09567514061927795,0.2536613941192627,0.8729962706565857,-0.02028878591954708,0.13375617563724518,0.7785783410072327,-0.05634051561355591,0.06317588686943054,0.7168012261390686,-0.08943051099777222,0.0018734633922576904,0.6558379530906677,-0.1152222752571106,0.29996222257614136,0.7931704521179199,-0.0400274358689785,0.17861837148666382,0.6544902920722961,-0.07589182257652283,0.10265788435935974,0.5646171569824219,-0.11252309381961823,0.03489053249359131,0.4828967750072479,-0.138814315199852,0.36770108342170715,0.7500486373901367,-0.06553464382886887,0.2681216895580292,0.6042630672454834,-0.10288459807634354,0.19853147864341736,0.5116713047027588,-0.1350085586309433,0.13039471209049225,0.4348129630088806,-0.15717466175556183,0.4521203637123108,0.7314414978027344,-0.09377454966306686,0.39371320605278015,0.5976370573043823,-0.12644162774085999,0.34077298641204834,0.5160700082778931,-0.14284002780914307,0.2832569479942322,0.44684168696403503,-0.15416814386844635
0.5637136697769165,1.1427680253982544,5.649117724715325e-07,0.4316287636756897,1.1654026508331299,-0.029224436730146408,0.30687376856803894,1.123285174369812,-0.046501800417900085,0.21984368562698364,1.080601453781128,-0.06656672060489655,0.1475011557340622,1.0463180541992188,-0.08799121528863907,0.2503470182418823,0.875290036201477,-0.0131826251745224,0.1309397667646408,0.7810102105140686,-0.04751763865351677,0.06058511137962341,0.7189774513244629,-0.08001551777124405,0.00013181567192077637,0.6569395661354065,-0.10565055906772614,0.29777732491493225,0.7925462126731873,-0.032171543687582016,0.17751581966876984,0.6527553796768188,-0.0657653957605362,0.10335730016231537,0.5631065368652344,-0.10161249339580536,0.03790140151977539,0.48184308409690857,-0.1276342123746872,0.365861713886261,0.7493374347686768,-0.05775821954011917,0.2668522596359253,0.6040627956390381,-0.09412095695734024,0.1989835649728775,0.5108296871185303,-0.12516790628433228,0.13155482709407806,0.4322030246257782,-0.14695002138614655,0.4511486291885376,0.7326474785804749,-0.08636214584112167,0.3918234407901764,0.5999629497528076,-0.11862160265445709,0.3411444127559662,0.5188095569610596,-0.1342451274394989,0.2852585017681122,0.4482029974460602,-0.1453094482421875
0.585137128829956,1.1520674228668213,5.556558448915894e-07,0.45689284801483154,1.1827404499053955,-0.0323307104408741,0.33007362484931946,1.152719259262085,-0.0535312220454216,0.24140220880508423,1.1217745542526245,-0.07737644761800766,0.1634289026260376,1.0886013507843018,-0.10185808688402176,0.2554126977920532,0.8924652338027954,-0.020446276292204857,0.1317453533411026,0.7907512187957764,-0.059358615428209305,0.057432323694229126,0.723354160785675,-0.09478601813316345,-0.007380366325378418,0.658719003200531,-0.12205357849597931,0.3028327524662018,0.8118614554405212,-0.03925621509552002,0.17897602915763855,0.6699301600456238,-0.07691968977451324,0.10249648988246918,0.577678918838501,-0.1140395924448967,0.03360578417778015,0.4931109845638275,-0.14046037197113037,0.37169283628463745,0.7670047283172607,-0.06475972384214401,0.2682739794254303,0.6175649166107178,-0.10440684854984283,0.19908466935157776,0.5244359374046326,-0.13519367575645447,0.13052356243133545,0.4467686712741852,-0.15566261112689972,0.4599478542804718,0.7464967370033264,-0.09363193809986115,0.39962390065193176,0.6089844107627869,-0.12865927815437317,0.3465651571750641,0.528472363948822,-0.14453963935375214,0.28900206089019775,0.46239984035491943,-0.15448325872421265
0.5730468034744263,1.1709535121917725,5.877776629859e-07,0.4355670213699341,1.1805789470672607,-0.029653940349817276,0.3049139678478241,1.1248271465301514,-0.047479014843702316,0.21429064869880676,1.073961853981018,-0.06840721517801285,0.13699936866760254,1.0323060750961304,-0.09016261249780655,0.2523249685764313,0.8870180249214172,-0.016480840742588043,0.1307416707277298,0.781452476978302,-0.05583301931619644,0.05965337157249451,0.7134899497032166,-0.09146063774824142,-0.0024385154247283936,0.645735502243042,-0.11838588118553162,0.30205604434013367,0.8089990615844727,-0.03573654219508171,0.17790821194648743,0.666019082069397,-0.07355304807424545,0.10150299966335297,0.5734578371047974,-0.11104034632444382,0.032177746295928955,0.48781919479370117,-0.13761606812477112,0.3722509741783142,0.7659595012664795,-0.06164151430130005,0.26980698108673096,0.6170016527175903,-0.10100618004798889,0.19839724898338318,0.5216842293739319,-0.13160420954227448,0.12722012400627136,0.4425421953201294,-0.15219634771347046,0.4601891338825226,0.7462247610092163,-0.0907607153058052,0.3986097276210785,0.6080905199050903,-0.12386889010667801,0.3453468978404999,0.5244500637054443,-0.13878287374973297,0.28722381591796875,0.4548455774784088,-0.14880545437335968
0.5990329384803772,1.1642779111862183,5.25304699294793e-07,0.4745035767555237,1.2002156972885132,-0.03261203691363335,0.3517346978187561,1.1759216785430908,-0.05642891675233841,0.2680932283401489,1.1438806056976318,-0.08360465615987778,0.19572502374649048,1.1086422204971313,-0.11176812648773193,0.26482272148132324,0.8998339772224426,-0.020154252648353577,0.13854017853736877,0.8022274971008301,-0.06014782190322876,0.06297853589057922,0.738136887550354,-0.09749983251094818,-0.002834111452102661,0.6749389171600342,-0.12681086361408234,0.3113916516304016,0.8179200887680054,-0.04086338356137276,0.18445219099521637,0.6738306283950806,-0.08018606901168823,0.10557307302951813,0.5807366371154785,-0.12071725726127625,0.03483814001083374,0.4940108060836792,-0.1502847820520401,0.3805481791496277,0.7743185758590698,-0.06824763119220734,0.2742842137813568,0.6213019490242004,-0.10944607108831406,0.2040388286113739,0.5277795791625977,-0.14324751496315002,0.13463476300239563,0.4494258761405945,-0.16624653339385986,0.4704025387763977,0.7561166286468506,-0.09894470870494843,0.4084027409553528,0.6158546209335327,-0.13530157506465912,0.35359588265419006,0.5346779227256775,-0.15295296907424927,0.2938593626022339,0.4679028391838074,-0.1645994335412979
0.5899243950843811,1.1839674711227417,5.611981919173559e-07,0.46038907766342163,1.211983561515808,-0.03013545088469982,0.33556535840034485,1.173593521118164,-0.05100640654563904,0.25188589096069336,1.1259708404541016,-0.07512258738279343,0.18024051189422607,1.076454997062683,-0.10005044937133789,0.26087823510169983,0.9030922651290894,-0.017563126981258392,0.13890403509140015,0.8001499772071838,-0.05675869062542915,0.06809377670288086,0.7345584630966187,-0.09327299147844315,0.006248921155929565,0.6695885062217712,-0.1216210126876831,0.3087015151977539,0.8218522667884827,-0.03890785202383995,0.18167638778686523,0.6767679452896118,-0.07718478888273239,0.10420921444892883,0.5826690196990967,-0.1165471076965332,0.03379333019256592,0.4959408938884735,-0.14511850476264954,0.3784421682357788,0.7785301208496094,-0.06689303368330002,0.2754255533218384,0.625069260597229,-0.10781480371952057,0.20539000630378723,0.5284716486930847,-0.14116929471492767,0.1342003345489502,0.4479391276836395,-0.1641615629196167,0.4685649275779724,0.7607660293579102,-0.09790953248739243,0.40728244185447693,0.6190459728240967,-0.13432148098945618,0.3540710210800171,0.5362889766693115,-0.15162602066993713,0.2943173348903656,0.46767207980155945,-0.16331061720848083
0.6049116253852844,1.1907134056091309,5.919749241911632e-07,0.4848330616950989,1.2204256057739258,-0.03510674089193344,0.3656045198440552,1.1906436681747437,-0.06113918870687485,0.28628724813461304,1.150641679763794,-0.09013524651527405,0.2202882468700409,1.1051771640777588,-0.12013498693704605,0.26735758781433105,0.9178425073623657,-0.026582717895507812,0.13699884712696075,0.8144192099571228,-0.07006386667490005,0.06135013699531555,0.7452580332756042,-0.1089717373251915,-0.003950744867324829,0.6759892106056213,-0.1391190141439438,0.3164236843585968,0.8333324790000916,-0.047651562839746475,0.18692611157894135,0.6864897012710571,-0.08972950279712677,0.10686862468719482,0.589585542678833,-0.13202418386936188,0.03435584902763367,0.4987122118473053,-0.16294825077056885,0.3882005512714386,0.7886185050010681,-0.07550256699323654,0.2817584276199341,0.6318594217300415,-0.12019403278827667,0.2102779597043991,0.5345295667648315,-0.156100794672966,0.13855358958244324,0.45275959372520447,-0.18047884106636047,0.48104119300842285,0.7708034515380859,-0.1066276803612709,0.4185216426849365,0.6266143321990967,-0.14679044485092163,0.36321595311164856,0.5432689189910889,-0.16632965207099915,0.3019098937511444,0.4760506749153137,-0.17919236421585083
0.6066250801086426,1.1955496072769165,6.231719567040273e-07,0.4852292537689209,1.2219822406768799,-0.03580185025930405,0.37053269147872925,1.1783939599990845,-0.06146850436925888,0.3049093186855316,1.113969326019287,-0.0899820402264595,0.25394392013549805,1.0505743026733398,-0.11908634006977081,0.2688171863555908,0.9143980145454407,-0.021065818145871162,0.14306603372097015,0.8135192394256592,-0.06359851360321045,0.06908264756202698,0.7488449811935425,-0.10360449552536011,0.0029354095458984375,0.6833500266075134,-0.13479772210121155,0.31729403138160706,0.829144299030304,-0.041863128542900085,0.1878243237733841,0.681731104850769,-0.08210238814353943,0.10586236417293549,0.5845550298690796,-0.12506213784217834,0.030699461698532104,0.49408167600631714,-0.15704463422298431,0.3887959122657776,0.7855241298675537,-0.0699789822101593,0.28118574619293213,0.6287403106689453,-0.11312562972307205,0.20995637774467468,0.5307775735855103,-0.14925789833068848,0.13839273154735565,0.4502118229866028,-0.1742403507232666,0.4820713996887207,0.7697689533233643,-0.10169724375009537,0.4160518944263458,0.6236937046051025,-0.1397167444229126,0.3619053363800049,0.5395582318305969,-0.15819025039672852,0.301866352558136,0.4718518853187561,-0.17103350162506104
0.6140456795692444,1.234676480293274,7.159417805269186e-07,0.48614734411239624,1.2573741674423218,-0.04160679504275322,0.3652186393737793,1.2124329805374146,-0.06849949806928635,0.28870925307273865,1.158326506614685,-0.09698450565338135,0.22280704975128174,1.1114269495010376,-0.12649758160114288,0.27933162450790405,0.9278742671012878,-0.03204583376646042,0.14748533070087433,0.809539794921875,-0.07882031053304672,0.07026532292366028,0.7315236330032349,-0.12017589062452316,0.0033517777919769287,0.6554877161979675,-0.15132534503936768,0.3337411880493164,0.8442989587783813,-0.05134887993335724,0.20303736627101898,0.6891922950744629,-0.09421378374099731,0.11920613050460815,0.5876761674880981,-0.13799960911273956,0.044890791177749634,0.4945141077041626,-0.1698203682899475,0.40925222635269165,0.8017885088920593,-0.0783182829618454,0.30116021633148193,0.6378690004348755,-0.1238592267036438,0.22599919140338898,0.5371230840682983,-0.1615048348903656,0.1535661518573761,0.4553094506263733,-0.18684478104114532,0.5041847229003906,0.7865672707557678,-0.1093321293592453,0.4406028687953949,0.6383582353591919,-0.149836927652359,0.3831945061683655,0.5508255958557129,-0.17015394568443298,0.3224133253097534,0.48148348927497864,-0.18359166383743286
0.605789840221405,1.2356905937194824,6.392338605110126e-07,0.46714702248573303,1.2609256505966187,-0.041202522814273834,0.335271954536438,1.217969298362732,-0.06871423870325089,0.24673551321029663,1.1597180366516113,-0.09761163592338562,0.1700906902551651,1.1016268730163574,-0.127059668302536,0.2675788700580597,0.928364634513855,-0.030537499114871025,0.1404372900724411,0.8125150203704834,-0.07658907026052475,0.06484851241111755,0.7390285730361938,-0.1182907372713089,-0.0030866265296936035,0.6679402589797974,-0.14992104470729828,0.32485058903694153,0.8446051478385925,-0.04913477972149849,0.19492726027965546,0.6852640509605408,-0.09114884585142136,0.11387261748313904,0.5857127904891968,-0.13332566618919373,0.04017630219459534,0.4948110580444336,-0.16427144408226013,0.4028671979904175,0.8009165525436401,-0.0753132775425911,0.29582905769348145,0.637181282043457,-0.11874541640281677,0.22194433212280273,0.5358587503433228,-0.1535046547651291,0.14965234696865082,0.45195233821868896,-0.17750313878059387,0.5008575916290283,0.7856356501579285,-0.10559342801570892,0.4344898760318756,0.6368956565856934,-0.14380183815956116,0.37999799847602844,0.5489063262939453,-0.16195759177207947,0.3216811418533325,0.4769507050514221,-0.17420877516269684
0.6239949464797974,1.2338101863861084,5.707192372028658e-07,0.5017786026000977,1.263780951499939,-0.034122202545404434,0.37935546040534973,1.2346290349960327,-0.061497822403907776,0.299480140209198,1.1915810108184814,-0.09229417890310287,0.23467382788658142,1.1392325162887573,-0.12445266544818878,0.2787224352359772,0.9452596306800842,-0.030702682211995125,0.1404605209827423,0.8354665637016296,-0.07552788406610489,0.0591561496257782,0.7661551833152771,-0.11471256613731384,-0.012150049209594727,0.6969072818756104,-0.14499367773532867,0.33211222290992737,0.8609921932220459,-0.053625017404556274,0.1969807744026184,0.7009519934654236,-0.0959588885307312,0.11592024564743042,0.5974041223526001,-0.13771244883537292,0.04339316487312317,0.5011236667633057,-0.16835521161556244,0.40907716751098633,0.8180392980575562,-0.08298482745885849,0.3008049428462982,0.649855375289917,-0.1278882622718811,0.2284451723098755,0.5432993769645691,-0.16384202241897583,0.15628419816493988,0.4522797167301178,-0.18854516744613647,0.5074135661125183,0.8026600480079651,-0.11543764173984528,0.44524550437927246,0.6496670842170715,-0.15645360946655273,0.3905784785747528,0.5577752590179443,-0.17549869418144226,0.3295024633407593,0.4820316731929779,-0.1880250722169876
0.6195737719535828,1.2389473915100098,6.233755129869678e-07,0.4910549223423004,1.2637090682983398,-0.033121638000011444,0.3663783371448517,1.225234866142273,-0.05800429359078407,0.28615227341651917,1.1697896718978882,-0.08618593215942383,0.22031109035015106,1.1071914434432983,-0.11543220281600952,0.2757081985473633,0.945844829082489,-0.02503788098692894,0.14157934486865997,0.8404009938240051,-0.0685824528336525,0.06454664468765259,0.7714526653289795,-0.10698770731687546,-0.0026878416538238525,0.70075523853302,-0.1368110477924347,0.329951673746109,0.8595709204673767,-0.048178210854530334,0.1972867250442505,0.70107102394104,-0.09016093611717224,0.11615923047065735,0.5979694128036499,-0.1323990523815155,0.042308032512664795,0.5014489889144897,-0.1635074019432068,0.40769162774086,0.8158211708068848,-0.07817801088094711,0.3021804094314575,0.6473608016967773,-0.12439882755279541,0.23115739226341248,0.5407043695449829,-0.16163289546966553,0.15801891684532166,0.4500138759613037,-0.18714648485183716,0.50644850730896,0.8006687760353088,-0.1110340878367424,0.44515740871429443,0.6461584568023682,-0.15324248373508453,0.39159417152404785,0.5554771423339844,-0.1734571009874344,0.3300873935222626,0.4808047413825989,-0.18713559210300446
0.608613133430481,1.2675886154174805,6.304916269073146e-07,0.4689142405986786,1.285646677017212,-0.03250056877732277,0.33542048931121826,1.238115668296814,-0.05356490612030029,0.2388305962085724,1.1876945495605469,-0.07814911752939224,0.15674062073230743,1.1391490697860718,-0.10355017334222794,0.27353471517562866,0.9507799744606018,-0.015109223313629627,0.13907648622989655,0.8489901423454285,-0.05760066583752632,0.05952945351600647,0.7785854935646057,-0.09650389105081558,-0.009229719638824463,0.7082900404930115,-0.1261916607618332,0.3271741569042206,0.8651964068412781,-0.03723466023802757,0.195932075381279,0.7050811052322388,-0.07724765688180923,0.1127462387084961,0.6025267839431763,-0.11803319305181503,0.038810938596725464,0.5090073347091675,-0.14708732068538666,0.40400099754333496,0.821565568447113,-0.06702917069196701,0.29484009742736816,0.6542308926582336,-0.11096116155385971,0.21938715875148773,0.5502129793167114,-0.14651572704315186,0.14479903876781464,0.46347907185554504,-0.16984964907169342,0.5020016431808472,0.8067201375961304,-0.10015614330768585,0.44111135601997375,0.6500365734100342,-0.13957634568214417,0.3848646283149719,0.5577470660209656,-0.1589048206806183,0.32224807143211365,0.48203372955322266,-0.1712266206741333
0.6055504083633423,1.2717008590698242,5.003656724511529e-07,0.4580671191215515,1.2819045782089233,-0.02574356459081173,0.3197958171367645,1.2333359718322754,-0.04431718587875366,0.21853049099445343,1.189117431640625,-0.0677298754453659,0.13449245691299438,1.143012523651123,-0.09233026951551437,0.2679857611656189,0.9484628438949585,-0.009778203442692757,0.1322764903306961,0.8438486456871033,-0.05041809380054474,0.05131173133850098,0.7776517868041992,-0.08811536431312561,-0.020957618951797485,0.7136923670768738,-0.11735255271196365,0.32402554154396057,0.8676882982254028,-0.0340447761118412,0.19377422332763672,0.7046725153923035,-0.07485991716384888,0.11241310834884644,0.6035305261611938,-0.11579479277133942,0.03787282109260559,0.5118988752365112,-0.14466339349746704,0.4011307656764984,0.8262568712234497,-0.06524728983640671,0.2916913330554962,0.658370852470398,-0.10909472405910492,0.2158653885126114,0.5527111887931824,-0.1446714699268341,0.14031070470809937,0.4634816646575928,-0.16801150143146515,0.49860894680023193,0.8122612237930298,-0.09908197075128555,0.43792515993118286,0.6579543948173523,-0.13816238939762115,0.38174086809158325,0.5644770860671997,-0.1571727693080902,0.3190915584564209,0.4851369261741638,-0.1692362278699875
0.6022309064865112,1.2486226558685303,6.492017519121873e-07,0.45910850167274475,1.2738492488861084,-0.03141837194561958,0.318976491689682,1.2367767095565796,-0.05649256333708763,0.21963195502758026,1.1940759420394897,-0.08551543951034546,0.14103993773460388,1.145342230796814,-0.11481890827417374,0.24760057032108307,0.957199215888977,-0.020379113033413887,0.11958009004592896,0.8487275242805481,-0.06518923491239548,0.04985973238945007,0.7757967710494995,-0.10500746220350266,-0.009223699569702148,0.7024414539337158,-0.13426430523395538,0.30487629771232605,0.874424159526825,-0.043049152940511703,0.17487415671348572,0.7088356614112854,-0.0842071995139122,0.09842020273208618,0.6053038239479065,-0.12359242886304855,0.03095269203186035,0.5106083750724792,-0.15105298161506653,0.3841387629508972,0.8287451863288879,-0.07286124676465988,0.27796730399131775,0.6662497520446777,-0.11495035886764526,0.20234358310699463,0.5655546188354492,-0.14745280146598816,0.12763358652591705,0.48079434037208557,-0.1687546670436859,0.48553651571273804,0.8096190094947815,-0.10593733191490173,0.42318472266197205,0.6581618189811707,-0.1410701721906662,0.369344562292099,0.5688287615776062,-0.1561315953731537,0.3090416193008423,0.4950556457042694,-0.16547346115112305
0.6070562601089478,1.2491428852081299,6.893673116792343e-07,0.47353625297546387,1.2758879661560059,-0.032305508852005005,0.3391052484512329,1.241154670715332,-0.05968301370739937,0.24226149916648865,1.2067357301712036,-0.09103817492723465,0.16280420124530792,1.1609761714935303,-0.12365929782390594,0.25648996233940125,0.9567517638206482,-0.029192039743065834,0.11747424304485321,0.8550627827644348,-0.07580895721912384,0.042848944664001465,0.7861126661300659,-0.11569026857614517,-0.018999963998794556,0.7127798795700073,-0.14552752673625946,0.3114456534385681,0.8727289438247681,-0.053437188267707825,0.1745566576719284,0.7125487923622131,-0.09895705431699753,0.09591811895370483,0.6103326082229614,-0.14187385141849518,0.02572670578956604,0.5157061219215393,-0.17179176211357117,0.390127569437027,0.8288394808769226,-0.08402910083532333,0.2847590744495392,0.6643934845924377,-0.13124622404575348,0.20929136872291565,0.5595458745956421,-0.16711919009685516,0.13326162099838257,0.47075220942497253,-0.19083036482334137,0.4883623421192169,0.8133660554885864,-0.11738312244415283,0.4264536201953888,0.6607042551040649,-0.15826211869716644,0.3719122111797333,0.5697351694107056,-0.1760895699262619,0.31023719906806946,0.4938834011554718,-0.18739952147006989
0.5946382284164429,1.2738127708435059,5.824697950629343e-07,0.45443981885910034,1.287295937538147,-0.030799129977822304,0.322098046541214,1.2168949842453003,-0.051480695605278015,0.23722141981124878,1.137431025505066,-0.07555735856294632,0.168401837348938,1.0602859258651733,-0.09922226518392563,0.2554405927658081,0.937483012676239,-0.009397495537996292,0.15004843473434448,0.8009873032569885,-0.049269162118434906,0.0866192877292633,0.7185207009315491,-0.0883529856801033,0.030529499053955078,0.6404761075973511,-0.11852527409791946,0.3108346462249756,0.8591262102127075,-0.03099042922258377,0.19270484149456024,0.6940993070602417,-0.06786362826824188,0.11894823610782623,0.5965547561645508,-0.10733111202716827,0.04729074239730835,0.5095176696777344,-0.13588064908981323,0.38636842370033264,0.8172667026519775,-0.05993608385324478,0.2888945937156677,0.6524064540863037,-0.09808508306741714,0.2190035730600357,0.5533434152603149,-0.12666265666484833,0.14583098888397217,0.4730111360549927,-0.14654140174388885,0.4841034412384033,0.8031538724899292,-0.09273172169923782,0.42092451453208923,0.6532458066940308,-0.12626656889915466,0.36550477147102356,0.5687437653541565,-0.13909754157066345,0.3034835159778595,0.502763032913208,-0.14736835658550262
0.6011697053909302,1.2604864835739136,4.694010158345918e-07,0.45587843656539917,1.2833106517791748,-0.030957430601119995,0.3220565617084503,1.2237789630889893,-0.05490463972091675,0.23832298815250397,1.1509151458740234,-0.08301287889480591,0.17414265871047974,1.0729246139526367,-0.11084464192390442,0.25026917457580566,0.9501246213912964,-0.010550050996243954,0.138377383351326,0.8300185799598694,-0.05542771890759468,0.07378289103507996,0.7625109553337097,-0.09772516041994095,0.01944485306739807,0.7007741928100586,-0.1289641410112381,0.3058764338493347,0.8681843280792236,-0.03406821936368942,0.1831517219543457,0.708204448223114,-0.07665173709392548,0.10760487616062164,0.6119551658630371,-0.1197882741689682,0.03678697347640991,0.5244207978248596,-0.15054956078529358,0.383679062128067,0.8227390646934509,-0.06540094316005707,0.2815295457839966,0.6566078066825867,-0.11006249487400055,0.20845118165016174,0.5607442259788513,-0.1442752480506897,0.13277551531791687,0.48355984687805176,-0.16715110838413239,0.48412108421325684,0.805354654788971,-0.09999025613069534,0.4195908308029175,0.6530900001525879,-0.1377476155757904,0.36300864815711975,0.5688483715057373,-0.15407690405845642,0.2994029223918915,0.5028268694877625,-0.1647905558347702
0.6104674339294434,1.2341262102127075,4.57782903140469e-07,0.4584222435951233,1.246224045753479,-0.02513563632965088,0.3163367509841919,1.1858652830123901,-0.04352875426411629,0.21941962838172913,1.1319992542266846,-0.06740877777338028,0.1417093276977539,1.0736290216445923,-0.0913277119398117,0.27932876348495483,0.902856171131134,0.002947305329144001,0.1787651777267456,0.7706378102302551,-0.03728266805410385,0.11557981371879578,0.6868633031845093,-0.07949008792638779,0.05967780947685242,0.6087778806686401,-0.11190073192119598,0.3359631597995758,0.8304086923599243,-0.01967392861843109,0.22699737548828125,0.6747782230377197,-0.05739676207304001,0.1525583416223526,0.584367036819458,-0.09825669974088669,0.07916167378425598,0.5042686462402344,-0.12793362140655518,0.4098789393901825,0.7875208258628845,-0.049884721636772156,0.316779226064682,0.6336061954498291,-0.0863996371626854,0.24496284127235413,0.5509604215621948,-0.11089888960123062,0.16974370181560516,0.4887995421886444,-0.12746065855026245,0.5042349100112915,0.7701439261436462,-0.08409936726093292,0.44242894649505615,0.6299374103546143,-0.11476884037256241,0.3855573236942291,0.5584032535552979,-0.12373916059732437,0.3207513689994812,0.5085153579711914,-0.1287222057580948
0.6115189790725708,1.211330533027649,4.5554281769000227e-07,0.460529625415802,1.2347793579101562,-0.030444148927927017,0.31761735677719116,1.1845110654830933,-0.05372355878353119,0.2183881402015686,1.1325819492340088,-0.08124995231628418,0.14139901101589203,1.0666898488998413,-0.1081920936703682,0.2750024199485779,0.9086613059043884,-0.009960171766579151,0.16781604290008545,0.7883029580116272,-0.05342651903629303,0.09954598546028137,0.7132577896118164,-0.09585324674844742,0.039256393909454346,0.6439981460571289,-0.12817664444446564,0.3318520784378052,0.8327897787094116,-0.03154204040765762,0.2171158343553543,0.681530773639679,-0.07313521206378937,0.14172053337097168,0.5918667912483215,-0.11454194039106369,0.06848782300949097,0.5124186277389526,-0.14401844143867493,0.4061206579208374,0.7879046201705933,-0.06063748151063919,0.30685698986053467,0.6364357471466064,-0.10203767567873001,0.23280464112758636,0.5563358068466187,-0.12960833311080933,0.1549304723739624,0.49595320224761963,-0.14753524959087372,0.5005600452423096,0.7696437835693359,-0.09358798712491989,0.4383605122566223,0.6312961578369141,-0.12917238473892212,0.3811641037464142,0.5598439574241638,-0.14191174507141113,0.31546834111213684,0.5090343952178955,-0.1489582657814026
0.6377202272415161,1.2111566066741943,1.5397326080801577e-07,0.4777984321117401,1.2076001167297363,-0.026107307523489,0.3230658173561096,1.1198303699493408,-0.03929959982633591,0.21497301757335663,1.0413156747817993,-0.05824629217386246,0.11624321341514587,0.9737156629562378,-0.07664382457733154,0.3112376928329468,0.8951643705368042,0.003693913808092475,0.20495206117630005,0.7921326160430908,-0.04169776290655136,0.12664605677127838,0.7354120016098022,-0.08703207969665527,0.0507296621799469,0.6826401948928833,-0.12198241800069809,0.36473432183265686,0.8189981579780579,-0.017439838498830795,0.25293058156967163,0.6841731071472168,-0.06171545386314392,0.16538166999816895,0.6041511297225952,-0.10629972070455551,0.07851937413215637,0.5344332456588745,-0.13871455192565918,0.43810200691223145,0.7742648124694824,-0.04684489965438843,0.3497660756111145,0.6311181783676147,-0.09275059401988983,0.27429425716400146,0.5715447664260864,-0.12248505651950836,0.19340774416923523,0.5381935834884644,-0.14080436527729034,0.5347453951835632,0.7509595155715942,-0.07999119162559509,0.4797848165035248,0.6180645823478699,-0.11853092908859253,0.41947558522224426,0.5685412883758545,-0.13356374204158783,0.3489600419998169,0.5499357581138611,-0.14227305352687836
0.6307718753814697,1.207024335861206,1.5476121006940957e-07,0.4655134081840515,1.1997654438018799,-0.017446141690015793,0.31998366117477417,1.1170357465744019,-0.02766829915344715,0.2224377989768982,1.0374901294708252,-0.046009793877601624,0.13152599334716797,0.9694238305091858,-0.0635092481970787,0.3093520998954773,0.8944076895713806,0.0237397700548172,0.20385172963142395,0.8077337741851807,-0.018110204488039017,0.12915679812431335,0.7690621614456177,-0.0637991800904274,0.054277509450912476,0.7330057621002197,-0.09811096638441086,0.3602333962917328,0.8183674812316895,-0.0007194029167294502,0.24431921541690826,0.6889528036117554,-0.03979461267590523,0.15462982654571533,0.6112757921218872,-0.08386661857366562,0.06540429592132568,0.5434648990631104,-0.11634364724159241,0.4311850070953369,0.7723535895347595,-0.0340573713183403,0.3338127136230469,0.6324334740638733,-0.07722902297973633,0.25318458676338196,0.5709726810455322,-0.10901065915822983,0.1678827702999115,0.5380969047546387,-0.12875835597515106,0.5265370011329651,0.7479122281074524,-0.07062707096338272,0.46540164947509766,0.6130210161209106,-0.10676012933254242,0.3991107940673828,0.5628715753555298,-0.12213064730167389,0.32280170917510986,0.5441642999649048,-0.13144883513450623
0.6675432920455933,1.1926586627960205,-2.575964970219502e-07,0.5130011439323425,1.169175148010254,-0.017115110531449318,0.3760770261287689,1.0737075805664062,-0.025365762412548065,0.27551358938217163,0.9794566631317139,-0.04130188003182411,0.18784813582897186,0.8911905884742737,-0.05588343366980553,0.3479051887989044,0.874229371547699,0.04156041890382767,0.26078498363494873,0.803946852684021,0.008195298723876476,0.19930697977542877,0.7872211337089539,-0.039052508771419525,0.14070522785186768,0.7719701528549194,-0.07721835374832153,0.40003684163093567,0.8023139834403992,0.020818637683987617,0.29242250323295593,0.6943759918212891,-0.009976227767765522,0.20325328409671783,0.6495051383972168,-0.06425314396619797,0.11408424377441406,0.6181653738021851,-0.10909190773963928,0.4689156413078308,0.7546312212944031,-0.008467871695756912,0.38204750418663025,0.6287801861763,-0.04336478188633919,0.3032187223434448,0.5937350392341614,-0.08434736728668213,0.22776784002780914,0.6037416458129883,-0.11455292999744415,0.5676765441894531,0.7287502884864807,-0.04073234274983406,0.5132026076316833,0.5969966053962708,-0.06929656118154526,0.4529169201850891,0.5578076839447021,-0.08896151185035706,0.3875288665294647,0.5656002759933472,-0.10482551157474518
0.6615563631057739,1.173545241355896,-2.0312106130404572e-07,0.5125296711921692,1.17579984664917,-0.009612481109797955,0.37968236207962036,1.1114161014556885,-0.018943345174193382,0.29038333892822266,1.0543345212936401,-0.037358175963163376,0.20831339061260223,1.0005134344100952,-0.055435601621866226,0.36008238792419434,0.8711147308349609,0.032667674124240875,0.26792776584625244,0.8046055436134338,-0.006344952620565891,0.20919567346572876,0.7940201759338379,-0.054443176835775375,0.15225309133529663,0.7904782295227051,-0.08939185738563538,0.40532922744750977,0.7995096445083618,0.006635049823671579,0.28777214884757996,0.6984468102455139,-0.025405675172805786,0.19805318117141724,0.6582158207893372,-0.07258877158164978,0.10986754298210144,0.629595935344696,-0.10956408828496933,0.47143131494522095,0.7519777417182922,-0.027251016348600388,0.3731445372104645,0.6276766657829285,-0.06389394402503967,0.2924146056175232,0.593080997467041,-0.10011588037014008,0.21089939773082733,0.5965441465377808,-0.1247728243470192,0.5640838146209717,0.7251211404800415,-0.0632428526878357,0.5091702342033386,0.592312216758728,-0.09115289896726608,0.4494951665401459,0.5551536083221436,-0.10612726211547852,0.37972086668014526,0.5578484535217285,-0.11712439358234406
0.6804351806640625,1.162055253982544,-2.3753251809921494e-07,0.5315790176391602,1.1425530910491943,-0.019590402022004128,0.4088430404663086,1.046517014503479,-0.028339292854070663,0.3167788088321686,0.9400960206985474,-0.040897853672504425,0.25119495391845703,0.8408622145652771,-0.0496918149292469,0.36965832114219666,0.8456782698631287,0.03940274938941002,0.2819907069206238,0.7526497840881348,0.015662528574466705,0.23577871918678284,0.7405247688293457,-0.023295043036341667,0.2052382081747055,0.7387146949768066,-0.05622003227472305,0.42803266644477844,0.7747867703437805,0.025740697979927063,0.3354863226413727,0.6570344567298889,0.003209353657439351,0.2653750777244568,0.6294397115707397,-0.04936173930764198,0.19101017713546753,0.620265007019043,-0.09390562027692795,0.4975472688674927,0.7319855690002441,0.005289958789944649,0.4238241910934448,0.6042051315307617,-0.020900486037135124,0.35128796100616455,0.5725870728492737,-0.05912614241242409,0.28787851333618164,0.5891317129135132,-0.08969938009977341,0.6001773476600647,0.7096474170684814,-0.017673037946224213,0.5483191013336182,0.5788861513137817,-0.03983744978904724,0.4927096962928772,0.5422617197036743,-0.0563942976295948,0.4347066283226013,0.5524845719337463,-0.07097094506025314
0.6807395219802856,1.1499656438827515,-2.6493765403756697e-07,0.5317689180374146,1.1362075805664062,-0.017377225682139397,0.40438446402549744,1.0523207187652588,-0.028463631868362427,0.31939566135406494,0.9575804471969604,-0.04565374553203583,0.24890466034412384,0.8639300465583801,-0.05952443554997444,0.3788430988788605,0.8412442803382874,0.034478846937417984,0.28320538997650146,0.7564136981964111,0.0009983237832784653,0.2400454729795456,0.759088933467865,-0.04215515777468681,0.21812096238136292,0.7728753089904785,-0.07358376681804657,0.4333377778530121,0.77594393491745,0.016577107831835747,0.33218663930892944,0.662161111831665,-0.01121353730559349,0.2549901008605957,0.6377518177032471,-0.06277985125780106,0.18392786383628845,0.6306483745574951,-0.10447908192873001,0.5035397410392761,0.7345944046974182,-0.009352380409836769,0.4164702892303467,0.6031438112258911,-0.040528804063797,0.3375718295574188,0.5727609992027283,-0.08017372339963913,0.2687634825706482,0.5910307765007019,-0.10981381684541702,0.5992914438247681,0.7111849188804626,-0.03759374842047691,0.5445401668548584,0.5747778415679932,-0.06264349818229675,0.4852682948112488,0.5395033955574036,-0.08022437989711761,0.42243194580078125,0.5516372919082642,-0.09456973522901535
0.6979413032531738,1.169126272201538,3.153446925807657e-08,0.5581892728805542,1.1223279237747192,-0.027600813657045364,0.4473864436149597,0.9908491969108582,-0.03213157132267952,0.3573538661003113,0.8699340224266052,-0.04104951024055481,0.2764938473701477,0.7665715217590332,-0.04729468747973442,0.4132731556892395,0.7801247239112854,0.08153342455625534,0.34099578857421875,0.6749083399772644,0.07983706891536713,0.28444379568099976,0.6440852284431458,0.0412142239511013,0.22957807779312134,0.6184849143028259,0.0005664679920300841,0.48038652539253235,0.724442720413208,0.07336743921041489,0.4002593159675598,0.6045231819152832,0.06371048837900162,0.3353630304336548,0.5842471718788147,-0.0010471688583493233,0.26507988572120667,0.5864969491958618,-0.05790000036358833,0.5472803711891174,0.7039107084274292,0.05670933797955513,0.4892917573451996,0.5697709918022156,0.041613973677158356,0.43246030807495117,0.5447319746017456,-0.004949355497956276,0.38759905099868774,0.579537034034729,-0.043747324496507645,0.6491715908050537,0.6976998448371887,0.03565007820725441,0.6020889282226562,0.5549042224884033,0.01999109424650669,0.5444771647453308,0.5133479833602905,-0.004002914298325777,0.4845016896724701,0.5313494205474854,-0.026616357266902924
0.7143248319625854,1.1515001058578491,-1.6246836764821637e-07,0.5706517100334167,1.1081492900848389,-0.02417612634599209,0.45309290289878845,0.9910553693771362,-0.03173771873116493,0.3643987476825714,0.8805888891220093,-0.04522113502025604,0.27917179465293884,0.7908858060836792,-0.05624384433031082,0.42362093925476074,0.7786828875541687,0.06452314555644989,0.34432652592658997,0.6843648552894592,0.04196643456816673,0.28258559107780457,0.6564005017280579,-0.005350857973098755,0.23030221462249756,0.6406667828559875,-0.045630112290382385,0.4845722019672394,0.7218185663223267,0.05031011626124382,0.3960534632205963,0.606112003326416,0.02201331965625286,0.3252179026603699,0.5849915146827698,-0.04058408737182617,0.25704413652420044,0.5899516344070435,-0.08982644230127335,0.5534626245498657,0.6958546042442322,0.026097683236002922,0.4841125011444092,0.5687574148178101,-0.004644326400011778,0.4163547158241272,0.5410929918289185,-0.05134532228112221,0.3594764471054077,0.5711461901664734,-0.0852588415145874,0.6500892043113708,0.6904245018959045,-0.0020996807143092155,0.6029678583145142,0.5538984537124634,-0.028242168948054314,0.5446416139602661,0.5100585222244263,-0.0542689748108387,0.48246002197265625,0.5185762643814087,-0.07534737884998322
0.7294925451278687,1.1390389204025269,3.976548867967722e-08,0.5826663970947266,1.1011124849319458,-0.033488888293504715,0.46611249446868896,0.9869726896286011,-0.04103129729628563,0.3797931969165802,0.8608055710792542,-0.05188288167119026,0.3005843758583069,0.7556988000869751,-0.05893860384821892,0.440373957157135,0.7708492279052734,0.05803722143173218,0.3631908595561981,0.6699102520942688,0.04727747663855553,0.3094923496246338,0.6303978562355042,0.010816198773682117,0.2586674690246582,0.5984328985214233,-0.024092543870210648,0.5046944618225098,0.7164410948753357,0.05142483487725258,0.42188602685928345,0.5879737138748169,0.030825143679976463,0.3545243442058563,0.554161787033081,-0.030990060418844223,0.28947609663009644,0.5593130588531494,-0.08109188079833984,0.5770024061203003,0.6907797455787659,0.035750627517700195,0.5138424038887024,0.5507988929748535,0.007509045302867889,0.45448243618011475,0.5182247161865234,-0.04693744704127312,0.40864843130111694,0.5661355257034302,-0.08618611842393875,0.6710593104362488,0.6792323589324951,0.01619536615908146,0.6296799182891846,0.5398300886154175,-0.01221764087677002,0.573747456073761,0.49238553643226624,-0.04589053988456726,0.5190675258636475,0.517033576965332,-0.07175123691558838
0.7306919693946838,1.1321334838867188,6.004665209502491e-08,0.5851430892944336,1.092604398727417,-0.03497443348169327,0.4622938632965088,0.9813192486763,-0.04639948159456253,0.37039992213249207,0.8584601879119873,-0.061425551772117615,0.2954825460910797,0.7493890523910522,-0.0721757635474205,0.4425428807735443,0.763032853603363,0.050126515328884125,0.3654192388057709,0.6599884033203125,0.029590629041194916,0.30973273515701294,0.6239725351333618,-0.010074368678033352,0.26004308462142944,0.6054365634918213,-0.04354562237858772,0.5060601830482483,0.7089976668357849,0.04310528561472893,0.4235268235206604,0.5811282396316528,0.01407234650105238,0.3536260724067688,0.5498672723770142,-0.044036414474248886,0.2900165617465973,0.5634629726409912,-0.08801993727684021,0.5795006155967712,0.6842746734619141,0.026072105392813683,0.5176709890365601,0.5421698093414307,-0.007756401784718037,0.45991721749305725,0.5140265226364136,-0.05469166487455368,0.4161337614059448,0.5653175115585327,-0.08533728867769241,0.671583354473114,0.6773234605789185,0.004800706170499325,0.6319469809532166,0.5346106290817261,-0.02610156126320362,0.5760223269462585,0.4879629611968994,-0.055537812411785126,0.5229881405830383,0.5133380889892578,-0.0758141428232193
0.7323760390281677,1.131737232208252,9.735037309610561e-08,0.5909627676010132,1.0971273183822632,-0.03561777621507645,0.47175776958465576,0.9859771132469177,-0.04808168485760689,0.3850480914115906,0.8667117953300476,-0.06418810784816742,0.30827683210372925,0.7555111646652222,-0.07657576352357864,0.45969077944755554,0.7512747645378113,0.047934189438819885,0.3849741220474243,0.6361372470855713,0.03248877078294754,0.32963138818740845,0.5900622606277466,-0.006009095814079046,0.2747274935245514,0.5591376423835754,-0.04138614609837532,0.5221177935600281,0.7031204104423523,0.04027905687689781,0.4442974030971527,0.5673883557319641,0.015021514147520065,0.37823379039764404,0.5333235263824463,-0.04533282294869423,0.31727319955825806,0.5472441911697388,-0.09246135503053665,0.5925803780555725,0.6830998063087463,0.023632243275642395,0.5342822074890137,0.5328088402748108,-0.004364936146885157,0.4798925518989563,0.49988317489624023,-0.0542299710214138,0.4377482533454895,0.5521560907363892,-0.08949480205774307,0.6831362247467041,0.6779791116714478,0.0025103255175054073,0.6464449167251587,0.5344926118850708,-0.024663344025611877,0.5923821330070496,0.48336559534072876,-0.05618031695485115,0.5398709774017334,0.5080595016479492,-0.07973724603652954
0.7366000413894653,1.1184043884277344,4.423092647698468e-08,0.5934553742408752,1.0849895477294922,-0.0378471314907074,0.47049927711486816,0.9779125452041626,-0.05092309042811394,0.37999066710472107,0.8597170114517212,-0.06719232350587845,0.30276504158973694,0.7478613257408142,-0.07927902042865753,0.46152549982070923,0.7496956586837769,0.04232316091656685,0.38471439480781555,0.6393033266067505,0.02440541982650757,0.3279164135456085,0.5953234434127808,-0.012430955655872822,0.2704537808895111,0.563941478729248,-0.04550527408719063,0.5217500329017639,0.7004492878913879,0.03638530150055885,0.44166046380996704,0.5725789666175842,0.009342046454548836,0.37180328369140625,0.5399476289749146,-0.044688016176223755,0.30795350670814514,0.5531251430511475,-0.08590348809957504,0.5934810042381287,0.6786914467811584,0.02074185200035572,0.5311740040779114,0.5351675152778625,-0.009553910233080387,0.4755120277404785,0.504544198513031,-0.05323127657175064,0.4303385019302368,0.5533448457717896,-0.08256243914365768,0.6827335357666016,0.6710844039916992,0.00017036627104971558,0.6475387811660767,0.5314508676528931,-0.02970544807612896,0.5940247178077698,0.4836235046386719,-0.05897799879312515,0.5417801141738892,0.5087727308273315,-0.07927819341421127
0.7487819790840149,1.1185691356658936,1.6258199764251913e-07,0.6068610548973083,1.0880968570709229,-0.03661593422293663,0.4888606667518616,0.9799569249153137,-0.04807738959789276,0.40127843618392944,0.8583158850669861,-0.06268492341041565,0.3227926790714264,0.7510067224502563,-0.07307042181491852,0.46483397483825684,0.7568223476409912,0.04668697714805603,0.39196082949638367,0.6422372460365295,0.03230433911085129,0.3376832604408264,0.5942533016204834,-0.003627800615504384,0.28459253907203674,0.5628329515457153,-0.036610737442970276,0.5281950235366821,0.706025242805481,0.04110678657889366,0.4503623843193054,0.5726454257965088,0.017099976539611816,0.38374125957489014,0.5341105461120605,-0.04053878039121628,0.32412344217300415,0.5448155999183655,-0.08535093814134598,0.6006208658218384,0.6830495595932007,0.026546966284513474,0.5438681244850159,0.5352532863616943,-0.0013893151190131903,0.49234116077423096,0.5001180171966553,-0.049857936799526215,0.4540812373161316,0.5497363209724426,-0.08337026834487915,0.692414402961731,0.6749309301376343,0.007603592239320278,0.6573716998100281,0.5323020219802856,-0.02009901963174343,0.6050858497619629,0.4808655083179474,-0.050956062972545624,0.555707573890686,0.505946159362793,-0.07306412607431412
0.7407553791999817,1.116281270980835,1.4098374379045708e-07,0.6017668843269348,1.0824222564697266,-0.036148812621831894,0.4866539239883423,0.9769673347473145,-0.048866089433431625,0.3985138535499573,0.8582432270050049,-0.06443532556295395,0.32107973098754883,0.7527293562889099,-0.07621197402477264,0.4641208052635193,0.7499439716339111,0.041765544563531876,0.3930875360965729,0.6356755495071411,0.02421346865594387,0.3391153812408447,0.5925551056861877,-0.013431919738650322,0.2872922420501709,0.5649749040603638,-0.04694245010614395,0.5277237296104431,0.7004375457763672,0.03574378788471222,0.45063939690589905,0.565779447555542,0.009949833154678345,0.38543739914894104,0.5322737693786621,-0.04648127034306526,0.32697466015815735,0.5446534156799316,-0.09012473374605179,0.5998284220695496,0.6786808967590332,0.02084510214626789,0.5442941188812256,0.5315976738929749,-0.007507130037993193,0.4931536614894867,0.4991631805896759,-0.052858419716358185,0.4566751718521118,0.5483746528625488,-0.08407124876976013,0.6914752721786499,0.6728007793426514,0.0014675052370876074,0.6570662260055542,0.530363917350769,-0.02578304521739483,0.605697512626648,0.4811130166053772,-0.054577432572841644,0.5579299330711365,0.5062863826751709,-0.07515446096658707
0.7580065131187439,1.1107492446899414,2.5771555556275416e-07,0.6220024228096008,1.0756113529205322,-0.040522921830415726,0.5086512565612793,0.9589144587516785,-0.05409552901983261,0.42341670393943787,0.8294394016265869,-0.07047145068645477,0.3418104648590088,0.7222279906272888,-0.08395781368017197,0.47454535961151123,0.7563925981521606,0.04824773967266083,0.3995324373245239,0.6390105485916138,0.03626716136932373,0.34696078300476074,0.5889241695404053,-0.00048719378537498415,0.301326721906662,0.5486287474632263,-0.03541966900229454,0.5418227314949036,0.7018255591392517,0.04472469910979271,0.465505987405777,0.5670034885406494,0.02527841553092003,0.40844061970710754,0.5273900032043457,-0.0359015166759491,0.3596963882446289,0.5307347774505615,-0.08558081090450287,0.6147891879081726,0.6761934161186218,0.032255735248327255,0.5617849826812744,0.5313768982887268,0.008255042135715485,0.5123628973960876,0.4931800961494446,-0.04585835337638855,0.47898948192596436,0.5393412709236145,-0.08585558831691742,0.7099814414978027,0.6664673686027527,0.0153636634349823,0.6763993501663208,0.522589921951294,-0.008973775431513786,0.62535160779953,0.4728509485721588,-0.04163631796836853,0.5774862766265869,0.5038954615592957,-0.06753400713205338
0.7598463296890259,1.1100897789001465,3.1886756346466427e-07,0.6249431371688843,1.0737650394439697,-0.04967791959643364,0.5105971097946167,0.9563348293304443,-0.06771551072597504,0.42194512486457825,0.8308902978897095,-0.08681783825159073,0.3408224582672119,0.723547101020813,-0.10360006242990494,0.47358378767967224,0.7502724528312683,0.0390985943377018,0.4005563259124756,0.6410578489303589,0.024722961708903313,0.34747013449668884,0.596060574054718,-0.014942551963031292,0.30138692259788513,0.5623167157173157,-0.052654922008514404,0.5430793166160583,0.693590521812439,0.03834926709532738,0.46874064207077026,0.5648550987243652,0.016480550169944763,0.4095816910266876,0.528791069984436,-0.05005626007914543,0.3590138852596283,0.5336906909942627,-0.10469873249530792,0.6176972985267639,0.6678687334060669,0.028506172820925713,0.5693379640579224,0.5287871360778809,0.00353978481143713,0.5215643644332886,0.4927815794944763,-0.05256275832653046,0.49061286449432373,0.5400409698486328,-0.09465446323156357,0.7145491242408752,0.6644776463508606,0.013394501991569996,0.6788875460624695,0.5216987729072571,-0.009774747304618359,0.6278039813041687,0.47038736939430237,-0.04220271855592728,0.5804988145828247,0.5001019239425659,-0.06886804848909378
0.776943027973175,1.0943886041641235,4.172622425357986e-07,0.6413068175315857,1.0545018911361694,-0.04557875171303749,0.5275318622589111,0.937850296497345,-0.0637049451470375,0.4357178807258606,0.8206307888031006,-0.08463775366544724,0.35167446732521057,0.7223308682441711,-0.10397365689277649,0.4987737536430359,0.7423511743545532,0.0473145991563797,0.42789047956466675,0.6251776814460754,0.03586948290467262,0.3777807950973511,0.5744993686676025,-0.0024545262567698956,0.33454540371894836,0.5295521020889282,-0.040030863136053085,0.5707811713218689,0.688982367515564,0.04528636857867241,0.4978122413158417,0.5594105124473572,0.030845604836940765,0.4470864534378052,0.5106962323188782,-0.030619727447628975,0.4066354036331177,0.49602004885673523,-0.08385702967643738,0.6449246406555176,0.6636456847190857,0.03393029421567917,0.5927797555923462,0.5239782929420471,0.014457306824624538,0.5503150820732117,0.47959786653518677,-0.037136781960725784,0.525758683681488,0.516384482383728,-0.07781558483839035,0.7413815259933472,0.6557586789131165,0.017437394708395004,0.7066661715507507,0.5144977569580078,-0.0019651001784950495,0.6575692296028137,0.46192893385887146,-0.03107406012713909,0.6121256351470947,0.4897457957267761,-0.05638236552476883
0.7729040384292603,1.08451247215271,4.086064677721879e-07,0.6407952904701233,1.0457828044891357,-0.049660809338092804,0.5300029516220093,0.9421997666358948,-0.07187125086784363,0.43891409039497375,0.8317006230354309,-0.09536126255989075,0.35894209146499634,0.7291185855865479,-0.11757666617631912,0.49914583563804626,0.7428969144821167,0.029071711003780365,0.43056729435920715,0.6320655345916748,0.011345000006258488,0.3793126344680786,0.5843771696090698,-0.029892003163695335,0.3333459496498108,0.5339928865432739,-0.06943998485803604,0.5706426501274109,0.6863457560539246,0.028219738975167274,0.5013608932495117,0.564941942691803,0.009302053600549698,0.44868963956832886,0.5191895961761475,-0.050037551671266556,0.40624088048934937,0.5018632411956787,-0.10150451958179474,0.6459462642669678,0.658471405506134,0.018463939428329468,0.5989962816238403,0.5265322327613831,-0.0036671541165560484,0.555279016494751,0.4859631657600403,-0.04947094991803169,0.5283525586128235,0.5181697607040405,-0.08529128134250641,0.7421276569366455,0.6532784700393677,0.0029803449288010597,0.706997275352478,0.5160298943519592,-0.019219594076275826,0.6574143767356873,0.4625401496887207,-0.045991621911525726,0.612263023853302,0.48490557074546814,-0.0682021751999855
0.8032591938972473,1.0593374967575073,2.2692840673244064e-07,0.6612457036972046,1.029147744178772,-0.049042537808418274,0.5479449033737183,0.9364230632781982,-0.06801602989435196,0.4688146710395813,0.8047759532928467,-0.08556873351335526,0.39567065238952637,0.6928673982620239,-0.09854314476251602,0.5313084125518799,0.7266960740089417,0.010777718387544155,0.45725685358047485,0.6105464696884155,-0.01228533498942852,0.4022916555404663,0.5583033561706543,-0.04938149079680443,0.3486708402633667,0.5071603059768677,-0.08318518102169037,0.5956071615219116,0.6710451245307922,0.012179593555629253,0.5274364352226257,0.5375481843948364,-0.010846631601452827,0.4749835729598999,0.4902629852294922,-0.05955773591995239,0.4272104501724243,0.4769695997238159,-0.10105372965335846,0.6714690923690796,0.6466169357299805,0.004758767783641815,0.6226431131362915,0.5027708411216736,-0.026591330766677856,0.5809023976325989,0.46623116731643677,-0.07157155871391296,0.5526695251464844,0.5134595632553101,-0.10345648974180222,0.7600715756416321,0.6369333267211914,-0.00754122156649828,0.7314463257789612,0.5079838037490845,-0.040868282318115234,0.6869831085205078,0.4567195177078247,-0.07382676005363464,0.6460360288619995,0.4826081097126007,-0.0970250740647316
0.7980583906173706,1.0626345872879028,2.5213236654053617e-07,0.6577666401863098,1.0292247533798218,-0.052422698587179184,0.5437111854553223,0.9346653819084167,-0.07408394664525986,0.46348708868026733,0.8080860376358032,-0.09527898579835892,0.3869229853153229,0.6966105699539185,-0.11292478442192078,0.5308724641799927,0.7199618220329285,0.008961435407400131,0.45419228076934814,0.6066403388977051,-0.01727496273815632,0.3976040482521057,0.5563545227050781,-0.059160299599170685,0.34198108315467834,0.5082900524139404,-0.09679114073514938,0.5949562788009644,0.6666110157966614,0.008387863636016846,0.5264041423797607,0.5324580669403076,-0.02109607309103012,0.4674755334854126,0.4902096688747406,-0.07831473648548126,0.4146319031715393,0.48613107204437256,-0.12507134675979614,0.6705871224403381,0.6430639028549194,-0.001147266710177064,0.6234716176986694,0.4978716969490051,-0.035083919763565063,0.5798461437225342,0.4590904712677002,-0.08514697104692459,0.5518849492073059,0.5069100856781006,-0.12061730027198792,0.759978711605072,0.6369143724441528,-0.01621711254119873,0.731762707233429,0.5036024451255798,-0.05062060058116913,0.6836063265800476,0.4511213004589081,-0.08609839528799057,0.6404892802238464,0.4812029004096985,-0.11170746386051178
0.8063980340957642,1.056447982788086,2.246369064096143e-07,0.6689960956573486,1.0278483629226685,-0.05489398166537285,0.5509912967681885,0.9375978708267212,-0.07985080033540726,0.4703570306301117,0.8125028014183044,-0.1033446416258812,0.3982301950454712,0.695521891117096,-0.12311937659978867,0.5441429018974304,0.7157535552978516,0.0023450851440429688,0.4699307084083557,0.6002035140991211,-0.026041654869914055,0.41452041268348694,0.5527126789093018,-0.06766071170568466,0.35943716764450073,0.5029464960098267,-0.10529342293739319,0.6070983409881592,0.6619767546653748,0.0025033403653651476,0.5390350818634033,0.5327887535095215,-0.024392468854784966,0.4829099774360657,0.48035895824432373,-0.07800361514091492,0.43031448125839233,0.45560023188591003,-0.1250286102294922,0.6807817816734314,0.6407773494720459,-0.006864291150122881,0.6344407796859741,0.49814146757125854,-0.0418243445456028,0.5933563113212585,0.4586654305458069,-0.09087460488080978,0.5615156888961792,0.4951470196247101,-0.1271335333585739,0.7674556374549866,0.6389775276184082,-0.02167448401451111,0.7379832863807678,0.5087709426879883,-0.05923747271299362,0.6934633851051331,0.456472247838974,-0.09615373611450195,0.6500417590141296,0.47758975625038147,-0.12361162900924683
0.803515613079071,1.0559184551239014,2.6679873599277926e-07,0.666829526424408,1.03378427028656,-0.05713963881134987,0.5466896891593933,0.9425441026687622,-0.08337926119565964,0.46769335865974426,0.8177570104598999,-0.1075536459684372,0.3989046514034271,0.6989155411720276,-0.1271408647298813,0.5477122068405151,0.7171719670295715,-0.004825973883271217,0.46932223439216614,0.5988174080848694,-0.03674297779798508,0.40977370738983154,0.5464580059051514,-0.07714039832353592,0.35268256068229675,0.4988017678260803,-0.11173269152641296,0.60994952917099,0.6618739366531372,-0.004220909904688597,0.5406758785247803,0.529740571975708,-0.035524576902389526,0.4806957542896271,0.4730077087879181,-0.0850425437092781,0.4281722903251648,0.4551796019077301,-0.12608152627944946,0.6826121211051941,0.6407446265220642,-0.013602894730865955,0.6356127262115479,0.4969656467437744,-0.0520232692360878,0.5932269096374512,0.4574965238571167,-0.0971558690071106,0.5609935522079468,0.4929460287094116,-0.12833236157894135,0.7680957913398743,0.6396116614341736,-0.028613509610295296,0.7401707768440247,0.5102569460868835,-0.06830105930566788,0.6955268383026123,0.4570216238498688,-0.10356035828590393,0.6519860029220581,0.47484198212623596,-0.1280440092086792
0.8019310235977173,1.068729281425476,3.147184770568856e-07,0.6611764430999756,1.0506341457366943,-0.053500447422266006,0.5411006212234497,0.9482049942016602,-0.07536434382200241,0.4643888473510742,0.8180649280548096,-0.09566282480955124,0.3904738128185272,0.7050142288208008,-0.11195345968008041,0.5442091226577759,0.7240056395530701,-8.102775609586388e-05,0.4640624523162842,0.6047554612159729,-0.031113717705011368,0.40671443939208984,0.5509014129638672,-0.06926009804010391,0.34998637437820435,0.49678707122802734,-0.10179834067821503,0.6065090894699097,0.6667057275772095,-0.001331373699940741,0.5363085269927979,0.5306535959243774,-0.029493970796465874,0.4783359169960022,0.4597262144088745,-0.07530255615711212,0.4238404631614685,0.4159852862358093,-0.11433587223291397,0.677893877029419,0.646144449710846,-0.0128792067989707,0.631700873374939,0.5049349069595337,-0.05126744136214256,0.5880461931228638,0.4593057632446289,-0.09394189715385437,0.548491358757019,0.47355470061302185,-0.1234009638428688,0.7614395618438721,0.646655797958374,-0.029666544869542122,0.7298411726951599,0.5191266536712646,-0.06841690838336945,0.6873182058334351,0.4654228985309601,-0.09973307698965073,0.6430380344390869,0.47043731808662415,-0.12154705077409744
0.8018558621406555,1.0740971565246582,2.921018733559322e-07,0.6635376811027527,1.0548126697540283,-0.05573051795363426,0.5454469919204712,0.9561566114425659,-0.07983981817960739,0.46884435415267944,0.8261520266532898,-0.10151544958353043,0.39586859941482544,0.7115329504013062,-0.11886892467737198,0.54421466588974,0.7272961139678955,-0.005629360675811768,0.46620768308639526,0.6050485968589783,-0.03713616728782654,0.41022276878356934,0.5515778064727783,-0.07552596181631088,0.3541707694530487,0.49689844250679016,-0.10842800885438919,0.6068926453590393,0.669436514377594,-0.005437938030809164,0.5372370481491089,0.5318604707717896,-0.03300350159406662,0.4794209599494934,0.4615154266357422,-0.07792893052101135,0.42450377345085144,0.4182707667350769,-0.11706151813268661,0.6781660318374634,0.6479189991950989,-0.01540176011621952,0.6320268511772156,0.5054957866668701,-0.0524897426366806,0.5883741974830627,0.46122726798057556,-0.0942431315779686,0.5485740900039673,0.47771820425987244,-0.1238737553358078,0.7615925073623657,0.6481269001960754,-0.030843133106827736,0.7306453585624695,0.5212739706039429,-0.06930588185787201,0.688491940498352,0.46781525015830994,-0.1009049341082573,0.6448022723197937,0.47417396306991577,-0.12326285988092422
0.7917665243148804,1.0853018760681152,3.399316597096913e-07,0.6467795372009277,1.067779541015625,-0.04935537651181221,0.5269884467124939,0.9543830752372742,-0.06749041378498077,0.4513905644416809,0.8226747512817383,-0.08504632115364075,0.3706479072570801,0.7193065881729126,-0.099478580057621,0.5356993675231934,0.732622504234314,0.0019130671862512827,0.4535793364048004,0.6096087694168091,-0.03185364976525307,0.39254170656204224,0.5486562848091125,-0.07001561671495438,0.33492857217788696,0.4904825985431671,-0.10098855942487717,0.5969865918159485,0.6752578020095825,-0.0022376251872628927,0.5223155617713928,0.5336670875549316,-0.03292592242360115,0.4603317677974701,0.45449844002723694,-0.07677929848432541,0.40328720211982727,0.4023771286010742,-0.1125585064291954,0.6670435667037964,0.6557799577713013,-0.016846610233187675,0.6146928668022156,0.5098543763160706,-0.057970739901065826,0.5675886273384094,0.4567839801311493,-0.09867659956216812,0.5233290791511536,0.45602965354919434,-0.12556788325309753,0.7506874203681946,0.6583161354064941,-0.03636425361037254,0.7150954008102417,0.5264862179756165,-0.07621849328279495,0.6721055507659912,0.4735592007637024,-0.10485745966434479,0.6257222890853882,0.4696767330169678,-0.12409187108278275
0.794339656829834,1.0921529531478882,3.6708777884086885e-07,0.6524960994720459,1.0717288255691528,-0.05371859297156334,0.5326246619224548,0.9631578326225281,-0.07455336302518845,0.45524200797080994,0.8291391134262085,-0.09390856325626373,0.37602323293685913,0.719727098941803,-0.10920395702123642,0.5297295451164246,0.7403191328048706,0.0010254490189254284,0.4490724205970764,0.6133956909179688,-0.03232119604945183,0.39183905720710754,0.5524697303771973,-0.07040809094905853,0.3354799151420593,0.4919058680534363,-0.10138148069381714,0.5922127962112427,0.6793457865715027,-0.00020648849022109061,0.5197855830192566,0.5342861413955688,-0.029020093381404877,0.46063175797462463,0.45370736718177795,-0.07099703699350357,0.4049952030181885,0.4002421200275421,-0.10564751923084259,0.6640471816062927,0.6575659513473511,-0.012405740097165108,0.611905038356781,0.5121544599533081,-0.05079688876867294,0.5667363405227661,0.4587303698062897,-0.08835696429014206,0.5231654047966003,0.45925191044807434,-0.11327885836362839,0.7477831244468689,0.6575793027877808,-0.030211683362722397,0.7138649821281433,0.5277862548828125,-0.0682925283908844,0.6712011694908142,0.47469431161880493,-0.09498736262321472,0.6254344582557678,0.47419533133506775,-0.1124635860323906
0.7901958227157593,1.0991977453231812,3.654304236988537e-07,0.6409148573875427,1.0892860889434814,-0.039706844836473465,0.5140084624290466,0.9714174270629883,-0.051173530519008636,0.4325958490371704,0.8438300490379333,-0.06425193697214127,0.34472113847732544,0.7554897665977478,-0.07498317211866379,0.5234317779541016,0.7502910494804382,0.014367708005011082,0.43511855602264404,0.6284650564193726,-0.01673794537782669,0.37138602137565613,0.5638769865036011,-0.05176179111003876,0.31304049491882324,0.5041221976280212,-0.07955324649810791,0.5816432237625122,0.690011739730835,0.005562499165534973,0.5017291307449341,0.5409611463546753,-0.022195791825652122,0.4368166923522949,0.45291322469711304,-0.05990547314286232,0.3785834312438965,0.3921200633049011,-0.08944755792617798,0.6511102914810181,0.6678721904754639,-0.013798289000988007,0.5910024642944336,0.5188472867012024,-0.049822207540273666,0.5403786301612854,0.4557429254055023,-0.08238998055458069,0.49083492159843445,0.43504709005355835,-0.10377990454435349,0.7343855500221252,0.668332576751709,-0.03803500905632973,0.6977751851081848,0.5374465584754944,-0.07129909843206406,0.6561858057975769,0.4821823537349701,-0.09162900596857071,0.6106324791908264,0.46494975686073303,-0.10503240674734116
0.7875238656997681,1.110090732574463,3.491027200652752e-07,0.6450063586235046,1.0979056358337402,-0.04568617790937424,0.5209564566612244,0.9737614393234253,-0.061241406947374344,0.44051826000213623,0.8396967649459839,-0.07711683958768845,0.3518180847167969,0.7487040162086487,-0.09001488983631134,0.5181946158409119,0.7563549876213074,0.0051483288407325745,0.4305841028690338,0.6301841139793396,-0.031181542202830315,0.3693939447402954,0.5647691488265991,-0.06868948042392731,0.3138723075389862,0.5051565766334534,-0.09727052599191666,0.5779380202293396,0.6925941705703735,-0.0009922224562615156,0.4972377419471741,0.5435848236083984,-0.03236444666981697,0.4336687922477722,0.45617637038230896,-0.07127178460359573,0.37775641679763794,0.3981330394744873,-0.1016668751835823,0.6474978923797607,0.6685193777084351,-0.018043044954538345,0.5894524455070496,0.5168759822845459,-0.05863400176167488,0.5394139885902405,0.46043020486831665,-0.09307130426168442,0.49175572395324707,0.4517722427845001,-0.11469689756631851,0.7308651208877563,0.6681187152862549,-0.040084268897771835,0.6948473453521729,0.5364524722099304,-0.07797127962112427,0.651747465133667,0.48405781388282776,-0.10118915140628815,0.605164110660553,0.47714823484420776,-0.11576579511165619
0.7821075320243835,1.126527190208435,3.6587354657058313e-07,0.6265718936920166,1.1131360530853271,-0.04248127341270447,0.49502962827682495,0.9946264028549194,-0.05598453804850578,0.40661105513572693,0.8692451119422913,-0.07042555510997772,0.31247231364250183,0.7911295890808105,-0.08304223418235779,0.4998917281627655,0.776887834072113,0.010855957865715027,0.40582120418548584,0.6542386412620544,-0.02312711626291275,0.34082725644111633,0.5865214467048645,-0.06054854393005371,0.27924102544784546,0.521889865398407,-0.09054763615131378,0.5598875284194946,0.7105364203453064,0.0022285720333456993,0.47934889793395996,0.5614084601402283,-0.027676187455654144,0.4162771999835968,0.4742641746997833,-0.06650382280349731,0.35619398951530457,0.410065233707428,-0.09700429439544678,0.6306447982788086,0.6853938102722168,-0.017124328762292862,0.5715780854225159,0.5374560952186584,-0.053520567715168,0.5211772322654724,0.468557208776474,-0.08433553576469421,0.46648725867271423,0.43512648344039917,-0.10541906207799911,0.7150581479072571,0.6859802007675171,-0.04170633479952812,0.6802381277084351,0.5578697919845581,-0.07447649538516998,0.6407248377799988,0.5009966492652893,-0.09268267452716827,0.5929110646247864,0.47524920105934143,-0.10522610694169998
0.7802301049232483,1.1295392513275146,3.641125374542753e-07,0.6310285329818726,1.1141444444656372,-0.04626020789146423,0.5029561519622803,0.9939770102500916,-0.06206817179918289,0.41452479362487793,0.8679684400558472,-0.07819928973913193,0.319233238697052,0.7933574914932251,-0.09186993539333344,0.49879640340805054,0.7838010787963867,0.005811003502458334,0.4059388041496277,0.6592309474945068,-0.031963229179382324,0.3414549231529236,0.5904273986816406,-0.07139106839895248,0.2819780111312866,0.5235717296600342,-0.10204298794269562,0.5592228174209595,0.7144798636436462,-0.0006226152763701975,0.47419309616088867,0.5668115019798279,-0.033306773751974106,0.40866297483444214,0.4775792956352234,-0.07333442568778992,0.34839364886283875,0.4084073603153229,-0.10474896430969238,0.6296931505203247,0.6854010224342346,-0.018034329637885094,0.5662477612495422,0.534575343132019,-0.058243278414011,0.5127434730529785,0.47074761986732483,-0.09061654657125473,0.4591473340988159,0.4476511776447296,-0.11153341084718704,0.7146166563034058,0.6804686188697815,-0.04079761728644371,0.6758996248245239,0.5490753650665283,-0.07690978795289993,0.6308333277702332,0.4969806373119354,-0.09706228971481323,0.5794034004211426,0.4850635528564453,-0.11010470986366272
0.776259183883667,1.147937536239624,4.7482913601015753e-07,0.6193575263023376,1.1371381282806396,-0.046754319220781326,0.4852941334247589,1.0233896970748901,-0.06622545421123505,0.3847232460975647,0.9036690592765808,-0.08558262884616852,0.280412495136261,0.8397331237792969,-0.10448941588401794,0.4661795198917389,0.8106246590614319,-0.004844771698117256,0.36776942014694214,0.6798528432846069,-0.044520825147628784,0.2981184720993042,0.6059848666191101,-0.08687229454517365,0.23309844732284546,0.5363662242889404,-0.12142544239759445,0.5302615165710449,0.7390971779823303,-0.014079401269555092,0.44258439540863037,0.5874051451683044,-0.05134359747171402,0.3739660382270813,0.500075101852417,-0.09820011258125305,0.30738791823387146,0.4315546154975891,-0.1353973150253296,0.6060987710952759,0.7083491086959839,-0.033005133271217346,0.5382720828056335,0.5560258030891418,-0.07526390999555588,0.4788503646850586,0.4830488860607147,-0.11320499330759048,0.4172411561012268,0.4451221525669098,-0.14051958918571472,0.6971218585968018,0.7059559226036072,-0.05671244487166405,0.6560497879981995,0.5759730935096741,-0.09520219266414642,0.6126291751861572,0.5164831876754761,-0.11868152022361755,0.5627248883247375,0.48573559522628784,-0.1358598917722702
0.7718634605407715,1.159043550491333,4.4017698996867693e-07,0.6203495860099792,1.1481730937957764,-0.04664033278822899,0.4912417531013489,1.0322762727737427,-0.06690136343240738,0.39681023359298706,0.9094295501708984,-0.08714309334754944,0.29312264919281006,0.8394190073013306,-0.10674551874399185,0.4613984525203705,0.8142008781433105,-0.004829008132219315,0.3679245710372925,0.6836906671524048,-0.046012043952941895,0.3018414080142975,0.6114152073860168,-0.09058059006929398,0.24169272184371948,0.5393636226654053,-0.1271686553955078,0.5260674357414246,0.7420628666877747,-0.014119635336101055,0.43615084886550903,0.5934366583824158,-0.05248710513114929,0.36706966161727905,0.5102683305740356,-0.10215551406145096,0.29923030734062195,0.44020020961761475,-0.14262227714061737,0.6012256741523743,0.7099939584732056,-0.033153634518384933,0.5293492674827576,0.5523691773414612,-0.07797352224588394,0.4670049846172333,0.4853939414024353,-0.11856123059988022,0.40573394298553467,0.4568996727466583,-0.14791938662528992,0.6939346790313721,0.7055466175079346,-0.05685015395283699,0.6491687893867493,0.5675963163375854,-0.09949992597103119,0.5982093214988708,0.5118041038513184,-0.12668384611606598,0.5407992601394653,0.493764191865921,-0.14650879800319672
0.7435727715492249,1.1762996912002563,4.858493980464118e-07,0.5865305066108704,1.1732680797576904,-0.04193092882633209,0.4456000328063965,1.065980076789856,-0.06329858303070068,0.3412003815174103,0.9576412439346313,-0.08529133349657059,0.2351684868335724,0.900970995426178,-0.10755904763936996,0.4334453046321869,0.8390363454818726,-0.014968900009989738,0.32792559266090393,0.7062945365905762,-0.057636335492134094,0.25548484921455383,0.6312785744667053,-0.0996456891298294,0.18615218997001648,0.5611506700515747,-0.13254773616790771,0.49843910336494446,0.7656823396682739,-0.028538387268781662,0.3966246247291565,0.6066789031028748,-0.06682155281305313,0.31906378269195557,0.5177992582321167,-0.10937141627073288,0.24169403314590454,0.4465164244174957,-0.1424500048160553,0.5772297978401184,0.7317245602607727,-0.05048464983701706,0.497376948595047,0.5719060301780701,-0.09080852568149567,0.4304971694946289,0.49539655447006226,-0.12120696902275085,0.35743021965026855,0.44831138849258423,-0.14301612973213196,0.6717769503593445,0.7250871658325195,-0.07696688175201416,0.6219268441200256,0.5881315469741821,-0.11156965047121048,0.5718364715576172,0.5286484360694885,-0.12701116502285004,0.5123509168624878,0.497480571269989,-0.1379200518131256
0.7475551962852478,1.1846280097961426,3.967117834235978e-07,0.5904062986373901,1.1762243509292603,-0.04452989622950554,0.45185938477516174,1.0622985363006592,-0.06786426901817322,0.34502968192100525,0.9492371678352356,-0.09148726612329483,0.23387810587882996,0.8991212844848633,-0.1154090017080307,0.43172013759613037,0.8392406702041626,-0.014125463552772999,0.3354732394218445,0.699920654296875,-0.05722871795296669,0.27064934372901917,0.6228781938552856,-0.10157515108585358,0.20817676186561584,0.5484031438827515,-0.1378406286239624,0.4981285333633423,0.7665871381759644,-0.026592496782541275,0.403382271528244,0.606770396232605,-0.06759527325630188,0.3271677792072296,0.523472785949707,-0.11569654941558838,0.24661263823509216,0.45425477623939514,-0.15426385402679443,0.5762120485305786,0.7345413565635681,-0.04742060974240303,0.49648234248161316,0.5681045055389404,-0.09148608148097992,0.4285569190979004,0.4940970540046692,-0.12704172730445862,0.35512396693229675,0.45124661922454834,-0.15342211723327637,0.6701769828796387,0.7321637272834778,-0.07273052632808685,0.6243889331817627,0.5887678265571594,-0.11338654160499573,0.5720900893211365,0.5261653661727905,-0.13549058139324188,0.5092330574989319,0.49527788162231445,-0.15180440247058868
0.7227675914764404,1.1777362823486328,4.779512892127968e-07,0.5585924386978149,1.1743967533111572,-0.039111655205488205,0.41422438621520996,1.0890382528305054,-0.062418561428785324,0.30598950386047363,0.9997125267982483,-0.08712387084960938,0.20037910342216492,0.948635458946228,-0.11199960112571716,0.39780324697494507,0.847482442855835,-0.012567463330924511,0.2855285108089447,0.7236800789833069,-0.05737772211432457,0.21010908484458923,0.6578969359397888,-0.10231085866689682,0.13728970289230347,0.5945441722869873,-0.1375986486673355,0.4649379849433899,0.77500319480896,-0.029121194034814835,0.35875850915908813,0.618213415145874,-0.06987185776233673,0.28292715549468994,0.530541718006134,-0.11576495319604874,0.2054867148399353,0.4548649191856384,-0.15162324905395508,0.5451268553733826,0.7424195408821106,-0.05407479777932167,0.46257448196411133,0.5826319456100464,-0.09649954736232758,0.3974720239639282,0.5027490258216858,-0.1291535347700119,0.32612526416778564,0.446235716342926,-0.152816504240036,0.6419994831085205,0.734653890132904,-0.0833815336227417,0.5895763635635376,0.5982928276062012,-0.11970093101263046,0.5382228493690491,0.5359935164451599,-0.13677047193050385,0.47792667150497437,0.4980604648590088,-0.14922694861888885
0.7303198575973511,1.1804625988006592,3.3918618669304124e-07,0.5680091977119446,1.1775416135787964,-0.03543095663189888,0.4184194505214691,1.084592342376709,-0.055500563234090805,0.30650800466537476,0.9910574555397034,-0.07762517035007477,0.19622495770454407,0.9465346336364746,-0.10007818043231964,0.403707355260849,0.8527992963790894,-0.00811781082302332,0.2941075563430786,0.725123941898346,-0.05083664879202843,0.221943199634552,0.6563999652862549,-0.09337809681892395,0.15195631980895996,0.5914783477783203,-0.1270555853843689,0.4670242667198181,0.7787872552871704,-0.024882834404706955,0.36329296231269836,0.6221210360527039,-0.06376872211694717,0.2891162037849426,0.5360544919967651,-0.1072087362408638,0.21272805333137512,0.4626433551311493,-0.1412607580423355,0.5441645383834839,0.7444169521331787,-0.04957194998860359,0.4586198925971985,0.5807359218597412,-0.09065068513154984,0.3953661620616913,0.5014130473136902,-0.12184997648000717,0.3247261643409729,0.44856083393096924,-0.14453503489494324,0.6383456587791443,0.7369793653488159,-0.07815912365913391,0.5845685005187988,0.5962700843811035,-0.11470410972833633,0.5312020778656006,0.5334548950195312,-0.13175411522388458,0.4681420624256134,0.4994124472141266,-0.14405371248722076
0.697486162185669,1.166208267211914,4.3738586441577354e-07,0.5516042113304138,1.1719083786010742,-0.03568514809012413,0.4115951657295227,1.1089884042739868,-0.0573311373591423,0.31145191192626953,1.0399315357208252,-0.080662801861763,0.22033199667930603,0.987805962562561,-0.10402171313762665,0.3834100067615509,0.8489049673080444,-0.019670164212584496,0.2730032801628113,0.733686089515686,-0.06504568457603455,0.2001689076423645,0.6757537126541138,-0.10702066123485565,0.12696704268455505,0.6202916502952576,-0.13893219828605652,0.44274309277534485,0.7744778394699097,-0.03742212429642677,0.3304772973060608,0.6167057752609253,-0.0786597728729248,0.2556617856025696,0.525734543800354,-0.11982525140047073,0.17983683943748474,0.4453262984752655,-0.1506512314081192,0.5183432102203369,0.741686224937439,-0.06293661147356033,0.4332500696182251,0.5847822427749634,-0.10742055624723434,0.3752681612968445,0.5021419525146484,-0.13959436118602753,0.3087981939315796,0.4426840543746948,-0.1608033925294876,0.611908495426178,0.7349910736083984,-0.09217291325330734,0.5608680248260498,0.5975642204284668,-0.13047732412815094,0.5111237168312073,0.5329650640487671,-0.14812003076076508,0.4493272602558136,0.4942892789840698,-0.15979591012001038
0.7056010365486145,1.174332857131958,3.2201043609347835e-07,0.5602701902389526,1.1880204677581787,-0.03827724605798721,0.42039281129837036,1.125665545463562,-0.06126071512699127,0.32189738750457764,1.0575131177902222,-0.08564582467079163,0.23489849269390106,0.9999116659164429,-0.11029167473316193,0.3869655430316925,0.8580141663551331,-0.023760857060551643,0.27474620938301086,0.7405896186828613,-0.07112801820039749,0.19892984628677368,0.6804139614105225,-0.11520007252693176,0.12309509515762329,0.6249620914459229,-0.14907023310661316,0.44637686014175415,0.7808085680007935,-0.04143672063946724,0.3358285129070282,0.6247286796569824,-0.08499011397361755,0.2587130665779114,0.5369770526885986,-0.12917570769786835,0.17992934584617615,0.4615931808948517,-0.1623031347990036,0.5213370323181152,0.7465084195137024,-0.0666567012667656,0.434976190328598,0.5898492336273193,-0.11204425245523453,0.3740326166152954,0.5038489103317261,-0.1462978571653366,0.30509239435195923,0.4415348172187805,-0.1697949916124344,0.6129842400550842,0.7413329482078552,-0.09584937244653702,0.5640676021575928,0.6020498871803284,-0.13639988005161285,0.5156909227371216,0.5347369909286499,-0.15578848123550415,0.45717287063598633,0.49471306800842285,-0.16869953274726868
0.6784495115280151,1.143864393234253,3.9494693737651687e-07,0.525137722492218,1.1425421237945557,-0.039011139422655106,0.3780165910720825,1.0619711875915527,-0.06234056502580643,0.26613712310791016,0.9827272891998291,-0.08678334206342697,0.15877386927604675,0.9423990249633789,-0.11108438670635223,0.3642860949039459,0.8313868045806885,-0.01998349279165268,0.24785970151424408,0.7234702706336975,-0.06899717450141907,0.17061108350753784,0.676172137260437,-0.11283102631568909,0.09500592947006226,0.630814790725708,-0.14472535252571106,0.42252272367477417,0.7587860822677612,-0.035149309784173965,0.3120017945766449,0.6071911454200745,-0.0766858235001564,0.23785600066184998,0.5189071893692017,-0.11724907904863358,0.1633530557155609,0.43881988525390625,-0.14796873927116394,0.4966951608657837,0.7276171445846558,-0.05888943746685982,0.41424399614334106,0.578698456287384,-0.10323825478553772,0.35443803668022156,0.5002942085266113,-0.1336618810892105,0.2847856879234314,0.4393175542354584,-0.1541648656129837,0.5877230167388916,0.7208889722824097,-0.08663799613714218,0.5402544140815735,0.587797999382019,-0.1225472241640091,0.49328652024269104,0.5224658250808716,-0.13803088665008545,0.4332922399044037,0.4771021902561188,-0.1489381045103073
0.6814858317375183,1.1432582139968872,3.0831091635263874e-07,0.5261626839637756,1.1448025703430176,-0.03908034414052963,0.37400388717651367,1.0566115379333496,-0.06156393140554428,0.25686928629875183,0.9747481346130371,-0.08552826195955276,0.1430184245109558,0.9373489618301392,-0.11012103408575058,0.3698922395706177,0.8346737027168274,-0.019953805953264236,0.2529371976852417,0.7279396653175354,-0.06981519609689713,0.17549452185630798,0.6772052049636841,-0.11369936913251877,0.10068666934967041,0.627104640007019,-0.14641351997852325,0.4266872704029083,0.7610459923744202,-0.035963017493486404,0.31441888213157654,0.6120874285697937,-0.08083108812570572,0.2376941293478012,0.5258780717849731,-0.12392924726009369,0.1613805592060089,0.44841164350509644,-0.15627717971801758,0.5001556873321533,0.729796290397644,-0.06032627820968628,0.41642871499061584,0.5786774754524231,-0.1088099405169487,0.35517939925193787,0.4966314136981964,-0.14175087213516235,0.2856021523475647,0.4341963529586792,-0.1635047197341919,0.5890814065933228,0.7243357300758362,-0.0883580669760704,0.5420836210250854,0.5882293581962585,-0.127579927444458,0.49462807178497314,0.520659327507019,-0.14509522914886475,0.43541237711906433,0.4771900773048401,-0.15745015442371368
0.6621617674827576,1.1186833381652832,4.341942201335769e-07,0.509890615940094,1.110550880432129,-0.04243435710668564,0.36888885498046875,1.021128535270691,-0.06270626187324524,0.25186002254486084,0.9414994120597839,-0.08418301492929459,0.13874486088752747,0.9223184585571289,-0.105430468916893,0.35579708218574524,0.8152714371681213,-0.0019357684068381786,0.24337933957576752,0.7185741066932678,-0.04273069277405739,0.16949710249900818,0.6700412034988403,-0.08377142250537872,0.09743872284889221,0.6133524179458618,-0.11645179241895676,0.4102632999420166,0.740048348903656,-0.013317521661520004,0.3009299039840698,0.6004677414894104,-0.05058993026614189,0.2272062599658966,0.5155613422393799,-0.09122926741838455,0.15273159742355347,0.4311943054199219,-0.12307368218898773,0.4813843369483948,0.7063580751419067,-0.03462321311235428,0.3995819389820099,0.5639063119888306,-0.07687007635831833,0.3399331867694855,0.48688802123069763,-0.10680589079856873,0.27293485403060913,0.42468518018722534,-0.12732747197151184,0.5681162476539612,0.6960530281066895,-0.06071842089295387,0.5211268663406372,0.5683289170265198,-0.09416288882493973,0.4742773771286011,0.5044711828231812,-0.10918048024177551,0.4151466488838196,0.4581490755081177,-0.12066178768873215
0.6625096797943115,1.116105079650879,3.617564630076231e-07,0.5097489953041077,1.113314151763916,-0.038686029613018036,0.3649958372116089,1.0208847522735596,-0.05677711218595505,0.2504432201385498,0.9389574527740479,-0.07688850164413452,0.13884052634239197,0.9152508974075317,-0.09707406163215637,0.3576679527759552,0.8163365721702576,-0.0028639172669500113,0.2418014407157898,0.7210268378257751,-0.045614149421453476,0.16532272100448608,0.6701949834823608,-0.08623085916042328,0.09241127967834473,0.6131316423416138,-0.11785031110048294,0.41177675127983093,0.7410383820533752,-0.01678347773849964,0.30221396684646606,0.601172149181366,-0.056413684040308,0.22672367095947266,0.5127679109573364,-0.0969003289937973,0.1530275046825409,0.42777565121650696,-0.12745322287082672,0.4828405976295471,0.7073123455047607,-0.040148429572582245,0.39909303188323975,0.5652554035186768,-0.08435129374265671,0.33871498703956604,0.4871750473976135,-0.11404696851968765,0.27217161655426025,0.4242762327194214,-0.13345672190189362,0.5691829919815063,0.696904718875885,-0.0679071769118309,0.5215103626251221,0.567351222038269,-0.10294405370950699,0.47401168942451477,0.5029507875442505,-0.11803127080202103,0.41465646028518677,0.457952618598938,-0.128849059343338
0.6431498527526855,1.0912468433380127,4.0939818291008123e-07,0.4949023723602295,1.08525550365448,-0.04108169302344322,0.35780665278434753,1.0079374313354492,-0.05958404764533043,0.24549537897109985,0.9300758838653564,-0.07951002568006516,0.1375730037689209,0.9039278030395508,-0.09873463958501816,0.34941405057907104,0.7922371029853821,0.00685159582644701,0.23486126959323883,0.706480860710144,-0.030002344399690628,0.16105425357818604,0.6648703217506409,-0.06904082745313644,0.0900736153125763,0.6138970851898193,-0.10028640180826187,0.40136340260505676,0.7184982299804688,-0.0034088909160345793,0.29323267936706543,0.583946168422699,-0.037624042481184006,0.219984233379364,0.5002449154853821,-0.07767409086227417,0.14744269847869873,0.4180765450000763,-0.10903656482696533,0.46969884634017944,0.6857811808586121,-0.0238278117030859,0.38504213094711304,0.5476168394088745,-0.0626392737030983,0.3235294818878174,0.47359052300453186,-0.09266003221273422,0.25776582956314087,0.41388067603111267,-0.11348109692335129,0.5531192421913147,0.674338161945343,-0.04913340508937836,0.5037567019462585,0.5506428480148315,-0.08028663694858551,0.45521050691604614,0.4878573417663574,-0.09573151916265488,0.39703094959259033,0.4398646056652069,-0.1075187474489212
0.6414469480514526,1.0914239883422852,3.6492698995971296e-07,0.4903619885444641,1.0911425352096558,-0.039921920746564865,0.350188672542572,1.007669448852539,-0.056928277015686035,0.23691655695438385,0.926428496837616,-0.07571423053741455,0.12682580947875977,0.8977470397949219,-0.09382355958223343,0.3473791778087616,0.7946906089782715,0.008757175877690315,0.23064443469047546,0.7093934416770935,-0.02923506684601307,0.15463724732398987,0.6645739078521729,-0.06833352148532867,0.08268174529075623,0.6121176481246948,-0.09913668781518936,0.40005064010620117,0.7195754051208496,-0.0024400053080171347,0.29110151529312134,0.5843506455421448,-0.03761957585811615,0.21714384853839874,0.49871596693992615,-0.07737685739994049,0.14586931467056274,0.41545963287353516,-0.10752131044864655,0.4687708914279938,0.6862621903419495,-0.02384164370596409,0.3842611610889435,0.5492314696311951,-0.06435693800449371,0.3218468725681305,0.4735969007015228,-0.09430766105651855,0.2556438744068146,0.413114070892334,-0.11401176452636719,0.5515960454940796,0.6749497652053833,-0.04992939531803131,0.5028854608535767,0.5509397983551025,-0.08204349875450134,0.4549006223678589,0.48913252353668213,-0.09665381908416748,0.3966831862926483,0.4445737898349762,-0.1071511059999466
0.6256334781646729,1.0765876770019531,4.080728785993415e-07,0.4796801209449768,1.0786991119384766,-0.044478196650743484,0.34550315141677856,0.9919217824935913,-0.06234780699014664,0.23645593225955963,0.9085474014282227,-0.08112765848636627,0.12851619720458984,0.8872968554496765,-0.09886845201253891,0.3416290879249573,0.776087760925293,0.007615544833242893,0.22920453548431396,0.687300980091095,-0.02881050668656826,0.15552487969398499,0.6444981694221497,-0.06755738705396652,0.08580911159515381,0.5935314893722534,-0.09826498478651047,0.39149680733680725,0.7025903463363647,-0.00025083712534978986,0.2842538058757782,0.5701188445091248,-0.03276166692376137,0.2107478231191635,0.48697778582572937,-0.07117052376270294,0.1395169198513031,0.40583187341690063,-0.10088283568620682,0.456853985786438,0.6694304943084717,-0.018973655998706818,0.3718101382255554,0.5346704721450806,-0.056019049137830734,0.30983766913414,0.46209320425987244,-0.08442174643278122,0.24420307576656342,0.4029444754123688,-0.10399269312620163,0.5362674593925476,0.6577144265174866,-0.04324275255203247,0.4874951243400574,0.5391011238098145,-0.0730782300233841,0.44025254249572754,0.47680044174194336,-0.0876760333776474,0.3833371698856354,0.42750418186187744,-0.09863400459289551
0.6227789521217346,1.0752079486846924,3.3571211588423466e-07,0.47409650683403015,1.0759350061416626,-0.03981927037239075,0.33899977803230286,0.9884887933731079,-0.05619547516107559,0.23057831823825836,0.9047302007675171,-0.07465335726737976,0.12263140082359314,0.8811400532722473,-0.09235716611146927,0.33938127756118774,0.7771114706993103,0.01163200382143259,0.22648820281028748,0.6885868906974792,-0.02490001916885376,0.1526353359222412,0.6444863080978394,-0.0635366216301918,0.08180391788482666,0.593625545501709,-0.09420040994882584,0.38949334621429443,0.7030046582221985,0.0011883488623425364,0.28335055708885193,0.5705978274345398,-0.03205280378460884,0.2101987898349762,0.48564183712005615,-0.071385957300663,0.13890287280082703,0.40244007110595703,-0.10167893767356873,0.45555776357650757,0.6692801117897034,-0.019671188667416573,0.37170282006263733,0.5355172157287598,-0.05747291073203087,0.30941587686538696,0.46215909719467163,-0.08685564249753952,0.24300739169120789,0.40287959575653076,-0.10690417140722275,0.5358194708824158,0.6563109159469604,-0.04557637870311737,0.48789769411087036,0.5368673801422119,-0.07564808428287506,0.43975964188575745,0.47606784105300903,-0.09039225429296494,0.3817290663719177,0.43037936091423035,-0.10138680040836334
0.6168196797370911,1.0524461269378662,3.851998826576164e-07,0.4694470167160034,1.0564361810684204,-0.04238392412662506,0.33531826734542847,0.9751517176628113,-0.05977378040552139,0.22642268240451813,0.8883998990058899,-0.07839023321866989,0.11968261003494263,0.8599405884742737,-0.09595156461000443,0.3325832188129425,0.7649677991867065,0.01043763943016529,0.222151517868042,0.6772279739379883,-0.02373448759317398,0.1513231098651886,0.6335214376449585,-0.06087446212768555,0.08370095491409302,0.579678475856781,-0.09088633209466934,0.38330399990081787,0.6905336380004883,0.0022690147161483765,0.27846771478652954,0.5602709054946899,-0.028566814959049225,0.20703715085983276,0.47913578152656555,-0.06634051352739334,0.137935608625412,0.3987963795661926,-0.09613289684057236,0.4491005539894104,0.6560301780700684,-0.016353212296962738,0.365040123462677,0.5240116119384766,-0.05183230713009834,0.3027246594429016,0.45185479521751404,-0.08019080013036728,0.23809932172298431,0.392170250415802,-0.10027610510587692,0.5280085802078247,0.643161952495575,-0.040289346128702164,0.48029792308807373,0.527590274810791,-0.06929975003004074,0.43326807022094727,0.4657325744628906,-0.08405058085918427,0.37801599502563477,0.4164138436317444,-0.09536005556583405
0.6094369292259216,1.0544469356536865,4.1572783970877936e-07,0.46376100182533264,1.0579801797866821,-0.0414634607732296,0.334907591342926,0.972077488899231,-0.056632861495018005,0.23045411705970764,0.8806329369544983,-0.07291419804096222,0.1245531439781189,0.8475935459136963,-0.08788496255874634,0.32915523648262024,0.7614678144454956,0.016006285324692726,0.22049914300441742,0.6682093739509583,-0.013865438289940357,0.15081334114074707,0.6205808520317078,-0.04835401847958565,0.08465650677680969,0.5629266500473022,-0.07706624269485474,0.38036829233169556,0.6860059499740601,0.007995178923010826,0.27725663781166077,0.5557681322097778,-0.019078759476542473,0.2068215012550354,0.47358137369155884,-0.05582093074917793,0.13919717073440552,0.3946380913257599,-0.08525605499744415,0.44590651988983154,0.6520171165466309,-0.010573755949735641,0.36389291286468506,0.5207229852676392,-0.043197229504585266,0.3029463291168213,0.4456042945384979,-0.07216476649045944,0.23853543400764465,0.3834102153778076,-0.09348323196172714,0.5237058401107788,0.638562023639679,-0.034397996962070465,0.47618916630744934,0.5221062302589417,-0.062344957143068314,0.430140882730484,0.4611603915691376,-0.077718585729599,0.3753630220890045,0.4130539000034332,-0.089931920170784
0.6074289083480835,1.0552492141723633,3.764509699522023e-07,0.4599584937095642,1.0579891204833984,-0.038934946060180664,0.33191144466400146,0.9725558161735535,-0.054008208215236664,0.22786074876785278,0.8790358304977417,-0.07082097232341766,0.12272849678993225,0.8446309566497803,-0.08664669841527939,0.3268999755382538,0.7592936158180237,0.018111344426870346,0.21817810833454132,0.6669492125511169,-0.011693708598613739,0.1476351022720337,0.6216626763343811,-0.04640145227313042,0.07996103167533875,0.5675210952758789,-0.07543063163757324,0.3789626359939575,0.6852459907531738,0.00863705575466156,0.27754876017570496,0.5551738142967224,-0.018850240856409073,0.20708243548870087,0.472186803817749,-0.05694388970732689,0.13818708062171936,0.39195170998573303,-0.08762018382549286,0.44550350308418274,0.6526153087615967,-0.011107554659247398,0.36371755599975586,0.5208934545516968,-0.044221390038728714,0.3028925955295563,0.44894471764564514,-0.07445982098579407,0.23912957310676575,0.39103513956069946,-0.09663498401641846,0.5247446894645691,0.6398484706878662,-0.035798996686935425,0.47656363248825073,0.5233641862869263,-0.06445424258708954,0.4295809864997864,0.46156275272369385,-0.08102425932884216,0.3747248649597168,0.41290828585624695,-0.09402281045913696
0.6067632436752319,1.0477863550186157,4.067495638082619e-07,0.46228209137916565,1.052567481994629,-0.04368537664413452,0.33757829666137695,0.9657058715820312,-0.062290292233228683,0.23534730076789856,0.8688805103302002,-0.08130136877298355,0.1307116150856018,0.8334550261497498,-0.09922099858522415,0.3257718086242676,0.7571424245834351,0.009538877755403519,0.2188163548707962,0.661658763885498,-0.021376756951212883,0.1506279706954956,0.6162678003311157,-0.05652598291635513,0.0855056643486023,0.5611230134963989,-0.08590100705623627,0.37849512696266174,0.6822367906570435,0.002219750080257654,0.27738162875175476,0.5500686168670654,-0.026161566376686096,0.20747217535972595,0.46788057684898376,-0.06523628532886505,0.13873928785324097,0.3876081705093384,-0.09691115468740463,0.44506677985191345,0.6496599912643433,-0.015129602514207363,0.36441200971603394,0.5169013142585754,-0.04858873412013054,0.3041662573814392,0.44490087032318115,-0.07980012148618698,0.24131686985492706,0.386094868183136,-0.10303466767072678,0.5242895483970642,0.637521505355835,-0.03757315129041672,0.47526293992996216,0.5219301581382751,-0.06674688309431076,0.4280794858932495,0.4603413939476013,-0.08399953693151474,0.37374281883239746,0.41193193197250366,-0.09761808812618256
0.6111652255058289,1.0444300174713135,4.742690862258314e-07,0.4656595289707184,1.0491451025009155,-0.046484846621751785,0.34073036909103394,0.9621715545654297,-0.06599166989326477,0.24142049252986908,0.8597961664199829,-0.08574914187192917,0.13663485646247864,0.8164733052253723,-0.10407838970422745,0.3267455995082855,0.7555530667304993,0.011351131834089756,0.2210189402103424,0.659051239490509,-0.01922149769961834,0.15263667702674866,0.612064003944397,-0.05460482835769653,0.08702167868614197,0.5558198690414429,-0.08446148782968521,0.3806270956993103,0.6808569431304932,0.005132772959768772,0.28331923484802246,0.5475547313690186,-0.02275337278842926,0.2153082937002182,0.46430063247680664,-0.0625656321644783,0.1478525996208191,0.38264161348342896,-0.09499545395374298,0.44724422693252563,0.6489951610565186,-0.011703690513968468,0.3691970705986023,0.5163585543632507,-0.04512656852602959,0.3111777901649475,0.44405123591423035,-0.07701029628515244,0.2502261996269226,0.3864285945892334,-0.10069523006677628,0.5267743468284607,0.6376000642776489,-0.03398124873638153,0.4789086878299713,0.5208334922790527,-0.06301938742399216,0.4322499930858612,0.46088624000549316,-0.08063069730997086,0.3785865306854248,0.41680407524108887,-0.09465637058019638
0.6084641218185425,1.0464154481887817,4.548408014670713e-07,0.4643719792366028,1.0498894453048706,-0.04381587728857994,0.34039294719696045,0.9630114436149597,-0.061084430664777756,0.24257071316242218,0.8626304864883423,-0.07871249318122864,0.13933444023132324,0.8157135248184204,-0.09467890113592148,0.3256080150604248,0.7511858940124512,0.013481575064361095,0.21921925246715546,0.6559917330741882,-0.015348010696470737,0.15095177292823792,0.6093112230300903,-0.049313757568597794,0.08496063947677612,0.5552197694778442,-0.0779876857995987,0.379265695810318,0.6770347356796265,0.006829641759395599,0.2826434373855591,0.5449551343917847,-0.019159704446792603,0.2151169329881668,0.4614960253238678,-0.05702672526240349,0.1483340859413147,0.38249650597572327,-0.08791443705558777,0.4460417330265045,0.6459740400314331,-0.010311128571629524,0.3678734302520752,0.5132391452789307,-0.04258330538868904,0.31116291880607605,0.44367924332618713,-0.07308384776115417,0.25027257204055786,0.38922929763793945,-0.0955897644162178,0.5259875059127808,0.6356144547462463,-0.03263223171234131,0.47949501872062683,0.5174410343170166,-0.06131960451602936,0.4336864650249481,0.45881029963493347,-0.07836008816957474,0.3796950578689575,0.41619643568992615,-0.09162983298301697
0.6152725219726562,1.0579644441604614,3.767054295167327e-07,0.4755329489707947,1.0615321397781372,-0.0398905910551548,0.34968510270118713,0.9615894556045532,-0.05143878981471062,0.26208484172821045,0.8485608100891113,-0.06408602744340897,0.1664501577615738,0.7826644778251648,-0.07422641664743423,0.32953280210494995,0.7568762302398682,0.01632692664861679,0.2244240790605545,0.6611578464508057,-0.013755641877651215,0.15378506481647491,0.6132428050041199,-0.04678025841712952,0.0856139063835144,0.5648473501205444,-0.07322687655687332,0.3814598619937897,0.6830446720123291,0.007980525493621826,0.2928338646888733,0.5427283644676208,-0.018214590847492218,0.22657844424247742,0.45934751629829407,-0.053275804966688156,0.16113388538360596,0.38872578740119934,-0.080225370824337,0.44582483172416687,0.6512160897254944,-0.011130246333777905,0.37312808632850647,0.5185070633888245,-0.04474639147520065,0.3164252042770386,0.4527556300163269,-0.07405991852283478,0.25409018993377686,0.4051247537136078,-0.09370613843202591,0.5242557525634766,0.640484631061554,-0.03526247292757034,0.47956809401512146,0.5176049470901489,-0.06490854173898697,0.4347631633281708,0.45959925651550293,-0.0811133086681366,0.38115552067756653,0.42096737027168274,-0.09236608445644379
0.616743803024292,1.0594063997268677,4.6384656116060796e-07,0.4740928113460541,1.0586577653884888,-0.04246688261628151,0.3514435589313507,0.9668344259262085,-0.05843281373381615,0.26392924785614014,0.8559709787368774,-0.07511216402053833,0.1668020486831665,0.7862910032272339,-0.08939459919929504,0.32637616991996765,0.7583502531051636,0.015326864086091518,0.22306476533412933,0.6588104367256165,-0.01397473830729723,0.15503531694412231,0.6116065979003906,-0.04813747480511665,0.0879240334033966,0.5622245073318481,-0.07613301277160645,0.3804551064968109,0.6836222410202026,0.007777241058647633,0.2931675910949707,0.5430710315704346,-0.016819512471556664,0.22917844355106354,0.4608519375324249,-0.05348305031657219,0.1646360456943512,0.3902740478515625,-0.08315323293209076,0.4465504288673401,0.6515662670135498,-0.010449233464896679,0.372907429933548,0.5176801085472107,-0.04086748883128166,0.31785887479782104,0.451784610748291,-0.06958223134279251,0.25687265396118164,0.4050063490867615,-0.09070979803800583,0.5259581804275513,0.6419320702552795,-0.03404063358902931,0.47881945967674255,0.5187471508979797,-0.061353590339422226,0.434114933013916,0.46019887924194336,-0.07682166993618011,0.3813355267047882,0.42074328660964966,-0.08869805932044983
0.6276796460151672,1.0626541376113892,2.778139389647549e-07,0.482777863740921,1.0542017221450806,-0.03976496681571007,0.3586973249912262,0.9509685635566711,-0.04816357418894768,0.27988201379776,0.8284487724304199,-0.05741239711642265,0.20637181401252747,0.7300440073013306,-0.06228547915816307,0.33248651027679443,0.7603994011878967,0.029818903654813766,0.23312592506408691,0.6634936928749084,0.010615387931466103,0.1648387908935547,0.616735577583313,-0.01875755563378334,0.09827113151550293,0.576423168182373,-0.04482099786400795,0.3860345780849457,0.6910905838012695,0.025243103504180908,0.30819565057754517,0.5638560652732849,0.006951626390218735,0.241587832570076,0.5028290748596191,-0.02821991965174675,0.17823751270771027,0.47242477536201477,-0.05714976042509079,0.44864219427108765,0.6568964123725891,0.009738805703818798,0.3800198435783386,0.5215349197387695,-0.016679827123880386,0.31087446212768555,0.47274670004844666,-0.049232546240091324,0.24650216102600098,0.46641412377357483,-0.07384442538022995,0.5254055857658386,0.6404205560684204,-0.010921355336904526,0.4866529107093811,0.5275245904922485,-0.03690461814403534,0.44303545355796814,0.490942120552063,-0.055203963071107864,0.4008122980594635,0.49103134870529175,-0.06910611689090729
0.6237808465957642,1.053300380706787,2.8547719921334647e-07,0.4731184244155884,1.0348302125930786,-0.0329459123313427,0.35819998383522034,0.9193893074989319,-0.03454640135169029,0.3017577528953552,0.7679343819618225,-0.041626788675785065,0.2590833604335785,0.6523630023002625,-0.04351438581943512,0.34429866075515747,0.7451102137565613,0.06714621186256409,0.2591851055622101,0.64542156457901,0.056554388254880905,0.19690927863121033,0.6045725345611572,0.030090125277638435,0.14117997884750366,0.5830878615379333,0.008123585022985935,0.4044841527938843,0.6864897012710571,0.062037765979766846,0.353914737701416,0.5477042198181152,0.04432277753949165,0.31714093685150146,0.5026488304138184,0.005017523653805256,0.2924012541770935,0.5000461339950562,-0.02296397089958191,0.4711017608642578,0.6631126403808594,0.04467405006289482,0.4258129894733429,0.5237734317779541,0.011411518789827824,0.3961356282234192,0.5289393663406372,-0.026221096515655518,0.3905852735042572,0.5861928462982178,-0.04611760377883911,0.5427831411361694,0.6525543332099915,0.023277759552001953,0.4951929450035095,0.5316693186759949,-0.005500038620084524,0.4646383821964264,0.5323129296302795,-0.024435516446828842,0.45974960923194885,0.579520583152771,-0.034755587577819824
0.6228820085525513,1.03477144241333,3.9095084503060207e-07,0.4774417281150818,1.032548427581787,-0.036710746586322784,0.35999903082847595,0.9283530712127686,-0.04225412383675575,0.3068259358406067,0.7837329506874084,-0.05156991630792618,0.2790547311306,0.667330265045166,-0.055073171854019165,0.3434128761291504,0.7481783628463745,0.046838704496622086,0.25362062454223633,0.6480438709259033,0.03274283558130264,0.1887545883655548,0.6067436337471008,0.007253904361277819,0.13484066724777222,0.5865088701248169,-0.012372085824608803,0.40417179465293884,0.6858742237091064,0.04409787058830261,0.3575952649116516,0.5512851476669312,0.02550637722015381,0.31871575117111206,0.50239098072052,-0.008111629635095596,0.29597437381744385,0.4955199658870697,-0.03117935173213482,0.4712071418762207,0.659945547580719,0.029892733320593834,0.42148008942604065,0.5309807062149048,-0.003387939650565386,0.3970550298690796,0.5478466749191284,-0.03365973010659218,0.4010620713233948,0.6114141941070557,-0.046962615102529526,0.5424870848655701,0.6478935480117798,0.011358934454619884,0.49168094992637634,0.5267959833145142,-0.017821071669459343,0.46437928080558777,0.5350460410118103,-0.03197088837623596,0.4674281179904938,0.5899672508239746,-0.037035100162029266
0.6204094886779785,1.010412335395813,-2.2494103291137435e-07,0.4983976185321808,0.991096556186676,-0.017613664269447327,0.3916793167591095,0.8853413462638855,-0.022278917953372,0.35541313886642456,0.7557373046875,-0.03651579096913338,0.3408406674861908,0.6490220427513123,-0.048461008816957474,0.3646298050880432,0.7239075899124146,0.048636000603437424,0.3117995262145996,0.6257167458534241,0.011773659847676754,0.2695329189300537,0.6000992059707642,-0.02435765415430069,0.23847495019435883,0.6062869429588318,-0.044709593057632446,0.4154781997203827,0.6721212863922119,0.029255473986268044,0.35346660017967224,0.5230468511581421,-0.021386679261922836,0.33863770961761475,0.5587637424468994,-0.0547751747071743,0.34668660163879395,0.6267013549804688,-0.06073717400431633,0.4768490195274353,0.6484948396682739,0.0005768550909124315,0.41732239723205566,0.5171375870704651,-0.05121268332004547,0.42909157276153564,0.597658097743988,-0.05761178582906723,0.45893052220344543,0.6743385195732117,-0.04354280233383179,0.551530659198761,0.6469647884368896,-0.031202035024762154,0.49372774362564087,0.541956901550293,-0.06094411015510559,0.49143311381340027,0.6062376499176025,-0.05139055848121643,0.514936625957489,0.6734436750411987,-0.033865392208099365
0.6644607782363892,0.9861152172088623,-7.207586918411835e-07,0.5338929891586304,0.9522097110748291,-0.013534112833440304,0.44065970182418823,0.8382681012153625,-0.018607040867209435,0.40105199813842773,0.7082329392433167,-0.031930409371852875,0.35520094633102417,0.6162645816802979,-0.038603704422712326,0.4346250295639038,0.6895116567611694,0.04915200173854828,0.37172016501426697,0.5707279443740845,0.008901135064661503,0.3539833128452301,0.6172983646392822,-0.01738203503191471,0.3599407374858856,0.6638521552085876,-0.02595757320523262,0.48243704438209534,0.6643456220626831,0.03612615168094635,0.4160884618759155,0.5416767001152039,-0.001405092072673142,0.4132840931415558,0.6288844347000122,-0.01614012010395527,0.41898131370544434,0.6685397624969482,-0.01301251258701086,0.5337698459625244,0.654036819934845,0.012504734098911285,0.4703108072280884,0.558914303779602,-0.026895936578512192,0.4724777638912201,0.6467134952545166,-0.019249165430665016,0.4825671911239624,0.6857566833496094,-0.0016869951505213976,0.5900400876998901,0.6525628566741943,-0.013446311466395855,0.5248984694480896,0.5879806876182556,-0.03017384000122547,0.5217769145965576,0.6457152366638184,-0.012347587384283543,0.5349472761154175,0.6745637655258179,0.008192338980734348
0.5558894872665405,0.9565575122833252,1.072175564331701e-06,0.4562585949897766,0.9960170984268188,-0.044336602091789246,0.3402720093727112,0.9838933944702148,-0.0856563076376915,0.2535320818424225,0.977644681930542,-0.12141302227973938,0.18229757249355316,0.9905679225921631,-0.16237957775592804,0.296093612909317,0.8620954751968384,-0.12401778995990753,0.1620219498872757,0.7839317917823792,-0.19234345853328705,0.08278325200080872,0.7262731194496155,-0.23292334377765656,0.016179531812667847,0.6766276955604553,-0.2586361765861511,0.35016512870788574,0.7744171023368835,-0.14123713970184326,0.21581494808197021,0.6388332843780518,-0.21110254526138306,0.12230382859706879,0.5440272688865662,-0.2546777129173279,0.04209554195404053,0.46618351340293884,-0.2815444767475128,0.4287441074848175,0.7153113484382629,-0.1591184288263321,0.31714552640914917,0.5757787823677063,-0.23014482855796814,0.23060190677642822,0.4908740222454071,-0.2708921730518341,0.150880828499794,0.4210428297519684,-0.293097585439682,0.5186766386032104,0.6754821538925171,-0.17635750770568848,0.4527071714401245,0.5506020784378052,-0.23990283906459808,0.3916080892086029,0.4739852249622345,-0.26621100306510925,0.32767152786254883,0.412578284740448,-0.27961355447769165
0.6079099178314209,1.0222560167312622,1.1493239071569405e-06,0.5113670825958252,1.0709943771362305,-0.05862974002957344,0.3952772319316864,1.0724481344223022,-0.10821768641471863,0.30701586604118347,1.0720393657684326,-0.1512155532836914,0.2338826060295105,1.0831072330474854,-0.19835184514522552,0.30749768018722534,0.884347677230835,-0.11395003646612167,0.17070093750953674,0.8164752721786499,-0.18349792063236237,0.08212801814079285,0.7624503374099731,-0.23231492936611176,0.006348997354507446,0.7115741968154907,-0.2656407356262207,0.35624659061431885,0.7909244894981384,-0.12654569745063782,0.21910187602043152,0.6620774269104004,-0.19602659344673157,0.12010443210601807,0.5648890733718872,-0.24760833382606506,0.028174161911010742,0.47857362031936646,-0.28119367361068726,0.4299539029598236,0.7338656187057495,-0.14223259687423706,0.3125869929790497,0.5923470258712769,-0.21018682420253754,0.2262091040611267,0.5032573938369751,-0.25448399782180786,0.14527615904808044,0.4305252134799957,-0.2804102897644043,0.5197431445121765,0.6994647979736328,-0.15981948375701904,0.4495527446269989,0.566584587097168,-0.2186148464679718,0.3861575722694397,0.48467233777046204,-0.24546675384044647,0.32058805227279663,0.4163883924484253,-0.26035845279693604
0.6406093835830688,1.058530330657959,1.0487632380318246e-06,0.5246890783309937,1.1155297756195068,-0.05307025462388992,0.3933376371860504,1.1174982786178589,-0.09304023534059525,0.29692700505256653,1.112755298614502,-0.1284252405166626,0.21614991128444672,1.1093621253967285,-0.166493758559227,0.3037753105163574,0.8917856216430664,-0.08423318713903427,0.16125930845737457,0.8234231472015381,-0.1439712643623352,0.07028844952583313,0.7712706327438354,-0.1893261969089508,-0.009009748697280884,0.7243742942810059,-0.2207537591457367,0.35039910674095154,0.7894876599311829,-0.09832284599542618,0.20600420236587524,0.6542268991470337,-0.1559397429227829,0.1053486168384552,0.5558313131332397,-0.2027016431093216,0.01284092664718628,0.4705374240875244,-0.23342950642108917,0.42505085468292236,0.7290780544281006,-0.11709524691104889,0.3045118451118469,0.5878798961639404,-0.17452849447727203,0.2195034921169281,0.4988540709018707,-0.21435345709323883,0.13956116139888763,0.42697346210479736,-0.23797179758548737,0.5190324187278748,0.6969529986381531,-0.13839688897132874,0.4425992965698242,0.5652328729629517,-0.18748797476291656,0.38029593229293823,0.4837132692337036,-0.20820289850234985,0.31673675775527954,0.4159672260284424,-0.21928517520427704
0.6535522937774658,1.1181153059005737,7.693939778619097e-07,0.526081383228302,1.1706806421279907,-0.051419004797935486,0.38806596398353577,1.1680138111114502,-0.0864114761352539,0.2854192852973938,1.1623892784118652,-0.11796087771654129,0.19901101291179657,1.1519681215286255,-0.15047600865364075,0.2944469749927521,0.9110841751098633,-0.059082500636577606,0.15038952231407166,0.8443171977996826,-0.10942153632640839,0.06148749589920044,0.7928805351257324,-0.15010783076286316,-0.014237374067306519,0.7446691393852234,-0.1802949160337448,0.3431136906147003,0.8074295520782471,-0.0722949355840683,0.21182887256145477,0.6804152727127075,-0.1207185909152031,0.13252411782741547,0.59737229347229,-0.16114023327827454,0.06038537621498108,0.5244436860084534,-0.18845756351947784,0.4187936782836914,0.7471818327903748,-0.09244571626186371,0.30269718170166016,0.6032114028930664,-0.14394350349903107,0.22018717229366302,0.5117372274398804,-0.17920377850532532,0.13916611671447754,0.43728047609329224,-0.2014467865228653,0.5132308006286621,0.7152107954025269,-0.1157640591263771,0.44003355503082275,0.5749648809432983,-0.16127046942710876,0.3791288137435913,0.49027562141418457,-0.18035568296909332,0.3132777810096741,0.4197334051132202,-0.19141477346420288
0.6563076972961426,1.1271458864212036,6.72121871048148e-07,0.5247077941894531,1.1823832988739014,-0.04373298957943916,0.3795999586582184,1.1762757301330566,-0.07405129075050354,0.2724112868309021,1.1627216339111328,-0.10305382311344147,0.18261007964611053,1.1414968967437744,-0.13293279707431793,0.29285672307014465,0.9114491939544678,-0.04771691933274269,0.14787867665290833,0.8431552648544312,-0.09499003738164902,0.05889332294464111,0.7926348447799683,-0.13411113619804382,-0.017908722162246704,0.7426710724830627,-0.1633409857749939,0.3424834907054901,0.8103881478309631,-0.0638415589928627,0.20555777847766876,0.6811947226524353,-0.1086902916431427,0.12349364161491394,0.5975886583328247,-0.1467120498418808,0.04839310050010681,0.521215558052063,-0.1727246195077896,0.4171622693538666,0.7486937046051025,-0.0865875706076622,0.2973194122314453,0.6039443016052246,-0.1338157206773758,0.21332396566867828,0.5125328302383423,-0.1658308058977127,0.13097567856311798,0.4346548020839691,-0.18637879192829132,0.5109610557556152,0.7157585024833679,-0.11239998042583466,0.43514201045036316,0.5791914463043213,-0.15417857468128204,0.37389904260635376,0.49490585923194885,-0.17072300612926483,0.30833420157432556,0.42355164885520935,-0.18014848232269287
0.6614123582839966,1.14429771900177,7.193454507614661e-07,0.5332855582237244,1.2065211534500122,-0.05110105127096176,0.3918137550354004,1.2122266292572021,-0.08792543411254883,0.28503677248954773,1.2110178470611572,-0.12218938767910004,0.19515471160411835,1.1986849308013916,-0.1574191302061081,0.28429147601127625,0.9264596700668335,-0.057097140699625015,0.13480842113494873,0.8565108776092529,-0.10673098266124725,0.043718934059143066,0.8054097890853882,-0.14833146333694458,-0.03493177890777588,0.7539721131324768,-0.17985416948795319,0.3336857557296753,0.8217625021934509,-0.07109866291284561,0.19348622858524323,0.6967566013336182,-0.11894530057907104,0.10912081599235535,0.6184935569763184,-0.1601843684911728,0.03060033917427063,0.5457750558853149,-0.18880853056907654,0.4102621078491211,0.7595562934875488,-0.09189975261688232,0.2885154187679291,0.611423671245575,-0.14163878560066223,0.20410852134227753,0.5197286605834961,-0.175557941198349,0.12011420726776123,0.4410662055015564,-0.19750414788722992,0.5063778758049011,0.7287407517433167,-0.11618782579898834,0.428102046251297,0.587479293346405,-0.16063500940799713,0.36524108052253723,0.5020221471786499,-0.17848767340183258,0.2973332107067108,0.4287067949771881,-0.18864381313323975
0.6667602062225342,1.1485705375671387,6.676211796730058e-07,0.5384901165962219,1.2114756107330322,-0.044961243867874146,0.3986468017101288,1.2210488319396973,-0.07871650904417038,0.29260221123695374,1.2346519231796265,-0.11188873648643494,0.20277579128742218,1.2378709316253662,-0.1466423124074936,0.28773435950279236,0.9225126504898071,-0.04561181738972664,0.14344654977321625,0.8512203693389893,-0.09245944023132324,0.05538320541381836,0.8025833368301392,-0.13311436772346497,-0.02178320288658142,0.7539135217666626,-0.16412115097045898,0.33577319979667664,0.8218955397605896,-0.06277091056108475,0.19837135076522827,0.6920819282531738,-0.10643696039915085,0.11818984150886536,0.612626314163208,-0.14494222402572632,0.04432186484336853,0.5383874177932739,-0.17213183641433716,0.41078734397888184,0.7622156143188477,-0.08703137934207916,0.2917000651359558,0.6178601384162903,-0.1329112946987152,0.20749984681606293,0.5285180807113647,-0.1651705503463745,0.12323372066020966,0.4508076608181,-0.18686974048614502,0.5058678984642029,0.7317479848861694,-0.11487843096256256,0.4302445650100708,0.5921111106872559,-0.15610812604427338,0.3687342703342438,0.5089237689971924,-0.17246553301811218,0.3011850118637085,0.43674060702323914,-0.1823110729455948
0.6705003976821899,1.1577666997909546,7.603593985550106e-07,0.5385628938674927,1.220479965209961,-0.04732167720794678,0.3952011466026306,1.2373051643371582,-0.08487370610237122,0.2865230143070221,1.2547054290771484,-0.12141761183738708,0.19534340500831604,1.260079264640808,-0.15994225442409515,0.28091961145401,0.9470574259757996,-0.058381177484989166,0.12335991859436035,0.876084566116333,-0.11114582419395447,0.03013625741004944,0.8229610919952393,-0.15433506667613983,-0.05020934343338013,0.7679886221885681,-0.18672189116477966,0.33038759231567383,0.8424659371376038,-0.07525080442428589,0.18409141898155212,0.7144702672958374,-0.12580746412277222,0.10036405920982361,0.6307032108306885,-0.1684696525335312,0.02336391806602478,0.5500046014785767,-0.19830656051635742,0.40659987926483154,0.7785623669624329,-0.09858778119087219,0.27940428256988525,0.6324642896652222,-0.1498086303472519,0.19232825934886932,0.5410991907119751,-0.18457721173763275,0.10639715194702148,0.46057695150375366,-0.20738758146762848,0.5028086304664612,0.7424023151397705,-0.12514430284500122,0.4213780462741852,0.601145327091217,-0.17010486125946045,0.35647496581077576,0.5163165330886841,-0.188199982047081,0.2859182357788086,0.44198960065841675,-0.19881093502044678
0.6640677452087402,1.1743985414505005,7.215526807158312e-07,0.5361524820327759,1.233839988708496,-0.04797409474849701,0.39552611112594604,1.2446770668029785,-0.08411480486392975,0.29050230979919434,1.2502224445343018,-0.11896039545536041,0.20181311666965485,1.2471576929092407,-0.1556118130683899,0.27703505754470825,0.9452354907989502,-0.055533330887556076,0.11993032693862915,0.8732948303222656,-0.10730001330375671,0.02485296130180359,0.8259585499763489,-0.15046386420726776,-0.058302462100982666,0.7788742780685425,-0.18266823887825012,0.32710862159729004,0.8386472463607788,-0.07278982549905777,0.18046924471855164,0.7049779891967773,-0.11961464583873749,0.09698116779327393,0.6229696273803711,-0.16119951009750366,0.020258009433746338,0.5472127199172974,-0.19076402485370636,0.40307652950286865,0.7753642797470093,-0.09676361083984375,0.28037118911743164,0.6334129571914673,-0.1445690244436264,0.19356410205364227,0.5436378717422485,-0.17846667766571045,0.1077679693698883,0.4659345746040344,-0.20175853371620178,0.49931856989860535,0.7427737712860107,-0.12445773184299469,0.42084506154060364,0.6034805774688721,-0.16719025373458862,0.3585968017578125,0.522158682346344,-0.18399126827716827,0.2909919023513794,0.45292526483535767,-0.19425098598003387
0.6739593744277954,1.1816644668579102,6.944615051907022e-07,0.5323840379714966,1.2470088005065918,-0.04534241929650307,0.3792933523654938,1.2573208808898926,-0.07969341427087784,0.26392412185668945,1.2627557516098022,-0.11342961341142654,0.16681869328022003,1.2575984001159668,-0.1485757827758789,0.27277499437332153,0.9567163586616516,-0.049897581338882446,0.11261491477489471,0.8921786546707153,-0.10140655189752579,0.01604565978050232,0.8435454964637756,-0.14462526142597198,-0.06734433770179749,0.7924725413322449,-0.1775994449853897,0.32468628883361816,0.8501672744750977,-0.06782063841819763,0.17971818149089813,0.7175551652908325,-0.11707968264818192,0.09882381558418274,0.6323304176330566,-0.1585261970758438,0.02438238263130188,0.5513405799865723,-0.1874261349439621,0.40341752767562866,0.7869831919670105,-0.09297066926956177,0.2773969769477844,0.6415379643440247,-0.14375801384449005,0.1895904392004013,0.5500378608703613,-0.17773370444774628,0.10208669304847717,0.4691160023212433,-0.20005738735198975,0.5020589232444763,0.753623366355896,-0.12152773886919022,0.42022770643234253,0.6117690801620483,-0.16697315871715546,0.35399192571640015,0.5276134014129639,-0.18536649644374847,0.28157004714012146,0.4541693925857544,-0.19621896743774414
0.6682851314544678,1.1813035011291504,7.093350404829835e-07,0.5270645022392273,1.2464873790740967,-0.04217996075749397,0.372128963470459,1.2545244693756104,-0.0726889818906784,0.2586936354637146,1.2598152160644531,-0.10273928940296173,0.1640387624502182,1.2582027912139893,-0.1342644840478897,0.26572129130363464,0.951530396938324,-0.04327510669827461,0.10786403715610504,0.8832985162734985,-0.08930448442697525,0.014683008193969727,0.8368507623672485,-0.12903907895088196,-0.06602093577384949,0.7897114753723145,-0.15944230556488037,0.31904444098472595,0.843908965587616,-0.06094392389059067,0.17323768138885498,0.7054911255836487,-0.10227056592702866,0.09390303492546082,0.6194487810134888,-0.13949047029018402,0.021542459726333618,0.5401257276535034,-0.16602979600429535,0.3981162905693054,0.779366672039032,-0.0856608971953392,0.27369341254234314,0.6391326785087585,-0.12872394919395447,0.18691250681877136,0.5495914816856384,-0.16010160744190216,0.10130998492240906,0.47068995237350464,-0.18193674087524414,0.4974285960197449,0.7449449896812439,-0.1138620525598526,0.41670939326286316,0.6052200794219971,-0.15309110283851624,0.3535152077674866,0.5244334936141968,-0.16870315372943878,0.2843095362186432,0.455049067735672,-0.1784743219614029
0.6768083572387695,1.194003939628601,6.393304374796571e-07,0.5303614735603333,1.253773808479309,-0.03920063376426697,0.37436389923095703,1.2508612871170044,-0.0671560987830162,0.2586730122566223,1.247484803199768,-0.09585261344909668,0.16266684234142303,1.2402598857879639,-0.12567870318889618,0.27194079756736755,0.9512571692466736,-0.03419344872236252,0.11611229181289673,0.8744986057281494,-0.08009675145149231,0.02195999026298523,0.8233219981193542,-0.12040217965841293,-0.06083869934082031,0.7728147506713867,-0.15154807269573212,0.3249184489250183,0.8454081416130066,-0.054122455418109894,0.17998038232326508,0.7064595818519592,-0.09679440408945084,0.09730829298496246,0.6196797490119934,-0.13554200530052185,0.022554397583007812,0.5415385961532593,-0.1629597544670105,0.403384804725647,0.7811101078987122,-0.0814737007021904,0.277138352394104,0.6377294063568115,-0.12598752975463867,0.18813680112361908,0.5479182600975037,-0.15768566727638245,0.1008826345205307,0.47101208567619324,-0.17954021692276,0.5026111006736755,0.7466163635253906,-0.11238136142492294,0.4227779507637024,0.6057560443878174,-0.15272016823291779,0.3579115569591522,0.5248234272003174,-0.16893240809440613,0.28760939836502075,0.4565361738204956,-0.17901195585727692
0.683150053024292,1.1930705308914185,6.838746458015521e-07,0.5310647487640381,1.246856451034546,-0.03613143041729927,0.3720889687538147,1.2435163259506226,-0.06311769038438797,0.2550436854362488,1.2434613704681396,-0.09191039949655533,0.1601467877626419,1.2388246059417725,-0.12241420149803162,0.27109137177467346,0.9530143141746521,-0.030348192900419235,0.11412456631660461,0.8801912665367126,-0.07605093717575073,0.018179893493652344,0.830054521560669,-0.11612779647111893,-0.0653214156627655,0.777889609336853,-0.14713461697101593,0.3258143961429596,0.8474750518798828,-0.05186481028795242,0.18035531044006348,0.7067404985427856,-0.09548917412757874,0.09779739379882812,0.6175591945648193,-0.1350015550851822,0.02287045121192932,0.5344451665878296,-0.16272272169589996,0.4053674340248108,0.7836820483207703,-0.08069150149822235,0.27863845229148865,0.6386719942092896,-0.12612007558345795,0.18858535587787628,0.548970103263855,-0.1586921215057373,0.10013321042060852,0.47022703289985657,-0.1806919276714325,0.5050467252731323,0.7493500709533691,-0.11273830384016037,0.4219271242618561,0.6075867414474487,-0.15286774933338165,0.3549829125404358,0.5241067409515381,-0.1690598875284195,0.28205567598342896,0.45110443234443665,-0.17916239798069
0.6802264451980591,1.2002677917480469,6.750911438757612e-07,0.5445536375045776,1.266377329826355,-0.05281595513224602,0.38955336809158325,1.270053744316101,-0.08895006775856018,0.2715792655944824,1.2579991817474365,-0.12297087162733078,0.17238402366638184,1.2343498468399048,-0.1570388674736023,0.27672627568244934,0.9469281435012817,-0.05042784661054611,0.11862117052078247,0.8650543689727783,-0.10217244178056717,0.023051440715789795,0.8148535490036011,-0.1467878669500351,-0.061761558055877686,0.7672042846679688,-0.18027174472808838,0.3284764885902405,0.8383243680000305,-0.06513898819684982,0.17947687208652496,0.6965203285217285,-0.1108827143907547,0.09291079640388489,0.615921139717102,-0.1514442265033722,0.011722713708877563,0.5434460639953613,-0.18007054924964905,0.4075493812561035,0.7737625241279602,-0.08781124651432037,0.2836797833442688,0.6276739835739136,-0.1336611807346344,0.19574297964572906,0.5401904582977295,-0.16385489702224731,0.1080266535282135,0.4656297266483307,-0.184691920876503,0.5089075565338135,0.7414940595626831,-0.1153760626912117,0.43150588870048523,0.5988472104072571,-0.15660035610198975,0.3697088360786438,0.5181173086166382,-0.17124134302139282,0.3028927743434906,0.4501216411590576,-0.17968766391277313
0.6884785890579224,1.2064582109451294,6.056585561964312e-07,0.5473650097846985,1.2721511125564575,-0.04798685386776924,0.3882583677768707,1.2714135646820068,-0.08027850836515427,0.2679818868637085,1.2559337615966797,-0.11167499423027039,0.1657227724790573,1.226793646812439,-0.1428242027759552,0.2789962887763977,0.9495891332626343,-0.04037390649318695,0.1228007823228836,0.870510995388031,-0.08879292011260986,0.027374356985092163,0.8192376494407654,-0.13127806782722473,-0.05670851469039917,0.768649697303772,-0.16380919516086578,0.33216458559036255,0.8426787257194519,-0.05653372034430504,0.18882766366004944,0.6985899209976196,-0.10036370903253555,0.10624921321868896,0.6113764047622681,-0.13897371292114258,0.030587375164031982,0.52955162525177,-0.1662551909685135,0.4118514955043793,0.7795234322547913,-0.08096270263195038,0.28784820437431335,0.632090151309967,-0.12588055431842804,0.20074892044067383,0.5416759252548218,-0.15567797422409058,0.11444444954395294,0.4615764319896698,-0.17604540288448334,0.51368248462677,0.7481297850608826,-0.11002815514802933,0.43401244282722473,0.6067650318145752,-0.15103788673877716,0.3703422546386719,0.5245999097824097,-0.16629277169704437,0.3015810251235962,0.4526802897453308,-0.17515793442726135
0.6873735189437866,1.2058873176574707,6.26546523108118e-07,0.5498387813568115,1.2583736181259155,-0.0479075126349926,0.40225401520729065,1.2431244850158691,-0.08035404235124588,0.294918954372406,1.2071841955184937,-0.11231953650712967,0.20428133010864258,1.1658852100372314,-0.14457064867019653,0.285403847694397,0.9373681545257568,-0.03815557435154915,0.12683971226215363,0.8574709296226501,-0.08733067661523819,0.03140383958816528,0.808579683303833,-0.13119369745254517,-0.05368524789810181,0.7596324682235718,-0.16432493925094604,0.33825406432151794,0.8265654444694519,-0.055460333824157715,0.18685434758663177,0.6786737442016602,-0.09761139005422592,0.09749472141265869,0.595853328704834,-0.13925062119960785,0.013710469007492065,0.5231739282608032,-0.1689944565296173,0.4193079173564911,0.7614835500717163,-0.08061515539884567,0.2961690425872803,0.6140702962875366,-0.12320249527692795,0.20955878496170044,0.524985671043396,-0.15348325669765472,0.12237018346786499,0.44970929622650146,-0.17479772865772247,0.5233755707740784,0.730798065662384,-0.11047932505607605,0.4437801241874695,0.5901475548744202,-0.14749114215373993,0.38310104608535767,0.5089170932769775,-0.15929703414440155,0.31784307956695557,0.4400956630706787,-0.16629603505134583
0.6948709487915039,1.208533763885498,5.282622055347019e-07,0.5501400828361511,1.2652637958526611,-0.04122992604970932,0.3996722996234894,1.2574230432510376,-0.0688295066356659,0.28906071186065674,1.2316763401031494,-0.09757751226425171,0.19155782461166382,1.195508360862732,-0.1269201934337616,0.2891671061515808,0.9377419948577881,-0.026395851746201515,0.1390201300382614,0.8571257591247559,-0.07169908285140991,0.04561120271682739,0.8044089078903198,-0.11345497518777847,-0.03820660710334778,0.7520086169242859,-0.14602021872997284,0.340729683637619,0.8307223320007324,-0.04647555574774742,0.19376607239246368,0.6871117353439331,-0.08892475813627243,0.10614153742790222,0.6012816429138184,-0.12947210669517517,0.024432659149169922,0.5217440128326416,-0.15840493142604828,0.4203045666217804,0.7697908878326416,-0.07469860464334488,0.30038022994995117,0.6166200637817383,-0.1191384568810463,0.215791255235672,0.5232014656066895,-0.15007267892360687,0.12897688150405884,0.44317910075187683,-0.17113244533538818,0.5236318707466125,0.7426430583000183,-0.1071532741189003,0.44548752903938293,0.5998268723487854,-0.14596518874168396,0.38331183791160583,0.5175377130508423,-0.15956242382526398,0.3155520260334015,0.44803759455680847,-0.16773797571659088
0.6897002458572388,1.2051186561584473,6.642606535933737e-07,0.534074068069458,1.2523726224899292,-0.04188217222690582,0.3725963830947876,1.2424535751342773,-0.07066959887742996,0.25104019045829773,1.2367066144943237,-0.10084343701601028,0.14820075035095215,1.2219033241271973,-0.13246111571788788,0.2884224057197571,0.9308969378471375,-0.031576260924339294,0.13455624878406525,0.8530563116073608,-0.0811108872294426,0.03905871510505676,0.8016378879547119,-0.12587210536003113,-0.04705968499183655,0.7491617202758789,-0.15977957844734192,0.34546151757240295,0.8254367113113403,-0.051565274596214294,0.20044061541557312,0.6748707294464111,-0.09681293368339539,0.11333966255187988,0.5810719728469849,-0.1393837183713913,0.03201603889465332,0.49233299493789673,-0.16941070556640625,0.42808347940444946,0.7643780708312988,-0.07954064011573792,0.3056377172470093,0.6139843463897705,-0.12594449520111084,0.2208249717950821,0.5188238620758057,-0.15779931843280792,0.13568155467510223,0.43528592586517334,-0.17903515696525574,0.5317508578300476,0.7353072166442871,-0.111606664955616,0.45501554012298584,0.5946784019470215,-0.1512199193239212,0.39352554082870483,0.510407567024231,-0.16478347778320312,0.3265262842178345,0.4355931580066681,-0.17283815145492554
0.6936637163162231,1.2015748023986816,6.121513820289692e-07,0.5383324027061462,1.248781681060791,-0.04064957797527313,0.3775486350059509,1.2331633567810059,-0.06810972839593887,0.2567015290260315,1.2176100015640259,-0.09724900126457214,0.15481442213058472,1.198001742362976,-0.12728309631347656,0.29222571849823,0.9309172630310059,-0.0283900685608387,0.1347428262233734,0.8562533855438232,-0.07747093588113785,0.03889879584312439,0.806909441947937,-0.12191206216812134,-0.04668518900871277,0.756197452545166,-0.15513752400875092,0.3469798266887665,0.8230713605880737,-0.04834924638271332,0.1950913369655609,0.6730291843414307,-0.09190107882022858,0.10618558526039124,0.5799738168716431,-0.13324519991874695,0.026149749755859375,0.49453070759773254,-0.1619807332754135,0.4287293553352356,0.7579982280731201,-0.07630370557308197,0.30241987109184265,0.6090662479400635,-0.12072855979204178,0.21576029062271118,0.5142127275466919,-0.15169543027877808,0.13145487010478973,0.4333229064941406,-0.17213723063468933,0.5332257747650146,0.7250356674194336,-0.10837025940418243,0.4557075500488281,0.582573652267456,-0.1452161818742752,0.393797904253006,0.49756401777267456,-0.15734486281871796,0.32799232006073,0.4249619245529175,-0.16422036290168762
0.6848169565200806,1.2233082056045532,5.712801112167654e-07,0.5306582450866699,1.2558302879333496,-0.04071887210011482,0.3761739134788513,1.2153003215789795,-0.0656721293926239,0.26877743005752563,1.150080919265747,-0.091926708817482,0.17871108651161194,1.0802035331726074,-0.11797875165939331,0.29574763774871826,0.9157626628875732,-0.021700523793697357,0.13680405914783478,0.833397626876831,-0.07054869830608368,0.039770036935806274,0.7846262454986572,-0.11516203731298447,-0.04464161396026611,0.7350748777389526,-0.14748792350292206,0.3555651009082794,0.8084067106246948,-0.041004475206136703,0.208920419216156,0.6512229442596436,-0.08076374977827072,0.11897528171539307,0.5531123280525208,-0.12157512456178665,0.03945881128311157,0.46711066365242004,-0.15014255046844482,0.4394925534725189,0.7461358308792114,-0.06893438845872879,0.3193058371543884,0.5936274528503418,-0.10996364802122116,0.23571904003620148,0.49760082364082336,-0.1380758434534073,0.15564890205860138,0.4191492199897766,-0.1567804217338562,0.545293927192688,0.7172462344169617,-0.10144255310297012,0.4691591262817383,0.5727887153625488,-0.13538891077041626,0.41077014803886414,0.4869850277900696,-0.1439729481935501,0.35109227895736694,0.41643983125686646,-0.14812692999839783
0.687628984451294,1.2210582494735718,5.339233553058875e-07,0.5348294973373413,1.2555047273635864,-0.04518836364150047,0.38235267996788025,1.2140965461730957,-0.07281361520290375,0.27657264471054077,1.1417427062988281,-0.10162367671728134,0.18760643899440765,1.0618890523910522,-0.12984222173690796,0.2921620309352875,0.9156897068023682,-0.02418494038283825,0.13463810086250305,0.8256456851959229,-0.0736779049038887,0.036806732416152954,0.7701254487037659,-0.11875403672456741,-0.05032825469970703,0.713496744632721,-0.15260961651802063,0.3515082597732544,0.8076756000518799,-0.04209179803729057,0.20396558940410614,0.6495687961578369,-0.08568519353866577,0.11282721161842346,0.5506384372711182,-0.1291816234588623,0.029093027114868164,0.4600231349468231,-0.16053077578544617,0.4362812936306,0.7494141459465027,-0.06887903064489365,0.3209403455257416,0.5934573411941528,-0.11272092908620834,0.24251775443553925,0.4936889111995697,-0.14324648678302765,0.1629064679145813,0.4086424708366394,-0.16415758430957794,0.5436285138130188,0.7260534167289734,-0.1007174625992775,0.46950796246528625,0.582036018371582,-0.1373097151517868,0.4095182418823242,0.49575844407081604,-0.14966894686222076,0.3457898795604706,0.4245082437992096,-0.157180055975914
0.6899913549423218,1.1812855005264282,6.1168429965619e-07,0.5279086232185364,1.2117148637771606,-0.04131143540143967,0.36573100090026855,1.1450622081756592,-0.062298595905303955,0.253409743309021,1.054460048675537,-0.08423572033643723,0.1548408418893814,0.9737420678138733,-0.10464449226856232,0.2995102107524872,0.866334080696106,-0.017289968207478523,0.14564593136310577,0.7574293613433838,-0.060705434530973434,0.0553913414478302,0.6875687837600708,-0.09964285045862198,-0.021577179431915283,0.6170597076416016,-0.12893910706043243,0.3616481125354767,0.7661404609680176,-0.03471040725708008,0.21980205178260803,0.5979862213134766,-0.07253573089838028,0.1323246955871582,0.4954364001750946,-0.11209731549024582,0.05259779095649719,0.4062691330909729,-0.14023183286190033,0.44458839297294617,0.7117445468902588,-0.060760580003261566,0.333558052778244,0.5548126101493835,-0.09926678240299225,0.2554694414138794,0.4526635408401489,-0.12728111445903778,0.17606504261493683,0.3643028140068054,-0.14730054140090942,0.547278881072998,0.6914764046669006,-0.0916655957698822,0.4802739918231964,0.5501673221588135,-0.12447049468755722,0.42610132694244385,0.4626219868659973,-0.13508233428001404,0.3674221634864807,0.3855806589126587,-0.14182354509830475
0.6882519125938416,1.1665151119232178,5.527402322513808e-07,0.5253368616104126,1.1900486946105957,-0.040742017328739166,0.367475688457489,1.1185964345932007,-0.060892242938280106,0.25935423374176025,1.0223729610443115,-0.0825997069478035,0.1571655571460724,0.9433814287185669,-0.10303772985935211,0.29937344789505005,0.8545653820037842,-0.01347865629941225,0.14197558164596558,0.7595840692520142,-0.05834747478365898,0.04685091972351074,0.7003120183944702,-0.09873594343662262,-0.03690776228904724,0.6396384835243225,-0.12900666892528534,0.3604792356491089,0.7563711404800415,-0.03161762282252312,0.21524126827716827,0.5950341820716858,-0.07187966257333755,0.12467917799949646,0.49300459027290344,-0.11347908526659012,0.04103660583496094,0.4010874927043915,-0.14313222467899323,0.4443168342113495,0.7057576775550842,-0.05882428586483002,0.3295678496360779,0.5505345463752747,-0.10040876269340515,0.2555082440376282,0.4487740397453308,-0.13029591739177704,0.17769190669059753,0.36083605885505676,-0.15106534957885742,0.548319935798645,0.6863425970077515,-0.09091102331876755,0.4786396920681,0.5441745519638062,-0.12486275285482407,0.4244424104690552,0.456804484128952,-0.13676607608795166,0.36487022042274475,0.3818419575691223,-0.14475692808628082
0.7060743570327759,1.1190954446792603,6.674124506389489e-07,0.5362576246261597,1.129096269607544,-0.048725709319114685,0.3642701208591461,1.0367777347564697,-0.0685112401843071,0.23107801377773285,0.9483004212379456,-0.08798236399888992,0.10655608773231506,0.9078680872917175,-0.10582169145345688,0.3187928795814514,0.8027527332305908,-0.007809839677065611,0.17048892378807068,0.6957179307937622,-0.050959303975105286,0.0808262825012207,0.6308079361915588,-0.09106753021478653,0.002863466739654541,0.5615482926368713,-0.12137064337730408,0.3773249089717865,0.7093334197998047,-0.018857454881072044,0.24205893278121948,0.548351526260376,-0.05522589385509491,0.15317955613136292,0.44619739055633545,-0.09357797354459763,0.07211947441101074,0.3534650206565857,-0.12194593250751495,0.45816314220428467,0.6592420339584351,-0.04053456708788872,0.3494061529636383,0.5022964477539062,-0.07920908182859421,0.27477461099624634,0.4055843651294708,-0.10372009128332138,0.20087721943855286,0.32351750135421753,-0.1211339458823204,0.5578149557113647,0.6389912366867065,-0.06815213710069656,0.49332550168037415,0.5016154050827026,-0.09881521761417389,0.44196245074272156,0.4148615896701813,-0.10769087076187134,0.38693496584892273,0.33947405219078064,-0.11406605690717697
0.7118898630142212,1.110163927078247,6.116151780588552e-07,0.5398861765861511,1.1230919361114502,-0.048454638570547104,0.3642887473106384,1.0423237085342407,-0.06936036050319672,0.22933311760425568,0.9594234228134155,-0.09056878089904785,0.10031703114509583,0.9219284057617188,-0.11045824736356735,0.3248192071914673,0.8058961629867554,-0.007279164623469114,0.17220960557460785,0.712490975856781,-0.05323592945933342,0.07822531461715698,0.6606029868125916,-0.09567370265722275,-0.005833625793457031,0.6055358052253723,-0.12723146378993988,0.3820577561855316,0.7101545333862305,-0.01942111924290657,0.24301950633525848,0.5525903701782227,-0.058975059539079666,0.15263161063194275,0.4515455365180969,-0.09997030347585678,0.06876116991043091,0.35784465074539185,-0.1299976259469986,0.4627293050289154,0.6579450368881226,-0.04235434904694557,0.35020092129707336,0.5011451244354248,-0.08453386276960373,0.2780078649520874,0.4026455581188202,-0.11172668635845184,0.20367906987667084,0.3181760609149933,-0.1302766054868698,0.5620889067649841,0.6332406997680664,-0.07100776582956314,0.49595361948013306,0.495311439037323,-0.10310324281454086,0.4444361627101898,0.41092145442962646,-0.11306017637252808,0.3885710835456848,0.3378537893295288,-0.12029736489057541
0.7135229110717773,1.0706984996795654,5.721896059185383e-07,0.5539548397064209,1.0745832920074463,-0.04470150172710419,0.40069496631622314,0.9767248034477234,-0.06083327531814575,0.2834007143974304,0.8749534487724304,-0.07751603424549103,0.16940651834011078,0.8277810215950012,-0.09288720786571503,0.3595062494277954,0.7401849031448364,0.0012455175165086985,0.22009719908237457,0.6303113698959351,-0.03670943155884743,0.13551005721092224,0.5638869404792786,-0.07399556785821915,0.06303492188453674,0.4929935336112976,-0.10233353823423386,0.4144595265388489,0.6527297496795654,-0.010825704783201218,0.2829638123512268,0.488521009683609,-0.04050547257065773,0.19792532920837402,0.3904780149459839,-0.0756600946187973,0.122525155544281,0.3034370541572571,-0.10233506560325623,0.4919125437736511,0.6074879169464111,-0.03328639641404152,0.38486891984939575,0.4478282332420349,-0.06631401181221008,0.31473904848098755,0.3528456687927246,-0.0868212878704071,0.2460877001285553,0.2738076448440552,-0.10212784260511398,0.5897670984268188,0.5885242223739624,-0.06193945184350014,0.524736762046814,0.4481526017189026,-0.08852539211511612,0.4762505292892456,0.3637300729751587,-0.09354238957166672,0.4251624643802643,0.2917546033859253,-0.09731204062700272
0.7213624715805054,1.0532938241958618,5.023117068958527e-07,0.5611231923103333,1.0588282346725464,-0.04478081688284874,0.40464845299720764,0.966030478477478,-0.06145505979657173,0.28536587953567505,0.8696534037590027,-0.07865435630083084,0.16990864276885986,0.8234125375747681,-0.09493251144886017,0.3624069094657898,0.7402933239936829,-0.0004434890579432249,0.22165629267692566,0.6429664492607117,-0.038964010775089264,0.1383245289325714,0.5805443525314331,-0.07646269351243973,0.06525149941444397,0.5111848711967468,-0.10554268211126328,0.415072500705719,0.649039089679718,-0.012801731936633587,0.2840649485588074,0.49239763617515564,-0.044617004692554474,0.20044633746147156,0.39367520809173584,-0.08100232481956482,0.12428119778633118,0.3017006814479828,-0.10853174328804016,0.49297523498535156,0.6012138724327087,-0.03556821122765541,0.387235164642334,0.4459271728992462,-0.06969853490591049,0.32107383012771606,0.3484460115432739,-0.09406466037034988,0.2555875778198242,0.2657589316368103,-0.11209704726934433,0.5912975072860718,0.5813270211219788,-0.06434376537799835,0.5242505669593811,0.44963833689689636,-0.09016148000955582,0.47578397393226624,0.36804288625717163,-0.09818843752145767,0.42541593313217163,0.2977157235145569,-0.1049109548330307
0.7361854314804077,1.0180093050003052,5.025644327361078e-07,0.580590009689331,1.0205403566360474,-0.05139726400375366,0.4292665719985962,0.9269421696662903,-0.06784329563379288,0.3162119686603546,0.8162466883659363,-0.08277098089456558,0.20818324387073517,0.7389041185379028,-0.09501459449529648,0.39568668603897095,0.6961653232574463,-0.006331134587526321,0.2608625292778015,0.592806339263916,-0.04565541073679924,0.17338359355926514,0.5337580442428589,-0.08227832615375519,0.0962308943271637,0.47162336111068726,-0.11012762784957886,0.4499838650226593,0.6089261770248413,-0.01466190256178379,0.33079469203948975,0.44229477643966675,-0.04583999142050743,0.2515959143638611,0.3430798649787903,-0.07959534972906113,0.1816863715648651,0.25647464394569397,-0.10444290935993195,0.5244465470314026,0.5664494037628174,-0.034013766795396805,0.426594078540802,0.4110074043273926,-0.070214182138443,0.3635023236274719,0.3160627782344818,-0.09243454039096832,0.3012457489967346,0.2338583767414093,-0.10780186951160431,0.6185630559921265,0.55193030834198,-0.05986211448907852,0.5605441331863403,0.4177490174770355,-0.09072317183017731,0.5177686214447021,0.3332148790359497,-0.09873032569885254,0.4728390872478485,0.2600221633911133,-0.10355852544307709
0.7304860949516296,0.9992791414260864,4.825564019483863e-07,0.5765926837921143,1.0017306804656982,-0.05019334703683853,0.4284047484397888,0.9183409214019775,-0.06853359937667847,0.31724274158477783,0.8132065534591675,-0.08595825731754303,0.21184194087982178,0.7353169918060303,-0.1013127788901329,0.39431777596473694,0.6919165849685669,-0.008347821421921253,0.25929006934165955,0.5923999547958374,-0.049136191606521606,0.17100277543067932,0.5368159413337708,-0.08630803227424622,0.09143099188804626,0.4780222475528717,-0.11482293158769608,0.449179083108902,0.60207200050354,-0.0182082187384367,0.330880343914032,0.4403216242790222,-0.051600612699985504,0.252636581659317,0.3434922993183136,-0.08668703585863113,0.18098190426826477,0.25608089566230774,-0.11261938512325287,0.5254172086715698,0.5584598779678345,-0.03894286975264549,0.42915990948677063,0.40620094537734985,-0.07584553211927414,0.36756631731987,0.30786341428756714,-0.10014500468969345,0.3044432997703552,0.21978503465652466,-0.11730121821165085,0.620586633682251,0.5436969995498657,-0.06598711758852005,0.5612114071846008,0.414427250623703,-0.0965762585401535,0.5167630910873413,0.3326118290424347,-0.10630252212285995,0.4688788652420044,0.2605396807193756,-0.11295021325349808
0.7570215463638306,0.9681589603424072,6.320287866401486e-07,0.603868305683136,0.9830418825149536,-0.059906698763370514,0.45309963822364807,0.8918012976646423,-0.07986630499362946,0.34237203001976013,0.7716948986053467,-0.09638655930757523,0.23494088649749756,0.6985194683074951,-0.11032754927873611,0.41643059253692627,0.675945520401001,-0.013193277642130852,0.28887608647346497,0.5669125914573669,-0.05371139943599701,0.20777618885040283,0.5010431408882141,-0.09122101217508316,0.1367032527923584,0.42809271812438965,-0.12027245759963989,0.47424259781837463,0.586181640625,-0.01740124635398388,0.3612078130245209,0.4243369996547699,-0.050139136612415314,0.2871904969215393,0.32096847891807556,-0.08647147566080093,0.2223067581653595,0.22559097409248352,-0.11422977596521378,0.5502497553825378,0.54420006275177,-0.03330070897936821,0.4630317687988281,0.3901980519294739,-0.07175896316766739,0.4022381603717804,0.2893731892108917,-0.09892034530639648,0.3441736102104187,0.19948720932006836,-0.11843345314264297,0.6416326761245728,0.5297322869300842,-0.05603534355759621,0.5887759327888489,0.40031442046165466,-0.09006354212760925,0.5489770770072937,0.31444013118743896,-0.10318785160779953,0.5075318217277527,0.23636719584465027,-0.11241663992404938
0.7525601983070374,0.9728964567184448,7.039899969640828e-07,0.5996642708778381,0.9802021980285645,-0.06193488836288452,0.45387187600135803,0.8899732828140259,-0.08312009274959564,0.3432915210723877,0.7750077247619629,-0.10048548132181168,0.232342928647995,0.7072990536689758,-0.11551695317029953,0.4199942946434021,0.6713411808013916,-0.013101566582918167,0.2892724275588989,0.5677139163017273,-0.05364402011036873,0.2067869007587433,0.5064663290977478,-0.0916677862405777,0.13206031918525696,0.43761372566223145,-0.12118008732795715,0.4786592721939087,0.5809572339057922,-0.016479913145303726,0.36477231979370117,0.42226076126098633,-0.04785551875829697,0.29132455587387085,0.32112717628479004,-0.0833577811717987,0.22577381134033203,0.2272941768169403,-0.11055329442024231,0.5559599995613098,0.5398534536361694,-0.03203260898590088,0.4638480842113495,0.38971903920173645,-0.06920737028121948,0.40280935168266296,0.2917742431163788,-0.09494361281394958,0.3420912027359009,0.20128414034843445,-0.11353050172328949,0.6485105156898499,0.5258843302726746,-0.05480285733938217,0.593447208404541,0.4003406763076782,-0.08766051381826401,0.5523722767829895,0.31829437613487244,-0.09995276480913162,0.5078635215759277,0.2414814531803131,-0.1087031215429306
0.7620230913162231,0.9679898023605347,6.982410809541761e-07,0.6104651093482971,0.9810357689857483,-0.06495548039674759,0.46454983949661255,0.8915066719055176,-0.085616834461689,0.3541582524776459,0.7715334892272949,-0.10206801444292068,0.24306312203407288,0.6951479911804199,-0.11606365442276001,0.42646610736846924,0.6659430265426636,-0.004904014524072409,0.2986588180065155,0.5624101758003235,-0.039910413324832916,0.21859151124954224,0.5013140439987183,-0.07657356560230255,0.145734041929245,0.42973536252975464,-0.10693815350532532,0.4874173402786255,0.5725228190422058,-0.005996516440063715,0.3769315481185913,0.41547584533691406,-0.03425196185708046,0.3051299452781677,0.3149428963661194,-0.07285359501838684,0.23917296528816223,0.21809622645378113,-0.10381528735160828,0.5650119185447693,0.5325608849525452,-0.019702453166246414,0.4770546555519104,0.38283801078796387,-0.05582480505108833,0.41765445470809937,0.28546878695487976,-0.08632010221481323,0.3575470447540283,0.1927289366722107,-0.109461709856987,0.6572122573852539,0.519193708896637,-0.040688592940568924,0.6031099557876587,0.3946050703525543,-0.07415870577096939,0.5646553039550781,0.31371089816093445,-0.08993362635374069,0.5221579670906067,0.23368093371391296,-0.10222453624010086
0.7624566555023193,0.9663811922073364,7.505698249588022e-07,0.6103618144989014,0.978721022605896,-0.06487885862588882,0.46428799629211426,0.8867526650428772,-0.08597038686275482,0.35325372219085693,0.7682485580444336,-0.1027727946639061,0.2404402494430542,0.6962318420410156,-0.11697354167699814,0.4250868856906891,0.663573682308197,-0.0065500023774802685,0.29628491401672363,0.5602514147758484,-0.04115360230207443,0.21657955646514893,0.4999125897884369,-0.07660592347383499,0.14346113801002502,0.4302888512611389,-0.105423703789711,0.48684605956077576,0.5719079375267029,-0.007221574429422617,0.37401896715164185,0.4139305353164673,-0.03490211442112923,0.30344972014427185,0.31173890829086304,-0.07129990309476852,0.24070286750793457,0.21585041284561157,-0.09994516521692276,0.5657116174697876,0.5324633121490479,-0.020443681627511978,0.4761623442173004,0.3828500211238861,-0.0552721843123436,0.4169716238975525,0.2834625840187073,-0.08410506695508957,0.3586653172969818,0.19042563438415527,-0.10560151189565659,0.6583278179168701,0.5186911821365356,-0.04093628376722336,0.6020339727401733,0.393380343914032,-0.07177433371543884,0.5618742108345032,0.3121245503425598,-0.08552557229995728,0.5190852284431458,0.23362404108047485,-0.09621832519769669
0.7646175026893616,0.974868655204773,7.754968578410626e-07,0.6120105981826782,0.9869630336761475,-0.06532435119152069,0.46720266342163086,0.8966394066810608,-0.08762221038341522,0.3573061227798462,0.7756556868553162,-0.10560012608766556,0.24391108751296997,0.6995216608047485,-0.12113351374864578,0.42659056186676025,0.6700995564460754,-0.006579199805855751,0.29752662777900696,0.5642591118812561,-0.0412142314016819,0.2182416021823883,0.5022455453872681,-0.07722137868404388,0.14593511819839478,0.4295966327190399,-0.10679353773593903,0.48863276839256287,0.5773538947105408,-0.007901323959231377,0.3749431073665619,0.41911473870277405,-0.035224173218011856,0.3035019636154175,0.31522753834724426,-0.07279063761234283,0.2407999336719513,0.21670901775360107,-0.10300946980714798,0.5674836039543152,0.5381766557693481,-0.02182835154235363,0.47915512323379517,0.38781553506851196,-0.05618205666542053,0.4200904071331024,0.2862032353878021,-0.08575719594955444,0.3623208999633789,0.19117265939712524,-0.10853680223226547,0.6598921418190002,0.5256534814834595,-0.04312998056411743,0.604600727558136,0.3982781767845154,-0.07378977537155151,0.565302848815918,0.3148338496685028,-0.0880071148276329,0.522960901260376,0.23427411913871765,-0.09960375726222992
0.7646926641464233,0.9722408056259155,7.666562851227354e-07,0.6139010190963745,0.9855784177780151,-0.06545189768075943,0.4689929485321045,0.8956344723701477,-0.08840067684650421,0.35752105712890625,0.7771169543266296,-0.10712514817714691,0.2431514859199524,0.704801082611084,-0.12339724600315094,0.42770054936408997,0.6694323420524597,-0.008351736702024937,0.2985115051269531,0.5647816061973572,-0.04361424222588539,0.218880295753479,0.5034821629524231,-0.0795304924249649,0.14639222621917725,0.4315207004547119,-0.10886076837778091,0.48878803849220276,0.5764414072036743,-0.009636259637773037,0.3747512698173523,0.41858571767807007,-0.037537384778261185,0.30356842279434204,0.31558558344841003,-0.074339359998703,0.24122405052185059,0.2185623049736023,-0.10374026745557785,0.5673812031745911,0.5361799001693726,-0.023462731391191483,0.4782233238220215,0.3863343894481659,-0.058022141456604004,0.41925346851348877,0.2858103811740875,-0.08695865422487259,0.3613014817237854,0.1921059489250183,-0.10907021164894104,0.6596102714538574,0.522687554359436,-0.04466737061738968,0.603848934173584,0.3960813581943512,-0.07518797367811203,0.5640840530395508,0.31311824917793274,-0.08910124003887177,0.5213822722434998,0.23406469821929932,-0.10031699389219284
0.7638940811157227,0.9750572443008423,7.9972147659646e-07,0.6110522747039795,0.9916296005249023,-0.06672798842191696,0.46365198493003845,0.9021947383880615,-0.09070287644863129,0.3526305556297302,0.7844211459159851,-0.11021654307842255,0.23698195815086365,0.7122000455856323,-0.12761349976062775,0.4209376871585846,0.6800101399421692,-0.011987308971583843,0.2895878255367279,0.5757683515548706,-0.04896705225110054,0.2104397714138031,0.5134974718093872,-0.08583536744117737,0.13768714666366577,0.4421727955341339,-0.1157078966498375,0.4840807318687439,0.5870527029037476,-0.013562021777033806,0.3701598048210144,0.4264327883720398,-0.04397185519337654,0.297505259513855,0.3228954076766968,-0.08340810984373093,0.2321527898311615,0.22604778409004211,-0.11441744863986969,0.5641376972198486,0.5465165376663208,-0.027559423819184303,0.4751109480857849,0.3961739242076874,-0.06485502421855927,0.4142879247665405,0.29307547211647034,-0.09732474386692047,0.35416173934936523,0.19733643531799316,-0.12159478664398193,0.6567894220352173,0.5333394408226013,-0.04865114018321037,0.6011812686920166,0.4061349034309387,-0.0815340131521225,0.5605610013008118,0.32259562611579895,-0.0975816398859024,0.516699492931366,0.24368736147880554,-0.11035369336605072
0.7640992999076843,0.9773640632629395,8.146233767547528e-07,0.6135398745536804,0.9905333518981934,-0.06567785888910294,0.4670235514640808,0.9045956134796143,-0.08964729309082031,0.3546561002731323,0.7905312776565552,-0.10934525728225708,0.23982909321784973,0.7172472476959229,-0.12645351886749268,0.4223414957523346,0.6791353821754456,-0.00936781708151102,0.291203111410141,0.5759539604187012,-0.045082565397024155,0.21093130111694336,0.5147932767868042,-0.08119089901447296,0.1378454566001892,0.44449928402900696,-0.11041996628046036,0.48403409123420715,0.5858404636383057,-0.010746106505393982,0.3691139221191406,0.42734718322753906,-0.03869875892996788,0.2970148026943207,0.323447048664093,-0.07543198764324188,0.23461085557937622,0.22721293568611145,-0.1045004278421402,0.5635458827018738,0.5445137619972229,-0.024635175243020058,0.4729837477207184,0.39402100443840027,-0.0589117631316185,0.4126306474208832,0.2932782769203186,-0.08757907152175903,0.3535550832748413,0.20009326934814453,-0.10934147238731384,0.6566145420074463,0.5298627018928528,-0.04585506394505501,0.6002195477485657,0.40282905101776123,-0.0760590210556984,0.5596489906311035,0.3202371895313263,-0.08950738608837128,0.5162621736526489,0.24215081334114075,-0.10020741075277328
0.7594276070594788,0.978941798210144,8.08996617251978e-07,0.607437789440155,0.995190441608429,-0.06752984970808029,0.46165671944618225,0.9081476926803589,-0.09266458451747894,0.3505302667617798,0.7922430038452148,-0.11344894766807556,0.23427128791809082,0.7204961180686951,-0.13229824602603912,0.4177456200122833,0.6876066327095032,-0.01333729736506939,0.2847089171409607,0.5850439071655273,-0.051245179027318954,0.20418575406074524,0.524527907371521,-0.08876744657754898,0.12956464290618896,0.4544302523136139,-0.11918492615222931,0.48023658990859985,0.5931292772293091,-0.014981905929744244,0.3631322383880615,0.43356186151504517,-0.04667457938194275,0.28869307041168213,0.3302648067474365,-0.08741871267557144,0.22183427214622498,0.2334386110305786,-0.11945240944623947,0.5600467324256897,0.5515453219413757,-0.02898292802274227,0.4678797125816345,0.4016716182231903,-0.06739621609449387,0.405704140663147,0.2987215518951416,-0.10070189833641052,0.34449002146720886,0.20355668663978577,-0.12555637955665588,0.6525846719741821,0.5376395583152771,-0.05004170536994934,0.5950944423675537,0.41115573048591614,-0.08381177484989166,0.5530912280082703,0.3271811604499817,-0.10039956122636795,0.5079498291015625,0.24829313158988953,-0.11361226439476013
0.757726788520813,0.9845670461654663,8.284628165711183e-07,0.6054996252059937,0.9952422380447388,-0.06667672842741013,0.46175169944763184,0.9093225002288818,-0.09105227142572403,0.349446177482605,0.7945563793182373,-0.11104336380958557,0.23448634147644043,0.7214753031730652,-0.1286795288324356,0.41743752360343933,0.6871811747550964,-0.009319743141531944,0.2845708727836609,0.5842064619064331,-0.045156870037317276,0.20380112528800964,0.5237860083580017,-0.08182168751955032,0.12954959273338318,0.4529115855693817,-0.11157660186290741,0.47976920008659363,0.5924746990203857,-0.010016766376793385,0.3621717095375061,0.4327564835548401,-0.039121415466070175,0.28846991062164307,0.32928112149238586,-0.07798530906438828,0.22331339120864868,0.2325078547000885,-0.10862381756305695,0.5593841671943665,0.5510044693946838,-0.023082377389073372,0.46674245595932007,0.4001563787460327,-0.05868497118353844,0.40570712089538574,0.2991098165512085,-0.08909677714109421,0.34628456830978394,0.20644071698188782,-0.11184832453727722,0.6517822742462158,0.5366181135177612,-0.043338704854249954,0.5934002995491028,0.4092475473880768,-0.07403240352869034,0.5519510507583618,0.32636386156082153,-0.08792217075824738,0.5079380869865417,0.24760356545448303,-0.09897707402706146
0.7556148171424866,0.9840477705001831,8.020993504942453e-07,0.6023542284965515,0.9976465702056885,-0.06879215687513351,0.4597223103046417,0.9114910364151001,-0.0923430398106575,0.348971962928772,0.7945078611373901,-0.11121257394552231,0.23469164967536926,0.7197250127792358,-0.1275646984577179,0.41478464007377625,0.6916615962982178,-0.007653502281755209,0.28127625584602356,0.588452935218811,-0.04348873347043991,0.19984465837478638,0.528264582157135,-0.0807691439986229,0.12445661425590515,0.45911628007888794,-0.11094704270362854,0.4774812161922455,0.5972898602485657,-0.007269945461302996,0.358673632144928,0.4362400472164154,-0.036456380039453506,0.2837386131286621,0.33381110429763794,-0.07676777988672256,0.21686476469039917,0.2383688986301422,-0.10856404155492783,0.5567079782485962,0.5554405450820923,-0.019722972065210342,0.46306249499320984,0.40408965945243835,-0.05607619881629944,0.4007200002670288,0.30258306860923767,-0.0885419249534607,0.3400357663631439,0.2096717655658722,-0.11268492788076401,0.6497306823730469,0.5388187766075134,-0.039593178778886795,0.5910298824310303,0.41077446937561035,-0.07128339260816574,0.5487328767776489,0.32827621698379517,-0.08665022253990173,0.5030249953269958,0.2505873143672943,-0.09886491298675537
0.7560210227966309,0.9855955243110657,8.054538511714782e-07,0.6033735871315002,0.998620331287384,-0.0673532709479332,0.460309773683548,0.9114062786102295,-0.09095501899719238,0.34835299849510193,0.7947661876678467,-0.11002188920974731,0.23361361026763916,0.7205182313919067,-0.12683025002479553,0.41551870107650757,0.6910998225212097,-0.009081418626010418,0.2819777727127075,0.5877467393875122,-0.044924985617399216,0.20037034153938293,0.5282963514328003,-0.08182960003614426,0.12476548552513123,0.45864784717559814,-0.11186009645462036,0.4776086211204529,0.596568763256073,-0.009385475888848305,0.3580494523048401,0.4364691972732544,-0.03899727761745453,0.2825048565864563,0.33424046635627747,-0.0793052688241005,0.214993417263031,0.23752638697624207,-0.11110782623291016,0.5566871762275696,0.5550938844680786,-0.0220685675740242,0.463495671749115,0.4034256935119629,-0.05856652557849884,0.4015125036239624,0.3020842969417572,-0.09078063815832138,0.34118151664733887,0.20904695987701416,-0.11483610421419144,0.6489496231079102,0.5395622849464417,-0.04191593453288078,0.5908217430114746,0.41135096549987793,-0.07346491515636444,0.5493030548095703,0.3280450999736786,-0.08851861208677292,0.5046089291572571,0.24865037202835083,-0.10057510435581207
0.7538684010505676,0.9857444167137146,7.963542998368212e-07,0.6009951233863831,0.999667763710022,-0.06709495931863785,0.4570559859275818,0.9153761863708496,-0.09189516305923462,0.3451317250728607,0.7992334365844727,-0.11228172481060028,0.2289215326309204,0.7273391485214233,-0.13062655925750732,0.41076356172561646,0.6948849558830261,-0.010251273401081562,0.2776868939399719,0.5919308662414551,-0.04642924666404724,0.19756650924682617,0.5322058200836182,-0.08362942934036255,0.12283149361610413,0.4626554250717163,-0.1141391173005104,0.4731787443161011,0.6003826856613159,-0.011262226849794388,0.3561370372772217,0.4409633278846741,-0.04139231517910957,0.28123682737350464,0.34032735228538513,-0.08227723091840744,0.21276012063026428,0.2458793818950653,-0.11483416706323624,0.552335262298584,0.5583122372627258,-0.024587560445070267,0.4600030183792114,0.4095258414745331,-0.06157117336988449,0.3982301950454712,0.30828890204429626,-0.09447412937879562,0.3366207778453827,0.21508416533470154,-0.11937008798122406,0.6442166566848755,0.5431137084960938,-0.04498438537120819,0.5864244699478149,0.4166969656944275,-0.07763882726430893,0.5445203185081482,0.33415767550468445,-0.09378986060619354,0.4990195631980896,0.2562685012817383,-0.10684967786073685
0.7546522617340088,0.9867486953735352,7.952610303618712e-07,0.6017971634864807,1.0009658336639404,-0.06554137170314789,0.45758509635925293,0.9182431697845459,-0.08994095027446747,0.3458006978034973,0.8026378154754639,-0.11005710810422897,0.2310296595096588,0.7305340766906738,-0.12799715995788574,0.41236642003059387,0.6961157321929932,-0.012294461019337177,0.2791339159011841,0.5932109951972961,-0.049809373915195465,0.1972789466381073,0.5336868762969971,-0.08698701113462448,0.12187272310256958,0.46403059363365173,-0.11691997945308685,0.4735789895057678,0.6009454131126404,-0.01389689277857542,0.3548853099346161,0.44208669662475586,-0.04461169242858887,0.2800706624984741,0.3398842513561249,-0.08362849801778793,0.21349120140075684,0.24372360110282898,-0.1143026277422905,0.5528792142868042,0.5585451126098633,-0.027599623426795006,0.46039775013923645,0.4085204601287842,-0.0647217333316803,0.399051696062088,0.3077980875968933,-0.09540857374668121,0.33865252137184143,0.21557870507240295,-0.11825106292963028,0.6451596021652222,0.5431162118911743,-0.0482921227812767,0.5873171091079712,0.4158017039299011,-0.08053746819496155,0.5457561016082764,0.3333185017108917,-0.095065176486969,0.5009776949882507,0.25537705421447754,-0.1064215898513794
0.7476519346237183,1.0001716613769531,7.619077564413601e-07,0.5932509899139404,1.0139943361282349,-0.0642654299736023,0.448383092880249,0.9269553422927856,-0.08675241470336914,0.3352358639240265,0.8130228519439697,-0.10524403303861618,0.2171662151813507,0.745850682258606,-0.12149622291326523,0.408649742603302,0.7056323289871216,-0.010241147130727768,0.2717345356941223,0.6038332581520081,-0.04813053086400032,0.18914994597434998,0.5438852310180664,-0.08575967699289322,0.11286428570747375,0.4760323166847229,-0.11544451862573624,0.46927016973495483,0.6118899583816528,-0.01242381427437067,0.34873485565185547,0.45040982961654663,-0.042944565415382385,0.27228641510009766,0.3475903868675232,-0.08202432096004486,0.20366039872169495,0.2539606988430023,-0.11241738498210907,0.5475635528564453,0.5686964988708496,-0.0268947072327137,0.4532456398010254,0.41891053318977356,-0.06357751041650772,0.39131778478622437,0.3164379894733429,-0.0941283330321312,0.3299916982650757,0.22477996349334717,-0.11658629029989243,0.6388159990310669,0.5517269968986511,-0.04838157445192337,0.5785543918609619,0.4244632124900818,-0.07940922677516937,0.5355989933013916,0.3424929082393646,-0.09294541925191879,0.48906493186950684,0.2663746178150177,-0.10368874669075012
0.7497963905334473,1.0010672807693481,7.245726578730682e-07,0.596386730670929,1.014943242073059,-0.061843737959861755,0.4512602388858795,0.930809497833252,-0.08393706381320953,0.3381180167198181,0.8154283165931702,-0.10230209678411484,0.22190403938293457,0.7444987893104553,-0.11819470673799515,0.40706667304039,0.7060796022415161,-0.00786994956433773,0.27167490124702454,0.6048272848129272,-0.044399458914995193,0.189032644033432,0.5473058819770813,-0.08116315305233002,0.11302754282951355,0.4802895784378052,-0.11043034493923187,0.46734124422073364,0.6115471124649048,-0.010744391940534115,0.34617292881011963,0.4519810974597931,-0.03956826403737068,0.26982173323631287,0.3505430519580841,-0.07720725238323212,0.2018774151802063,0.25591856241226196,-0.10673665255308151,0.5461401343345642,0.5679410696029663,-0.025577230378985405,0.45012205839157104,0.41821950674057007,-0.06015642359852791,0.3881610035896301,0.31713002920150757,-0.08866144716739655,0.3272717297077179,0.22491702437400818,-0.11005537956953049,0.6383894681930542,0.5507345199584961,-0.04734138399362564,0.5780124068260193,0.42415061593055725,-0.07708348333835602,0.5357063412666321,0.3420811593532562,-0.08937565982341766,0.490491658449173,0.264570951461792,-0.0990009680390358
0.7454899549484253,1.014243721961975,7.240637955874263e-07,0.5905066728591919,1.032547116279602,-0.06343327462673187,0.4433211386203766,0.94243985414505,-0.08478540182113647,0.32919126749038696,0.826245903968811,-0.10228238254785538,0.20978334546089172,0.7592595815658569,-0.11784222722053528,0.4010145366191864,0.7156978249549866,-0.009190808050334454,0.26146918535232544,0.6153782606124878,-0.04595706984400749,0.17681175470352173,0.5558774471282959,-0.08288273960351944,0.09877505898475647,0.4883121848106384,-0.11262774467468262,0.4622499644756317,0.6205311417579651,-0.012189174070954323,0.3397790193557739,0.46105241775512695,-0.042865436524152756,0.2619984745979309,0.35908931493759155,-0.08273052424192429,0.19209551811218262,0.2662498950958252,-0.11385054141283035,0.5417051315307617,0.5775381922721863,-0.02727675810456276,0.4451080560684204,0.42967358231544495,-0.06484169512987137,0.38140273094177246,0.3277510106563568,-0.09675394743680954,0.31858038902282715,0.23565372824668884,-0.12027563899755478,0.6342489719390869,0.5618358254432678,-0.04919229447841644,0.5713933706283569,0.4351697564125061,-0.08160632848739624,0.5271280407905579,0.3533504903316498,-0.09644728153944016,0.4796144664287567,0.27623334527015686,-0.10821399092674255
0.7455262541770935,1.0110365152359009,7.043850018817466e-07,0.5943689346313477,1.02518892288208,-0.06356643885374069,0.44902515411376953,0.9429147243499756,-0.08728741854429245,0.3343279957771301,0.831371009349823,-0.10687950998544693,0.2166282832622528,0.7622542381286621,-0.12424660474061966,0.3999086022377014,0.7181377410888672,-0.014539910480380058,0.2621442675590515,0.6185582280158997,-0.05227213352918625,0.17748647928237915,0.5607765913009644,-0.0894617959856987,0.1000111997127533,0.4934280812740326,-0.11945812404155731,0.4601588547229767,0.6224681735038757,-0.01732209511101246,0.3370278775691986,0.46402648091316223,-0.04839039221405983,0.26020705699920654,0.363411009311676,-0.08742308616638184,0.19088149070739746,0.2687028646469116,-0.11828556656837463,0.5396533012390137,0.5779664516448975,-0.03169151768088341,0.44177940487861633,0.42906123399734497,-0.06855852156877518,0.37860384583473206,0.32808786630630493,-0.0990694984793663,0.3159911036491394,0.23561424016952515,-0.12209470570087433,0.6331015229225159,0.5600407123565674,-0.05286853387951851,0.5718557834625244,0.43360546231269836,-0.0847480520606041,0.5283471345901489,0.35079169273376465,-0.09904377907514572,0.4816776216030121,0.27292755246162415,-0.11040180176496506
0.7469836473464966,1.0146126747131348,7.124768330868392e-07,0.5954760909080505,1.0362550020217896,-0.06327921152114868,0.4482680857181549,0.9517624974250793,-0.08547335863113403,0.33356529474258423,0.8382104635238647,-0.10343282669782639,0.21561139822006226,0.7672162055969238,-0.11913502961397171,0.39696240425109863,0.7227967381477356,-0.01170826144516468,0.2581203877925873,0.6228076219558716,-0.04727720096707344,0.1732451319694519,0.5642979145050049,-0.08336641639471054,0.09563738107681274,0.49767449498176575,-0.11290507018566132,0.458509624004364,0.6253456473350525,-0.014776227995753288,0.33597010374069214,0.46610140800476074,-0.043899789452552795,0.2569928467273712,0.36576175689697266,-0.08300046622753143,0.18522360920906067,0.2734348177909851,-0.11428168416023254,0.5380266904830933,0.5809839367866516,-0.029539402574300766,0.4401434361934662,0.4330599904060364,-0.06477667391300201,0.3741828203201294,0.33220669627189636,-0.09632378816604614,0.3091394901275635,0.24040758609771729,-0.12075647711753845,0.6310243010520935,0.5647258162498474,-0.05115964636206627,0.5684069395065308,0.43962395191192627,-0.08272422850131989,0.5233631134033203,0.3584800958633423,-0.09792694449424744,0.4752812683582306,0.28197571635246277,-0.11034891754388809
0.7461527585983276,1.0136735439300537,7.363311738117773e-07,0.5951335430145264,1.0318844318389893,-0.06292050331830978,0.44827115535736084,0.9486197829246521,-0.0851299837231636,0.3339225947856903,0.8377511501312256,-0.1032106801867485,0.2167055606842041,0.7677605748176575,-0.11874399334192276,0.3965992033481598,0.7236742377281189,-0.011636057868599892,0.2574157118797302,0.6256914138793945,-0.047588933259248734,0.17165732383728027,0.56825190782547,-0.08352533727884293,0.09367522597312927,0.5020063519477844,-0.11257822811603546,0.4568706452846527,0.6268371343612671,-0.014303818345069885,0.33165812492370605,0.46813124418258667,-0.04362078011035919,0.25327855348587036,0.3660028874874115,-0.08161946386098862,0.1834932267665863,0.27081283926963806,-0.1116342693567276,0.5364478230476379,0.5821630358695984,-0.028701921924948692,0.43715307116508484,0.4331267178058624,-0.06416480243206024,0.37276506423950195,0.3321485221385956,-0.09440946578979492,0.309631884098053,0.24047428369522095,-0.11729004234075546,0.6304945945739746,0.5636927485466003,-0.0499320887029171,0.568824052810669,0.43637484312057495,-0.08058920502662659,0.5244659185409546,0.3540675640106201,-0.09447190165519714,0.476982444524765,0.2768034040927887,-0.10563509911298752
0.7482339143753052,1.0188835859298706,7.01043461504014e-07,0.5956579446792603,1.0375149250030518,-0.06121087446808815,0.4471571743488312,0.9489351511001587,-0.08176853507757187,0.33368682861328125,0.8358354568481445,-0.09868007898330688,0.21725469827651978,0.7641062140464783,-0.11325554549694061,0.40019792318344116,0.7235086560249329,-0.009626083076000214,0.26098722219467163,0.6259779930114746,-0.046193771064281464,0.17420488595962524,0.5690901279449463,-0.08223212510347366,0.09570908546447754,0.5042198896408081,-0.11111326515674591,0.4599795639514923,0.6279983520507812,-0.01358477771282196,0.3346695303916931,0.4693375825881958,-0.04322729632258415,0.25494155287742615,0.3672106862068176,-0.08097722381353378,0.18484580516815186,0.2728457450866699,-0.11042165756225586,0.5395658016204834,0.5842550992965698,-0.02944064326584339,0.43985307216644287,0.43414878845214844,-0.06583846360445023,0.3753051459789276,0.3320695459842682,-0.09624594449996948,0.3113313913345337,0.23946478962898254,-0.11893720179796219,0.6333979368209839,0.5670264363288879,-0.05200721323490143,0.572452962398529,0.4378047287464142,-0.08388807624578476,0.5291351675987244,0.3546789586544037,-0.09802984446287155,0.4817289113998413,0.27653729915618896,-0.10913429409265518
0.7476907968521118,1.024505376815796,6.936766112630721e-07,0.5946456789970398,1.0433756113052368,-0.06066262722015381,0.44628798961639404,0.9513651132583618,-0.07935227453708649,0.33320844173431396,0.8358069658279419,-0.09451016038656235,0.21664279699325562,0.7630263566970825,-0.106920525431633,0.400743305683136,0.7238439321517944,-0.0033872148487716913,0.26058903336524963,0.6256611347198486,-0.0375111885368824,0.1739596426486969,0.5676122903823853,-0.07280251383781433,0.0957704484462738,0.5019195079803467,-0.10123775154352188,0.4608343243598938,0.6281574964523315,-0.006478640250861645,0.33558547496795654,0.4691762924194336,-0.03308238834142685,0.2559854984283447,0.36813613772392273,-0.06954220682382584,0.1863401234149933,0.276136577129364,-0.09817683696746826,0.5399890542030334,0.5840687155723572,-0.021750496700406075,0.4384307861328125,0.4345768690109253,-0.054669979959726334,0.37291741371154785,0.3339233100414276,-0.0828566625714302,0.3092714548110962,0.24341511726379395,-0.10429073870182037,0.6339888572692871,0.5654997825622559,-0.04408465325832367,0.5706446170806885,0.4372761845588684,-0.07245967537164688,0.5258060693740845,0.3562512695789337,-0.08441872149705887,0.477784126996994,0.28091931343078613,-0.0941377580165863
0.7533833384513855,1.0038752555847168,6.591172336811724e-07,0.6035465598106384,1.0263617038726807,-0.06344956904649734,0.45588409900665283,0.943945586681366,-0.08551327139139175,0.3405858278274536,0.8317049741744995,-0.1036238968372345,0.22307950258255005,0.7644090056419373,-0.11957128345966339,0.4047602713108063,0.7190811634063721,-0.012953839264810085,0.2660309076309204,0.6231489181518555,-0.050202786922454834,0.17963513731956482,0.5669556856155396,-0.08705000579357147,0.10102817416191101,0.5015669465065002,-0.11704408377408981,0.4628244638442993,0.6239379048347473,-0.015983648598194122,0.3387947082519531,0.4668867886066437,-0.047000229358673096,0.26046016812324524,0.36811766028404236,-0.08647402375936508,0.1892920434474945,0.2741137444972992,-0.11776948720216751,0.5406508445739746,0.5798184275627136,-0.030757293105125427,0.44215714931488037,0.43283915519714355,-0.06808172166347504,0.3780098855495453,0.33413609862327576,-0.09993606060743332,0.31390878558158875,0.24308353662490845,-0.1241147592663765,0.6336410045623779,0.5620286464691162,-0.05242844298481941,0.5730403661727905,0.4368506968021393,-0.084993876516819,0.5293017029762268,0.3554438650608063,-0.10070370137691498,0.481730192899704,0.27859699726104736,-0.11339408904314041
0.7502410411834717,1.0070312023162842,7.556346872661379e-07,0.5991517901420593,1.0266625881195068,-0.06457290798425674,0.4529656171798706,0.9440377950668335,-0.08670010417699814,0.3406289219856262,0.8323611617088318,-0.10482082515954971,0.22439268231391907,0.7585456371307373,-0.12094654142856598,0.4044163227081299,0.7187113165855408,-0.010924569331109524,0.2662898004055023,0.6231178045272827,-0.04730745404958725,0.18026000261306763,0.566967248916626,-0.08387988805770874,0.10224351286888123,0.501860499382019,-0.11371984332799911,0.4639337956905365,0.6237449049949646,-0.013680338859558105,0.339907705783844,0.466067910194397,-0.044406626373529434,0.2601337730884552,0.36507219076156616,-0.08474764227867126,0.189829021692276,0.27085989713668823,-0.11652954667806625,0.542138397693634,0.5814222097396851,-0.028540128841996193,0.4446776211261749,0.4330039322376251,-0.06668950617313385,0.3796396553516388,0.33330875635147095,-0.10037259757518768,0.3156245946884155,0.2418554723262787,-0.1255548894405365,0.6347801089286804,0.5660299062728882,-0.050265807658433914,0.5755882263183594,0.43886899948120117,-0.08456314355134964,0.5324429869651794,0.35634833574295044,-0.10187125951051712,0.4854157865047455,0.27776283025741577,-0.11554260551929474
0.7531226873397827,1.0114758014678955,6.885749144203146e-07,0.6027727127075195,1.0279916524887085,-0.06001022085547447,0.45678484439849854,0.9383866786956787,-0.07991183549165726,0.3423529267311096,0.8255152106285095,-0.09617101401090622,0.22475522756576538,0.7597407102584839,-0.11044614762067795,0.407901406288147,0.7161229848861694,-0.008049434050917625,0.2695466876029968,0.6177071332931519,-0.04247327521443367,0.1848188042640686,0.5604491829872131,-0.07727908343076706,0.10868880152702332,0.4936176836490631,-0.10560783743858337,0.4676532447338104,0.6216709017753601,-0.012025173753499985,0.3433130979537964,0.46537116169929504,-0.03971178084611893,0.26518672704696655,0.3653910756111145,-0.07688029110431671,0.19669747352600098,0.2721209228038788,-0.10641398280858994,0.54658043384552,0.5784921050071716,-0.02760188840329647,0.4491785168647766,0.4300841987133026,-0.06212104484438896,0.38504040241241455,0.3306932747364044,-0.09219685196876526,0.32196202874183655,0.2397686243057251,-0.11517515033483505,0.6387956142425537,0.5620300769805908,-0.04977969080209732,0.5776644349098206,0.43517979979515076,-0.08037392050027847,0.5349484086036682,0.35322487354278564,-0.09424235671758652,0.4888961613178253,0.27481141686439514,-0.10544665902853012
0.7543691396713257,1.0123087167739868,6.962945917621255e-07,0.6013540029525757,1.028385877609253,-0.060029663145542145,0.4549499750137329,0.9388077259063721,-0.07904762774705887,0.34229689836502075,0.8248752355575562,-0.0948353037238121,0.22600498795509338,0.7540473341941833,-0.10825952142477036,0.4077368378639221,0.7152976393699646,-0.0016710440395399928,0.2706279158592224,0.6168314814567566,-0.03527483344078064,0.18631547689437866,0.5591171383857727,-0.07098471373319626,0.10943979024887085,0.492439866065979,-0.10017003864049911,0.4681491255760193,0.6220906376838684,-0.0054558152332901955,0.34553688764572144,0.4648716449737549,-0.03210682049393654,0.2671131491661072,0.3650885224342346,-0.07016780972480774,0.1977730393409729,0.27263563871383667,-0.10055026412010193,0.5465601682662964,0.5796493291854858,-0.021371014416217804,0.44850459694862366,0.4315488636493683,-0.054669737815856934,0.3834274113178253,0.33284100890159607,-0.08479991555213928,0.32016050815582275,0.2429579794406891,-0.10792417079210281,0.6390811800956726,0.5629716515541077,-0.04422304406762123,0.5776622295379639,0.4356468617916107,-0.0736302062869072,0.5330524444580078,0.3544134497642517,-0.0873538926243782,0.4853547215461731,0.2782982289791107,-0.09863226860761642
0.7568455934524536,0.9974685907363892,7.181698151725868e-07,0.6083289980888367,1.0150936841964722,-0.06343425065279007,0.46164342761039734,0.9315866231918335,-0.08621809631586075,0.3459927439689636,0.8219430446624756,-0.10501912236213684,0.22880199551582336,0.7564968466758728,-0.12166610360145569,0.41087740659713745,0.7131817936897278,-0.012288039550185204,0.2739659547805786,0.6162994503974915,-0.049424730241298676,0.19035860896110535,0.5594045519828796,-0.08601058274507523,0.11446672677993774,0.4922456443309784,-0.11552238464355469,0.46961402893066406,0.6191820502281189,-0.015064440667629242,0.34636572003364563,0.46180158853530884,-0.044994499534368515,0.26974058151245117,0.3615269064903259,-0.08326530456542969,0.20190203189849854,0.266688734292984,-0.11369886249303818,0.5475288033485413,0.5763233304023743,-0.02973225712776184,0.4503750503063202,0.42879945039749146,-0.0657917708158493,0.3875887989997864,0.3289915919303894,-0.09633152931928635,0.32653021812438965,0.23727557063102722,-0.1195930615067482,0.639813244342804,0.5598267316818237,-0.05134163424372673,0.5799638032913208,0.4343896806240082,-0.08262073248624802,0.5373620986938477,0.35194116830825806,-0.09719568490982056,0.49159350991249084,0.2740932106971741,-0.109099380671978
0.7524251937866211,1.008634328842163,7.535986696893815e-07,0.604071855545044,1.025295615196228,-0.0648898258805275,0.45823609828948975,0.936713695526123,-0.08710594475269318,0.3447744846343994,0.8233540654182434,-0.1050877645611763,0.22800233960151672,0.7511121034622192,-0.12097276747226715,0.4098394513130188,0.7155382037162781,-0.011269480921328068,0.27429741621017456,0.6170712113380432,-0.04770702123641968,0.19045010209083557,0.5589781403541565,-0.08397682011127472,0.11445203423500061,0.49154263734817505,-0.11334244906902313,0.4701646864414215,0.6204771995544434,-0.013563267886638641,0.3486250042915344,0.4630400538444519,-0.04297325015068054,0.2706078588962555,0.3610686957836151,-0.08192122727632523,0.20235294103622437,0.26616206765174866,-0.11284460872411728,0.5487765073776245,0.5777218341827393,-0.028010999783873558,0.45335182547569275,0.42967918515205383,-0.06475222110748291,0.3897685110569,0.3297596275806427,-0.09675443172454834,0.32702821493148804,0.23812541365623474,-0.12094129621982574,0.6407801508903503,0.56191086769104,-0.04941808059811592,0.5820725560188293,0.43566206097602844,-0.08249834924936295,0.5401619672775269,0.3531879484653473,-0.09856715798377991,0.4943524897098541,0.2749803960323334,-0.11136602610349655
0.754905641078949,1.0099432468414307,7.259919243551849e-07,0.6025319695472717,1.02881920337677,-0.06128759682178497,0.45695337653160095,0.9418343901634216,-0.08144312351942062,0.3456670045852661,0.8248566389083862,-0.09811117500066757,0.23043611645698547,0.7501208782196045,-0.11251390725374222,0.4085853099822998,0.7185698747634888,-0.002930148271843791,0.2731853723526001,0.6197144985198975,-0.03644194453954697,0.19082427024841309,0.5614334940910339,-0.07221361249685287,0.11577272415161133,0.4937117099761963,-0.10167255997657776,0.4701847434043884,0.622511625289917,-0.006281551439315081,0.34954267740249634,0.4643254578113556,-0.03359435126185417,0.2728781998157501,0.3643247187137604,-0.07304413616657257,0.20421740412712097,0.2710513770580292,-0.1045360416173935,0.5489957332611084,0.5790014863014221,-0.021633468568325043,0.45243874192237854,0.4310218095779419,-0.05578746646642685,0.38926243782043457,0.3309655487537384,-0.08713014423847198,0.32768145203590393,0.2396174967288971,-0.11120635271072388,0.6417152285575867,0.5622885823249817,-0.043816860765218735,0.5807719826698303,0.4361484944820404,-0.07395477592945099,0.5373111963272095,0.3543863892555237,-0.08836156874895096,0.4907785654067993,0.27689746022224426,-0.10022658109664917
0.7558873295783997,1.0091482400894165,7.439521141350269e-07,0.6041020750999451,1.029778003692627,-0.06080646440386772,0.45862287282943726,0.9430288076400757,-0.08050407469272614,0.3479601740837097,0.8265488147735596,-0.09679030627012253,0.23350650072097778,0.7515497803688049,-0.11068228632211685,0.40925970673561096,0.717190682888031,-0.002512061968445778,0.2730174660682678,0.6191668510437012,-0.03565292805433273,0.18992143869400024,0.5620738863945007,-0.07098360359668732,0.11422917246818542,0.4956364631652832,-0.09995854645967484,0.4701780378818512,0.621570885181427,-0.005954940803349018,0.34768450260162354,0.4628598690032959,-0.032549094408750534,0.27046698331832886,0.3617749512195587,-0.07107185572385788,0.20249426364898682,0.26788976788520813,-0.10175292938947678,0.548538863658905,0.5786675810813904,-0.021429531276226044,0.4511101245880127,0.43014660477638245,-0.05477564036846161,0.3878742456436157,0.33005550503730774,-0.08540190011262894,0.32668066024780273,0.238945871591568,-0.10894642770290375,0.6411555409431458,0.5625441670417786,-0.04378267005085945,0.5807636976242065,0.43568161129951477,-0.07323824614286423,0.537304699420929,0.3537999391555786,-0.08709870278835297,0.4906277060508728,0.27626869082450867,-0.09849443286657333
0.7546780109405518,1.0137956142425537,7.187007895481656e-07,0.6047231554985046,1.032429814338684,-0.06482362747192383,0.4586643576622009,0.944226861000061,-0.08675074577331543,0.34686988592147827,0.8289011120796204,-0.10457554459571838,0.23036742210388184,0.753994345664978,-0.12024301290512085,0.4085286557674408,0.7193739414215088,-0.008717223070561886,0.27252498269081116,0.6214466094970703,-0.04443887993693352,0.18903237581253052,0.563645601272583,-0.08138609677553177,0.11281722784042358,0.4966687560081482,-0.11159960180521011,0.4694770574569702,0.623344898223877,-0.011155267246067524,0.3489082455635071,0.4666864275932312,-0.040088996291160583,0.2708834409713745,0.36724433302879333,-0.08028464764356613,0.20066586136817932,0.27439066767692566,-0.1125258207321167,0.5475403666496277,0.5794637203216553,-0.025884181261062622,0.4524325430393219,0.4323282837867737,-0.06115046516060829,0.3881853222846985,0.3329574167728424,-0.09334038943052292,0.3245440125465393,0.24238544702529907,-0.11823718249797821,0.6392305493354797,0.5633143782615662,-0.04780258610844612,0.5791211724281311,0.43795162439346313,-0.07894966006278992,0.5351026058197021,0.3563121259212494,-0.09450238198041916,0.4872933328151703,0.2797246277332306,-0.10743854194879532
0.7561801075935364,1.007218599319458,7.312989396268677e-07,0.6081613898277283,1.024659514427185,-0.06401476263999939,0.4618876576423645,0.9419146180152893,-0.08751986175775528,0.3486992120742798,0.8306788206100464,-0.10694440454244614,0.23213419318199158,0.7580729126930237,-0.12410063296556473,0.4090825915336609,0.7192918658256531,-0.013267572969198227,0.27246877551078796,0.6215784549713135,-0.05064484849572182,0.18930289149284363,0.5640723705291748,-0.08777714520692825,0.11323019862174988,0.4977239966392517,-0.11778602004051208,0.46892619132995605,0.6243532299995422,-0.0162503719329834,0.3468344807624817,0.4670741558074951,-0.046689052134752274,0.2697829008102417,0.3672472834587097,-0.08600189536809921,0.20115527510643005,0.2746821939945221,-0.11711644381284714,0.5472074151039124,0.5803508758544922,-0.03111637756228447,0.44942572712898254,0.4329383969306946,-0.06744604557752609,0.38590535521507263,0.3325800895690918,-0.0989270955324173,0.3238341510295868,0.24146124720573425,-0.12284363061189651,0.639643132686615,0.563931405544281,-0.05293021351099014,0.5783913135528564,0.43977466225624084,-0.0849342867732048,0.5344617366790771,0.35858073830604553,-0.10021836310625076,0.4877234399318695,0.28319698572158813,-0.11245278269052505
0.7553576231002808,1.0177630186080933,7.533142820648209e-07,0.6040530800819397,1.0377941131591797,-0.06151951476931572,0.45796623826026917,0.9473550915718079,-0.08078405261039734,0.3463734984397888,0.8306277394294739,-0.09643054753541946,0.22945591807365417,0.7568264007568359,-0.10972578078508377,0.40820813179016113,0.7223867774009705,-0.002579823136329651,0.27134251594543457,0.6232783794403076,-0.0353071503341198,0.18730878829956055,0.5660643577575684,-0.07016988843679428,0.11041092872619629,0.5001430511474609,-0.09871326386928558,0.46884575486183167,0.6268609762191772,-0.005515541415661573,0.34578737616539,0.4683341979980469,-0.031684115529060364,0.2672531008720398,0.36683061718940735,-0.06969023495912552,0.19857904314994812,0.27341288328170776,-0.09989780187606812,0.547309935092926,0.5835299491882324,-0.02062811516225338,0.44973719120025635,0.43537575006484985,-0.053664430975914,0.3855449855327606,0.33522582054138184,-0.08411084860563278,0.3230733871459961,0.24389803409576416,-0.1074417307972908,0.6392400860786438,0.5663146376609802,-0.04271164536476135,0.5772650241851807,0.4384879767894745,-0.07179342955350876,0.5338180661201477,0.35712122917175293,-0.08538055419921875,0.48739317059516907,0.2796175479888916,-0.09661693125963211
0.7553611993789673,1.012556552886963,7.382330409200222e-07,0.6058568954467773,1.0306668281555176,-0.06493252515792847,0.461222767829895,0.9466608166694641,-0.08632627874612808,0.34820127487182617,0.833407998085022,-0.10358335822820663,0.23069235682487488,0.7581582069396973,-0.11811968684196472,0.40781599283218384,0.7193465828895569,-0.003998009022325277,0.2706754803657532,0.6218484044075012,-0.03750268369913101,0.1868687868118286,0.5651694536209106,-0.0737965777516365,0.10992065072059631,0.4988274574279785,-0.10367792099714279,0.4684484004974365,0.6245546340942383,-0.005178614053875208,0.3450780212879181,0.46729743480682373,-0.031827930361032486,0.26723188161849976,0.36824455857276917,-0.07122422009706497,0.19781994819641113,0.2756393551826477,-0.10297979414463043,0.5464794635772705,0.5817057490348816,-0.018822629004716873,0.44877615571022034,0.43455904722213745,-0.052035097032785416,0.3847825527191162,0.3358656167984009,-0.08311105519533157,0.3231261372566223,0.24578726291656494,-0.10717879980802536,0.6391885280609131,0.5638899803161621,-0.03980673477053642,0.5763602256774902,0.43777450919151306,-0.0686236098408699,0.5321608781814575,0.3575964868068695,-0.0826793983578682,0.48538243770599365,0.2814772129058838,-0.09458976984024048
0.7559707164764404,1.0197845697402954,7.228381946333684e-07,0.6045361757278442,1.0380314588546753,-0.062239695340394974,0.45894062519073486,0.947924017906189,-0.08168980479240417,0.34680992364883423,0.8309258222579956,-0.09735961258411407,0.22988513112068176,0.7564668655395508,-0.11051275581121445,0.40885794162750244,0.7223415970802307,-0.0018940219888463616,0.2723649740219116,0.623316764831543,-0.03498447313904762,0.18794742226600647,0.5659499764442444,-0.07071354240179062,0.11075940728187561,0.49989446997642517,-0.09996690601110458,0.46907925605773926,0.6264233589172363,-0.004267304204404354,0.34674060344696045,0.4683322310447693,-0.030018145218491554,0.26857128739356995,0.36774492263793945,-0.06829259544610977,0.19960138201713562,0.27442997694015503,-0.09896358847618103,0.5469304323196411,0.5828748941421509,-0.01894579827785492,0.44938924908638,0.4340832531452179,-0.05100928619503975,0.38543015718460083,0.3342808187007904,-0.0806964859366417,0.3231682777404785,0.24371257424354553,-0.10383445024490356,0.6389240026473999,0.5658696889877319,-0.04081376641988754,0.5773447751998901,0.4392249882221222,-0.06886088103055954,0.5337750911712646,0.3580310046672821,-0.08177164942026138,0.4871579706668854,0.2813257575035095,-0.09263622760772705
0.7563368678092957,1.024633765220642,7.043691425678844e-07,0.6036396026611328,1.0406832695007324,-0.06089679151773453,0.46003401279449463,0.9486474990844727,-0.079730324447155,0.3478021025657654,0.8305124044418335,-0.09505489468574524,0.22999203205108643,0.7574067115783691,-0.1078399047255516,0.40871503949165344,0.7214125990867615,0.0013702284777536988,0.27191200852394104,0.6213816404342651,-0.029971517622470856,0.18778380751609802,0.5644359588623047,-0.06536868959665298,0.11040323972702026,0.49823200702667236,-0.09493189305067062,0.469420850276947,0.6261480450630188,-0.0012989322422072291,0.3468395173549652,0.46776890754699707,-0.02604302018880844,0.26915305852890015,0.369123250246048,-0.06511850655078888,0.19927480816841125,0.2774368226528168,-0.09687817096710205,0.5470500588417053,0.5836657285690308,-0.016088802367448807,0.4499293565750122,0.43401965498924255,-0.04733128100633621,0.38564303517341614,0.33525553345680237,-0.07774614542722702,0.3230043649673462,0.24616184830665588,-0.10177946090698242,0.6396083831787109,0.5669212341308594,-0.037939246743917465,0.577509343624115,0.43864691257476807,-0.06529361754655838,0.5329222679138184,0.3580878674983978,-0.07859113067388535,0.4851852357387543,0.28230202198028564,-0.09006728231906891
0.7546054124832153,1.0176844596862793,7.028518211882329e-07,0.6013652086257935,1.0311503410339355,-0.06163010001182556,0.4564985930919647,0.9456642270088196,-0.08243122696876526,0.3422536849975586,0.8326451182365417,-0.09979754686355591,0.2249937653541565,0.7617282867431641,-0.11488788574934006,0.40719926357269287,0.7202169895172119,-0.0035999079700559378,0.26911231875419617,0.621874213218689,-0.037567321211099625,0.1851041316986084,0.5650091767311096,-0.07406803965568542,0.10728374123573303,0.49820274114608765,-0.10419618338346481,0.4679306745529175,0.6246325373649597,-0.006518390960991383,0.34554511308670044,0.4660862684249878,-0.034031081944704056,0.26873236894607544,0.366964727640152,-0.07384424656629562,0.19840207695960999,0.2743646800518036,-0.10599958896636963,0.545844554901123,0.5816094279289246,-0.02140149660408497,0.45049378275871277,0.43275418877601624,-0.055096715688705444,0.387345552444458,0.332994669675827,-0.08659655600786209,0.32535552978515625,0.24378979206085205,-0.11093460023403168,0.6379747986793518,0.5651249885559082,-0.04319620132446289,0.5750870704650879,0.4391157031059265,-0.07209031283855438,0.5295181274414062,0.35900187492370605,-0.08619846403598785,0.48117274045944214,0.284251868724823,-0.0982038602232933
0.7546907663345337,1.013310194015503,6.987494884924672e-07,0.6015312075614929,1.0285677909851074,-0.0602802075445652,0.4554233253002167,0.9442407488822937,-0.08059637248516083,0.3415359854698181,0.8315539360046387,-0.09752549976110458,0.22524267435073853,0.7601956129074097,-0.11212354898452759,0.405579149723053,0.7215391993522644,-0.004358072765171528,0.2692250907421112,0.6232525110244751,-0.03869190812110901,0.18556931614875793,0.5664812922477722,-0.07486242055892944,0.10849830508232117,0.500527024269104,-0.10454368591308594,0.4661191403865814,0.6265135407447815,-0.00790509395301342,0.34373265504837036,0.468919038772583,-0.035675048828125,0.26695144176483154,0.36991846561431885,-0.07463521510362625,0.1973843276500702,0.2767876386642456,-0.10584583133459091,0.5444304347038269,0.5829298496246338,-0.02321900613605976,0.4463329017162323,0.4349577724933624,-0.05751815438270569,0.3828502893447876,0.33573421835899353,-0.08806402236223221,0.320889949798584,0.2456659972667694,-0.11143932491540909,0.6375718712806702,0.5652014017105103,-0.04528524726629257,0.5749845504760742,0.4388507306575775,-0.07495834678411484,0.5308758020401001,0.3579915165901184,-0.08861228078603745,0.48385342955589294,0.2824166715145111,-0.0998721718788147
0.7553281784057617,1.0121309757232666,7.41144049243303e-07,0.6054505109786987,1.0310518741607666,-0.06383763253688812,0.45667150616645813,0.9450768828392029,-0.08547261357307434,0.34257519245147705,0.83473140001297,-0.10315696150064468,0.22434592247009277,0.763178825378418,-0.11859127134084702,0.40611618757247925,0.7245783805847168,-0.008807090111076832,0.2686588764190674,0.6290539503097534,-0.044483158737421036,0.1841631829738617,0.5716557502746582,-0.08105814456939697,0.1069989800453186,0.5054025053977966,-0.1108834519982338,0.4662761092185974,0.6294308304786682,-0.011599277146160603,0.3437654376029968,0.4724593162536621,-0.04031066223978996,0.26544851064682007,0.3717430531978607,-0.07944701611995697,0.19612690806388855,0.2781875729560852,-0.11067572981119156,0.5448155999183655,0.5856999158859253,-0.026593124493956566,0.4468039274215698,0.4385814070701599,-0.06180998310446739,0.3816136121749878,0.3380877375602722,-0.09344036877155304,0.3181249499320984,0.24645587801933289,-0.11773281544446945,0.6371538639068604,0.5690421462059021,-0.04864609241485596,0.5764530897140503,0.44339123368263245,-0.079612597823143,0.5326789617538452,0.3615580201148987,-0.09454827755689621,0.4858609437942505,0.2849048674106598,-0.10693881660699844
0.755007266998291,1.0150368213653564,7.629552101207082e-07,0.6041440963745117,1.0326675176620483,-0.062220294028520584,0.45677652955055237,0.9451539516448975,-0.08263283967971802,0.34317269921302795,0.8343799114227295,-0.09953534603118896,0.22470462322235107,0.7641699910163879,-0.11423587054014206,0.4064450263977051,0.7250343561172485,-0.00513354130089283,0.26862579584121704,0.629788875579834,-0.03933003917336464,0.18384844064712524,0.5734808444976807,-0.07493287324905396,0.1064206063747406,0.5081020593643188,-0.10406260192394257,0.4663808047771454,0.6294829845428467,-0.008320054039359093,0.34261226654052734,0.47195523977279663,-0.03620165213942528,0.26358985900878906,0.37022584676742554,-0.07508723437786102,0.1945486068725586,0.27614250779151917,-0.10588110983371735,0.5448266267776489,0.5857046842575073,-0.02369522675871849,0.44610047340393066,0.43727996945381165,-0.05882784351706505,0.38092726469039917,0.33730196952819824,-0.09076592326164246,0.3175005316734314,0.24633458256721497,-0.11488453298807144,0.6369547247886658,0.5686627626419067,-0.04592447355389595,0.5757454037666321,0.44089439511299133,-0.07698752731084824,0.5315508246421814,0.3591412305831909,-0.0920574814081192,0.48416420817375183,0.2827568054199219,-0.1042497307062149
0.7537122964859009,1.0180631875991821,7.738767067166918e-07,0.605192244052887,1.0315991640090942,-0.0655154138803482,0.45928898453712463,0.9461188316345215,-0.08819799870252609,0.3438873887062073,0.8359239101409912,-0.10669267177581787,0.22563332319259644,0.7642041444778442,-0.12272506952285767,0.4064970016479492,0.7256054282188416,-0.008004427887499332,0.26925790309906006,0.6295070648193359,-0.04316524788737297,0.18452784419059753,0.5733658075332642,-0.07977364957332611,0.10657909512519836,0.5075094103813171,-0.10974046587944031,0.46698305010795593,0.6301989555358887,-0.009362675249576569,0.34321802854537964,0.47191137075424194,-0.03777128458023071,0.26497796177864075,0.370650053024292,-0.0772247463464737,0.1952531337738037,0.27587026357650757,-0.10866858810186386,0.5459720492362976,0.5868777632713318,-0.022992368787527084,0.44714683294296265,0.4384962320327759,-0.05824507400393486,0.38287362456321716,0.33810460567474365,-0.0897049754858017,0.32037192583084106,0.2468089759349823,-0.11358664184808731,0.6390491127967834,0.569448709487915,-0.04373820498585701,0.5768317580223083,0.4426143765449524,-0.07428824156522751,0.533100962638855,0.36064767837524414,-0.08870997279882431,0.4864393174648285,0.2834640443325043,-0.10054084658622742
0.7542873620986938,1.0146890878677368,7.551795988547383e-07,0.6060629487037659,1.0299973487854004,-0.06548270583152771,0.459878146648407,0.9454965591430664,-0.08820267766714096,0.344068706035614,0.8356590270996094,-0.10665284842252731,0.2258438766002655,0.7643652558326721,-0.12260619550943375,0.40590396523475647,0.7263333201408386,-0.0092560900375247,0.2685295045375824,0.6297478675842285,-0.044625699520111084,0.18406182527542114,0.5724803805351257,-0.0811362937092781,0.10651609301567078,0.5058677196502686,-0.11111167818307877,0.4664793908596039,0.6307252049446106,-0.010638962499797344,0.34338462352752686,0.4725663661956787,-0.03950866684317589,0.2662044167518616,0.3722245395183563,-0.07884176075458527,0.19661521911621094,0.2778101861476898,-0.11022700369358063,0.5454350113868713,0.586857795715332,-0.024194879457354546,0.44692716002464294,0.4388499855995178,-0.059884022921323776,0.38305971026420593,0.3388705253601074,-0.09108924865722656,0.32059866189956665,0.24755272269248962,-0.114815354347229,0.6386442184448242,0.568616509437561,-0.04482589662075043,0.5762438774108887,0.4420369863510132,-0.07567836344242096,0.5328006744384766,0.3603016436100006,-0.0900208130478859,0.48627516627311707,0.28347089886665344,-0.10181533545255661
0.7609165906906128,1.009704351425171,7.212622676888714e-07,0.609889030456543,1.028427004814148,-0.06151370704174042,0.46243980526924133,0.9441603422164917,-0.08267684280872345,0.34788453578948975,0.8331271409988403,-0.10012292861938477,0.23090967535972595,0.7650086283683777,-0.11551225930452347,0.4116300642490387,0.7215451002120972,-0.010047255083918571,0.27403008937835693,0.6266403198242188,-0.046253953129053116,0.18891164660453796,0.5705915093421936,-0.08250986039638519,0.11168020963668823,0.5047600865364075,-0.1118343323469162,0.4709392786026001,0.6260561347007751,-0.01365124061703682,0.346451997756958,0.46964025497436523,-0.04394533112645149,0.26766374707221985,0.36963990330696106,-0.08296173810958862,0.1976131796836853,0.275613933801651,-0.11344855278730392,0.5495040416717529,0.5823365449905396,-0.028872083872556686,0.4512723684310913,0.4346194863319397,-0.06574469059705734,0.38677722215652466,0.3348414897918701,-0.09691115468740463,0.3231397271156311,0.24369165301322937,-0.1201186403632164,0.6416667699813843,0.5660015940666199,-0.050700362771749496,0.5801557302474976,0.4393591582775116,-0.08254475146532059,0.5370615720748901,0.3575661778450012,-0.09683533757925034,0.49064406752586365,0.27967655658721924,-0.10808165371417999
0.7599935531616211,1.0141663551330566,7.413007665491023e-07,0.6086917519569397,1.0321093797683716,-0.062639519572258,0.4613354504108429,0.9451639652252197,-0.08295345306396484,0.3483507037162781,0.8316277265548706,-0.09944049268960953,0.232132226228714,0.7581045031547546,-0.11364240944385529,0.41129013895988464,0.722436785697937,-0.005992786958813667,0.2736855447292328,0.6260180473327637,-0.04045778512954712,0.1885867416858673,0.5696988105773926,-0.07620193064212799,0.11101993918418884,0.5042859315872192,-0.10539772361516953,0.47160738706588745,0.6272274851799011,-0.008762968704104424,0.34727659821510315,0.46990540623664856,-0.03702131658792496,0.2684383988380432,0.3691009283065796,-0.07610305398702621,0.19902917742729187,0.27496790885925293,-0.10702421516180038,0.550255537033081,0.5840659141540527,-0.023646220564842224,0.4514928162097931,0.43621212244033813,-0.05910997465252876,0.3867276906967163,0.3358594477176666,-0.09080752730369568,0.32339322566986084,0.24401643872261047,-0.11478818953037262,0.6428018808364868,0.5671306848526001,-0.04538941755890846,0.5812116265296936,0.4404304027557373,-0.0767141655087471,0.5373190641403198,0.3585018217563629,-0.09163117408752441,0.4899371862411499,0.2802317142486572,-0.10367456078529358
0.7647175788879395,1.007540225982666,7.313284413612564e-07,0.6148000955581665,1.0279185771942139,-0.06377403438091278,0.4670950472354889,0.9407780170440674,-0.08469314128160477,0.35277533531188965,0.8270782828330994,-0.10149631649255753,0.23407325148582458,0.7578782439231873,-0.11594169586896896,0.41520801186561584,0.7179508805274963,-0.007554545067250729,0.2774050235748291,0.6222823262214661,-0.041663434356451035,0.1922593116760254,0.5669456720352173,-0.07709965854883194,0.11484867334365845,0.5011926293373108,-0.1064404770731926,0.4740086793899536,0.6225181221961975,-0.009527686052024364,0.34909430146217346,0.46662864089012146,-0.03776511549949646,0.27083897590637207,0.36616384983062744,-0.07674703747034073,0.201645165681839,0.27057576179504395,-0.10794012248516083,0.5516918301582336,0.5796107649803162,-0.023629389703273773,0.45296528935432434,0.4330448806285858,-0.05911712720990181,0.38900381326675415,0.33409929275512695,-0.09136131405830383,0.32653114199638367,0.24253013730049133,-0.11597982794046402,0.6441577076911926,0.5618712306022644,-0.04466301202774048,0.5823141932487488,0.436156302690506,-0.07581601291894913,0.5384023189544678,0.3561519980430603,-0.09143640100955963,0.4910926818847656,0.2792091965675354,-0.10430838167667389
0.7589276432991028,1.008379578590393,7.675104711779568e-07,0.6081939339637756,1.0256247520446777,-0.0643523558974266,0.46267929673194885,0.9388172626495361,-0.08552487194538116,0.3501451015472412,0.8268308639526367,-0.10278196632862091,0.23237264156341553,0.7554365992546082,-0.11773749440908432,0.41323786973953247,0.7173688411712646,-0.004704718012362719,0.27638155221939087,0.6209034323692322,-0.038581643253564835,0.1924976110458374,0.5653513669967651,-0.0746370479464531,0.11555781960487366,0.4996827244758606,-0.10429566353559494,0.4740886390209198,0.622704029083252,-0.006471451837569475,0.35044223070144653,0.46539202332496643,-0.03347952291369438,0.2728632688522339,0.36402368545532227,-0.07268574088811874,0.20470520853996277,0.268807977437973,-0.10436584800481796,0.5522205829620361,0.5801390409469604,-0.020721804350614548,0.4547164738178253,0.4331306517124176,-0.054679568856954575,0.39079365134239197,0.3332638740539551,-0.08625183999538422,0.32891494035720825,0.24177101254463196,-0.11076551675796509,0.6445507407188416,0.5626282691955566,-0.04219730198383331,0.5835078954696655,0.43685245513916016,-0.07188776135444641,0.5403443574905396,0.3558696508407593,-0.08651930838823318,0.49378544092178345,0.2785928249359131,-0.09905055910348892
0.7592183351516724,1.0107614994049072,7.539939588241396e-07,0.6078540682792664,1.026464819908142,-0.06267376244068146,0.462375283241272,0.9394525289535522,-0.08329847455024719,0.35065436363220215,0.8265352845191956,-0.10032917559146881,0.23356375098228455,0.7551819682121277,-0.11490374803543091,0.4135357141494751,0.7182524800300598,-0.0028390183579176664,0.27751967310905457,0.6210908889770508,-0.03650964796543121,0.1940268576145172,0.5650730729103088,-0.0725606232881546,0.11703944206237793,0.49990785121917725,-0.10213735699653625,0.4743560254573822,0.6235883235931396,-0.005343849305063486,0.35240378975868225,0.465884804725647,-0.032495852559804916,0.2749251127243042,0.3644184470176697,-0.0716269314289093,0.20614904165267944,0.26967287063598633,-0.10294058173894882,0.5523922443389893,0.580855667591095,-0.020176896825432777,0.4555712640285492,0.43370407819747925,-0.05375369265675545,0.39160603284835815,0.333902508020401,-0.08449707180261612,0.3297345042228699,0.24294006824493408,-0.10818321257829666,0.644586980342865,0.5636913776397705,-0.042139824479818344,0.5834748148918152,0.4386340379714966,-0.07101508975028992,0.539529025554657,0.3583003580570221,-0.08460389077663422,0.49261248111724854,0.28230005502700806,-0.09612906724214554
0.7586904764175415,1.0090456008911133,7.468092348972277e-07,0.608749508857727,1.0315403938293457,-0.06581728160381317,0.4623153805732727,0.9444403052330017,-0.08707048743963242,0.35078030824661255,0.8285825848579407,-0.10398245602846146,0.23341035842895508,0.7564417123794556,-0.11857633292675018,0.4119916260242462,0.7210668325424194,-0.008077926933765411,0.27593594789505005,0.6244814991950989,-0.04286684840917587,0.1924503743648529,0.5671842694282532,-0.07927362620830536,0.11545804142951965,0.5009815692901611,-0.10909655690193176,0.4728504717350006,0.6254029273986816,-0.009331125766038895,0.3510690927505493,0.46846094727516174,-0.0381593331694603,0.27293890714645386,0.36785101890563965,-0.07856740802526474,0.2028801441192627,0.2738272547721863,-0.11079475283622742,0.5512509942054749,0.5820546746253967,-0.02291269041597843,0.4550850987434387,0.4356674253940582,-0.05867999792098999,0.39109015464782715,0.335800439119339,-0.09145262092351913,0.32835274934768677,0.2444312572479248,-0.11635483801364899,0.6431296467781067,0.5648353695869446,-0.04365800693631172,0.5815945267677307,0.43849968910217285,-0.07477976381778717,0.5378383994102478,0.357481449842453,-0.09020556509494781,0.49074801802635193,0.2807140350341797,-0.10297011584043503
0.7574624419212341,1.003220558166504,8.191723281925078e-07,0.607214093208313,1.0277535915374756,-0.06779668480157852,0.4599241316318512,0.944419801235199,-0.0901208445429802,0.3463306725025177,0.8323935270309448,-0.10772250592708588,0.22637253999710083,0.7623571753501892,-0.12256892770528793,0.4090149402618408,0.723785400390625,-0.008149942383170128,0.27164310216903687,0.6260380744934082,-0.04209044575691223,0.1888154149055481,0.5685299634933472,-0.07774854451417923,0.11186423897743225,0.5027544498443604,-0.10686024278402328,0.47037938237190247,0.628583550453186,-0.008198589086532593,0.34764009714126587,0.469821572303772,-0.03569674864411354,0.26916220784187317,0.3671022355556488,-0.0749550461769104,0.19993948936462402,0.2725522220134735,-0.10635024309158325,0.5489981770515442,0.5853199362754822,-0.0209177378565073,0.4515738785266876,0.43903303146362305,-0.055518701672554016,0.3877013921737671,0.33896908164024353,-0.08775269240140915,0.3253859877586365,0.24739503860473633,-0.11227501928806305,0.640688419342041,0.5664544105529785,-0.04102238640189171,0.5784462094306946,0.4406229257583618,-0.0713263675570488,0.5345055460929871,0.36057955026626587,-0.08642453700304031,0.48748382925987244,0.28450074791908264,-0.09900836646556854
0.7566430568695068,1.0085575580596924,8.044127639550425e-07,0.607435941696167,1.0274903774261475,-0.06633355468511581,0.4605102837085724,0.9444096088409424,-0.0894993469119072,0.346065491437912,0.8334994316101074,-0.10796864330768585,0.22733759880065918,0.7632706761360168,-0.12420004606246948,0.41044527292251587,0.7227243781089783,-0.013178135268390179,0.27342021465301514,0.6263710856437683,-0.04880945011973381,0.18925908207893372,0.5687686204910278,-0.08472301810979843,0.11258232593536377,0.5014492869377136,-0.11417608708143234,0.4706200361251831,0.6267749071121216,-0.014083240181207657,0.3477664589881897,0.4701087772846222,-0.04448821768164635,0.2697710394859314,0.36831092834472656,-0.08420970290899277,0.20080384612083435,0.2729151248931885,-0.11565729975700378,0.5488326549530029,0.5836011171340942,-0.026916062459349632,0.451688289642334,0.43578609824180603,-0.06418535113334656,0.38677218556404114,0.3372625410556793,-0.09654759615659714,0.32341060042381287,0.24715769290924072,-0.1208314597606659,0.6404030323028564,0.5662671327590942,-0.046678442507982254,0.5798074007034302,0.4402632415294647,-0.07936654984951019,0.5366426706314087,0.3592069149017334,-0.09535006433725357,0.49035143852233887,0.28196409344673157,-0.10813738405704498
0.7591577768325806,1.0118354558944702,7.745221637378563e-07,0.6096926927566528,1.033118486404419,-0.06588679552078247,0.46206262707710266,0.9473885297775269,-0.08798421174287796,0.3484570384025574,0.832882285118103,-0.10559958219528198,0.23013639450073242,0.7601839900016785,-0.12057275325059891,0.4098678231239319,0.724609911441803,-0.009035978466272354,0.27337881922721863,0.6276009678840637,-0.04447992891073227,0.18888527154922485,0.5710164904594421,-0.0807928517460823,0.11137694120407104,0.504920244216919,-0.11041273921728134,0.46928584575653076,0.6276698708534241,-0.010052944533526897,0.3458487391471863,0.4702422022819519,-0.03890084847807884,0.2679974436759949,0.3687061369419098,-0.07777036726474762,0.19899439811706543,0.2730899751186371,-0.10853175818920135,0.5477054119110107,0.5839983224868774,-0.023429332301020622,0.44966769218444824,0.43623414635658264,-0.05903007090091705,0.3853340744972229,0.33613455295562744,-0.0901818498969078,0.3232074975967407,0.2447998821735382,-0.11373364180326462,0.6404970288276672,0.5665463805198669,-0.0439794547855854,0.5791499614715576,0.4401276111602783,-0.07473094016313553,0.5351499319076538,0.3591187596321106,-0.08921457827091217,0.48802775144577026,0.28280577063560486,-0.10099468380212784
0.7599893808364868,1.0144357681274414,7.421996883749671e-07,0.6071106791496277,1.0335021018981934,-0.060258347541093826,0.459689736366272,0.9428436756134033,-0.07849418371915817,0.3465660810470581,0.8285701870918274,-0.09348757565021515,0.22915619611740112,0.7564505338668823,-0.10610877722501755,0.4112599790096283,0.7189140319824219,0.0018176352605223656,0.27425289154052734,0.6220908164978027,-0.029214967042207718,0.1900317370891571,0.5679962635040283,-0.06360229849815369,0.11249861121177673,0.5035905838012695,-0.09232929348945618,0.4714880883693695,0.6242284178733826,-0.0013780780136585236,0.34644877910614014,0.4674338698387146,-0.026551835238933563,0.26762157678604126,0.3670126497745514,-0.06505411118268967,0.1984046995639801,0.2729116380214691,-0.0961294025182724,0.5493884086608887,0.5825297236442566,-0.016829609870910645,0.4509732127189636,0.4347734749317169,-0.04953032359480858,0.3861185312271118,0.3352283835411072,-0.08094897866249084,0.3237760066986084,0.2443384826183319,-0.10534537583589554,0.6410559415817261,0.566006600856781,-0.03914940357208252,0.5788325667381287,0.43903326988220215,-0.06805379688739777,0.5348435044288635,0.35848262906074524,-0.08240489661693573,0.48774009943008423,0.2814525365829468,-0.09462643414735794
0.7650081515312195,1.0017918348312378,7.005923521319346e-07,0.6162803173065186,1.020273208618164,-0.06331551820039749,0.4676571190357208,0.9340252876281738,-0.08372382074594498,0.35196101665496826,0.8234865665435791,-0.10017788410186768,0.23581379652023315,0.7545690536499023,-0.11399346590042114,0.41684386134147644,0.7132478356361389,-0.004968022461980581,0.28140988945961,0.618696391582489,-0.03921312838792801,0.19698765873908997,0.5643181800842285,-0.07491172105073929,0.12097123265266418,0.49894213676452637,-0.10411962866783142,0.4756278395652771,0.6183816194534302,-0.006896338425576687,0.35319364070892334,0.46259474754333496,-0.033814724534749985,0.2761409282684326,0.36281314492225647,-0.0712314322590828,0.20800790190696716,0.26751697063446045,-0.10133503377437592,0.5529426336288452,0.5755789875984192,-0.021254582330584526,0.4571932554244995,0.4292406141757965,-0.05516362190246582,0.3947174847126007,0.33137041330337524,-0.08497273921966553,0.3339529037475586,0.24098464846611023,-0.10805962234735489,0.6441367268562317,0.5582300424575806,-0.04278476908802986,0.5841639041900635,0.4340958297252655,-0.0724346712231636,0.5428849458694458,0.35329899191856384,-0.08603311330080032,0.49855944514274597,0.27518126368522644,-0.09744542837142944
0.7629343271255493,0.998085081577301,7.825395300642413e-07,0.6111313700675964,1.0165377855300903,-0.06458501517772675,0.46553343534469604,0.9329190850257874,-0.0855013057589531,0.3531203269958496,0.8210232853889465,-0.10252255946397781,0.23688793182373047,0.7484780550003052,-0.11708004027605057,0.41801273822784424,0.7118971347808838,-0.0035671552177518606,0.28256309032440186,0.6151646971702576,-0.03784028813242912,0.1991303563117981,0.5593673586845398,-0.0740400105714798,0.12267649173736572,0.4934592545032501,-0.10359402745962143,0.47810399532318115,0.6181181073188782,-0.004919176921248436,0.35513174533843994,0.46125829219818115,-0.033138737082481384,0.27761363983154297,0.35965171456336975,-0.07272640615701675,0.2098318636417389,0.2638263404369354,-0.10426151007413864,0.5552572011947632,0.5768292546272278,-0.01890653185546398,0.45974209904670715,0.4295561611652374,-0.05466204509139061,0.39634066820144653,0.33042818307876587,-0.08670192956924438,0.3351360559463501,0.23898106813430786,-0.11092234402894974,0.6464148163795471,0.5592076182365417,-0.040019840002059937,0.5867021083831787,0.4326297640800476,-0.0712013691663742,0.5451380014419556,0.3515719771385193,-0.08622141927480698,0.5002628564834595,0.27327120304107666,-0.09859851002693176
0.7631369233131409,1.0038414001464844,8.294960025523324e-07,0.6111456751823425,1.0253088474273682,-0.06736734509468079,0.4662570357322693,0.9370858669281006,-0.08837179839611053,0.3545354902744293,0.8202930688858032,-0.10496054589748383,0.23646387457847595,0.7454662919044495,-0.11892177909612656,0.4168007969856262,0.7150909304618835,-0.0003495743731036782,0.2822902798652649,0.6160205006599426,-0.03188725933432579,0.20003589987754822,0.5593153834342957,-0.06702904403209686,0.12369847297668457,0.4918714761734009,-0.09624481201171875,0.47863757610321045,0.619125485420227,-1.5821151464479044e-05,0.3558022677898407,0.4612390995025635,-0.025178372859954834,0.2779853641986847,0.3584481179714203,-0.06419816613197327,0.21025219559669495,0.2622831463813782,-0.09570634365081787,0.5571331977844238,0.5774506330490112,-0.012828472070395947,0.4609634578227997,0.4290400743484497,-0.04598146677017212,0.39730530977249146,0.329573392868042,-0.07784835249185562,0.33582666516304016,0.2375566065311432,-0.10241381078958511,0.6484534740447998,0.5599213242530823,-0.03317197784781456,0.5868386030197144,0.43260592222213745,-0.06257474422454834,0.544243335723877,0.35180169343948364,-0.07740335911512375,0.4982455372810364,0.2729751467704773,-0.08996635675430298
0.7636613845825195,1.001554250717163,8.240879196819151e-07,0.6117000579833984,1.0225458145141602,-0.06746741384267807,0.46732097864151,0.9347405433654785,-0.08839784562587738,0.3554137349128723,0.8190944194793701,-0.10498946160078049,0.23718196153640747,0.7460706233978271,-0.11887921392917633,0.41712504625320435,0.7133627533912659,0.0011046621948480606,0.28171882033348083,0.614956259727478,-0.02885248325765133,0.19967210292816162,0.5592563152313232,-0.06337573379278183,0.12357550859451294,0.4924964904785156,-0.09254620224237442,0.47852322459220886,0.6177008152008057,0.0016567045822739601,0.35485804080963135,0.45986413955688477,-0.021854156628251076,0.27739912271499634,0.35762453079223633,-0.06072856858372688,0.21007034182548523,0.2620205581188202,-0.09263694286346436,0.5562961101531982,0.5758243203163147,-0.011011973954737186,0.4590415954589844,0.42709529399871826,-0.0425235889852047,0.39548712968826294,0.32828280329704285,-0.07507278770208359,0.33457672595977783,0.2370477318763733,-0.10073217749595642,0.6476119756698608,0.5571091175079346,-0.03129691630601883,0.5858893394470215,0.4308561086654663,-0.05974126607179642,0.542295515537262,0.35110795497894287,-0.07534611970186234,0.49546292424201965,0.2738294005393982,-0.08895016461610794
0.7627944350242615,0.9998751878738403,7.829766559552809e-07,0.6113656759262085,1.0196326971054077,-0.06653657555580139,0.46572425961494446,0.9304748773574829,-0.08602824807167053,0.35407793521881104,0.8156538009643555,-0.10112624615430832,0.23822692036628723,0.7404183745384216,-0.11336975544691086,0.4174622893333435,0.7111693024635315,0.0008801637450233102,0.28314054012298584,0.6137881278991699,-0.030253469944000244,0.20023080706596375,0.5585839152336121,-0.06494812667369843,0.1235567033290863,0.4935711622238159,-0.09367351233959198,0.4782746434211731,0.6170209646224976,0.001173853175714612,0.35642009973526,0.459514319896698,-0.022984059527516365,0.2793719172477722,0.35734501481056213,-0.060944244265556335,0.21209102869033813,0.26164209842681885,-0.09169912338256836,0.5557034015655518,0.5753265023231506,-0.011818298138678074,0.4609837234020233,0.42760899662971497,-0.04430742189288139,0.39846521615982056,0.3284779191017151,-0.07593755424022675,0.3373488485813141,0.23654037714004517,-0.10037314146757126,0.6463887095451355,0.5567786693572998,-0.03234585002064705,0.5864951610565186,0.4309334456920624,-0.0615442618727684,0.5445488691329956,0.3505273163318634,-0.07642830163240433,0.49874356389045715,0.2724314033985138,-0.08904068171977997
0.763456404209137,1.0040329694747925,7.698266699662781e-07,0.6096906661987305,1.0249279737472534,-0.0647396594285965,0.4643743336200714,0.9325231909751892,-0.0827505961060524,0.3532642126083374,0.8147312998771667,-0.09667889028787613,0.23654621839523315,0.7423214912414551,-0.10784722119569778,0.41900989413261414,0.7107698321342468,0.004353799857199192,0.2838245630264282,0.6127922534942627,-0.02538524754345417,0.20125365257263184,0.5572860240936279,-0.059357885271310806,0.12490954995155334,0.49173152446746826,-0.08765166252851486,0.47984471917152405,0.615672767162323,0.004294926766306162,0.35705333948135376,0.4581499993801117,-0.018767166882753372,0.2796977162361145,0.35681602358818054,-0.05637434124946594,0.21213054656982422,0.26221364736557007,-0.08678954839706421,0.5570926666259766,0.5740178823471069,-0.008915386162698269,0.46127232909202576,0.42639440298080444,-0.04031584784388542,0.39794355630874634,0.32749509811401367,-0.071507528424263,0.3364115357398987,0.23622003197669983,-0.09563577175140381,0.6477168798446655,0.5554429292678833,-0.02955538220703602,0.5863237380981445,0.4294043779373169,-0.05767252296209335,0.5436314344406128,0.35024526715278625,-0.07186107337474823,0.49691009521484375,0.2733750343322754,-0.08394832164049149
0.7636839151382446,0.9969438910484314,7.675371875848214e-07,0.6095892190933228,1.0174119472503662,-0.06619660556316376,0.4649628698825836,0.9302346706390381,-0.08538973331451416,0.3533909320831299,0.8151264190673828,-0.1004306897521019,0.237161785364151,0.7427332997322083,-0.1127392128109932,0.41780149936676025,0.7105030417442322,0.0026194711681455374,0.28296905755996704,0.6125226020812988,-0.028199737891554832,0.20084476470947266,0.5565536022186279,-0.06332021206617355,0.12445738911628723,0.49063992500305176,-0.09253277629613876,0.47869718074798584,0.6159726977348328,0.003025264944881201,0.3568267822265625,0.4578660726547241,-0.021745825186371803,0.280360609292984,0.3576691746711731,-0.061225682497024536,0.21209311485290527,0.26344034075737,-0.0931163802742958,0.5556991696357727,0.574033796787262,-0.009733106009662151,0.46119192242622375,0.42606115341186523,-0.042707204818725586,0.39831238985061646,0.3276934027671814,-0.07550682127475739,0.337116003036499,0.2371969223022461,-0.10058954358100891,0.6463034749031067,0.5546717643737793,-0.029948614537715912,0.5850812196731567,0.4278731942176819,-0.05888202786445618,0.541817843914032,0.34840887784957886,-0.07401745766401291,0.49491485953330994,0.2716841697692871,-0.08687173575162888
0.7587989568710327,0.996508002281189,8.524718850821955e-07,0.6068284511566162,1.0103060007095337,-0.0711730420589447,0.4641631543636322,0.9256055951118469,-0.09398843348026276,0.3533529043197632,0.8142236471176147,-0.11211318522691727,0.23670271039009094,0.7408961057662964,-0.12749050557613373,0.41780126094818115,0.7095988988876343,-0.0010184221900999546,0.2838437557220459,0.612622082233429,-0.03369138017296791,0.20185542106628418,0.5571000576019287,-0.07038947194814682,0.12539011240005493,0.49128586053848267,-0.1007726788520813,0.4788137674331665,0.6158477067947388,0.0010682600550353527,0.35718661546707153,0.45912685990333557,-0.025205448269844055,0.2797955572605133,0.3569396734237671,-0.065948486328125,0.21223026514053345,0.26119285821914673,-0.09881818294525146,0.556146502494812,0.5744094848632812,-0.01058140303939581,0.4605056643486023,0.4264392852783203,-0.044877830892801285,0.39722511172294617,0.3279099464416504,-0.07833439111709595,0.33575108647346497,0.23638832569122314,-0.10386709123849869,0.6470744609832764,0.5554500818252563,-0.030136968940496445,0.5866392254829407,0.4294538199901581,-0.06037551909685135,0.5439387559890747,0.349746972322464,-0.07645117491483688,0.4977894723415375,0.2724180817604065,-0.09006170928478241
0.7611721754074097,0.9934307336807251,8.060815730459581e-07,0.6099144220352173,1.0140540599822998,-0.06607252359390259,0.46508991718292236,0.9299459457397461,-0.0870346873998642,0.354714959859848,0.8148297071456909,-0.10365451127290726,0.2390698492527008,0.7405350208282471,-0.117299884557724,0.4167852997779846,0.707481861114502,-0.0010377721628174186,0.2827989459037781,0.6105886101722717,-0.03316058963537216,0.2011328935623169,0.5555366277694702,-0.06823591887950897,0.12536108493804932,0.49080485105514526,-0.09707270562648773,0.4772396385669708,0.6137001514434814,-0.0007966631092131138,0.35637354850769043,0.45681995153427124,-0.026379268616437912,0.2806359529495239,0.35561421513557434,-0.06443954259157181,0.21449267864227295,0.2614002823829651,-0.09479032456874847,0.554405152797699,0.5727716684341431,-0.013552690856158733,0.4593009054660797,0.42529579997062683,-0.04688740521669388,0.39661067724227905,0.3269912302494049,-0.07809823751449585,0.3360753059387207,0.23641753196716309,-0.10171178728342056,0.6453844904899597,0.554873526096344,-0.03367866575717926,0.5848186612129211,0.42898035049438477,-0.06330040097236633,0.5407593250274658,0.35011938214302063,-0.0780506283044815,0.49334195256233215,0.27474096417427063,-0.09008528292179108
0.7592424750328064,0.9923144578933716,8.190273774744128e-07,0.6089946031570435,1.013392686843872,-0.06707309186458588,0.46309351921081543,0.9301700592041016,-0.0886128768324852,0.35205554962158203,0.8158817887306213,-0.10563744604587555,0.2368837594985962,0.7419428825378418,-0.11964119970798492,0.4139098823070526,0.7070741653442383,-0.0013529418502002954,0.2813214659690857,0.6105863451957703,-0.033583734184503555,0.2003776729106903,0.5561478137969971,-0.06862709671258926,0.12535536289215088,0.4921841025352478,-0.09735563397407532,0.4741465151309967,0.612848699092865,-0.0005531547940336168,0.3546391725540161,0.4567803740501404,-0.026078222319483757,0.278566837310791,0.3558465242385864,-0.06385990232229233,0.2122041881084442,0.2617596983909607,-0.09395372122526169,0.5511441230773926,0.5716016888618469,-0.012923082336783409,0.4584450125694275,0.42492005228996277,-0.046340834349393845,0.39634132385253906,0.32678017020225525,-0.07758419960737228,0.33644014596939087,0.23637160658836365,-0.10112057626247406,0.6423071622848511,0.554084062576294,-0.03274920582771301,0.5835615992546082,0.42901259660720825,-0.06261078268289566,0.5409446954727173,0.35003194212913513,-0.07751623541116714,0.4951164722442627,0.2748699486255646,-0.0895681381225586
0.756466269493103,0.9853523969650269,8.885691613613744e-07,0.6030818223953247,1.0090659856796265,-0.07415389269590378,0.4587163031101227,0.930262565612793,-0.0973777174949646,0.348224937915802,0.8168842792510986,-0.11527124047279358,0.23180800676345825,0.7403629422187805,-0.13014830648899078,0.4110684394836426,0.7114639282226562,-0.0005518954712897539,0.278902530670166,0.6144238710403442,-0.03286213055253029,0.1986607313156128,0.558483898639679,-0.06972242891788483,0.12309306859970093,0.492633581161499,-0.10022909194231033,0.47264015674591064,0.6165199279785156,0.0033732354640960693,0.35266542434692383,0.4605533480644226,-0.021865811198949814,0.27669477462768555,0.3581337034702301,-0.06207919493317604,0.21047985553741455,0.2626551389694214,-0.09477564692497253,0.549899160861969,0.5742189884185791,-0.007022515404969454,0.4563935697078705,0.4288937449455261,-0.040583815425634384,0.3935849368572235,0.33137786388397217,-0.07370913773775101,0.3325059413909912,0.24055075645446777,-0.0991203710436821,0.6418334245681763,0.5535594820976257,-0.025730149820446968,0.5822668671607971,0.4282982051372528,-0.055858734995126724,0.5396049618721008,0.34997525811195374,-0.07201455533504486,0.4930352568626404,0.274282306432724,-0.085736483335495
0.75807785987854,0.9981381297111511,8.419569326179044e-07,0.6038276553153992,1.0172123908996582,-0.06350646167993546,0.4579016864299774,0.9317941665649414,-0.08283025026321411,0.3466629683971405,0.8172708749771118,-0.09837768226861954,0.23118242621421814,0.7452734708786011,-0.11117731779813766,0.41281065344810486,0.7105292677879333,0.0037421833258122206,0.2805967330932617,0.6134144067764282,-0.027505172416567802,0.19933056831359863,0.5570743083953857,-0.06228531152009964,0.12382090091705322,0.49196529388427734,-0.09077616780996323,0.47355523705482483,0.6161999106407166,0.0033098969142884016,0.35462453961372375,0.461260050535202,-0.021577119827270508,0.27771809697151184,0.3596036434173584,-0.058860912919044495,0.21110469102859497,0.26615431904792786,-0.08837562799453735,0.5511215925216675,0.5747010707855225,-0.010059650987386703,0.4572417140007019,0.4286307096481323,-0.04271775484085083,0.39383411407470703,0.3321404755115509,-0.07177577912807465,0.33290380239486694,0.24381858110427856,-0.09351059049367905,0.641655445098877,0.5572478771209717,-0.030715476721525192,0.5826396346092224,0.4303152561187744,-0.05952625349164009,0.5404325127601624,0.350354939699173,-0.07239476591348648,0.4950971305370331,0.273709774017334,-0.082696832716465
0.7582900524139404,1.0005478858947754,7.841451861168025e-07,0.6053184270858765,1.0184190273284912,-0.06290090084075928,0.46140021085739136,0.9326450824737549,-0.08227469772100449,0.34942346811294556,0.8182528018951416,-0.09805310517549515,0.23371121287345886,0.7461788058280945,-0.11093776673078537,0.41479867696762085,0.7097628116607666,0.004006854258477688,0.2817304730415344,0.6121572256088257,-0.02699454128742218,0.1998921036720276,0.557725727558136,-0.06180025264620781,0.12380406260490417,0.49303340911865234,-0.09053745120763779,0.474385529756546,0.6159487962722778,0.003337256144732237,0.3527117371559143,0.459447979927063,-0.02110990695655346,0.27609574794769287,0.3595418632030487,-0.05832317844033241,0.2090086042881012,0.26667410135269165,-0.08804268389940262,0.5511117577552795,0.5744851231575012,-0.010128685273230076,0.4544026851654053,0.42685791850090027,-0.04197148233652115,0.3912332057952881,0.3300449550151825,-0.07093052566051483,0.330954909324646,0.24182042479515076,-0.0929294005036354,0.6419691443443298,0.5564467906951904,-0.030888773500919342,0.5806730389595032,0.4303257167339325,-0.0587572380900383,0.5367925763130188,0.3515629470348358,-0.07150960713624954,0.4901891052722931,0.27730363607406616,-0.08196505904197693
0.7586331367492676,0.983120322227478,8.173689707291487e-07,0.6062229871749878,1.0031161308288574,-0.06866418570280075,0.46189621090888977,0.9271646738052368,-0.09093067795038223,0.350505530834198,0.817115843296051,-0.10891101509332657,0.23576325178146362,0.7454106211662292,-0.1239822506904602,0.41530561447143555,0.7075535655021667,-0.0001966917625395581,0.2814430594444275,0.6111518144607544,-0.03303173929452896,0.20027804374694824,0.556611180305481,-0.06934016942977905,0.12460178136825562,0.491540789604187,-0.0991256982088089,0.47466591000556946,0.6149365305900574,0.0010049891425296664,0.35203683376312256,0.4592364728450775,-0.025390414521098137,0.2753763198852539,0.35884109139442444,-0.0648290365934372,0.20864886045455933,0.2641991674900055,-0.096440888941288,0.5506930947303772,0.5735991597175598,-0.01130647398531437,0.45520034432411194,0.4285857677459717,-0.04484649747610092,0.3929585814476013,0.33073368668556213,-0.07651832699775696,0.33330297470092773,0.24012422561645508,-0.10063978284597397,0.6415312886238098,0.553923487663269,-0.031450945883989334,0.5810576677322388,0.4298258125782013,-0.06029059365391731,0.5375617742538452,0.35210102796554565,-0.0747915506362915,0.49127596616744995,0.27719008922576904,-0.08715441823005676
0.7650068998336792,0.9947776198387146,8.307311532007589e-07,0.6129725575447083,1.0121417045593262,-0.06764164566993713,0.46660923957824707,0.9304143786430359,-0.08927661180496216,0.3516179621219635,0.8165364265441895,-0.10629923641681671,0.23569142818450928,0.7420881986618042,-0.11988066136837006,0.4200437068939209,0.7055093050003052,0.001955170650035143,0.2911827564239502,0.6027719974517822,-0.030473044142127037,0.21128836274147034,0.544326663017273,-0.06694873422384262,0.13702860474586487,0.4748501181602478,-0.09692090004682541,0.4786166846752167,0.6115100383758545,0.003676289925351739,0.3620767593383789,0.45934179425239563,-0.01984979212284088,0.2852820158004761,0.35957393050193787,-0.05591040104627609,0.21794474124908447,0.2667319178581238,-0.08529455959796906,0.5542339086532593,0.5693424344062805,-0.00821749772876501,0.4608762860298157,0.4256330132484436,-0.03822802007198334,0.39952826499938965,0.33333495259284973,-0.06413168460130692,0.3399445414543152,0.24837765097618103,-0.08446069806814194,0.6441507339477539,0.5512669086456299,-0.028301982209086418,0.5850878953933716,0.4281182289123535,-0.05536343902349472,0.5437668561935425,0.3500073254108429,-0.06707323342561722,0.4995587170124054,0.2744748294353485,-0.07674302160739899
0.7660523653030396,0.9931992292404175,8.298169404952205e-07,0.6154431104660034,1.0102770328521729,-0.06773657351732254,0.47050347924232483,0.929514467716217,-0.09135803580284119,0.3561079502105713,0.8187150359153748,-0.11060706526041031,0.23932620882987976,0.7471959590911865,-0.12676483392715454,0.4216510057449341,0.708384096622467,-0.003880846779793501,0.29097217321395874,0.6049231290817261,-0.038719724863767624,0.21053951978683472,0.5475668907165527,-0.07590842247009277,0.13475245237350464,0.4795157313346863,-0.10613183677196503,0.480533242225647,0.614982545375824,-0.0029808972030878067,0.36012446880340576,0.4594697654247284,-0.030291423201560974,0.2827921211719513,0.3580249547958374,-0.06822435557842255,0.21456065773963928,0.26332321763038635,-0.09855730831623077,0.5567749738693237,0.573134183883667,-0.015224534086883068,0.46188682317733765,0.4284191131591797,-0.04838753119111061,0.39998477697372437,0.33210432529449463,-0.0768062099814415,0.34010276198387146,0.24415215849876404,-0.09844684600830078,0.6472355723381042,0.5540815591812134,-0.035305798053741455,0.586573600769043,0.4297603964805603,-0.0640028640627861,0.5433796644210815,0.35152938961982727,-0.07708863914012909,0.4975651502609253,0.27752453088760376,-0.08780821412801743
0.7724601030349731,0.9945337772369385,7.550518148491392e-07,0.6166202425956726,1.0109243392944336,-0.06459783762693405,0.4710041582584381,0.9272692203521729,-0.08466270565986633,0.3598259687423706,0.8112344145774841,-0.10079839825630188,0.24811407923698425,0.737212061882019,-0.11366061866283417,0.42915743589401245,0.703618586063385,0.0024449361953884363,0.30350515246391296,0.5969385504722595,-0.031527794897556305,0.2243172824382782,0.5369694232940674,-0.06838253885507584,0.15063703060150146,0.46712446212768555,-0.09825567901134491,0.48709213733673096,0.6126120090484619,0.0020182670559734106,0.37109461426734924,0.45960599184036255,-0.024037906900048256,0.29496702551841736,0.36021146178245544,-0.060843758285045624,0.2263425886631012,0.2657216191291809,-0.09022365510463715,0.5617282390594482,0.571763813495636,-0.011815227568149567,0.46972978115081787,0.4276026487350464,-0.04504486545920372,0.4101468324661255,0.33483046293258667,-0.07222349941730499,0.3507654070854187,0.2489425241947174,-0.09260588139295578,0.6504299640655518,0.5543464422225952,-0.03344976529479027,0.59135901927948,0.4315352439880371,-0.06316525489091873,0.5504864454269409,0.3524194657802582,-0.07602760195732117,0.5063012838363647,0.27514728903770447,-0.08604079484939575
0.7722872495651245,0.9919013977050781,8.250109431173769e-07,0.6177862882614136,1.0061661005020142,-0.06679242104291916,0.4729077219963074,0.9235159754753113,-0.08849925547838211,0.3604101538658142,0.8126524090766907,-0.1060078963637352,0.24625462293624878,0.7415764331817627,-0.11990842968225479,0.42906123399734497,0.7040703296661377,0.0013553928583860397,0.30087512731552124,0.5969880223274231,-0.03220502659678459,0.22172051668167114,0.5366690754890442,-0.06896629184484482,0.14710840582847595,0.46726924180984497,-0.09876502305269241,0.48773592710494995,0.6135003566741943,0.0026702885515987873,0.36937016248703003,0.4593513607978821,-0.023252898827195168,0.2932765483856201,0.3571700155735016,-0.06029162555932999,0.225569486618042,0.26174691319465637,-0.0899304747581482,0.562694787979126,0.5726115703582764,-0.009551508352160454,0.4693446755409241,0.42962560057640076,-0.04170479252934456,0.40854647755622864,0.3344903290271759,-0.06941429525613785,0.3487791419029236,0.24745360016822815,-0.09033642709255219,0.652043342590332,0.5529658794403076,-0.029758695513010025,0.5924022793769836,0.42970946431159973,-0.05787551775574684,0.5486395955085754,0.35216712951660156,-0.07091090828180313,0.5018155574798584,0.2781623601913452,-0.08145172148942947
0.7789208292961121,0.9729229807853699,7.783705768815707e-07,0.6268495321273804,0.988726794719696,-0.0693761333823204,0.4811278283596039,0.9127599000930786,-0.09155329316854477,0.3698337972164154,0.8001207113265991,-0.10850241035223007,0.2626616358757019,0.7205581068992615,-0.12154102325439453,0.4367866814136505,0.7007361650466919,-0.006396890617907047,0.3158442974090576,0.5899008512496948,-0.04354880377650261,0.23942166566848755,0.5277055501937866,-0.08051114529371262,0.16913765668869019,0.45511049032211304,-0.10966383665800095,0.4944615960121155,0.610890805721283,-0.0037504765205085278,0.381946861743927,0.45733627676963806,-0.03286876901984215,0.3075792193412781,0.359292596578598,-0.06864169239997864,0.23948273062705994,0.2640222907066345,-0.09677568823099136,0.5682796835899353,0.5692377090454102,-0.014804437756538391,0.4819396734237671,0.4279384911060333,-0.05131841450929642,0.4260956943035126,0.33966198563575745,-0.07760082185268402,0.36965107917785645,0.25710436701774597,-0.09618189185857773,0.6555885672569275,0.549343466758728,-0.03389337286353111,0.5992579460144043,0.4307348430156708,-0.0661727786064148,0.5601569414138794,0.3536930978298187,-0.07964544743299484,0.5178052186965942,0.27761995792388916,-0.08931513875722885
0.7885801792144775,0.9685571193695068,8.35672096854978e-07,0.6372271776199341,0.9877297282218933,-0.0676627904176712,0.48952972888946533,0.9051920175552368,-0.08779711276292801,0.38006386160850525,0.7904450297355652,-0.10256592184305191,0.27454593777656555,0.7095757126808167,-0.11312274634838104,0.44560953974723816,0.6927286982536316,-0.0051573822274804115,0.3297065794467926,0.5759124159812927,-0.03856126591563225,0.2564384639263153,0.5136402249336243,-0.07219252735376358,0.18733009696006775,0.4433063566684723,-0.09899407625198364,0.5039015412330627,0.6051665544509888,-0.0020246722269803286,0.39544230699539185,0.45251303911209106,-0.02770877256989479,0.32179486751556396,0.3531416952610016,-0.060871656984090805,0.25481072068214417,0.2594894766807556,-0.08729112893342972,0.5782293677330017,0.566638708114624,-0.012349690310657024,0.49808281660079956,0.4296265244483948,-0.04681287333369255,0.4461454153060913,0.344454824924469,-0.07288779318332672,0.3926904797554016,0.2659631669521332,-0.09114525467157364,0.6639260649681091,0.5496789216995239,-0.03037320077419281,0.6097756028175354,0.43150272965431213,-0.061805061995983124,0.5723569989204407,0.3570612967014313,-0.0754755437374115,0.5310674905776978,0.2837679088115692,-0.08515564352273941
0.7872240543365479,0.9652081727981567,8.977922902886348e-07,0.6347231268882751,0.9878019690513611,-0.07007727026939392,0.48782992362976074,0.9079419374465942,-0.09095066040754318,0.3776463270187378,0.7958208918571472,-0.10641994327306747,0.27008795738220215,0.7155532836914062,-0.11783847212791443,0.4471687078475952,0.6943921446800232,-0.002671417547389865,0.32911917567253113,0.5793173313140869,-0.03522341325879097,0.2547862231731415,0.5162062644958496,-0.06963954120874405,0.18454036116600037,0.44454386830329895,-0.09719478338956833,0.5061548352241516,0.6063421368598938,0.001645609736442566,0.39701858162879944,0.45542365312576294,-0.02180008962750435,0.32290634512901306,0.3538549244403839,-0.05519414320588112,0.2563435435295105,0.25742894411087036,-0.08255861699581146,0.5796394348144531,0.567610502243042,-0.008050836622714996,0.49926313757896423,0.4326109290122986,-0.03926002234220505,0.44595029950141907,0.3457208275794983,-0.06491824239492416,0.39190673828125,0.2646169066429138,-0.0840344950556755,0.6648005843162537,0.5488715171813965,-0.026089059188961983,0.6117699146270752,0.4333174228668213,-0.054455410689115524,0.5741025805473328,0.3590680956840515,-0.06748180836439133,0.5328517556190491,0.2851342558860779,-0.07769934087991714
0.7871876955032349,0.96343594789505,9.214148803948774e-07,0.6367970108985901,0.9797871112823486,-0.07337429374456406,0.49311375617980957,0.9000990986824036,-0.09562463313341141,0.3849768042564392,0.784301221370697,-0.11159306019544601,0.2795199453830719,0.7004076242446899,-0.12278400361537933,0.45033201575279236,0.6870999932289124,-0.00530435424298048,0.337943434715271,0.567427396774292,-0.0377989336848259,0.26661020517349243,0.5047057271003723,-0.07182933390140533,0.19781085848808289,0.4343361556529999,-0.09893929958343506,0.5097013115882874,0.6017265915870667,0.001735103316605091,0.4044671058654785,0.4500095844268799,-0.02172348089516163,0.3331418037414551,0.34959280490875244,-0.05399778112769127,0.26816850900650024,0.2543809115886688,-0.08034302294254303,0.5837839841842651,0.5646739602088928,-0.005456659011542797,0.5073912739753723,0.4311966300010681,-0.03736576810479164,0.45827969908714294,0.3484923839569092,-0.06164117157459259,0.4085451364517212,0.2713114023208618,-0.07908699661493301,0.6698456406593323,0.5467667579650879,-0.021205149590969086,0.6180961728096008,0.4328033924102783,-0.04993767291307449,0.5824527144432068,0.3612663447856903,-0.062163081020116806,0.543517529964447,0.28990766406059265,-0.07117251306772232
0.788387656211853,0.9690238833427429,9.548176649332163e-07,0.6380718946456909,0.9804873466491699,-0.0723423957824707,0.4960687458515167,0.8950198888778687,-0.09230002760887146,0.38882720470428467,0.777070164680481,-0.106728196144104,0.2855983078479767,0.6880031228065491,-0.11614291369915009,0.4531891345977783,0.6836773753166199,0.008747348561882973,0.34400200843811035,0.5624165534973145,-0.017639128491282463,0.27544325590133667,0.4997080862522125,-0.04936655983328819,0.20849835872650146,0.42801931500434875,-0.07603032886981964,0.5140691995620728,0.599591851234436,0.01639021374285221,0.4110769033432007,0.4495605230331421,-0.0025954856537282467,0.3411511778831482,0.34881260991096497,-0.0356886126101017,0.27690181136131287,0.2518489956855774,-0.0634230375289917,0.5880756974220276,0.5640433430671692,0.009195203892886639,0.5135981440544128,0.430062860250473,-0.02054319716989994,0.467988520860672,0.3500850200653076,-0.04709926247596741,0.4206286072731018,0.27515897154808044,-0.06629322469234467,0.6737857460975647,0.5453817844390869,-0.0064973668195307255,0.6221118569374084,0.4311066269874573,-0.03410401940345764,0.5875876545906067,0.36089661717414856,-0.04815778508782387,0.5493852496147156,0.2890393137931824,-0.058967024087905884
0.7920077443122864,0.958467960357666,9.686041266832035e-07,0.6411333084106445,0.9705843925476074,-0.07553534209728241,0.5004012584686279,0.8883750438690186,-0.09465685486793518,0.3953009843826294,0.7707054018974304,-0.10800110548734665,0.29267969727516174,0.6802590489387512,-0.11582815647125244,0.45685306191444397,0.6811376214027405,0.015067407861351967,0.3489883542060852,0.5633789300918579,-0.007957421243190765,0.2817796766757965,0.5004582405090332,-0.03885279968380928,0.2159537971019745,0.42730510234832764,-0.06543156504631042,0.5167919993400574,0.5969186425209045,0.025067253038287163,0.41615116596221924,0.45002031326293945,0.00982622243463993,0.3476255536079407,0.34904900193214417,-0.022515898570418358,0.28427958488464355,0.25174441933631897,-0.050362419337034225,0.5895336270332336,0.5609034299850464,0.019104182720184326,0.516664981842041,0.4310060739517212,-0.00823415257036686,0.4727780222892761,0.3540744483470917,-0.03632750362157822,0.4260569214820862,0.2817254960536957,-0.05689490959048271,0.6736061573028564,0.5391833782196045,0.004028933588415384,0.6224285960197449,0.427881121635437,-0.02232484519481659,0.5875561833381653,0.36115762591362,-0.038185399025678635,0.5486893653869629,0.2922448217868805,-0.050793811678886414
0.790532648563385,0.9552624225616455,1.017502313516161e-06,0.638856828212738,0.9699901342391968,-0.07856214046478271,0.4976464807987213,0.8881416320800781,-0.09908010810613632,0.3937889635562897,0.772706151008606,-0.11341328918933868,0.29152148962020874,0.6801406145095825,-0.12266169488430023,0.45909878611564636,0.6805900931358337,0.009170127101242542,0.35016679763793945,0.5632398128509521,-0.01634383574128151,0.2822781205177307,0.4999629259109497,-0.04825238510966301,0.2155551314353943,0.42780154943466187,-0.0753212496638298,0.5190594792366028,0.5973246097564697,0.01948964037001133,0.417905330657959,0.44981855154037476,0.0008097023819573224,0.3481341004371643,0.3470202684402466,-0.033739227801561356,0.28406253457069397,0.2500065863132477,-0.06283686310052872,0.5913903713226318,0.5621416568756104,0.013567936606705189,0.5186983942985535,0.4321824312210083,-0.018565047532320023,0.4744264781475067,0.3555389642715454,-0.050971727818250656,0.4255695044994354,0.2827970087528229,-0.07373108714818954,0.6742262244224548,0.5404220223426819,-0.0013304280582815409,0.6240735054016113,0.42742037773132324,-0.03265949711203575,0.5895874500274658,0.3606492877006531,-0.052808936685323715,0.548910915851593,0.29168444871902466,-0.06819703429937363
0.7963602542877197,0.946143627166748,8.513009106536629e-07,0.6482518911361694,0.9629676342010498,-0.06683389842510223,0.5046498775482178,0.8818173408508301,-0.08247359097003937,0.4007762670516968,0.7637171745300293,-0.09348144382238388,0.3056369125843048,0.671889066696167,-0.0990089550614357,0.462075412273407,0.6758100390434265,0.012396384961903095,0.3566444516181946,0.5590792894363403,-0.013714740984141827,0.2901988923549652,0.49672549962997437,-0.04373254254460335,0.22588235139846802,0.42725032567977905,-0.06842164695262909,0.5202348232269287,0.5942856073379517,0.018349895253777504,0.42209166288375854,0.44959715008735657,-0.0009686652920208871,0.356112539768219,0.3518139123916626,-0.03134503960609436,0.29560428857803345,0.2588967978954315,-0.05594795197248459,0.5921458005905151,0.5583114624023438,0.009535771794617176,0.5223018527030945,0.43107688426971436,-0.022016115486621857,0.48178741335868835,0.35890379548072815,-0.04798777028918266,0.438324511051178,0.2916923761367798,-0.06503921747207642,0.6761817932128906,0.5380449891090393,-0.0072348639369010925,0.6274235248565674,0.4295860826969147,-0.036526162177324295,0.5944148898124695,0.36413949728012085,-0.05149376764893532,0.5570220351219177,0.29757794737815857,-0.06178484484553337
0.816234827041626,0.9382386207580566,7.247020334943954e-07,0.6648094654083252,0.9583390951156616,-0.06013499200344086,0.5190631747245789,0.8786036372184753,-0.07023672759532928,0.4225618243217468,0.7586712837219238,-0.076507069170475,0.33968621492385864,0.6582872271537781,-0.07688555121421814,0.4782266914844513,0.6740845441818237,0.02054954692721367,0.3782188892364502,0.5576997995376587,-0.0009345682337880135,0.31397804617881775,0.4967517554759979,-0.028971360996365547,0.2516504228115082,0.4310152530670166,-0.052539583295583725,0.5359936952590942,0.596992552280426,0.025706039741635323,0.44464340806007385,0.46136343479156494,0.011304641142487526,0.38344109058380127,0.37083032727241516,-0.0164803359657526,0.3277333974838257,0.2855232357978821,-0.03975840285420418,0.6070917844772339,0.5610151290893555,0.016719074919819832,0.5422423481941223,0.4377358555793762,-0.007903185673058033,0.5023258924484253,0.3691188395023346,-0.029085198417305946,0.4591306447982788,0.3084244430065155,-0.044314488768577576,0.6899290680885315,0.540740966796875,-0.000295531761366874,0.6422734260559082,0.436969518661499,-0.023690972477197647,0.6084303259849548,0.3779599070549011,-0.03469990938901901,0.570680558681488,0.3192277252674103,-0.042792677879333496
0.814042329788208,0.9372395277023315,8.402815296904009e-07,0.6649017333984375,0.9523738026618958,-0.06303451210260391,0.5227081179618835,0.8765398859977722,-0.0762983039021492,0.4227190911769867,0.7603700757026672,-0.08527035266160965,0.3342198133468628,0.6608371138572693,-0.08829673379659653,0.4832950830459595,0.6760110259056091,0.018291739746928215,0.3815605342388153,0.5575555562973022,-0.004940620623528957,0.3164159655570984,0.4949266314506531,-0.033696193248033524,0.25266575813293457,0.42730486392974854,-0.05794841796159744,0.5405814051628113,0.5993459224700928,0.024268731474876404,0.448261022567749,0.46224963665008545,0.00770814111456275,0.3870333433151245,0.3684270977973938,-0.021651333197951317,0.3297918736934662,0.2805120348930359,-0.04638223350048065,0.6098952889442444,0.5648055076599121,0.015707775950431824,0.5429537892341614,0.4390714168548584,-0.012715864926576614,0.5033310055732727,0.3704889416694641,-0.0367622971534729,0.4593220353126526,0.3090848922729492,-0.05357097089290619,0.6904536485671997,0.5435690879821777,-0.0006735168281011283,0.643232524394989,0.4393053650856018,-0.028241602703928947,0.6096634864807129,0.3786919414997101,-0.04278644919395447,0.5703275799751282,0.3178604245185852,-0.05333555489778519
0.8531274795532227,0.9339008927345276,6.069471396585868e-07,0.6992695331573486,0.9541661739349365,-0.04854653403162956,0.5564983487129211,0.874496340751648,-0.0537741519510746,0.47339749336242676,0.7435891628265381,-0.05855977535247803,0.39918214082717896,0.6374332308769226,-0.058019332587718964,0.5100144743919373,0.7018460631370544,0.03843500465154648,0.41985759139060974,0.5814355611801147,0.024483732879161835,0.36270463466644287,0.509787917137146,-6.053787274140632e-06,0.3110494017601013,0.4444015324115753,-0.021991638466715813,0.5670849680900574,0.6315937042236328,0.03950051963329315,0.4780433773994446,0.5047160983085632,0.029494209215044975,0.4249022603034973,0.4206589460372925,0.0018167643574997783,0.37799301743507385,0.3508349061012268,-0.02275075949728489,0.63382488489151,0.5924214124679565,0.026799103245139122,0.5603255033493042,0.45768970251083374,0.0010689464397728443,0.518764317035675,0.3965916037559509,-0.027567511424422264,0.4787411391735077,0.35922136902809143,-0.04851692169904709,0.7143164277076721,0.5591253042221069,0.007599229924380779,0.6639146208763123,0.44281595945358276,-0.02287709154188633,0.6319685578346252,0.39542001485824585,-0.042488161474466324,0.5998958945274353,0.36705851554870605,-0.05670240893959999
0.8509465456008911,0.9388635158538818,7.699291586504842e-07,0.7028627991676331,0.9538295269012451,-0.044922493398189545,0.5608866214752197,0.8719305396080017,-0.05219016969203949,0.47568684816360474,0.7458510398864746,-0.058782875537872314,0.40597403049468994,0.6420118808746338,-0.06007605418562889,0.513004720211029,0.7008761167526245,0.03066430427134037,0.4219917058944702,0.5829082131385803,0.012060213834047318,0.3662147521972656,0.5132318735122681,-0.01329854130744934,0.31759321689605713,0.4472452700138092,-0.0344427116215229,0.5714080929756165,0.6285342574119568,0.030119027942419052,0.4837956428527832,0.5001222491264343,0.01721957139670849,0.4302517771720886,0.413737028837204,-0.0084870345890522,0.38411539793014526,0.34122687578201294,-0.03051713854074478,0.6406195163726807,0.5886183977127075,0.01689072512090206,0.5691365003585815,0.4577118754386902,-0.0071318489499390125,0.5233519673347473,0.3989531695842743,-0.02865429036319256,0.47949880361557007,0.36310043931007385,-0.044606465846300125,0.7235469222068787,0.558605432510376,-0.0025633845943957567,0.6743478178977966,0.4474949240684509,-0.027576997876167297,0.6387463212013245,0.39978155493736267,-0.040272992104291916,0.6005663275718689,0.36974412202835083,-0.04959111288189888
0.910274088382721,0.9497787952423096,3.231825189686788e-07,0.7705408334732056,0.9631701707839966,-0.03507321700453758,0.6469992399215698,0.8734791874885559,-0.04397083818912506,0.5833960175514221,0.7514733076095581,-0.054034020751714706,0.5293916463851929,0.6567662358283997,-0.061635907739400864,0.5980625152587891,0.7012578248977661,0.017300624400377274,0.503409743309021,0.5817744731903076,-0.004087099805474281,0.44160908460617065,0.5089805126190186,-0.03236989304423332,0.38919660449028015,0.4542620778083801,-0.05573856458067894,0.6590961813926697,0.6447669267654419,0.009459331631660461,0.5912795066833496,0.5030597448348999,-0.013114210218191147,0.5494132041931152,0.43604955077171326,-0.04701343923807144,0.5141633152961731,0.39647337794303894,-0.07259918749332428,0.7258838415145874,0.6179032921791077,-0.007185282651335001,0.6687639951705933,0.4903711676597595,-0.03179630637168884,0.6245036721229553,0.44365423917770386,-0.05650807172060013,0.588822066783905,0.4242441952228546,-0.07439209520816803,0.8046109080314636,0.6050323843955994,-0.028854528442025185,0.7595304250717163,0.5035063624382019,-0.04955622926354408,0.7174582481384277,0.45935213565826416,-0.06070653349161148,0.6810453534126282,0.4371393322944641,-0.06949375569820404
