0.5123975276947021,1.0980182886123657,1.0527089671086287e-06,0.4282042682170868,1.0901011228561401,-0.059443891048431396,0.36020517349243164,1.0378243923187256,-0.11265169829130173,0.3483487367630005,0.9883189797401428,-0.1620950996875763,0.3725337088108063,0.9480856657028198,-0.21398356556892395,0.34772706031799316,0.8040298819541931,-0.10611432790756226,0.3082345724105835,0.6065119504928589,-0.16701194643974304,0.29913783073425293,0.4838285446166992,-0.20861639082431793,0.2976685166358948,0.3786645233631134,-0.23591189086437225,0.425942987203598,0.778418779373169,-0.11508883535861969,0.403852641582489,0.5637940168380737,-0.16815285384655,0.39723193645477295,0.4189940392971039,-0.20783400535583496,0.3958932161331177,0.29387617111206055,-0.2346811145544052,0.5065625905990601,0.7871602177619934,-0.1281387060880661,0.49117448925971985,0.5842894911766052,-0.17436280846595764,0.48456519842147827,0.45096355676651,-0.20684723556041718,0.47970589995384216,0.33946940302848816,-0.2270776778459549,0.5891642570495605,0.8160715103149414,-0.14502006769180298,0.5932996273040771,0.662796139717102,-0.18374648690223694,0.5941439867019653,0.560309112071991,-0.20035946369171143,0.5910604000091553,0.47058144211769104,-0.2090635895729065
0.5408177971839905,1.1399176120758057,1.2241730473760981e-06,0.44944924116134644,1.1173173189163208,-0.05219251662492752,0.3774416744709015,1.0392354726791382,-0.09067834913730621,0.36016708612442017,0.9561517238616943,-0.12447133660316467,0.3672751784324646,0.884056568145752,-0.15952658653259277,0.37543076276779175,0.804996132850647,-0.07945404201745987,0.33601540327072144,0.6134153008460999,-0.13191992044448853,0.32540345191955566,0.48543035984039307,-0.16906210780143738,0.32311689853668213,0.38103559613227844,-0.1925012618303299,0.4523422122001648,0.7711060643196106,-0.08686772733926773,0.43017295002937317,0.5553845167160034,-0.12964926660060883,0.4258924126625061,0.41369807720184326,-0.1635056734085083,0.42660510540008545,0.29686617851257324,-0.18594227731227875,0.5290911793708801,0.7737153172492981,-0.09927430748939514,0.5125194787979126,0.5749828815460205,-0.13799813389778137,0.5047321319580078,0.45015475153923035,-0.16387341916561127,0.49950462579727173,0.3453398048877716,-0.17995217442512512,0.6062911152839661,0.8039697408676147,-0.11556001007556915,0.6079939603805542,0.6528736352920532,-0.14728310704231262,0.6071275472640991,0.5543032884597778,-0.15771155059337616,0.6042872667312622,0.4693262577056885,-0.16241240501403809
0.5466689467430115,1.1758801937103271,1.2242501270520734e-06,0.45337536931037903,1.1512722969055176,-0.054096609354019165,0.37737780809402466,1.069990634918213,-0.09357219189405441,0.3593812882900238,0.9821717143058777,-0.12898896634578705,0.36789774894714355,0.9125564694404602,-0.16553878784179688,0.37443530559539795,0.8131536245346069,-0.07758443057537079,0.3343179225921631,0.6122915744781494,-0.13064530491828918,0.3232347369194031,0.4808712601661682,-0.16955094039440155,0.31934741139411926,0.37193533778190613,-0.19509029388427734,0.45124438405036926,0.7784042358398438,-0.08639464527368546,0.4284799098968506,0.5557805895805359,-0.13038954138755798,0.424253910779953,0.4101892411708832,-0.1661057323217392,0.4250750243663788,0.2880023717880249,-0.19060663878917694,0.5289000868797302,0.7819435000419617,-0.10091585665941238,0.5111283659934998,0.5796526670455933,-0.14032958447933197,0.5060370564460754,0.44820189476013184,-0.1692918837070465,0.5023208856582642,0.33806031942367554,-0.18838009238243103,0.6087056398391724,0.8136444687843323,-0.11997462064027786,0.6099236607551575,0.6570280194282532,-0.1528003066778183,0.6097227931022644,0.554891049861908,-0.16607661545276642,0.6079818606376648,0.4662083387374878,-0.17366452515125275
0.574058473110199,1.1664376258850098,1.0719570582296e-06,0.4846841096878052,1.1392858028411865,-0.06475923955440521,0.42111676931381226,1.0378702878952026,-0.10333860665559769,0.4406977891921997,0.929153561592102,-0.13547037541866302,0.49279582500457764,0.8523602485656738,-0.16706536710262299,0.4061719477176666,0.7822074890136719,-0.06739848107099533,0.3619076609611511,0.5873135924339294,-0.11236696690320969,0.3489963412284851,0.4629647135734558,-0.1468740999698639,0.34447795152664185,0.36065366864204407,-0.17102301120758057,0.4797685444355011,0.7373653650283813,-0.06775074452161789,0.4563918113708496,0.5232746601104736,-0.10512913018465042,0.45159509778022766,0.38735294342041016,-0.1381208896636963,0.45252904295921326,0.27865880727767944,-0.16118952631950378,0.5554412007331848,0.7366377115249634,-0.07543598860502243,0.5409497618675232,0.5409263372421265,-0.11137740314006805,0.5350841879844666,0.4155896008014679,-0.1388397365808487,0.5314643979072571,0.3129526376724243,-0.15702977776527405,0.6313722133636475,0.7678698897361755,-0.08882718533277512,0.6359587907791138,0.6218314170837402,-0.11921929568052292,0.6363077163696289,0.5274827480316162,-0.13049514591693878,0.6364840269088745,0.44923606514930725,-0.13654358685016632
0.5794847011566162,1.185364007949829,1.0639902257025824e-06,0.4872818887233734,1.1539207696914673,-0.05238860100507736,0.41355013847351074,1.0549107789993286,-0.08451776206493378,0.3971022367477417,0.9629911780357361,-0.11378946155309677,0.39973920583724976,0.8910303711891174,-0.14301712810993195,0.4074691832065582,0.7841768264770508,-0.05307702720165253,0.36610621213912964,0.5825692415237427,-0.09785512089729309,0.35401710867881775,0.4555099606513977,-0.13272444903850555,0.34941691160202026,0.35118943452835083,-0.15596230328083038,0.4830690026283264,0.7448697090148926,-0.06116274371743202,0.4567926526069641,0.524307906627655,-0.09692483395338058,0.4509015381336212,0.3844975233078003,-0.12969918549060822,0.45151710510253906,0.2708597183227539,-0.15213261544704437,0.5587521195411682,0.7466514110565186,-0.07646393030881882,0.5420874357223511,0.544428825378418,-0.11029951274394989,0.535900890827179,0.4174673557281494,-0.13678951561450958,0.530991792678833,0.3111255168914795,-0.15423709154129028,0.6352551579475403,0.7819547057151794,-0.09701480716466904,0.6368815898895264,0.6292401552200317,-0.1251753717660904,0.6356672048568726,0.5342053771018982,-0.1353590488433838,0.6337186098098755,0.45476987957954407,-0.1406366527080536
0.6027151346206665,1.1689622402191162,9.932814464264084e-07,0.49941229820251465,1.1224567890167236,-0.05103246122598648,0.43665286898612976,1.0031245946884155,-0.08303102850914001,0.4695858955383301,0.8785766959190369,-0.11215976625680923,0.5319938063621521,0.7959243059158325,-0.14078453183174133,0.42685970664024353,0.7492533922195435,-0.047658566385507584,0.39018240571022034,0.5546156764030457,-0.08974020183086395,0.3789331912994385,0.4312509298324585,-0.12458052486181259,0.37602323293685913,0.32731279730796814,-0.14960898458957672,0.5024048089981079,0.7142332792282104,-0.05489223077893257,0.4803219437599182,0.4988616704940796,-0.0872180238366127,0.47453686594963074,0.3643704652786255,-0.1193464994430542,0.4731488823890686,0.2539025545120239,-0.14372025430202484,0.5787874460220337,0.7206355333328247,-0.06923151761293411,0.5667237639427185,0.5243822336196899,-0.09881970286369324,0.5590286254882812,0.39855560660362244,-0.1251828670501709,0.5504932403564453,0.29420411586761475,-0.14515332877635956,0.6555013060569763,0.7592010498046875,-0.08903651684522629,0.6581913232803345,0.6064122915267944,-0.11286915838718414,0.6572510004043579,0.5089648962020874,-0.1233551874756813,0.6549876928329468,0.426307737827301,-0.13153323531150818
0.6009451150894165,1.1906334161758423,9.581912081557675e-07,0.4964389503002167,1.1418780088424683,-0.04786786064505577,0.43052372336387634,1.0116569995880127,-0.07630880177021027,0.4484543204307556,0.8866945505142212,-0.10246109962463379,0.4935377836227417,0.8007097244262695,-0.1277238130569458,0.42751362919807434,0.7615769505500793,-0.04268760606646538,0.3917745053768158,0.5580880641937256,-0.08387351781129837,0.381036639213562,0.43185728788375854,-0.11698362976312637,0.37832319736480713,0.32788801193237305,-0.14026209712028503,0.5045257210731506,0.724623441696167,-0.051358021795749664,0.47962066531181335,0.5023385882377625,-0.08323012292385101,0.47368666529655457,0.3644573986530304,-0.11361207813024521,0.4728793799877167,0.2546091675758362,-0.13530869781970978,0.582028865814209,0.7281118631362915,-0.06720434129238129,0.5675503611564636,0.5218371152877808,-0.09788712114095688,0.5618018507957458,0.3940293788909912,-0.12273955345153809,0.5545547604560852,0.2873830497264862,-0.140345498919487,0.6596114635467529,0.7671204209327698,-0.08820416778326035,0.6624230146408081,0.611947774887085,-0.11360731720924377,0.6592832803726196,0.5153350830078125,-0.12321096658706665,0.6539784669876099,0.43391281366348267,-0.1293986737728119
0.6443902254104614,1.1751518249511719,9.091057222576637e-07,0.5422272086143494,1.1153391599655151,-0.05040726438164711,0.4872244894504547,0.9699991345405579,-0.07761354744434357,0.544360876083374,0.8304803371429443,-0.10214642435312271,0.6220146417617798,0.7381566166877747,-0.12599308788776398,0.4533204734325409,0.7323938608169556,-0.03400799632072449,0.4178101718425751,0.531832218170166,-0.06902289390563965,0.40705400705337524,0.40941688418388367,-0.10115568339824677,0.4038040041923523,0.3063744604587555,-0.12605953216552734,0.5316742658615112,0.6953864097595215,-0.040509697049856186,0.5075836181640625,0.4769640564918518,-0.06494976580142975,0.5000514388084412,0.34506121277809143,-0.09690426290035248,0.49565285444259644,0.2379552125930786,-0.1230262964963913,0.6099193096160889,0.7043840885162354,-0.05477059632539749,0.597363293170929,0.5027321577072144,-0.07877998054027557,0.5875489115715027,0.37681350111961365,-0.10733656585216522,0.5759086608886719,0.2707277536392212,-0.13099604845046997,0.6880346536636353,0.7466888427734375,-0.07471835613250732,0.6901984810829163,0.5919114351272583,-0.09615007787942886,0.6868569850921631,0.4934629201889038,-0.10792147368192673,0.6826871633529663,0.40777453780174255,-0.11858595907688141
0.6259489059448242,1.181544542312622,9.170616408482601e-07,0.5238538980484009,1.1124012470245361,-0.04473045468330383,0.472713828086853,0.9672196507453918,-0.06805206835269928,0.5104309320449829,0.8347377777099609,-0.09005431830883026,0.5674575567245483,0.7477024793624878,-0.11153475940227509,0.4517596960067749,0.7327789068222046,-0.02676939032971859,0.4153923988342285,0.5318349599838257,-0.060444459319114685,0.40580427646636963,0.41204923391342163,-0.09022199362516403,0.40349629521369934,0.31003904342651367,-0.11251132935285568,0.5291680097579956,0.6993228793144226,-0.03610646724700928,0.5048428773880005,0.47738879919052124,-0.06206585839390755,0.4984583556652069,0.34231290221214294,-0.09342426061630249,0.4950678050518036,0.23305362462997437,-0.11747672408819199,0.6076073050498962,0.7076963186264038,-0.05308109521865845,0.5997928977012634,0.5056123733520508,-0.07985036820173264,0.5946872234344482,0.37734881043434143,-0.10811329632997513,0.5847020745277405,0.269949734210968,-0.12935592234134674,0.6856186985969543,0.7499790787696838,-0.075095996260643,0.6884968280792236,0.5940002202987671,-0.0969303771853447,0.6838328838348389,0.49672991037368774,-0.10762085020542145,0.676293671131134,0.41273102164268494,-0.11644833534955978
0.6377797722816467,1.1803041696548462,8.882047950464766e-07,0.5321202278137207,1.1222949028015137,-0.05038943141698837,0.47548574209213257,0.977297842502594,-0.07521180063486099,0.5177119374275208,0.838261067867279,-0.09752443432807922,0.5823462009429932,0.746315598487854,-0.11826354265213013,0.45038220286369324,0.7356564998626709,-0.029373914003372192,0.4133792519569397,0.5316179394721985,-0.062384773045778275,0.40318477153778076,0.41168707609176636,-0.09117954224348068,0.4004395008087158,0.3094150125980377,-0.11332900077104568,0.5275289416313171,0.6977916955947876,-0.03540194034576416,0.5021424293518066,0.47506970167160034,-0.060343723744153976,0.4958495497703552,0.3408723771572113,-0.09067391604185104,0.4924805760383606,0.23175126314163208,-0.11446259915828705,0.6058352589607239,0.7045214772224426,-0.049658793956041336,0.597091019153595,0.5005308389663696,-0.0764235332608223,0.5927960872650146,0.3744654953479767,-0.104783795773983,0.5831199884414673,0.26690995693206787,-0.1266022026538849,0.6844667792320251,0.7457764148712158,-0.06937490403652191,0.6874121427536011,0.592634379863739,-0.09272055327892303,0.6829040050506592,0.4967889189720154,-0.10517185181379318,0.6759941577911377,0.41190746426582336,-0.11540206521749496
0.6192605495452881,1.1933281421661377,9.408430514667998e-07,0.520405650138855,1.1307859420776367,-0.048914700746536255,0.47085827589035034,0.9920109510421753,-0.0754554495215416,0.5202126502990723,0.8532825708389282,-0.09999755769968033,0.5877447128295898,0.7585458159446716,-0.12374574691057205,0.4400704801082611,0.7438392639160156,-0.029997440055012703,0.4037681519985199,0.5400431156158447,-0.06390715390443802,0.393812894821167,0.4191860258579254,-0.09464451670646667,0.39120370149612427,0.3156215250492096,-0.11819356679916382,0.5162491202354431,0.704842746257782,-0.037704017013311386,0.49373361468315125,0.48021262884140015,-0.06216420978307724,0.487637460231781,0.34324097633361816,-0.09444387257099152,0.4841200113296509,0.23195111751556396,-0.12020416557788849,0.5936601161956787,0.7117214798927307,-0.053193435072898865,0.587097704410553,0.5075747966766357,-0.07824019342660904,0.582952618598938,0.38000890612602234,-0.10744687914848328,0.5734689831733704,0.2720682919025421,-0.13060496747493744,0.6723810434341431,0.7540937066078186,-0.07414022833108902,0.6787418127059937,0.5983847975730896,-0.09519758075475693,0.6757420897483826,0.49981531500816345,-0.1070009246468544,0.6697720885276794,0.41342708468437195,-0.1174493134021759
0.6167123317718506,1.1961274147033691,9.08886306660861e-07,0.5156289935112,1.1349409818649292,-0.051400378346443176,0.465177983045578,0.9933516383171082,-0.07807505130767822,0.5142637491226196,0.8518096208572388,-0.10239684581756592,0.5790159702301025,0.7550889849662781,-0.12560440599918365,0.43925899267196655,0.743838369846344,-0.030882883816957474,0.4036046266555786,0.5406128764152527,-0.06584309786558151,0.39307481050491333,0.41946616768836975,-0.0972696840763092,0.3902568817138672,0.3148297369480133,-0.12120659649372101,0.5162696838378906,0.7042643427848816,-0.03717732056975365,0.49430418014526367,0.48053744435310364,-0.06259509921073914,0.4879918694496155,0.34409624338150024,-0.09464146196842194,0.4844113886356354,0.23247861862182617,-0.12013351172208786,0.5936137437820435,0.7103055715560913,-0.05169554054737091,0.5871095061302185,0.506271243095398,-0.07762683182954788,0.5830094218254089,0.3793552815914154,-0.1064181700348854,0.5734352469444275,0.27081388235092163,-0.12924376130104065,0.6717645525932312,0.7518603801727295,-0.07203623652458191,0.6782751083374023,0.597338080406189,-0.09407158195972443,0.6750275492668152,0.49909085035324097,-0.10650890320539474,0.6686950922012329,0.4120565354824066,-0.11736525595188141
0.5901004672050476,1.212116003036499,8.771889383751841e-07,0.5013964772224426,1.1547553539276123,-0.05400451272726059,0.4506605863571167,1.0141432285308838,-0.08189493417739868,0.4937421381473541,0.8699137568473816,-0.10609196871519089,0.5645589828491211,0.7713159322738647,-0.12845687568187714,0.41989633440971375,0.7572299838066101,-0.0321677103638649,0.3767335116863251,0.5523600578308105,-0.06428422778844833,0.36142802238464355,0.4309794008731842,-0.09246418625116348,0.3521690368652344,0.3291110098361969,-0.11451911926269531,0.49608543515205383,0.7220029234886169,-0.036887604743242264,0.46964582800865173,0.4945102035999298,-0.06232273206114769,0.4618118405342102,0.3593215346336365,-0.09213849902153015,0.4548007845878601,0.2531543970108032,-0.11563000082969666,0.5733340978622437,0.7327361702919006,-0.05023825168609619,0.5614216327667236,0.525475263595581,-0.07772577553987503,0.553825855255127,0.39629775285720825,-0.10590676218271255,0.5409644246101379,0.28956639766693115,-0.12732256948947906,0.6505908370018005,0.7773720026016235,-0.06929038465023041,0.6532421708106995,0.6117691397666931,-0.09253726899623871,0.6504180431365967,0.51407790184021,-0.10467196255922318,0.6440494060516357,0.4330732226371765,-0.11454935371875763
0.6077395081520081,1.2042768001556396,8.535400866094278e-07,0.5108317732810974,1.1527992486953735,-0.052984725683927536,0.4524172246456146,1.0160140991210938,-0.08081186562776566,0.49405404925346375,0.8733751177787781,-0.10568781942129135,0.5559335947036743,0.7686258554458618,-0.12836045026779175,0.40855085849761963,0.7601784467697144,-0.03204571083188057,0.35825276374816895,0.5599478483200073,-0.06631314009428024,0.3402888774871826,0.4389812648296356,-0.09600909799337387,0.3318193852901459,0.33456888794898987,-0.11904118210077286,0.4837379455566406,0.7179810404777527,-0.03749091550707817,0.45439058542251587,0.49302610754966736,-0.06425421684980392,0.44727733731269836,0.3586015999317169,-0.09475339204072952,0.4439142346382141,0.2506372332572937,-0.11871301382780075,0.5625591278076172,0.7237808704376221,-0.051448918879032135,0.5492228865623474,0.5184980034828186,-0.07889825850725174,0.5420981645584106,0.39197948575019836,-0.10696428269147873,0.5306914448738098,0.28436708450317383,-0.1287805140018463,0.6445555686950684,0.7651869058609009,-0.07111988216638565,0.6464884281158447,0.6053226590156555,-0.09404092282056808,0.641855001449585,0.5070087909698486,-0.10656985640525818,0.6349865198135376,0.42193901538848877,-0.11717971414327621
0.6005305647850037,1.2007501125335693,9.43967108923971e-07,0.5030498504638672,1.1532366275787354,-0.054096732288599014,0.44522061944007874,1.0231319665908813,-0.08345270901918411,0.4842901825904846,0.8909237384796143,-0.10982663184404373,0.5430052876472473,0.7954074740409851,-0.13558408617973328,0.40782278776168823,0.7601436376571655,-0.03885287791490555,0.3598663806915283,0.5615087747573853,-0.07573924213647842,0.34167492389678955,0.44061362743377686,-0.10792071372270584,0.33156076073646545,0.33570462465286255,-0.13267046213150024,0.48578017950057983,0.7185205817222595,-0.04560283198952675,0.45769068598747253,0.49525582790374756,-0.07420758903026581,0.44858017563819885,0.35814377665519714,-0.10830661654472351,0.44108906388282776,0.24509912729263306,-0.13526491820812225,0.5647371411323547,0.7238149642944336,-0.060513973236083984,0.5528501868247986,0.5254349112510681,-0.090687096118927,0.5456265807151794,0.39603716135025024,-0.12281356751918793,0.5321388244628906,0.2848081886768341,-0.1474151462316513,0.6442639231681824,0.7656031250953674,-0.08096134662628174,0.6470885276794434,0.6102737188339233,-0.10660767555236816,0.6431669592857361,0.5125393867492676,-0.12087736278772354,0.6356714963912964,0.4261836111545563,-0.13299283385276794
0.6117372512817383,1.1851556301116943,8.63670720718801e-07,0.5101184248924255,1.1390795707702637,-0.05274297297000885,0.45040449500083923,1.0027415752410889,-0.07791295647621155,0.4835295081138611,0.8603408932685852,-0.09982173889875412,0.5361741185188293,0.7565775513648987,-0.11930947005748749,0.41168123483657837,0.7471102476119995,-0.02760665863752365,0.35761451721191406,0.5504283905029297,-0.05971696972846985,0.3364184498786926,0.43045395612716675,-0.08852707594633102,0.3248853087425232,0.32762137055397034,-0.11072251200675964,0.48696380853652954,0.7020171284675598,-0.03196926787495613,0.4510353207588196,0.4860379099845886,-0.05626727268099785,0.44017350673675537,0.3523184657096863,-0.0861940085887909,0.43402090668678284,0.24503183364868164,-0.1096888929605484,0.5645237565040588,0.7036622762680054,-0.04513900727033615,0.5489253401756287,0.5069525241851807,-0.07177755236625671,0.5415887832641602,0.38349297642707825,-0.09993215650320053,0.5299795269966125,0.27899104356765747,-0.1215120330452919,0.6429806351661682,0.7401675581932068,-0.06408114731311798,0.6420156359672546,0.5895761251449585,-0.08734870702028275,0.636756956577301,0.4979989528656006,-0.09963831305503845,0.6300479769706726,0.41760751605033875,-0.10954015702009201
0.5944741368293762,1.1987881660461426,8.988393460640509e-07,0.49869778752326965,1.1433782577514648,-0.05011717975139618,0.44826582074165344,1.0033737421035767,-0.07376115769147873,0.48931801319122314,0.8666770458221436,-0.09500473737716675,0.5504377484321594,0.7753310799598694,-0.11482878774404526,0.4104093909263611,0.751535177230835,-0.023925574496388435,0.3585253953933716,0.5548020601272583,-0.05516692250967026,0.3378191590309143,0.43461769819259644,-0.08373071998357773,0.32630062103271484,0.3319624364376068,-0.10591060668230057,0.486527681350708,0.7091649174690247,-0.030601756647229195,0.45385614037513733,0.4890478551387787,-0.05562366172671318,0.44248297810554504,0.3519687354564667,-0.0875052735209465,0.43413054943084717,0.241519033908844,-0.11181674897670746,0.5647757649421692,0.7134481072425842,-0.04582380875945091,0.5520992279052734,0.5137795209884644,-0.07376185804605484,0.5444501638412476,0.38525527715682983,-0.10435128211975098,0.5301137566566467,0.2769339680671692,-0.12674760818481445,0.643255889415741,0.7532802224159241,-0.06644511967897415,0.6454176306724548,0.5978149771690369,-0.08970240503549576,0.6401466727256775,0.5030007362365723,-0.10186613351106644,0.6314685344696045,0.42043179273605347,-0.11147214472293854
0.6001889705657959,1.1381651163101196,8.792936228019244e-07,0.4941142797470093,1.072000503540039,-0.041205648332834244,0.43478113412857056,0.9344745874404907,-0.060649365186691284,0.48443111777305603,0.7967464923858643,-0.07994797825813293,0.5597418546676636,0.7162056565284729,-0.09818889945745468,0.40481072664260864,0.7023176550865173,-0.007651201449334621,0.3489881157875061,0.5183031558990479,-0.03027237579226494,0.3224825859069824,0.4071941077709198,-0.05579490587115288,0.3062325417995453,0.311637818813324,-0.07727966457605362,0.4769056439399719,0.6601279377937317,-0.01435486227273941,0.4420498311519623,0.4512227177619934,-0.028575506061315536,0.4270344376564026,0.32465070486068726,-0.05511339753866196,0.4190407991409302,0.22608131170272827,-0.0776280090212822,0.5502116084098816,0.6622257828712463,-0.029155349358916283,0.5325002074241638,0.4708421230316162,-0.044576119631528854,0.5159181952476501,0.35227444767951965,-0.07151465862989426,0.49901947379112244,0.25502532720565796,-0.09443727880716324,0.6264575719833374,0.6937347054481506,-0.04953865706920624,0.6261923313140869,0.5467047095298767,-0.06333569437265396,0.6159387826919556,0.4561300575733185,-0.07359764724969864,0.6053861379623413,0.3793187439441681,-0.08371542394161224
0.5929974317550659,1.0821114778518677,8.372955448976427e-07,0.4893772006034851,1.0244144201278687,-0.042078033089637756,0.4313206672668457,0.9004889130592346,-0.06352872401475906,0.48209720849990845,0.7722309231758118,-0.08446920663118362,0.5531646013259888,0.6933740973472595,-0.10538550466299057,0.40032410621643066,0.6763773560523987,-0.01563398353755474,0.34684261679649353,0.4999006390571594,-0.04106587916612625,0.3232337236404419,0.3941531181335449,-0.06736469268798828,0.30967241525650024,0.30077457427978516,-0.08891284465789795,0.4700496196746826,0.6314607262611389,-0.021955613046884537,0.4364864230155945,0.43207883834838867,-0.03806428983807564,0.4217943251132965,0.3137356638908386,-0.06539981067180634,0.4126221537590027,0.21510040760040283,-0.08910217881202698,0.540040135383606,0.6296818852424622,-0.03593742102384567,0.5271312594413757,0.4512269198894501,-0.052864886820316315,0.5148763060569763,0.3394308388233185,-0.08017690479755402,0.5001741647720337,0.24363845586776733,-0.10385105758905411,0.6119920611381531,0.6576519012451172,-0.05539871007204056,0.6129921674728394,0.5221771597862244,-0.06962548941373825,0.6055196523666382,0.4385303258895874,-0.07985860109329224,0.5968471169471741,0.3649321496486664,-0.0908178761601448
0.5892549157142639,1.0684268474578857,8.543635772184643e-07,0.48812606930732727,1.0178396701812744,-0.04570735991001129,0.43356046080589294,0.8968837857246399,-0.06819736212491989,0.4834386706352234,0.7700010538101196,-0.08903513103723526,0.5478760004043579,0.6876002550125122,-0.1096382811665535,0.3962225317955017,0.6751576066017151,-0.020464308559894562,0.3438622057437897,0.5001488924026489,-0.047980621457099915,0.3201106786727905,0.3936304450035095,-0.07572422176599503,0.3066721558570862,0.3001765012741089,-0.09819633513689041,0.4670870006084442,0.630185067653656,-0.025500353425741196,0.4354194402694702,0.4328053891658783,-0.04425689950585365,0.42252182960510254,0.31267809867858887,-0.07449477165937424,0.4153860807418823,0.21228677034378052,-0.09965753555297852,0.5387447476387024,0.6288003325462341,-0.03812097758054733,0.5248908996582031,0.4502643942832947,-0.05833733081817627,0.5142127871513367,0.3377760946750641,-0.088136225938797,0.5011531114578247,0.24049696326255798,-0.1128268614411354,0.613457441329956,0.657301127910614,-0.056053467094898224,0.6153279542922974,0.5232964754104614,-0.07342797517776489,0.6083495020866394,0.4389440417289734,-0.08558473736047745,0.5999119281768799,0.3618984520435333,-0.09746144711971283
0.5886067152023315,1.0378623008728027,8.159790922945831e-07,0.48878014087677,0.9867171049118042,-0.04165881499648094,0.42803117632865906,0.8630606532096863,-0.06068289279937744,0.4626917839050293,0.7337632775306702,-0.07837676256895065,0.5212664008140564,0.6536651849746704,-0.09561925381422043,0.39341917634010315,0.655718982219696,-0.018171755596995354,0.3403920531272888,0.4844057261943817,-0.04286697506904602,0.3161613941192627,0.38000988960266113,-0.06761493533849716,0.3007611036300659,0.2895880341529846,-0.08801788091659546,0.4618111848831177,0.6102735996246338,-0.023755796253681183,0.4286538362503052,0.41820386052131653,-0.04055776074528694,0.41527414321899414,0.3034391403198242,-0.0658683031797409,0.4059629440307617,0.20832189917564392,-0.08708842843770981,0.5310893654823303,0.6059994697570801,-0.036552224308252335,0.5139122009277344,0.43053603172302246,-0.05465664714574814,0.5021973848342896,0.3225696384906769,-0.0794237032532692,0.4883047640323639,0.22969812154769897,-0.10044969618320465,0.6031128764152527,0.6302942037582397,-0.05458654835820198,0.6020401120185852,0.4990628957748413,-0.07048158347606659,0.5939658880233765,0.4148901700973511,-0.08060555905103683,0.5842160582542419,0.3404754102230072,-0.09074844419956207
0.5786630511283875,1.037146806716919,8.197961847145052e-07,0.4787808954715729,0.9821252822875977,-0.03757058084011078,0.42543286085128784,0.8564821481704712,-0.05386381968855858,0.46426963806152344,0.7299313545227051,-0.0696457028388977,0.5172623991966248,0.6512624025344849,-0.08575600385665894,0.391501784324646,0.6564887166023254,-0.01198612805455923,0.3403973877429962,0.4856153726577759,-0.03595692291855812,0.31692957878112793,0.38158687949180603,-0.06072240695357323,0.30262893438339233,0.2922256886959076,-0.0807996541261673,0.46019458770751953,0.6116124987602234,-0.01937153935432434,0.42969202995300293,0.4182546138763428,-0.03556664660573006,0.41672468185424805,0.30144575238227844,-0.06325501948595047,0.4080551266670227,0.20559051632881165,-0.08595851063728333,0.5300017595291138,0.6077262759208679,-0.033644407987594604,0.5142325162887573,0.4336375296115875,-0.05154642462730408,0.502818763256073,0.3234906494617462,-0.07900041341781616,0.48943305015563965,0.22956693172454834,-0.1017480120062828,0.6024216413497925,0.6323764324188232,-0.05255305394530296,0.6027368307113647,0.5007844567298889,-0.06759952753782272,0.5968270301818848,0.4170030951499939,-0.07769200950860977,0.5895649790763855,0.342287540435791,-0.08791978657245636
0.5820693969726562,1.0092003345489502,7.768247769490699e-07,0.47983869910240173,0.9579673409461975,-0.03740706294775009,0.42079877853393555,0.8297762274742126,-0.051595088094472885,0.45924198627471924,0.6972760558128357,-0.064870685338974,0.5227753520011902,0.6239522695541382,-0.0780075341463089,0.3857179284095764,0.6385460495948792,-0.008945462293922901,0.3336453139781952,0.47192835807800293,-0.027988344430923462,0.31095588207244873,0.3714599609375,-0.04927030950784683,0.29679250717163086,0.2848530411720276,-0.06770570576190948,0.4536101520061493,0.5928764343261719,-0.014116639271378517,0.42029523849487305,0.4063740372657776,-0.025863463059067726,0.40562283992767334,0.2967713177204132,-0.04881638288497925,0.39471256732940674,0.20723974704742432,-0.06873025000095367,0.5212590098381042,0.5870488882064819,-0.026230264455080032,0.5030134916305542,0.4157412052154541,-0.04042891040444374,0.48887720704078674,0.3114124536514282,-0.06468765437602997,0.473370760679245,0.22235342860221863,-0.08570688217878342,0.5907957553863525,0.6076252460479736,-0.0431753471493721,0.5885759592056274,0.47835636138916016,-0.056201498955488205,0.5806894898414612,0.39664408564567566,-0.06569457799196243,0.5717829465866089,0.3245694041252136,-0.07565637677907944
0.5798887610435486,1.0040074586868286,7.864335884733009e-07,0.48072272539138794,0.9550570249557495,-0.038132186979055405,0.4225676655769348,0.8293502926826477,-0.05227521061897278,0.45855069160461426,0.6968751549720764,-0.0654851645231247,0.5152482390403748,0.6205812692642212,-0.07886659353971481,0.3857557773590088,0.6387797594070435,-0.009261427447199821,0.3342319130897522,0.4740886688232422,-0.03032851405441761,0.310577929019928,0.3732773959636688,-0.05340218544006348,0.29602986574172974,0.2867971956729889,-0.07281743735074997,0.4531422555446625,0.5925185680389404,-0.0147527065128088,0.41989803314208984,0.40750283002853394,-0.02866216190159321,0.40561026334762573,0.2953353524208069,-0.054474133998155594,0.39557889103889465,0.20254379510879517,-0.0760679617524147,0.5212726593017578,0.5859259366989136,-0.027324102818965912,0.5020442008972168,0.4184906482696533,-0.04401809722185135,0.4891459047794342,0.31305983662605286,-0.07078907638788223,0.4747563898563385,0.22241172194480896,-0.09306113421916962,0.5922350883483887,0.6058935523033142,-0.044658660888671875,0.5905368328094482,0.4801316261291504,-0.05947284400463104,0.5836597681045532,0.4000265300273895,-0.07001986354589462,0.5759603381156921,0.3279251456260681,-0.08057429641485214
0.5751655697822571,1.000016450881958,7.796873546794814e-07,0.47372370958328247,0.9419920444488525,-0.0326041579246521,0.41782721877098083,0.807590901851654,-0.042940929532051086,0.453274130821228,0.6742754578590393,-0.05352526158094406,0.5124474763870239,0.5994075536727905,-0.06437430530786514,0.3840208053588867,0.6267198920249939,-0.00012098673323635012,0.33138757944107056,0.46340513229370117,-0.01766565814614296,0.30582326650619507,0.36364108324050903,-0.0388762466609478,0.2885228097438812,0.27755796909332275,-0.05743499472737312,0.4497945308685303,0.5819423198699951,-0.007439047563821077,0.4156396687030792,0.399533212184906,-0.018498273566365242,0.39958569407463074,0.28955820202827454,-0.04262811318039894,0.38756975531578064,0.19967523217201233,-0.06306928396224976,0.5159814357757568,0.5768555998802185,-0.021583430469036102,0.49644899368286133,0.40714359283447266,-0.03599122539162636,0.48089495301246643,0.30359745025634766,-0.06131264567375183,0.46412399411201477,0.2166496217250824,-0.0825783833861351,0.5845614671707153,0.5987331867218018,-0.04019097611308098,0.5819131731987,0.4698300361633301,-0.05335883051156998,0.5728799104690552,0.38776469230651855,-0.06310383975505829,0.5622947812080383,0.31531569361686707,-0.07304355502128601
0.5735223293304443,0.9907410740852356,7.542487310274737e-07,0.4706035256385803,0.9405868053436279,-0.039719101041555405,0.41313305497169495,0.8036055564880371,-0.050717126578092575,0.4548895061016083,0.6625955700874329,-0.06042695790529251,0.5192270874977112,0.5853532552719116,-0.06969011574983597,0.3814574182033539,0.618425190448761,0.0007125621195882559,0.32873091101646423,0.4582527279853821,-0.013734978623688221,0.30329519510269165,0.36189427971839905,-0.03405391797423363,0.2857213020324707,0.27719613909721375,-0.052941739559173584,0.44703060388565063,0.5721709132194519,-0.0018617049790918827,0.4125664234161377,0.39228540658950806,-0.00951426662504673,0.3962818384170532,0.2872968018054962,-0.03236975148320198,0.38285595178604126,0.1998806893825531,-0.05302983894944191,0.5106996893882751,0.5670154094696045,-0.012302705086767673,0.49099084734916687,0.40356147289276123,-0.02329528145492077,0.4745974540710449,0.3039661943912506,-0.04777926951646805,0.4577387273311615,0.21920832991600037,-0.06967958062887192,0.5774948596954346,0.5859552621841431,-0.02824466861784458,0.5722042918205261,0.4592916667461395,-0.0384785458445549,0.5629717707633972,0.38112837076187134,-0.04799267277121544,0.5528563261032104,0.310768723487854,-0.058868106454610825
0.5697570443153381,0.9859689474105835,7.140489515222725e-07,0.4653056859970093,0.9379228353500366,-0.03620146960020065,0.40545690059661865,0.7911322712898254,-0.04281559959053993,0.44675448536872864,0.6483345627784729,-0.04919292777776718,0.5094037055969238,0.5779325366020203,-0.05539523810148239,0.3802550733089447,0.6105754375457764,0.009250324219465256,0.32805055379867554,0.4553356170654297,-0.002141521545127034,0.30126115679740906,0.3617163598537445,-0.021221088245511055,0.28244227170944214,0.27840444445610046,-0.039744213223457336,0.4442492425441742,0.5645038485527039,0.005328447557985783,0.40971291065216064,0.38898515701293945,-3.74288902094122e-05,0.3925304412841797,0.2849033772945404,-0.021573523059487343,0.37840673327445984,0.19761916995048523,-0.04130684584379196,0.5065300464630127,0.5594837069511414,-0.006771063897758722,0.48570629954338074,0.39792749285697937,-0.01569649577140808,0.4680536091327667,0.299761027097702,-0.039342354983091354,0.4503869414329529,0.2164572775363922,-0.06090513989329338,0.5717265009880066,0.5777556896209717,-0.02450154349207878,0.5661331415176392,0.45238596200942993,-0.03288453072309494,0.5567320585250854,0.3736666440963745,-0.04207661747932434,0.5466983914375305,0.3014078736305237,-0.0531403049826622
0.5708229541778564,0.9719638824462891,7.765212330923532e-07,0.4660970866680145,0.9160438776016235,-0.04293787106871605,0.415095716714859,0.7626587152481079,-0.050314921885728836,0.4715123772621155,0.617861807346344,-0.056465864181518555,0.5417029857635498,0.5478039979934692,-0.061468567699193954,0.383383572101593,0.6045487523078918,0.01447589322924614,0.3317658305168152,0.4485797882080078,0.007454683538526297,0.3033917546272278,0.35488736629486084,-0.009205344133079052,0.2833734154701233,0.27354878187179565,-0.02644004486501217,0.44671401381492615,0.5598980188369751,0.015335195697844028,0.41096413135528564,0.3843557834625244,0.014860415831208229,0.3940926194190979,0.2828443944454193,-0.005899619776755571,0.37937021255493164,0.19317716360092163,-0.02578013949096203,0.5082282423973083,0.5542142391204834,0.0069170561619102955,0.4885536730289459,0.39214450120925903,0.001667728996835649,0.4705447256565094,0.29300037026405334,-0.02353462018072605,0.45378291606903076,0.20995941758155823,-0.04685887321829796,0.5735455751419067,0.5679482221603394,-0.00790081825107336,0.5669924020767212,0.44491249322891235,-0.013015448115766048,0.5568974018096924,0.36678004264831543,-0.02268577180802822,0.5479692816734314,0.2946974039077759,-0.03496500104665756
0.5670092701911926,0.9717973470687866,7.10683707438875e-07,0.4643068015575409,0.9181316494941711,-0.03641507029533386,0.41046813130378723,0.7701488733291626,-0.04069681465625763,0.4555296003818512,0.6296616196632385,-0.044145360589027405,0.5195245146751404,0.5606546998023987,-0.046949271112680435,0.3815266489982605,0.5978876948356628,0.015793778002262115,0.32898348569869995,0.441766619682312,0.009455670602619648,0.30235010385513306,0.349496990442276,-0.007080348674207926,0.28283947706222534,0.2685343623161316,-0.024295488372445107,0.44658464193344116,0.5549423694610596,0.014157452620565891,0.41226470470428467,0.38167858123779297,0.013122927397489548,0.3951016962528229,0.28003591299057007,-0.00847565196454525,0.3795691132545471,0.19557255506515503,-0.02895195595920086,0.5082138776779175,0.5518655180931091,0.004222659394145012,0.4895813763141632,0.3933458924293518,-0.0018588248640298843,0.4716249704360962,0.29498544335365295,-0.027522042393684387,0.4536125957965851,0.21319451928138733,-0.05099095404148102,0.573387861251831,0.5687007904052734,-0.011163565330207348,0.5682380795478821,0.4438616633415222,-0.0177021324634552,0.5582615733146667,0.3666178584098816,-0.028018595650792122,0.5474363565444946,0.2960297167301178,-0.04041890799999237
0.5735998749732971,0.9675353765487671,7.782436455272546e-07,0.47015032172203064,0.9091935157775879,-0.04399747774004936,0.42268139123916626,0.7497711181640625,-0.04906373471021652,0.48520010709762573,0.6030429005622864,-0.05227794498205185,0.5557647943496704,0.5334411263465881,-0.053678449243307114,0.38738852739334106,0.5933809876441956,0.018098443746566772,0.3368554711341858,0.439788818359375,0.015051831491291523,0.30870768427848816,0.3466184139251709,0.0014776019379496574,0.28856176137924194,0.2666970193386078,-0.013140475377440453,0.4518243074417114,0.550428032875061,0.02134697511792183,0.41649284958839417,0.37783491611480713,0.027027375996112823,0.39946264028549194,0.2769022583961487,0.013562330976128578,0.3847511112689972,0.18992680311203003,-0.0002583697496447712,0.5145250558853149,0.546344518661499,0.014557459391653538,0.4926970303058624,0.3881034255027771,0.015138659626245499,0.4745088815689087,0.29043012857437134,-0.0026039439253509045,0.4583463668823242,0.20961853861808777,-0.020197251811623573,0.5805197954177856,0.5584898591041565,0.0005931861815042794,0.5721503496170044,0.43371498584747314,-0.0009513527038507164,0.5627468228340149,0.3577554225921631,-0.006370590999722481,0.5555144548416138,0.28767260909080505,-0.014548801816999912
0.5722945928573608,0.9676778316497803,7.619729558427935e-07,0.46934425830841064,0.9108166694641113,-0.03983907774090767,0.4174836277961731,0.7567048668861389,-0.04473310708999634,0.46672195196151733,0.6090580224990845,-0.04845709353685379,0.5359653830528259,0.5383055806159973,-0.05043144151568413,0.384601891040802,0.5907086133956909,0.022067854180932045,0.33070409297943115,0.4350191354751587,0.02031061425805092,0.3037542700767517,0.3445049226284027,0.006628178991377354,0.2838740348815918,0.26575127243995667,-0.00863947905600071,0.4489619731903076,0.5482575297355652,0.023223433643579483,0.41452229022979736,0.376737505197525,0.028549065813422203,0.39744874835014343,0.27855607867240906,0.011293730698525906,0.3820299804210663,0.1965917944908142,-0.006209466606378555,0.5104014277458191,0.5448587536811829,0.015173795633018017,0.4915524423122406,0.3879603147506714,0.016283836215734482,0.47259989380836487,0.290846586227417,-0.004386118147522211,0.4547772705554962,0.21084296703338623,-0.02513772062957287,0.5764138102531433,0.5597917437553406,0.0006543220370076597,0.5708679556846619,0.4368632137775421,0.0009502933244220912,0.5611162185668945,0.36111336946487427,-0.004997899290174246,0.5515468120574951,0.2921687066555023,-0.014514414593577385
0.5738863945007324,0.9630612730979919,7.768177283651312e-07,0.4713054299354553,0.9013922810554504,-0.040251024067401886,0.423993319272995,0.7485291957855225,-0.04668203368782997,0.478706032037735,0.6069488525390625,-0.05225236713886261,0.5474737286567688,0.5412595272064209,-0.05652288347482681,0.39132434129714966,0.5896995067596436,0.01712420955300331,0.3405606150627136,0.4367029666900635,0.01077855285257101,0.31273552775382996,0.34495094418525696,-0.00541227962821722,0.2926725745201111,0.2646504342556,-0.021886376664042473,0.4544181823730469,0.5476871728897095,0.01725279912352562,0.4214763939380646,0.3749855160713196,0.018181735649704933,0.4057803153991699,0.2736211121082306,-0.0007880743942223489,0.39236655831336975,0.18563178181648254,-0.01874881237745285,0.5171642899513245,0.5436012744903564,0.008356044068932533,0.4975367784500122,0.38491660356521606,0.005189666990190744,0.48147711157798767,0.28637266159057617,-0.016830040141940117,0.4660022258758545,0.20377984642982483,-0.03740463778376579,0.5836752653121948,0.5590043067932129,-0.0069211446680128574,0.5797581076622009,0.43625015020370483,-0.009785911068320274,0.5713720321655273,0.3581743538379669,-0.016650831326842308,0.5637931823730469,0.2869136333465576,-0.026210445910692215
0.5734620690345764,0.9626836180686951,7.631494440829556e-07,0.4698212146759033,0.9044116735458374,-0.039311278611421585,0.41864901781082153,0.7555152177810669,-0.04562763497233391,0.465433806180954,0.6128231287002563,-0.05084310099482536,0.5341153740882874,0.5437970757484436,-0.05459875613451004,0.3876948952674866,0.5844523310661316,0.01963072642683983,0.3346952795982361,0.4297722578048706,0.015849143266677856,0.30751049518585205,0.33976930379867554,0.00038551606121473014,0.2867817282676697,0.26093631982803345,-0.016344407573342323,0.4534611105918884,0.5428125858306885,0.019381200894713402,0.42053431272506714,0.3712536096572876,0.02163751609623432,0.40388548374176025,0.27224215865135193,0.0011629429645836353,0.38841357827186584,0.19109416007995605,-0.01863923855125904,0.5161328911781311,0.5411247611045837,0.010331808589398861,0.4982704818248749,0.38342028856277466,0.008083507418632507,0.48066022992134094,0.2864857017993927,-0.01567484438419342,0.46297913789749146,0.20646953582763672,-0.03819146379828453,0.5829252004623413,0.5592532157897949,-0.00473181065171957,0.5798519849777222,0.4356093406677246,-0.007548552006483078,0.5709152817726135,0.3581191301345825,-0.015784285962581635,0.5613938570022583,0.28758230805397034,-0.026716379448771477
0.5735572576522827,0.9667608737945557,7.470874265891325e-07,0.4709900915622711,0.9046391844749451,-0.03708239272236824,0.4236518144607544,0.7508367896080017,-0.041621219366788864,0.4742070734500885,0.6096328496932983,-0.04571167379617691,0.5396741032600403,0.5433108806610107,-0.04854019731283188,0.39323413372039795,0.5887153744697571,0.01976643316447735,0.3420759439468384,0.43445101380348206,0.014506313018500805,0.314582884311676,0.34219327569007874,-0.0002819598885253072,0.29518696665763855,0.2622901201248169,-0.015460359863936901,0.4579647481441498,0.5462306141853333,0.01861257664859295,0.42590802907943726,0.37215954065322876,0.020701803267002106,0.411111444234848,0.27129024267196655,0.004094025120139122,0.39903509616851807,0.18827632069587708,-0.011660926043987274,0.5207616090774536,0.5429587364196777,0.008596865460276604,0.5021969676017761,0.3831971287727356,0.0063954866491258144,0.4873020648956299,0.2845536172389984,-0.012615501880645752,0.4732917547225952,0.20285704731941223,-0.030904091894626617,0.5872279405593872,0.5594366788864136,-0.007612002082169056,0.5852740406990051,0.43627479672431946,-0.009738956578075886,0.5789264440536499,0.35825300216674805,-0.01464740838855505,0.5728709697723389,0.28739163279533386,-0.02246376872062683
0.5730879902839661,0.9671472311019897,7.903998948677327e-07,0.4703933894634247,0.9038017988204956,-0.03817449137568474,0.42249107360839844,0.7516475319862366,-0.04293321445584297,0.47215622663497925,0.6105055809020996,-0.04696943610906601,0.5404973030090332,0.5437641143798828,-0.04929247498512268,0.38928544521331787,0.583289384841919,0.02500787004828453,0.3377482295036316,0.4284595847129822,0.023688731715083122,0.3116387128829956,0.33800244331359863,0.010143219493329525,0.2919641137123108,0.2593153417110443,-0.0048981234431266785,0.4562012255191803,0.5434718132019043,0.02493450418114662,0.4252988398075104,0.3706988990306854,0.03083776868879795,0.4101676642894745,0.27092644572257996,0.014182080514729023,0.3963070809841156,0.18976828455924988,-0.0024762668181210756,0.5194039344787598,0.5434438586235046,0.015722306445240974,0.502475380897522,0.38574546575546265,0.016989730298519135,0.4858300983905792,0.2879015803337097,-0.0021672379225492477,0.4699309766292572,0.20752191543579102,-0.021375901997089386,0.5864469408988953,0.5628234148025513,0.00015217767213471234,0.5845458507537842,0.4394899010658264,0.0006584484945051372,0.5779647827148438,0.361758828163147,-0.0037968363612890244,0.5714506506919861,0.29037439823150635,-0.011789971962571144
0.5722904801368713,0.9653107523918152,7.868940201660735e-07,0.46983712911605835,0.9043660163879395,-0.040795717388391495,0.42088383436203003,0.7533260583877563,-0.046836007386446,0.47340214252471924,0.6120057106018066,-0.05143384635448456,0.5437930226325989,0.5450781583786011,-0.054221317172050476,0.39093947410583496,0.5852795243263245,0.018410785123705864,0.33953455090522766,0.4273698329925537,0.015606860630214214,0.31429576873779297,0.33561578392982483,0.0028999631758779287,0.2965196967124939,0.2569620609283447,-0.010982153005897999,0.4575258195400238,0.5470758080482483,0.02000582590699196,0.427390992641449,0.37340158224105835,0.02395535074174404,0.41317054629325867,0.27507051825523376,0.00802195817232132,0.40104609727859497,0.19533705711364746,-0.007430055644363165,0.5211169123649597,0.5462784767150879,0.012520582415163517,0.5062986016273499,0.3858947157859802,0.011316107586026192,0.4916270673274994,0.2876080870628357,-0.008510430343449116,0.47725528478622437,0.20666927099227905,-0.027339013293385506,0.5880932807922363,0.5635271668434143,-0.0012534275883808732,0.5895810127258301,0.4402744174003601,-0.003015430411323905,0.5843585133552551,0.3621567487716675,-0.008837231434881687,0.5794544219970703,0.29078271985054016,-0.017245545983314514
0.5716870427131653,0.966268002986908,8.173610694939271e-07,0.4695526957511902,0.9056833982467651,-0.04120282828807831,0.4204846918582916,0.7532200217247009,-0.04773508012294769,0.4746105968952179,0.6120035648345947,-0.05286763235926628,0.5473769307136536,0.5466950535774231,-0.056407440453767776,0.39002400636672974,0.5849857330322266,0.017728423699736595,0.33893412351608276,0.42813587188720703,0.014849173836410046,0.3134079575538635,0.3364482820034027,0.0013524331152439117,0.29424458742141724,0.2571908235549927,-0.013597188517451286,0.4568207859992981,0.5470356345176697,0.018778996542096138,0.4269493520259857,0.37309154868125916,0.022487789392471313,0.412605881690979,0.2730940580368042,0.005586373154073954,0.3999132513999939,0.19254809617996216,-0.010907401330769062,0.5204569101333618,0.5476455092430115,0.010723216459155083,0.5050130486488342,0.3871281147003174,0.009110189974308014,0.4901750683784485,0.28777164220809937,-0.011834134347736835,0.4754916727542877,0.20604869723320007,-0.03165775164961815,0.5869805812835693,0.5662436485290527,-0.0036462678108364344,0.587938129901886,0.44206666946411133,-0.006429700646549463,0.5827781558036804,0.36342132091522217,-0.013253782875835896,0.5778073072433472,0.29171109199523926,-0.022524060681462288
0.5720420479774475,0.9673742055892944,8.105065489871777e-07,0.46888378262519836,0.905584454536438,-0.041626401245594025,0.4204718768596649,0.7515007853507996,-0.047356169670820236,0.476662814617157,0.6099853515625,-0.051554981619119644,0.5498881936073303,0.5451635122299194,-0.054098740220069885,0.3910895884037018,0.5852479934692383,0.018896065652370453,0.33914387226104736,0.4285869002342224,0.016573935747146606,0.31311607360839844,0.3370642364025116,0.003663252340629697,0.29400885105133057,0.25804591178894043,-0.010729613713920116,0.45755618810653687,0.5475569367408752,0.02064189314842224,0.42760372161865234,0.3739158809185028,0.024887291714549065,0.4131966233253479,0.274238258600235,0.008290537633001804,0.4005352854728699,0.1929628551006317,-0.007767552975565195,0.5209293365478516,0.5483102202415466,0.01311982050538063,0.505867063999176,0.38788551092147827,0.011652729474008083,0.49064090847969055,0.2885183095932007,-0.009668556042015553,0.47561895847320557,0.20658031105995178,-0.029529063031077385,0.5873279571533203,0.5667973756790161,-0.0007458177278749645,0.5886237025260925,0.44278931617736816,-0.003655293257907033,0.5831711292266846,0.36360305547714233,-0.010967262089252472,0.578069806098938,0.2908802032470703,-0.020438631996512413
0.578787624835968,0.9646524786949158,7.25938377854618e-07,0.4790214002132416,0.89616459608078,-0.03552168607711792,0.4356990158557892,0.7500975131988525,-0.04188362881541252,0.4884559214115143,0.6142345070838928,-0.04779207333922386,0.5581381916999817,0.5472830533981323,-0.05221155285835266,0.3978483974933624,0.5866657495498657,0.017281178385019302,0.3463382124900818,0.43187183141708374,0.009867284446954727,0.31974542140960693,0.3410644233226776,-0.006119484081864357,0.300964891910553,0.262696772813797,-0.021669579669833183,0.4624781608581543,0.5460573434829712,0.015429385006427765,0.4315319359302521,0.3725963830947876,0.01447175070643425,0.41620883345603943,0.2729281187057495,-0.0048842281103134155,0.40328171849250793,0.19193419814109802,-0.022213628515601158,0.5262901782989502,0.5425816178321838,0.005441406276077032,0.5099776983261108,0.3825792670249939,0.0005135039682500064,0.49547335505485535,0.2863977551460266,-0.021125823259353638,0.48029497265815735,0.20671996474266052,-0.04043356329202652,0.5925914645195007,0.5597206950187683,-0.010016894899308681,0.5931030511856079,0.4377468228340149,-0.014253922738134861,0.5876487493515015,0.3613438010215759,-0.02031082846224308,0.5827205181121826,0.2927171289920807,-0.028192775323987007
0.5922222137451172,0.9671288728713989,7.136090403037088e-07,0.501102089881897,0.8859739899635315,-0.03536337986588478,0.46775639057159424,0.7345510125160217,-0.04228103533387184,0.5281900763511658,0.5965364575386047,-0.04850194603204727,0.5966105461120605,0.5274369716644287,-0.05279678478837013,0.42112821340560913,0.5830025672912598,0.017850762233138084,0.3702892065048218,0.42555132508277893,0.009723988361656666,0.34212595224380493,0.33291390538215637,-0.006918422877788544,0.32123374938964844,0.2533506751060486,-0.022729145362973213,0.48456889390945435,0.5428149700164795,0.016764292493462563,0.45554935932159424,0.3700035810470581,0.015464892610907555,0.44218260049819946,0.271144837141037,-0.004263397306203842,0.4307476282119751,0.1899806261062622,-0.0216049924492836,0.5485386848449707,0.5404197573661804,0.007752683479338884,0.5318655371665955,0.38153937458992004,0.0028887561056762934,0.5171298980712891,0.28584522008895874,-0.017212355509400368,0.5024480819702148,0.20569834113121033,-0.03510766848921776,0.616404116153717,0.55826735496521,-0.006699504796415567,0.6182845830917358,0.43642398715019226,-0.009204321540892124,0.6139134764671326,0.3612370193004608,-0.012359348125755787,0.6107813715934753,0.29509884119033813,-0.01785898208618164
0.5937398076057434,0.9606466293334961,7.148288432290428e-07,0.4991060495376587,0.8863264918327332,-0.035387083888053894,0.45897653698921204,0.7428349256515503,-0.04473979398608208,0.5124801397323608,0.607982873916626,-0.05370597913861275,0.5860533118247986,0.5428454875946045,-0.06104053556919098,0.41773509979248047,0.5813528895378113,0.01228214893490076,0.36692166328430176,0.42347490787506104,0.0027531429659575224,0.341250479221344,0.33178746700286865,-0.014292717911303043,0.32155823707580566,0.2526435852050781,-0.030418669804930687,0.4814697504043579,0.5412511229515076,0.009990498423576355,0.45117974281311035,0.36783474683761597,0.008145972155034542,0.4364820122718811,0.27015233039855957,-0.010958768427371979,0.422937273979187,0.19183045625686646,-0.028297945857048035,0.546235203742981,0.5381104946136475,5.2280269301263615e-05,0.530034601688385,0.3790038824081421,-0.003767778165638447,0.5137435793876648,0.28415751457214355,-0.023787803947925568,0.49583056569099426,0.207638680934906,-0.04230394959449768,0.613665759563446,0.5572118163108826,-0.015369516797363758,0.6153644323348999,0.4352837800979614,-0.017663002014160156,0.6094870567321777,0.3595772385597229,-0.022105440497398376,0.6033626198768616,0.2952033579349518,-0.02882407233119011
0.6068774461746216,0.9674645662307739,6.117555244600226e-07,0.5260396599769592,0.882819414138794,-0.0318131186068058,0.49963948130607605,0.7361788153648376,-0.038634561002254486,0.5597864389419556,0.6022137403488159,-0.04545670747756958,0.6260473728179932,0.5328561663627625,-0.05096100643277168,0.4474814236164093,0.5694559216499329,0.018189094960689545,0.40196049213409424,0.4139682650566101,0.00968058779835701,0.3754230737686157,0.32284486293792725,-0.007628744933754206,0.35394036769866943,0.24515500664710999,-0.02440415322780609,0.5125232338905334,0.5303786993026733,0.013689360581338406,0.48713716864585876,0.36047792434692383,0.01169429812580347,0.47568100690841675,0.2643708884716034,-0.008573293685913086,0.4641874432563782,0.18662947416305542,-0.026559993624687195,0.5771921277046204,0.5320486426353455,0.0017418890492990613,0.5644695162773132,0.3744577169418335,-0.004583544563502073,0.5513771176338196,0.28145140409469604,-0.024494601413607597,0.5364007949829102,0.20122340321540833,-0.042440738528966904,0.6452232003211975,0.5579137206077576,-0.01520997192710638,0.6483631134033203,0.43676209449768066,-0.020482128486037254,0.6455081701278687,0.36344653367996216,-0.023875122889876366,0.642473578453064,0.29793581366539,-0.029243415221571922
0.6089475154876709,0.9633638858795166,6.384093467204366e-07,0.521674633026123,0.879352331161499,-0.033628109842538834,0.49347615242004395,0.7328845858573914,-0.04141713306307793,0.5561160445213318,0.602175772190094,-0.048865921795368195,0.6287826895713806,0.5389255881309509,-0.054513219743967056,0.44436946511268616,0.5692616105079651,0.016286855563521385,0.3999139666557312,0.4113144874572754,0.008094782009720802,0.37539368867874146,0.32007524371147156,-0.008718866854906082,0.35468173027038574,0.2417854368686676,-0.02499227784574032,0.508852481842041,0.5331059694290161,0.013127343729138374,0.484704852104187,0.36138755083084106,0.011498309671878815,0.4720745086669922,0.26452532410621643,-0.007957524619996548,0.45917969942092896,0.18623924255371094,-0.025253908708691597,0.5742344260215759,0.5341289639472961,0.0024094379041343927,0.5612236261367798,0.37647753953933716,-0.0015054610557854176,0.5473455786705017,0.28145545721054077,-0.02096589095890522,0.5307729840278625,0.20106849074363708,-0.03882252797484398,0.6427632570266724,0.5588217973709106,-0.013656293973326683,0.645739734172821,0.43660107254981995,-0.015890704467892647,0.6407414674758911,0.3627761900424957,-0.018965061753988266,0.6359177827835083,0.29813843965530396,-0.024372322484850883
0.6135558485984802,0.9628489017486572,7.173728135967394e-07,0.5269137024879456,0.8712561726570129,-0.03506971523165703,0.5054882168769836,0.7162997722625732,-0.040680550038814545,0.5786013007164001,0.5893806219100952,-0.04524979367852211,0.65375155210495,0.5320567488670349,-0.04835539683699608,0.4702104926109314,0.5559463500976562,0.017989538609981537,0.42993903160095215,0.39587023854255676,0.012271692045032978,0.4052268862724304,0.3029288649559021,-0.003117524553090334,0.3860371708869934,0.22349753975868225,-0.018714314326643944,0.5382368564605713,0.5234993696212769,0.01678372360765934,0.5188726186752319,0.34801554679870605,0.017331168055534363,0.5096063613891602,0.24944603443145752,-0.001707348390482366,0.5004866719245911,0.1695340871810913,-0.01906161569058895,0.6028977036476135,0.5306293368339539,0.007817969657480717,0.5969418287277222,0.37088996171951294,0.004039380233734846,0.586651623249054,0.2762834429740906,-0.01640942320227623,0.5746981501579285,0.19642513990402222,-0.034871455281972885,0.6693428754806519,0.5591802597045898,-0.006558323744684458,0.6777113676071167,0.43556225299835205,-0.009241253137588501,0.6774015426635742,0.36012643575668335,-0.012955844402313232,0.6768526434898376,0.29262715578079224,-0.019169190898537636
0.6115107536315918,0.95867919921875,6.897567459418497e-07,0.5249648094177246,0.8668685555458069,-0.03799869865179062,0.5028700828552246,0.7214311361312866,-0.04744897782802582,0.5707567930221558,0.5956484079360962,-0.05547832325100899,0.645503580570221,0.5376187562942505,-0.061133887618780136,0.46336251497268677,0.5530713200569153,0.016514863818883896,0.4252830743789673,0.39234432578086853,0.010004252195358276,0.4050871431827545,0.3002602159976959,-0.006882247515022755,0.3885071873664856,0.22057899832725525,-0.023824166506528854,0.5320548415184021,0.5223627090454102,0.01580296829342842,0.5138227939605713,0.3479391634464264,0.01636817865073681,0.5047763586044312,0.2503058910369873,-0.0037069502286612988,0.4940646290779114,0.1693246066570282,-0.02267811819911003,0.5974653363227844,0.5304754376411438,0.007092582993209362,0.59272301197052,0.37295424938201904,0.0050036488100886345,0.5831329822540283,0.2785530388355255,-0.014299721457064152,0.5711252093315125,0.19950181245803833,-0.033070217818021774,0.6664420962333679,0.5627227425575256,-0.0074911764822900295,0.6743155121803284,0.44036686420440674,-0.00802427064627409,0.6721344590187073,0.36518365144729614,-0.010944289155304432,0.6691621541976929,0.2980650067329407,-0.01723416894674301
0.6118494868278503,0.9618996977806091,7.411258025058487e-07,0.5277074575424194,0.8726139664649963,-0.03915376961231232,0.5087361931800842,0.7237805128097534,-0.04867218807339668,0.579193651676178,0.6010348796844482,-0.05675094574689865,0.6501296758651733,0.5428863167762756,-0.06323760002851486,0.4779087007045746,0.5485720038414001,0.01209479570388794,0.4451088309288025,0.3826126456260681,0.004177389200776815,0.42645591497421265,0.2858020067214966,-0.012807453982532024,0.41327372193336487,0.20392367243766785,-0.02953006699681282,0.5495306849479675,0.5204316973686218,0.010789216496050358,0.5369312763214111,0.3414526581764221,0.009629406034946442,0.5317211151123047,0.23963114619255066,-0.011692737229168415,0.5259227156639099,0.15496131777763367,-0.031224343925714493,0.615665853023529,0.5304666757583618,0.0014131354400888085,0.6175589561462402,0.36801472306251526,-0.004131144843995571,0.6136526465415955,0.269714891910553,-0.027553388848900795,0.6064683198928833,0.18711403012275696,-0.04871664196252823,0.6824532151222229,0.5628876686096191,-0.013578237034380436,0.6948643326759338,0.43889808654785156,-0.01869036816060543,0.696058988571167,0.36170220375061035,-0.025599656626582146,0.6962659955024719,0.29214927554130554,-0.03455602377653122
0.6091182827949524,0.9545958042144775,7.67281676417042e-07,0.5250023007392883,0.8634436130523682,-0.041112806648015976,0.5085492730140686,0.7183465957641602,-0.050913628190755844,0.5813627243041992,0.5976606011390686,-0.05897459387779236,0.6559856534004211,0.5418975949287415,-0.06460300087928772,0.473287433385849,0.5412837266921997,0.018153101205825806,0.4406718313694,0.3754926323890686,0.014403956942260265,0.4254101514816284,0.28082767128944397,-0.0009332011686637998,0.4149923324584961,0.19981998205184937,-0.01704355701804161,0.5448799133300781,0.5150067806243896,0.019057827070355415,0.5324064493179321,0.33540523052215576,0.022796962410211563,0.5285813808441162,0.23573657870292664,0.0033613063860684633,0.523384690284729,0.15409213304519653,-0.015748972073197365,0.609758734703064,0.5267333984375,0.011332591995596886,0.6139022707939148,0.36505618691444397,0.011198131367564201,0.6095784902572632,0.26713812351226807,-0.009308557026088238,0.6029462218284607,0.1875743567943573,-0.02957282029092312,0.6772525906562805,0.5616112947463989,-0.002580292522907257,0.6898308992385864,0.43802905082702637,-0.002452709712088108,0.6902531981468201,0.362050861120224,-0.006801794283092022,0.6896432042121887,0.2936756908893585,-0.014663372188806534
0.6063902378082275,0.952271044254303,7.867682256801345e-07,0.5214477777481079,0.8595775961875916,-0.04059688374400139,0.5031513571739197,0.7113218903541565,-0.05084427446126938,0.5714630484580994,0.5904267430305481,-0.05972468852996826,0.6453565955162048,0.5344501733779907,-0.06619898229837418,0.4800167381763458,0.53194659948349,0.015773868188261986,0.4517172873020172,0.3637778162956238,0.00968177616596222,0.439208984375,0.2659849226474762,-0.005895754788070917,0.4320021867752075,0.18402251601219177,-0.021229086443781853,0.552226185798645,0.5082958340644836,0.015827838331460953,0.5432571172714233,0.32833728194236755,0.017478473484516144,0.5407366752624512,0.22911858558654785,-0.0007166811847127974,0.5369800925254822,0.14910471439361572,-0.017799951136112213,0.6172605752944946,0.5198845267295837,0.007284991908818483,0.6239703297615051,0.3562782108783722,0.005391274578869343,0.6215637922286987,0.2577807605266571,-0.013841486535966396,0.615896463394165,0.17815953493118286,-0.032265227288007736,0.6831260919570923,0.5526930093765259,-0.007437653373926878,0.6980023384094238,0.4301803708076477,-0.008325678296387196,0.7008586525917053,0.3526611030101776,-0.012152287177741528,0.7021608352661133,0.2841065526008606,-0.01899331621825695
0.6026093363761902,0.9489054679870605,7.302207905013347e-07,0.5220770239830017,0.853181779384613,-0.03854867443442345,0.504220724105835,0.7090727686882019,-0.04868296906352043,0.5693211555480957,0.5898339152336121,-0.057818878442049026,0.6417908668518066,0.5324869155883789,-0.06420327723026276,0.4767332077026367,0.5254382491111755,0.018250759690999985,0.44832199811935425,0.35901719331741333,0.012807179242372513,0.4358704686164856,0.26432204246520996,-0.0030710624996572733,0.4279218912124634,0.18351462483406067,-0.019147876650094986,0.5475019216537476,0.5030995607376099,0.017196644097566605,0.5399473309516907,0.3256426453590393,0.019356563687324524,0.5385206937789917,0.22759142518043518,0.0004731281951535493,0.5358213186264038,0.14975374937057495,-0.01775229535996914,0.6127274632453918,0.5170137286186218,0.007738723885267973,0.6216974258422852,0.356538325548172,0.006738429423421621,0.6217223405838013,0.25956597924232483,-0.012468039058148861,0.6183207035064697,0.18012076616287231,-0.03153161332011223,0.6792809963226318,0.55361008644104,-0.007739237975329161,0.6960181593894958,0.4321984648704529,-0.008375272154808044,0.6994185447692871,0.35606616735458374,-0.01234638225287199,0.7008607983589172,0.28815752267837524,-0.019540784880518913
0.6028758883476257,0.9513339400291443,7.025265631455113e-07,0.5227475166320801,0.8541325330734253,-0.03756733611226082,0.5037106275558472,0.7099781632423401,-0.046868082135915756,0.5661488175392151,0.5903268456459045,-0.0553550161421299,0.6359978318214417,0.5310485363006592,-0.060944195836782455,0.4772893488407135,0.5244001150131226,0.02185394987463951,0.4485636353492737,0.3601633310317993,0.017815755680203438,0.4352048933506012,0.2662860155105591,0.0026055609341710806,0.4262661337852478,0.18633916974067688,-0.012983676977455616,0.5485127568244934,0.5025103092193604,0.020764051005244255,0.5416477918624878,0.32730579376220703,0.024512633681297302,0.5405438542366028,0.2312627136707306,0.0067113847471773624,0.5378086566925049,0.15618866682052612,-0.010478475131094456,0.6140507459640503,0.5164742469787598,0.011214565485715866,0.6228229999542236,0.3572996258735657,0.011828451417386532,0.6231753826141357,0.260954886674881,-0.005482659675180912,0.6198487281799316,0.18313130736351013,-0.02299950085580349,0.6812673211097717,0.5533074140548706,-0.0044153849594295025,0.6967897415161133,0.4310082197189331,-0.0035758221056312323,0.6995569467544556,0.3547089695930481,-0.005989961791783571,0.7008092403411865,0.28725549578666687,-0.011745695024728775
0.5841436982154846,0.9261823892593384,8.266144391200214e-07,0.5020371675491333,0.8218859434127808,-0.037159837782382965,0.489963173866272,0.6717156171798706,-0.04644831642508507,0.556063175201416,0.5600326657295227,-0.055519744753837585,0.627580463886261,0.5110858678817749,-0.062441423535346985,0.47328975796699524,0.5030144453048706,0.020620953291654587,0.45115724205970764,0.33415883779525757,0.01467911433428526,0.44221794605255127,0.2378595769405365,-0.0006943430053070188,0.4363495409488678,0.15741875767707825,-0.015473147854208946,0.54423987865448,0.4856013059616089,0.019305795431137085,0.5438185930252075,0.306638240814209,0.020112797617912292,0.5448302030563354,0.21147027611732483,0.0007801222382113338,0.5425841808319092,0.13496220111846924,-0.016677331179380417,0.6078951358795166,0.5019012093544006,0.00953923724591732,0.6233901381492615,0.34059587121009827,0.007966677658259869,0.6250925064086914,0.24386560916900635,-0.01223876141011715,0.6220250725746155,0.1666765809059143,-0.031076814979314804,0.6692583560943604,0.5383474826812744,-0.006051821634173393,0.6894515156745911,0.42034369707107544,-0.005892574787139893,0.6960682272911072,0.34338217973709106,-0.009897894226014614,0.6998540163040161,0.27572500705718994,-0.016773495823144913
0.5556161403656006,0.9089007377624512,8.932981359066616e-07,0.4807719886302948,0.799595296382904,-0.0402335487306118,0.4806409180164337,0.6325733065605164,-0.043646641075611115,0.5534563660621643,0.5118046998977661,-0.045060958713293076,0.6253296732902527,0.4588978588581085,-0.04318518564105034,0.45882081985473633,0.4631287157535553,0.031074896454811096,0.44482922554016113,0.29431697726249695,0.034937579184770584,0.44224169850349426,0.2003420889377594,0.024977676570415497,0.4412077069282532,0.12206581234931946,0.013422543182969093,0.530913233757019,0.44835615158081055,0.03505412116646767,0.5391966104507446,0.27467161417007446,0.0461038276553154,0.546610414981842,0.18257302045822144,0.032201021909713745,0.5498204827308655,0.1135888397693634,0.018986595794558525,0.5942578315734863,0.47001561522483826,0.029824148863554,0.6147820353507996,0.31033802032470703,0.036167241632938385,0.6200165748596191,0.2176031768321991,0.02059675194323063,0.6214755177497864,0.14184635877609253,0.005102155264467001,0.6545236706733704,0.513168215751648,0.018137570470571518,0.6780670285224915,0.3927900493144989,0.02320599928498268,0.6873493194580078,0.31954923272132874,0.022428536787629128,0.6943230628967285,0.25366631150245667,0.018637996166944504
0.560535192489624,0.9130733013153076,7.842827471904457e-07,0.48042064905166626,0.7973904609680176,-0.03673812747001648,0.4680788218975067,0.6325225830078125,-0.03918187692761421,0.530878484249115,0.5133971571922302,-0.041428856551647186,0.5993400812149048,0.46808430552482605,-0.03960905224084854,0.46268558502197266,0.46882903575897217,0.03902014344930649,0.4453350305557251,0.3009849190711975,0.040668290108442307,0.4403294324874878,0.2063140571117401,0.03035486862063408,0.4390447437763214,0.12671947479248047,0.02004828304052353,0.5330832600593567,0.4531506896018982,0.0418049618601799,0.5419268608093262,0.28022027015686035,0.05278152599930763,0.5493795871734619,0.185954749584198,0.04204446077346802,0.5533666014671326,0.11417195200920105,0.03251553326845169,0.5964437127113342,0.47218313813209534,0.03487003967165947,0.6187523007392883,0.3162083625793457,0.04323611781001091,0.627807080745697,0.221096009016037,0.034278903156518936,0.6317386031150818,0.14821934700012207,0.024792097508907318,0.6581535935401917,0.5109133124351501,0.021042685955762863,0.682995080947876,0.3942183256149292,0.031311944127082825,0.6920526027679443,0.3168923258781433,0.03638509660959244,0.6996455192565918,0.25149455666542053,0.03775309771299362
0.5218884348869324,0.9100386500358582,7.382270723610418e-07,0.4461105763912201,0.8001607656478882,-0.028940627351403236,0.4454417824745178,0.6364226937294006,-0.031053168699145317,0.5223973989486694,0.5210714936256409,-0.03359504044055939,0.5986573100090027,0.4831445813179016,-0.0342588871717453,0.43186765909194946,0.4585476517677307,0.02894456498324871,0.4243350923061371,0.2890093922615051,0.02612880803644657,0.42704540491104126,0.19394198060035706,0.012927444651722908,0.4318017363548279,0.11414051055908203,-0.0010759731521829963,0.5049102306365967,0.44386550784111023,0.024618154391646385,0.5182883143424988,0.271641343832016,0.0278485007584095,0.5330228209495544,0.17921265959739685,0.011772466823458672,0.5440895557403564,0.10558196902275085,-0.0035549099557101727,0.5686449408531189,0.46706923842430115,0.012200046330690384,0.5957262516021729,0.31002336740493774,0.010555184446275234,0.6076686978340149,0.2159741222858429,-0.006412426009774208,0.6167205572128296,0.136770099401474,-0.022759083658456802,0.6298573017120361,0.5133248567581177,-0.005491236224770546,0.6564584970474243,0.3902748227119446,-0.007722168695181608,0.6705536246299744,0.3152608573436737,-0.010993774980306625,0.6829451322555542,0.24595597386360168,-0.01656199060380459
0.5264162421226501,0.9165540337562561,6.902072868797404e-07,0.44698381423950195,0.8026039600372314,-0.03191027417778969,0.4407179355621338,0.6381899118423462,-0.03554568067193031,0.5118768215179443,0.5179479718208313,-0.03923787921667099,0.5871447920799255,0.48003074526786804,-0.04034760966897011,0.43598487973213196,0.4621475636959076,0.02998335100710392,0.42837876081466675,0.2912013530731201,0.027585288509726524,0.4293985068798065,0.19617965817451477,0.014006824232637882,0.4337087571620941,0.11628156900405884,-0.00020993301586713642,0.5076621174812317,0.44666600227355957,0.027733637019991875,0.5202833414077759,0.2724165916442871,0.03172602877020836,0.5324885249137878,0.17772743105888367,0.01500501949340105,0.5413272976875305,0.09948796033859253,-0.0008659711456857622,0.5703502893447876,0.4682110548019409,0.0171381626278162,0.596189022064209,0.30943167209625244,0.017046386376023293,0.6085566878318787,0.2137191891670227,-0.0012186079984530807,0.6167023181915283,0.1339034140110016,-0.019018782302737236,0.6306611895561218,0.5127525329589844,0.001050376333296299,0.6578234434127808,0.3928387761116028,0.0011669964296743274,0.6717872619628906,0.3149958848953247,-0.0023552277125418186,0.6846166253089905,0.24427175521850586,-0.008733844384551048
0.5004867315292358,0.9515185356140137,5.99057557337801e-07,0.42056384682655334,0.846908688545227,-0.030329182744026184,0.40829262137413025,0.6826575994491577,-0.033425163477659225,0.47846275568008423,0.5619021058082581,-0.03747497498989105,0.550445556640625,0.5138579607009888,-0.040125176310539246,0.3982660174369812,0.4936662018299103,0.02921995334327221,0.3898383378982544,0.32547682523727417,0.02252524346113205,0.390288770198822,0.22669482231140137,0.0038825010415166616,0.3933437168598175,0.14352461695671082,-0.015096948482096195,0.47417327761650085,0.47469985485076904,0.02253718115389347,0.4841746687889099,0.3019266724586487,0.021510865539312363,0.4981433153152466,0.20465800166130066,-0.0008886989671736956,0.508994460105896,0.12148559093475342,-0.021983396261930466,0.5403581857681274,0.49576711654663086,0.007398567162454128,0.5616325736045837,0.3354988098144531,0.0013529424322769046,0.5742522478103638,0.23815667629241943,-0.01999671198427677,0.5850326418876648,0.15364307165145874,-0.04035402089357376,0.606593668460846,0.5441901087760925,-0.013092360459268093,0.6294648051261902,0.4175224006175995,-0.01909390091896057,0.6402300596237183,0.3369545638561249,-0.024831220507621765,0.6504783630371094,0.2619118094444275,-0.0331537090241909
0.508523166179657,0.9482669234275818,6.742190521435987e-07,0.42493003606796265,0.8444364070892334,-0.03233324736356735,0.40718650817871094,0.6858100295066833,-0.03979451209306717,0.467497318983078,0.5580098628997803,-0.04749717563390732,0.5406975150108337,0.5069090723991394,-0.0535023994743824,0.4006388187408447,0.4966542422771454,0.020330380648374557,0.3903380036354065,0.3250200152397156,0.010570107027888298,0.392495334148407,0.22804850339889526,-0.008442161604762077,0.3984556198120117,0.14629894495010376,-0.026547828689217567,0.4758278727531433,0.4769963026046753,0.01491524837911129,0.487352192401886,0.29730647802352905,0.01125235203653574,0.5002497434616089,0.20080897212028503,-0.011367066763341427,0.5103862881660461,0.12071189284324646,-0.031673613935709,0.5409353971481323,0.49532046914100647,0.0016599659575149417,0.5641054511070251,0.33098292350769043,-0.005477134138345718,0.5759022235870361,0.23490744829177856,-0.02761499211192131,0.5840028524398804,0.15354520082473755,-0.04811739921569824,0.6047821044921875,0.5409033298492432,-0.01662485860288143,0.6299703121185303,0.4173864722251892,-0.022844962775707245,0.6423210501670837,0.33778899908065796,-0.029366612434387207,0.6530857086181641,0.2650340497493744,-0.0379558727145195
0.4959874749183655,0.9795340299606323,6.656050572928507e-07,0.41477352380752563,0.8850338459014893,-0.02969782054424286,0.398125022649765,0.7270872592926025,-0.03445761278271675,0.46592986583709717,0.608193039894104,-0.04068180173635483,0.534377932548523,0.5568243265151978,-0.04557523503899574,0.3774217963218689,0.5379961133003235,0.02286987192928791,0.3574170172214508,0.3595274090766907,0.013264836743474007,0.35345423221588135,0.2565603256225586,-0.004438376519829035,0.35485726594924927,0.171847403049469,-0.02105693146586418,0.45184171199798584,0.5131845474243164,0.015325814485549927,0.45522284507751465,0.32614457607269287,0.012257140129804611,0.4662116765975952,0.21862250566482544,-0.00897536426782608,0.4774431586265564,0.13413557410240173,-0.027825653553009033,0.5207441449165344,0.529725968837738,-0.0003156543243676424,0.5394434928894043,0.3577152490615845,-0.0073699550703167915,0.5508952140808105,0.2539224922657013,-0.028821628540754318,0.5604242086410522,0.16767871379852295,-0.04824594780802727,0.5886978507041931,0.5738835334777832,-0.021015509963035583,0.6119610667228699,0.4437185823917389,-0.026791995391249657,0.6214907169342041,0.36074352264404297,-0.031851429492235184,0.6307268142700195,0.28600507974624634,-0.03907787427306175
0.4965921938419342,0.9723078012466431,7.638940928700322e-07,0.4111497402191162,0.8696293234825134,-0.02879512310028076,0.3926839828491211,0.714643120765686,-0.03532865643501282,0.45997220277786255,0.59538733959198,-0.0433354526758194,0.5344571471214294,0.5506085753440857,-0.05038851872086525,0.38164079189300537,0.5316837430000305,0.020556997507810593,0.3612026274204254,0.35583898425102234,0.010852246545255184,0.35842302441596985,0.25467559695243835,-0.006700894795358181,0.3619004189968109,0.17034178972244263,-0.02334022708237171,0.4561038017272949,0.5085675716400146,0.012516459450125694,0.4609552025794983,0.319927841424942,0.008350769989192486,0.47120165824890137,0.21468785405158997,-0.013086410239338875,0.48123764991760254,0.1321309208869934,-0.03168388456106186,0.5237354040145874,0.5257532596588135,-0.0032203232403844595,0.5435658097267151,0.35179513692855835,-0.01183243002742529,0.5541646480560303,0.24764922261238098,-0.03499634563922882,0.5607759952545166,0.16129490733146667,-0.05521462485194206,0.5896570682525635,0.5705733895301819,-0.023577675223350525,0.6151561141014099,0.44194144010543823,-0.030949806794524193,0.6244562864303589,0.3589351773262024,-0.03782602399587631,0.6314473748207092,0.2835253179073334,-0.04625033587217331
0.4989336431026459,0.9998787045478821,7.336973339988617e-07,0.41199785470962524,0.9076908826828003,-0.03431065008044243,0.391526460647583,0.7524935007095337,-0.041420936584472656,0.46015363931655884,0.6300827860832214,-0.04872530698776245,0.5297741889953613,0.5721428990364075,-0.05474628880620003,0.369549423456192,0.5605847835540771,0.015370490960776806,0.34483200311660767,0.37888431549072266,0.00421800184994936,0.33958184719085693,0.2725991904735565,-0.013421484269201756,0.34090885519981384,0.18453577160835266,-0.02977142482995987,0.44897860288619995,0.5348785519599915,0.00984045397490263,0.45240965485572815,0.34216657280921936,0.005038847215473652,0.46191996335983276,0.23088061809539795,-0.01701553910970688,0.4705846607685089,0.14500939846038818,-0.035852402448654175,0.5214794278144836,0.5513675808906555,-0.003915468230843544,0.539452314376831,0.377785325050354,-0.013046277686953545,0.547460675239563,0.2687654495239258,-0.03626847267150879,0.5520416498184204,0.17666223645210266,-0.05632909759879112,0.5913646817207336,0.5960463285446167,-0.0227251835167408,0.6137359142303467,0.4628799557685852,-0.030532043427228928,0.6216920018196106,0.3778596818447113,-0.037101730704307556,0.6280427575111389,0.30012843012809753,-0.0449698269367218
0.5027125477790833,1.0006381273269653,7.716532195445325e-07,0.4144022464752197,0.9091091156005859,-0.034383244812488556,0.39018064737319946,0.7583990097045898,-0.04369950667023659,0.45297718048095703,0.6307148337364197,-0.05256307125091553,0.5256648659706116,0.5722774267196655,-0.05973944067955017,0.3731915354728699,0.554593563079834,0.012740133330225945,0.3465590476989746,0.3760770559310913,0.0029543249402195215,0.33995264768600464,0.2723906338214874,-0.014247631654143333,0.3407558798789978,0.18571054935455322,-0.030826300382614136,0.452187716960907,0.528397262096405,0.007181600667536259,0.4514186680316925,0.3355349004268646,0.004129041917622089,0.4594493806362152,0.22693005204200745,-0.0163076464086771,0.46764466166496277,0.14378085732460022,-0.034651488065719604,0.5237033367156982,0.5452786087989807,-0.006287300493568182,0.5380799770355225,0.3690924048423767,-0.014048554934561253,0.5452772378921509,0.26254552602767944,-0.03657655045390129,0.5489054322242737,0.17350170016288757,-0.05688444897532463,0.5936299562454224,0.5915513634681702,-0.024744367226958275,0.615100622177124,0.4586578607559204,-0.03242843598127365,0.6217911839485168,0.37477779388427734,-0.03952847421169281,0.6262275576591492,0.29836270213127136,-0.04809742048382759
0.5056330561637878,1.004183292388916,7.67059930240066e-07,0.4157198369503021,0.9140235185623169,-0.036733198910951614,0.39066246151924133,0.7597634196281433,-0.045781318098306656,0.4565642476081848,0.6298022866249084,-0.05417068302631378,0.5315049886703491,0.5726006627082825,-0.06079289689660072,0.37388837337493896,0.5547142028808594,0.013942715711891651,0.34612753987312317,0.37549591064453125,0.004922066815197468,0.3390654921531677,0.2712787687778473,-0.01215321198105812,0.3396274447441101,0.1837763488292694,-0.028863079845905304,0.45280396938323975,0.5280645489692688,0.009693796746432781,0.4518871605396271,0.3366127908229828,0.0075216712430119514,0.45976316928863525,0.22851663827896118,-0.012491433881223202,0.46826738119125366,0.14635002613067627,-0.03055366314947605,0.5240923166275024,0.5443766117095947,-0.0029238706920295954,0.5391023755073547,0.3686918020248413,-0.00970678124576807,0.5464038252830505,0.26248589158058167,-0.03144226595759392,0.550147533416748,0.1736414134502411,-0.051195450127124786,0.5939475893974304,0.5898403525352478,-0.021019533276557922,0.6158868670463562,0.4563066363334656,-0.02766784280538559,0.6229242086410522,0.3725796341896057,-0.03408089280128479,0.6282630562782288,0.2963808476924896,-0.04221691936254501
0.512985110282898,1.0019867420196533,7.225455078696541e-07,0.4195918142795563,0.9067107439041138,-0.03087427467107773,0.39395827054977417,0.7539854049682617,-0.03606331720948219,0.46038392186164856,0.6314443945884705,-0.041974928230047226,0.5315231680870056,0.5811946392059326,-0.04653982073068619,0.3801290690898895,0.5576698780059814,0.021557748317718506,0.34773117303848267,0.38237690925598145,0.013496617786586285,0.33823704719543457,0.2797635793685913,-0.002870880998671055,0.33681774139404297,0.193010151386261,-0.01864626444876194,0.4581703841686249,0.5298627614974976,0.01511966809630394,0.4546424448490143,0.33983689546585083,0.013320742174983025,0.46183687448501587,0.23165366053581238,-0.007086113560944796,0.4704127311706543,0.1489875316619873,-0.0248359777033329,0.5307848453521729,0.54594886302948,0.0005730291595682502,0.5435223579406738,0.37354105710983276,-0.006605592556297779,0.5502841472625732,0.26709258556365967,-0.029500924050807953,0.5526130199432373,0.1780717372894287,-0.049403127282857895,0.601954460144043,0.5916144847869873,-0.018743718042969704,0.6218644380569458,0.4603329300880432,-0.02516404166817665,0.6274651288986206,0.3775220215320587,-0.03107140213251114,0.6316981911659241,0.3021244704723358,-0.03855033218860626
0.5190102458000183,0.9901193380355835,7.634221788066498e-07,0.42987194657325745,0.893395185470581,-0.037813253700733185,0.40836960077285767,0.7453637719154358,-0.04764484241604805,0.4801224172115326,0.6274818181991577,-0.05708995461463928,0.5558608174324036,0.5740315914154053,-0.0650404617190361,0.3922894299030304,0.5542969703674316,0.012600683607161045,0.36074990034103394,0.3795427083969116,0.0007874305592849851,0.3506515622138977,0.2768459618091583,-0.017843512818217278,0.34896185994148254,0.19073817133903503,-0.03476256504654884,0.47077706456184387,0.5283706784248352,0.008722844533622265,0.4698084890842438,0.3393159508705139,0.003292493522167206,0.4740315079689026,0.23138505220413208,-0.019870107993483543,0.4791281819343567,0.14881905913352966,-0.03934399038553238,0.5437373518943787,0.5446771383285522,-0.0036003070417791605,0.559584379196167,0.3752748966217041,-0.0135758426040411,0.5637612342834473,0.26795250177383423,-0.03923249617218971,0.563312828540802,0.17846235632896423,-0.06069241464138031,0.613492488861084,0.5889328718185425,-0.021099593490362167,0.6363804340362549,0.4607931077480316,-0.029230723157525063,0.6422069668769836,0.3785266578197479,-0.036553312093019485,0.6462584733963013,0.30420219898223877,-0.0449480377137661
0.5199694633483887,0.9905409812927246,7.685516720812302e-07,0.4329173266887665,0.8966224789619446,-0.036036521196365356,0.4115728437900543,0.7490745186805725,-0.045503292232751846,0.48222020268440247,0.6298900842666626,-0.054744016379117966,0.5576815605163574,0.5760090351104736,-0.0623999759554863,0.390042781829834,0.5551800727844238,0.01339442003518343,0.3593548834323883,0.3806552290916443,0.0024505932815372944,0.3501482605934143,0.2783130407333374,-0.015604064799845219,0.3484550714492798,0.1920919418334961,-0.032573401927948,0.46862345933914185,0.5276300311088562,0.008656905964016914,0.46774187684059143,0.3381783962249756,0.004373461008071899,0.473294734954834,0.2299671471118927,-0.017787190154194832,0.47895270586013794,0.14744845032691956,-0.036939837038517,0.5410825610160828,0.5429216623306274,-0.0042630890384316444,0.554984450340271,0.3708675503730774,-0.012821623124182224,0.5592005848884583,0.26383304595947266,-0.0367831215262413,0.5593573451042175,0.1753104031085968,-0.05749005824327469,0.6120032668113708,0.5880480408668518,-0.02231963351368904,0.6342004537582397,0.457823783159256,-0.02981642819941044,0.6398949027061462,0.37525197863578796,-0.03679404780268669,0.6434569358825684,0.30160069465637207,-0.044955018907785416
0.5266585946083069,0.9851375818252563,7.872412766118941e-07,0.4388306140899658,0.8938373327255249,-0.03958170861005783,0.4180753529071808,0.7450571060180664,-0.04848261550068855,0.491266667842865,0.6254532337188721,-0.05624871328473091,0.5654785633087158,0.5728556513786316,-0.06199532002210617,0.4006166160106659,0.5468605160713196,0.013897087424993515,0.36916545033454895,0.3722749352455139,0.006382500287145376,0.3584681749343872,0.2712201774120331,-0.009259847924113274,0.35543912649154663,0.18508407473564148,-0.024601059034466743,0.4796598255634308,0.5219390988349915,0.011713591404259205,0.4782409071922302,0.33439525961875916,0.011068649590015411,0.48330962657928467,0.2262437343597412,-0.008196198381483555,0.4890829920768738,0.143794447183609,-0.025125522166490555,0.552698016166687,0.5393068194389343,0.0007757849525660276,0.5659899115562439,0.36864274740219116,-0.005524049513041973,0.5700086951255798,0.26229527592658997,-0.028432894498109818,0.5702259540557861,0.17303422093391418,-0.04819558560848236,0.6229202151298523,0.582848072052002,-0.015762927010655403,0.6439104676246643,0.45274168252944946,-0.02235017903149128,0.6492379307746887,0.3703429698944092,-0.029020074754953384,0.65390944480896,0.2952636480331421,-0.03679423779249191
0.5281623601913452,0.988173246383667,8.026332807276049e-07,0.43932628631591797,0.8948640823364258,-0.04018276929855347,0.42002415657043457,0.7448818683624268,-0.04863552749156952,0.49435991048812866,0.6257153749465942,-0.0560724139213562,0.5696625709533691,0.5741242170333862,-0.06145258620381355,0.3991815447807312,0.5479962229728699,0.01760484091937542,0.36904752254486084,0.3721351623535156,0.010065356269478798,0.3597624599933624,0.26952648162841797,-0.007137718610465527,0.3570360541343689,0.1821882724761963,-0.024128256365656853,0.47920089960098267,0.5239353179931641,0.015334997326135635,0.4787818193435669,0.3362748622894287,0.013866053894162178,0.48432445526123047,0.2275209128856659,-0.008910885080695152,0.4892755150794983,0.14457115530967712,-0.028931815177202225,0.551961362361908,0.5419204831123352,0.004088486544787884,0.5662736892700195,0.3706072270870209,-0.0030184155330061913,0.5699436664581299,0.2620093524456024,-0.028996679931879044,0.5696781277656555,0.17250773310661316,-0.05120494216680527,0.622991144657135,0.5866073369979858,-0.012785602360963821,0.6448349952697754,0.4554811120033264,-0.019799351692199707,0.649398922920227,0.3714296519756317,-0.02828146517276764,0.6528878808021545,0.2955153286457062,-0.0377364456653595
0.5351132154464722,0.985388457775116,7.366469958469679e-07,0.44610974192619324,0.8882644772529602,-0.03557277470827103,0.4231173098087311,0.7357883453369141,-0.04292359575629234,0.4900593161582947,0.6141127347946167,-0.050022829324007034,0.5624110102653503,0.5606972575187683,-0.05530131608247757,0.4085506200790405,0.541754961013794,0.017881307750940323,0.3773488700389862,0.3697074353694916,0.009759807027876377,0.3656708002090454,0.2691732943058014,-0.006842085625976324,0.3613337278366089,0.1837199330329895,-0.023110803216695786,0.48748594522476196,0.5154422521591187,0.013554169796407223,0.485798716545105,0.3292444944381714,0.011555113829672337,0.49110591411590576,0.2233591079711914,-0.008800264447927475,0.49654674530029297,0.14256912469863892,-0.02663968876004219,0.5599545240402222,0.5317288041114807,0.0006571243284270167,0.5723187327384949,0.3597380816936493,-0.0069303386844694614,0.5767453908920288,0.25504496693611145,-0.030500205233693123,0.5767432451248169,0.16754812002182007,-0.05075301229953766,0.6297399997711182,0.57542884349823,-0.01744241639971733,0.6490126848220825,0.4445875585079193,-0.0249963216483593,0.6533612608909607,0.36182546615600586,-0.03248028829693794,0.6560781002044678,0.2864997684955597,-0.04093256592750549
0.5369693040847778,0.9917349815368652,7.168137017288245e-07,0.4452601969242096,0.8942693471908569,-0.033648621290922165,0.42226994037628174,0.7407704591751099,-0.039790697395801544,0.4884992837905884,0.6173093318939209,-0.04611513763666153,0.5600689053535461,0.5635859370231628,-0.05070652440190315,0.4064888060092926,0.5437968373298645,0.021209916099905968,0.37639379501342773,0.36969852447509766,0.013818871229887009,0.3666791021823883,0.26740747690200806,-0.002822148846462369,0.36387336254119873,0.18027600646018982,-0.019464708864688873,0.4859045147895813,0.5182732343673706,0.015674149617552757,0.48462796211242676,0.3313482701778412,0.014381743036210537,0.4893600642681122,0.2249019742012024,-0.006405820604413748,0.49301382899284363,0.14362436532974243,-0.02488759346306324,0.5578709840774536,0.5354546308517456,0.0016780628357082605,0.5708780884742737,0.364526629447937,-0.0051619126461446285,0.5741427540779114,0.25714921951293945,-0.028403030708432198,0.5733057260513306,0.16798388957977295,-0.04878455772995949,0.6287044286727905,0.5811614990234375,-0.01749633066356182,0.648668646812439,0.44809645414352417,-0.02445806935429573,0.6533170938491821,0.36372578144073486,-0.03171742707490921,0.6555966138839722,0.2869492173194885,-0.040236663073301315
0.5426229238510132,0.990155041217804,7.397324566227326e-07,0.45071280002593994,0.8934333324432373,-0.03723439946770668,0.42655840516090393,0.7435751557350159,-0.04666154831647873,0.49713051319122314,0.6189414858818054,-0.05570442974567413,0.5746867656707764,0.5624356865882874,-0.06297352910041809,0.4118218421936035,0.5428223013877869,0.01786630041897297,0.3806276023387909,0.3686497211456299,0.010114840231835842,0.3689930737018585,0.2676820158958435,-0.007165896240621805,0.3647350072860718,0.18082919716835022,-0.024538226425647736,0.4905836880207062,0.517314612865448,0.013743157498538494,0.48728251457214355,0.3306746780872345,0.012677938677370548,0.4904593527317047,0.2259305715560913,-0.008485648781061172,0.4942042827606201,0.1451859474182129,-0.02777814492583275,0.562673032283783,0.5337660312652588,0.0009759181994013488,0.5734726190567017,0.3610258996486664,-0.005277721676975489,0.5761420726776123,0.2548970580101013,-0.02847469411790371,0.5754997730255127,0.16574111580848694,-0.049418285489082336,0.633817195892334,0.5783115029335022,-0.017305411398410797,0.6521067023277283,0.44501060247421265,-0.02412055805325508,0.6556805372238159,0.36072686314582825,-0.031190132722258568,0.6579867005348206,0.2839800715446472,-0.039863504469394684
0.5477110147476196,0.9910069108009338,7.774884807076887e-07,0.45669305324554443,0.8935388922691345,-0.03759688884019852,0.43245095014572144,0.7436003684997559,-0.04668000340461731,0.5009538531303406,0.615432620048523,-0.055156409740448,0.5785386562347412,0.5579355955123901,-0.06134995073080063,0.40972715616226196,0.5430082678794861,0.020098011940717697,0.3800688683986664,0.3668995499610901,0.014133497141301632,0.37020668387413025,0.26570525765419006,-0.0018838578835129738,0.36652982234954834,0.1791389286518097,-0.018407493829727173,0.48836246132850647,0.5171613693237305,0.016811886802315712,0.48665380477905273,0.3297131061553955,0.017501050606369972,0.49067074060440063,0.22467756271362305,-0.002296237275004387,0.4940594434738159,0.14518201351165771,-0.02049265429377556,0.5609449148178101,0.5330133438110352,0.0047622909769415855,0.5725416541099548,0.3608895540237427,0.0001838005700847134,0.575131893157959,0.25467830896377563,-0.021834129467606544,0.5744744539260864,0.1660553514957428,-0.041879571974277496,0.6328750252723694,0.5766248106956482,-0.0129481116309762,0.6521360874176025,0.443533331155777,-0.018435457721352577,0.6560866832733154,0.3594229221343994,-0.02483847551047802,0.6588380932807922,0.28329482674598694,-0.03280247747898102
0.5543267130851746,0.9880111813545227,7.76359172505181e-07,0.4608948826789856,0.8953210115432739,-0.03901484236121178,0.43524065613746643,0.7429819703102112,-0.048442211002111435,0.50411057472229,0.6145597696304321,-0.05701427906751633,0.5812786221504211,0.5558592081069946,-0.06339843571186066,0.4139307141304016,0.5440279245376587,0.01704729162156582,0.38154470920562744,0.37018755078315735,0.010087038390338421,0.3689785599708557,0.2687758803367615,-0.006213488522917032,0.36298805475234985,0.1818579137325287,-0.022837139666080475,0.49271583557128906,0.5165048837661743,0.014109689742326736,0.48761945962905884,0.3290356695652008,0.014313443563878536,0.4904348850250244,0.22348371148109436,-0.005036712624132633,0.4937768280506134,0.14218226075172424,-0.022926975041627884,0.5652552247047424,0.5304318070411682,0.002332910429686308,0.5735680460929871,0.35756009817123413,-0.0027591001708060503,0.5755910873413086,0.25217464566230774,-0.024344870820641518,0.5741398930549622,0.16322171688079834,-0.04410694167017937,0.63728928565979,0.5711744427680969,-0.015291179530322552,0.6549447178840637,0.43950897455215454,-0.020793091505765915,0.6581354141235352,0.3576972484588623,-0.026784747838974,0.6597018837928772,0.28342580795288086,-0.034669842571020126
0.5544825196266174,0.9832406044006348,7.809042585904535e-07,0.46358031034469604,0.8915088176727295,-0.03884856030344963,0.4402250051498413,0.7398273944854736,-0.04895675182342529,0.5102601647377014,0.6141465306282043,-0.05835028365254402,0.5880594253540039,0.5571746826171875,-0.06578145921230316,0.42016249895095825,0.5373516082763672,0.016627227887511253,0.38952428102493286,0.36465853452682495,0.01022566482424736,0.37637466192245483,0.26408636569976807,-0.0055643548257648945,0.3695363700389862,0.1785992980003357,-0.021968858316540718,0.4987504482269287,0.5110796093940735,0.013201461173593998,0.4949459433555603,0.3248538374900818,0.013655857183039188,0.49777376651763916,0.22090527415275574,-0.005210462491959333,0.501117467880249,0.14067041873931885,-0.02285584807395935,0.5703659057617188,0.5254671573638916,0.0010068027768284082,0.5783208012580872,0.3537830114364624,-0.003459065919741988,0.5795910954475403,0.24997401237487793,-0.024233181029558182,0.5777407884597778,0.1621437668800354,-0.043705735355615616,0.6407448649406433,0.5666221976280212,-0.017104651778936386,0.6574713587760925,0.4358585476875305,-0.022305360063910484,0.6606734395027161,0.3539627492427826,-0.028114592656493187,0.6627988219261169,0.2788456082344055,-0.036042340099811554
0.5531731843948364,0.9843461513519287,7.846825837987126e-07,0.4640444219112396,0.8903024196624756,-0.039675526320934296,0.4437284767627716,0.736231803894043,-0.04895336925983429,0.5155062079429626,0.6090609431266785,-0.057296931743621826,0.5934683084487915,0.553654134273529,-0.06336541473865509,0.41781705617904663,0.5384320020675659,0.01880965195596218,0.386907160282135,0.3637460768222809,0.013425789773464203,0.375811904668808,0.2628067433834076,-0.002250628313049674,0.3705008625984192,0.17677000164985657,-0.018704380840063095,0.4965946078300476,0.5124487280845642,0.016394833102822304,0.4939095079898834,0.32529163360595703,0.01770097017288208,0.49702462553977966,0.22125175595283508,-0.0016250736080110073,0.49877119064331055,0.1432720124721527,-0.01947833225131035,0.567954421043396,0.5278211236000061,0.0050767697393894196,0.5784465670585632,0.357072114944458,0.0016172792529687285,0.5800575017929077,0.25218167901039124,-0.018913421779870987,0.578108549118042,0.16544511914253235,-0.03805679455399513,0.6391650438308716,0.5703848004341125,-0.012298264540731907,0.6579270362854004,0.43791264295578003,-0.016245001927018166,0.661996066570282,0.35520613193511963,-0.021497802808880806,0.6644201278686523,0.28005722165107727,-0.02891928143799305
0.5610672235488892,0.9841183423995972,8.146017762555857e-07,0.4671068787574768,0.8926533460617065,-0.041990846395492554,0.44074058532714844,0.7391195893287659,-0.05213051661849022,0.5099264979362488,0.6077594757080078,-0.060676123946905136,0.5887870788574219,0.5459089279174805,-0.06648033857345581,0.42150041460990906,0.5359018445014954,0.01914004608988762,0.3906933665275574,0.3611104190349579,0.01574184000492096,0.3783005475997925,0.2605798840522766,0.0015228106640279293,0.37182289361953735,0.1749705672264099,-0.01393183134496212,0.5008715987205505,0.5101339221000671,0.0187007337808609,0.4964485466480255,0.3234614133834839,0.02324061468243599,0.4988638758659363,0.21992969512939453,0.006699894089251757,0.5013350248336792,0.14179712533950806,-0.009662467986345291,0.5728598833084106,0.524945855140686,0.008946593850851059,0.5810003876686096,0.3526167869567871,0.008387195877730846,0.5823432803153992,0.24843591451644897,-0.010265719145536423,0.5809411406517029,0.16166234016418457,-0.028778886422514915,0.6445181965827942,0.5645859837532043,-0.007216670550405979,0.661707878112793,0.4337354302406311,-0.00933500099927187,0.665206253528595,0.3519713878631592,-0.013587585650384426,0.6678106784820557,0.2777499854564667,-0.020535537973046303
0.5606544017791748,0.9876307249069214,8.585774367020349e-07,0.46937865018844604,0.8938127756118774,-0.04217459261417389,0.4458232820034027,0.7365524172782898,-0.05269884318113327,0.5182039141654968,0.6059079170227051,-0.061951808631420135,0.6000465750694275,0.5471166968345642,-0.06860600411891937,0.42024877667427063,0.5372685790061951,0.02047678828239441,0.39000019431114197,0.36169886589050293,0.017668236047029495,0.3789522051811218,0.26104357838630676,0.0033487456385046244,0.37319839000701904,0.17517775297164917,-0.012610855512320995,0.4992351830005646,0.5124958753585815,0.019348908215761185,0.4955712854862213,0.32545551657676697,0.024535860866308212,0.49790656566619873,0.2215176820755005,0.007718230132013559,0.4990774989128113,0.14266034960746765,-0.009038619697093964,0.5704771280288696,0.5285121202468872,0.00882722344249487,0.5800693035125732,0.3571881055831909,0.009070365689694881,0.5815020203590393,0.25224733352661133,-0.008734435774385929,0.5800977349281311,0.1645345389842987,-0.02682621031999588,0.6424586176872253,0.5702160000801086,-0.008355328813195229,0.6612780690193176,0.4384952187538147,-0.009726914577186108,0.6656718254089355,0.3564051389694214,-0.0132798096165061,0.6685218811035156,0.2813616693019867,-0.019933437928557396
0.5658193230628967,0.9873846769332886,7.951589964250161e-07,0.4701814651489258,0.8962092399597168,-0.03971061855554581,0.44478148221969604,0.7369076013565063,-0.04827215522527695,0.51643306016922,0.6049838662147522,-0.05579964444041252,0.5974036455154419,0.5494580864906311,-0.06104959547519684,0.42304283380508423,0.5372446179389954,0.02115442603826523,0.39218461513519287,0.3639160990715027,0.018060175701975822,0.37992924451828003,0.2645340859889984,0.0035002450458705425,0.37274330854415894,0.1798822581768036,-0.01252808328717947,0.501531183719635,0.5105268359184265,0.01933871954679489,0.49567675590515137,0.32420969009399414,0.023206371814012527,0.49675610661506653,0.2211003303527832,0.005621787626296282,0.496956467628479,0.14175766706466675,-0.011552266776561737,0.5723389387130737,0.5248603224754333,0.008410684764385223,0.5802943110466003,0.35451775789260864,0.007447378244251013,0.5809614062309265,0.25125938653945923,-0.011923280544579029,0.5786418914794922,0.1651758849620819,-0.030999312177300453,0.6434913277626038,0.5641796588897705,-0.008806702680885792,0.6610057950019836,0.43266957998275757,-0.010692859999835491,0.6650357842445374,0.3508473038673401,-0.01517350971698761,0.667558491230011,0.2758510708808899,-0.02259846031665802
0.5631927251815796,0.9872769117355347,8.221855409829004e-07,0.46962717175483704,0.8966085910797119,-0.04070953652262688,0.4438527524471283,0.7362767457962036,-0.049880046397447586,0.5147700309753418,0.6035441160202026,-0.05787747725844383,0.596259593963623,0.548206627368927,-0.06369538605213165,0.4229546785354614,0.5366635322570801,0.019994745030999184,0.39199918508529663,0.36339491605758667,0.016942273825407028,0.38018113374710083,0.26398777961730957,0.00250930804759264,0.37350398302078247,0.17932963371276855,-0.013490638695657253,0.5009894967079163,0.5109063386917114,0.018578289076685905,0.4957883059978485,0.32388368248939514,0.022395236417651176,0.4978715777397156,0.2207675278186798,0.004618535749614239,0.4988987147808075,0.14139926433563232,-0.012669756077229977,0.5714083313941956,0.5261417627334595,0.008062442764639854,0.5803790092468262,0.3561561107635498,0.007012125104665756,0.5815923810005188,0.25193312764167786,-0.012664233334362507,0.5794809460639954,0.16484305262565613,-0.03188931941986084,0.6421635746955872,0.5663053393363953,-0.008784450590610504,0.6607497334480286,0.4348927140235901,-0.01059654075652361,0.6652815937995911,0.35279130935668945,-0.015221651643514633,0.6678967475891113,0.2776758372783661,-0.022807328030467033
0.5559239387512207,0.9887045621871948,8.245768867709558e-07,0.46717149019241333,0.8927263617515564,-0.040462493896484375,0.44642752408981323,0.735355019569397,-0.05018532648682594,0.5196165442466736,0.606130838394165,-0.05900833383202553,0.6009188294410706,0.5519863367080688,-0.06562779098749161,0.41659751534461975,0.5385127663612366,0.020081812515854836,0.3861488997936249,0.3621706962585449,0.015656525269150734,0.3754695951938629,0.26183706521987915,-0.00031261530239135027,0.3704099655151367,0.17582115530967712,-0.0173568744212389,0.49396127462387085,0.512079656124115,0.01846843585371971,0.4884226322174072,0.3252031207084656,0.021156053990125656,0.4915827810764313,0.22174742817878723,0.0016729136696085334,0.4944598078727722,0.1439601480960846,-0.01708005554974079,0.5646027326583862,0.526083767414093,0.007825027219951153,0.5741245746612549,0.3558567762374878,0.006364781409502029,0.5754714012145996,0.2513572573661804,-0.01436882559210062,0.5736919045448303,0.16507866978645325,-0.03450624644756317,0.635820746421814,0.5658724904060364,-0.009174075908958912,0.6537849307060242,0.4333294630050659,-0.01129157468676567,0.6577184796333313,0.3521684408187866,-0.016358982771635056,0.6599880456924438,0.2785866856575012,-0.02425489015877247
0.5582204461097717,0.9882420301437378,7.671688990740222e-07,0.46660366654396057,0.8923407196998596,-0.03630148991942406,0.4429280757904053,0.7360586524009705,-0.044195953756570816,0.511256217956543,0.6068357229232788,-0.051908716559410095,0.5882192850112915,0.5475475788116455,-0.057556867599487305,0.41959500312805176,0.5379738211631775,0.02319244295358658,0.3873573839664459,0.36436334252357483,0.0189669132232666,0.37500226497650146,0.2636273205280304,0.00395329762250185,0.3688279986381531,0.17883756756782532,-0.011908657848834991,0.4977116584777832,0.5108562707901001,0.019531913101673126,0.49199819564819336,0.3240962624549866,0.02283209189772606,0.49373355507850647,0.22093936800956726,0.005051185376942158,0.49513259530067444,0.1423639953136444,-0.011919303797185421,0.5682994723320007,0.5241692662239075,0.007108569145202637,0.5758937001228333,0.35452544689178467,0.00633898563683033,0.5765361785888672,0.25099316239356995,-0.011810878291726112,0.57457035779953,0.16478464007377625,-0.029957503080368042,0.6394908428192139,0.5645522475242615,-0.01136848609894514,0.655742347240448,0.4334533214569092,-0.012407783418893814,0.6593590974807739,0.3526025414466858,-0.015312759205698967,0.6613265872001648,0.2791666090488434,-0.02149534970521927
0.5574088096618652,0.9889945983886719,7.609984891132626e-07,0.46586406230926514,0.8926202058792114,-0.03663172945380211,0.4431041181087494,0.7359668612480164,-0.04479223117232323,0.5113346576690674,0.6060320138931274,-0.052775848656892776,0.5885317921638489,0.5473629236221313,-0.05867566168308258,0.41866636276245117,0.5377835035324097,0.023710425943136215,0.38703274726867676,0.36442625522613525,0.019315620884299278,0.37479227781295776,0.26403549313545227,0.003519617486745119,0.3683015704154968,0.17932334542274475,-0.013088881969451904,0.4967328906059265,0.5105192065238953,0.019973769783973694,0.4913710653781891,0.3237856924533844,0.022760892286896706,0.4934956431388855,0.22072458267211914,0.0038486216217279434,0.4948157072067261,0.14266690611839294,-0.014029798097908497,0.5671889781951904,0.5240882039070129,0.0074316710233688354,0.57508784532547,0.3547406494617462,0.00648579141125083,0.5760964155197144,0.2511517405509949,-0.012479918077588081,0.574421763420105,0.16540870070457458,-0.03129151836037636,0.6386788487434387,0.5648860335350037,-0.01120389997959137,0.6547493934631348,0.43307697772979736,-0.012218410149216652,0.6582724452018738,0.35194283723831177,-0.01554145384579897,0.6600680947303772,0.2784861922264099,-0.022159935906529427
0.5552918314933777,0.9864648580551147,8.403530955547467e-07,0.4629019796848297,0.8977197408676147,-0.04379730671644211,0.43775343894958496,0.7395237684249878,-0.054201848804950714,0.5097543597221375,0.6061220765113831,-0.063289575278759,0.5920141935348511,0.5506665706634521,-0.0696142315864563,0.41106507182121277,0.5420347452163696,0.020617540925741196,0.37854692339897156,0.36497312784194946,0.017709815874695778,0.36808788776397705,0.2647080421447754,0.003278631018474698,0.3634066581726074,0.17859241366386414,-0.012723674066364765,0.487894207239151,0.5147337317466736,0.02087145484983921,0.4811767637729645,0.3280332684516907,0.025677738711237907,0.48526355624198914,0.22492706775665283,0.008560188114643097,0.4893185794353485,0.14622026681900024,-0.008609924465417862,0.5577013492584229,0.5277666449546814,0.011382635682821274,0.5664379000663757,0.35849201679229736,0.011547834612429142,0.5680356025695801,0.2540517747402191,-0.007169891614466906,0.5672094821929932,0.1667957901954651,-0.026060927659273148,0.6287271976470947,0.5646949410438538,-0.005007531959563494,0.6458397507667542,0.4329487979412079,-0.005897031631320715,0.6499913930892944,0.35173285007476807,-0.010183058679103851,0.6531247496604919,0.27723369002342224,-0.0176366176456213
0.5544487833976746,0.9849323034286499,7.74465945596603e-07,0.46051424741744995,0.8923609256744385,-0.03624033182859421,0.43421196937561035,0.7365520000457764,-0.04374553635716438,0.5007392168045044,0.6046871542930603,-0.05094526335597038,0.5762375593185425,0.5435077548027039,-0.05627467483282089,0.4127739667892456,0.5409054160118103,0.022712253034114838,0.38052183389663696,0.36876875162124634,0.018971092998981476,0.3677099943161011,0.2691291272640228,0.004031680524349213,0.360819935798645,0.184006005525589,-0.012227887287735939,0.48970091342926025,0.5120877623558044,0.01890910230576992,0.48364418745040894,0.3265135586261749,0.022173894569277763,0.4858110845088959,0.2233007550239563,0.004267930518835783,0.48792824149131775,0.1439562439918518,-0.013193445280194283,0.5591275095939636,0.5253207683563232,0.006342836190015078,0.5660754442214966,0.3537171185016632,0.0044302367605268955,0.5667251348495483,0.2503505051136017,-0.014545426703989506,0.5652260184288025,0.1633821427822113,-0.03350861370563507,0.6299290657043457,0.5659565329551697,-0.012124372646212578,0.6466292142868042,0.4347859025001526,-0.015183549374341965,0.6508027911186218,0.35315608978271484,-0.019600048661231995,0.6534966230392456,0.2775907814502716,-0.02703452855348587
0.5517550110816956,0.9862714409828186,8.072558443927846e-07,0.4602477550506592,0.8946812152862549,-0.04235414043068886,0.4354175329208374,0.7399991750717163,-0.05284144729375839,0.5044876337051392,0.6071708798408508,-0.06185312941670418,0.5843613743782043,0.5476008653640747,-0.06841614097356796,0.40826958417892456,0.5410992503166199,0.01997915282845497,0.3755020797252655,0.3672184944152832,0.016923677176237106,0.36313459277153015,0.2673787772655487,0.0018317984649911523,0.35560059547424316,0.18269950151443481,-0.014947380870580673,0.48552101850509644,0.5134328007698059,0.019244182854890823,0.478126585483551,0.3272079825401306,0.02320561371743679,0.4789212644100189,0.22537434101104736,0.00439081946387887,0.47855880856513977,0.1483197808265686,-0.014064892195165157,0.5554066300392151,0.5267652869224548,0.009306509979069233,0.5626466870307922,0.35624951124191284,0.008638223633170128,0.562149703502655,0.2519247233867645,-0.011384245939552784,0.5590944886207581,0.16484412550926208,-0.031365130096673965,0.6272757053375244,0.5665763020515442,-0.007148949895054102,0.6429937481880188,0.43422678112983704,-0.00908174179494381,0.6457620859146118,0.3528687059879303,-0.01404545083642006,0.6468328237533569,0.2780899703502655,-0.02208792045712471
0.5608356595039368,0.982311487197876,8.408196094933373e-07,0.4648028016090393,0.8904973268508911,-0.041473791003227234,0.4359179139137268,0.735304057598114,-0.05107305943965912,0.5057680606842041,0.604636013507843,-0.06001269817352295,0.5848011374473572,0.5448436141014099,-0.0663735494017601,0.4153928756713867,0.5390678644180298,0.02358129434287548,0.38070017099380493,0.36784178018569946,0.02054324932396412,0.3655765652656555,0.26773518323898315,0.006756906863301992,0.3571063280105591,0.18315091729164124,-0.008057667873799801,0.4923374652862549,0.5124185085296631,0.022619744762778282,0.4840581715106964,0.32608562707901,0.02801107056438923,0.48404237627983093,0.22163212299346924,0.012814132496714592,0.4852173328399658,0.14145982265472412,-0.0018573341658338904,0.5627723336219788,0.5251875519752502,0.01187216304242611,0.5674690008163452,0.3526747226715088,0.012047038413584232,0.5665028095245361,0.2471873164176941,-0.0047979457303881645,0.5632194876670837,0.16003382205963135,-0.021415160968899727,0.6335936784744263,0.5618938207626343,-0.005602572113275528,0.6484161615371704,0.43164411187171936,-0.0067308321595191956,0.6502635478973389,0.34943893551826477,-0.00962710753083229,0.6515946388244629,0.27486854791641235,-0.015207543037831783
0.5599845051765442,0.9829412698745728,8.402484468206239e-07,0.4668128192424774,0.8891180753707886,-0.04040909931063652,0.44141456484794617,0.7337631583213806,-0.0500669926404953,0.5112536549568176,0.6038079857826233,-0.05919938161969185,0.5900763273239136,0.5433430671691895,-0.06605985015630722,0.4139649271965027,0.5388512015342712,0.024087989702820778,0.3796430230140686,0.36709606647491455,0.02175302617251873,0.365106999874115,0.2675316333770752,0.007255559787154198,0.3563491702079773,0.1827707588672638,-0.008776835165917873,0.4910958409309387,0.5123071670532227,0.022113434970378876,0.4827139973640442,0.3270616829395294,0.027703138068318367,0.48285192251205444,0.2237285077571869,0.010626250877976418,0.48317205905914307,0.14557942748069763,-0.006175720598548651,0.560900866985321,0.5257473587989807,0.010706140659749508,0.5669196844100952,0.3556862473487854,0.011490872129797935,0.5659414529800415,0.25071728229522705,-0.006231306586414576,0.5629994869232178,0.16467374563217163,-0.024264072999358177,0.6324341893196106,0.5645083785057068,-0.007339827250689268,0.6478842496871948,0.4326998293399811,-0.008128042332828045,0.650341272354126,0.3501288592815399,-0.011473425664007664,0.6514803171157837,0.2750009596347809,-0.018007121980190277
0.5688867568969727,0.9828180074691772,8.134742870424816e-07,0.4709583818912506,0.8982435464859009,-0.042625460773706436,0.43892526626586914,0.740273118019104,-0.05172792822122574,0.5050750374794006,0.6039798259735107,-0.05954505875706673,0.5820662379264832,0.5405423641204834,-0.06480946391820908,0.41848134994506836,0.5409597158432007,0.01994926854968071,0.3841703534126282,0.3675048053264618,0.016462484374642372,0.3702395260334015,0.2668053209781647,0.002396603813394904,0.3622249960899353,0.1813240349292755,-0.012967734597623348,0.4955480396747589,0.5125852823257446,0.01941010355949402,0.4864617586135864,0.3269519507884979,0.023615838959813118,0.48692232370376587,0.222844660282135,0.007653175387531519,0.4880918860435486,0.14209815859794617,-0.008042980916798115,0.5660637617111206,0.5245876312255859,0.009179028682410717,0.5702570676803589,0.3522402048110962,0.0077650961466133595,0.5695276260375977,0.24822553992271423,-0.010492667555809021,0.5666559338569641,0.1605493128299713,-0.028487177565693855,0.6372518539428711,0.560316264629364,-0.007703476119786501,0.651611864566803,0.429590106010437,-0.010911468416452408,0.6539750099182129,0.34727978706359863,-0.015711257234215736,0.6558481454849243,0.2709057331085205,-0.023007983341813087
0.5674123764038086,0.982856035232544,8.358391028195911e-07,0.4730823338031769,0.8986748456954956,-0.042852580547332764,0.44301918148994446,0.7384162545204163,-0.05151441693305969,0.5138559341430664,0.6041555404663086,-0.05896097049117088,0.5944669246673584,0.5466791987419128,-0.06417592614889145,0.4190586805343628,0.5405426621437073,0.019975552335381508,0.38507401943206787,0.36700284481048584,0.017407100647687912,0.37114420533180237,0.2670157253742218,0.0037443607579916716,0.36305803060531616,0.18211916089057922,-0.011585075408220291,0.49555596709251404,0.5122118592262268,0.01970592886209488,0.48627668619155884,0.3270132839679718,0.024695701897144318,0.48644521832466125,0.22340163588523865,0.008806328289210796,0.48737192153930664,0.14307183027267456,-0.006974563468247652,0.5655046105384827,0.5246497988700867,0.00981054175645113,0.5703465938568115,0.35299256443977356,0.009201710112392902,0.5690295100212097,0.24926450848579407,-0.009005998261272907,0.5658852458000183,0.16268408298492432,-0.02708284743130207,0.6362031698226929,0.5609811544418335,-0.0068338955752551556,0.6514992713928223,0.4304901957511902,-0.009326478466391563,0.6540295481681824,0.3483770489692688,-0.013879288919270039,0.6561572551727295,0.27212199568748474,-0.021152984350919724
0.563238263130188,0.9860730171203613,7.881229180384253e-07,0.4683058261871338,0.8993880152702332,-0.037522464990615845,0.4386174976825714,0.7385273575782776,-0.04517311230301857,0.5038799047470093,0.6038634777069092,-0.05251872539520264,0.5806131362915039,0.5430012941360474,-0.05774885416030884,0.416519433259964,0.5399938821792603,0.022322246804833412,0.3829878568649292,0.3684474229812622,0.01948675885796547,0.3690391182899475,0.26899582147598267,0.0056123011745512486,0.36051273345947266,0.18445667624473572,-0.010069714859127998,0.49389174580574036,0.512036144733429,0.018556619063019753,0.48613205552101135,0.3269886374473572,0.02257741428911686,0.4868936538696289,0.2236834168434143,0.006276661064475775,0.4872889816761017,0.14467260241508484,-0.009844040498137474,0.5636452436447144,0.5252578258514404,0.005707690492272377,0.5697277188301086,0.3542185127735138,0.004440287593752146,0.5692337155342102,0.25003233551979065,-0.012973408214747906,0.5663975477218628,0.16273459792137146,-0.030661124736070633,0.6346689462661743,0.5641294121742249,-0.013406578451395035,0.6502014398574829,0.43137210607528687,-0.01622854918241501,0.6528313755989075,0.3486313223838806,-0.02029525861144066,0.6535820364952087,0.2718307375907898,-0.027350250631570816
0.5607824325561523,0.9865450859069824,8.009868111003016e-07,0.46723511815071106,0.9009913206100464,-0.04207858443260193,0.4370305836200714,0.7451866865158081,-0.053984496742486954,0.503809928894043,0.6092739105224609,-0.0645667016506195,0.5836544036865234,0.5468736290931702,-0.0733327567577362,0.41463881731033325,0.5442810654640198,0.01274089515209198,0.38035130500793457,0.37065714597702026,0.005762272048741579,0.3658626675605774,0.2699353098869324,-0.011244523338973522,0.3568550944328308,0.18366903066635132,-0.029194289818406105,0.49164098501205444,0.5156866312026978,0.010564377531409264,0.4841447174549103,0.32782721519470215,0.010307981632649899,0.48454800248146057,0.22336286306381226,-0.01009614858776331,0.4847119450569153,0.14230141043663025,-0.029656656086444855,0.5620849132537842,0.5283799171447754,-0.0004874912847299129,0.5678481459617615,0.3551602065563202,-0.005014324560761452,0.5674379467964172,0.2503834664821625,-0.02680986002087593,0.5643648505210876,0.16154402494430542,-0.04792608320713043,0.633192241191864,0.5670195817947388,-0.017738573253154755,0.6486982703208923,0.434520959854126,-0.02296959049999714,0.6517870426177979,0.35136526823043823,-0.02983080968260765,0.6534456610679626,0.2746552526950836,-0.03930772468447685
0.5545803904533386,0.9913490414619446,8.48114268592326e-07,0.46209585666656494,0.8984813094139099,-0.04208945110440254,0.4377146363258362,0.7407785058021545,-0.052282560616731644,0.5073767304420471,0.6068295836448669,-0.0613628625869751,0.586937665939331,0.5459489822387695,-0.06821189820766449,0.40805914998054504,0.545770525932312,0.020513353869318962,0.37560808658599854,0.369505375623703,0.016598587855696678,0.3624425530433655,0.2681623101234436,0.0009661733638495207,0.35439765453338623,0.1811232566833496,-0.01611330732703209,0.4846774637699127,0.5181896090507507,0.019073128700256348,0.47743988037109375,0.3308841586112976,0.022003134712576866,0.47899630665779114,0.22602033615112305,0.00240115774795413,0.4804125130176544,0.14645671844482422,-0.01644415594637394,0.5553506016731262,0.5313851237297058,0.008267330937087536,0.5626973509788513,0.35855722427368164,0.00587300444021821,0.5628679990768433,0.25186100602149963,-0.015650013461709023,0.5603925585746765,0.16289564967155457,-0.036281827837228775,0.6270800232887268,0.5702158212661743,-0.00896455068141222,0.6440460681915283,0.43589353561401367,-0.012885917909443378,0.6469176411628723,0.3524668216705322,-0.019232455641031265,0.648256778717041,0.2765001356601715,-0.027960019186139107
0.5581260323524475,0.9921335577964783,8.079395001914236e-07,0.46355998516082764,0.9015755653381348,-0.04076390340924263,0.4358794689178467,0.743864119052887,-0.04993583261966705,0.503146231174469,0.6096147298812866,-0.05809813737869263,0.5804551243782043,0.5469347238540649,-0.0640529990196228,0.4108826816082001,0.5465548038482666,0.0204610638320446,0.3772276043891907,0.37243080139160156,0.01658506877720356,0.3629910349845886,0.2713193893432617,0.0015738151269033551,0.3546321392059326,0.18514126539230347,-0.014846575446426868,0.4878123998641968,0.5188363194465637,0.018518438562750816,0.4792550504207611,0.3321608304977417,0.02147437073290348,0.4801049828529358,0.22742179036140442,0.0029488883446902037,0.4814220070838928,0.14637503027915955,-0.014864594675600529,0.5586358904838562,0.532097578048706,0.0072838617488741875,0.5634326338768005,0.35900014638900757,0.004348832182586193,0.5628740787506104,0.2527560889720917,-0.01653381809592247,0.560090184211731,0.1630879044532776,-0.036501575261354446,0.6305071711540222,0.5710530281066895,-0.010171911679208279,0.6454364061355591,0.4374353289604187,-0.014628199860453606,0.6479791402816772,0.35378873348236084,-0.020703691989183426,0.6495559215545654,0.2766456604003906,-0.029149411246180534
0.5561704039573669,0.9880523681640625,8.590438937972067e-07,0.4619269073009491,0.9015462398529053,-0.04439421743154526,0.4336945116519928,0.74251389503479,-0.055077411234378815,0.5056425929069519,0.607619047164917,-0.06422119587659836,0.5897817611694336,0.554120659828186,-0.0711754858493805,0.4076441824436188,0.5448621511459351,0.017613591626286507,0.37319427728652954,0.37022149562835693,0.015052642673254013,0.3597639203071594,0.2699601948261261,0.0008618852007202804,0.35116690397262573,0.18389573693275452,-0.01559105608612299,0.4840421974658966,0.5161264538764954,0.01738760620355606,0.47487667202949524,0.32888397574424744,0.021590661257505417,0.47551149129867554,0.2255202829837799,0.003735770471394062,0.4756075143814087,0.14674541354179382,-0.01404052134603262,0.5542759299278259,0.5288296341896057,0.0077032106928527355,0.5600709319114685,0.35695648193359375,0.006310328841209412,0.5588929057121277,0.2504654824733734,-0.014867435209453106,0.5546709299087524,0.16120249032974243,-0.03553260862827301,0.6249983906745911,0.5664737224578857,-0.008664675056934357,0.6406998634338379,0.4340117275714874,-0.012099974788725376,0.643627405166626,0.35170602798461914,-0.01853008195757866,0.6448987126350403,0.27629294991493225,-0.027571851387619972
0.5554661750793457,0.9871366024017334,8.907560413717874e-07,0.4613809883594513,0.8950583934783936,-0.043913960456848145,0.43369680643081665,0.7382006645202637,-0.055674683302640915,0.5034711956977844,0.6057262420654297,-0.06643176078796387,0.5856102705001831,0.5486534833908081,-0.07494726032018661,0.4063662886619568,0.5447680354118347,0.01973550021648407,0.3706323504447937,0.3711244761943817,0.016174763441085815,0.35556790232658386,0.27101802825927734,0.0012242775410413742,0.34673309326171875,0.1858643889427185,-0.01504179835319519,0.48300042748451233,0.5183391571044922,0.019081417471170425,0.4741693437099457,0.3310960829257965,0.023379743099212646,0.4732091724872589,0.22647351026535034,0.0053549641743302345,0.4731249511241913,0.14644348621368408,-0.012164639309048653,0.5542407631874084,0.5313670635223389,0.00880197063088417,0.559939980506897,0.3585801422595978,0.0085365055128932,0.5585386753082275,0.25241026282310486,-0.010908988304436207,0.5553125143051147,0.1649773120880127,-0.030038857832551003,0.6262689828872681,0.5688202977180481,-0.008334311656653881,0.642045259475708,0.4357740879058838,-0.009505758993327618,0.644562304019928,0.3518630862236023,-0.013786960393190384,0.6464942693710327,0.2757733166217804,-0.02112366072833538
0.5541377663612366,0.9858376979827881,8.804211120150285e-07,0.4608355760574341,0.8935776948928833,-0.04344118759036064,0.43353596329689026,0.7370772361755371,-0.05503256618976593,0.5033926963806152,0.6060861945152283,-0.06571194529533386,0.5849998593330383,0.5506444573402405,-0.07432357966899872,0.4068499207496643,0.5445557832717896,0.018956076353788376,0.3714742958545685,0.3710726797580719,0.01483288872987032,0.3561306893825531,0.2711298167705536,-0.0005178055725991726,0.3470129668712616,0.18596383929252625,-0.017197253182530403,0.48331549763679504,0.5185030102729797,0.01778721809387207,0.47400379180908203,0.33187025785446167,0.02078746259212494,0.4734441637992859,0.22734114527702332,0.001548608997836709,0.4740014374256134,0.14682945609092712,-0.016833333298563957,0.554603099822998,0.53175950050354,0.007110151462256908,0.5602914690971375,0.3587811589241028,0.005019030999392271,0.5592554211616516,0.2522980868816376,-0.016394322738051414,0.5559535026550293,0.16399919986724854,-0.03670293092727661,0.6264251470565796,0.5695059895515442,-0.010179810225963593,0.642257809638977,0.4363571107387543,-0.013178282417356968,0.6444627046585083,0.3525543808937073,-0.01900835894048214,0.6456601023674011,0.2764420509338379,-0.027420014142990112
0.553530752658844,0.9877775311470032,8.7792363956396e-07,0.4607398509979248,0.8996022939682007,-0.045053351670503616,0.4326421618461609,0.7449193596839905,-0.05736988037824631,0.5010449886322021,0.6110792756080627,-0.06811802834272385,0.5811686515808105,0.5491394996643066,-0.07641825079917908,0.40606972575187683,0.5460661053657532,0.015618016012012959,0.37001460790634155,0.3729979693889618,0.010661721229553223,0.35477524995803833,0.2722446024417877,-0.00462557515129447,0.3454742431640625,0.18586507439613342,-0.02106461115181446,0.48300644755363464,0.5192776918411255,0.015021529980003834,0.474962055683136,0.3316766619682312,0.01765655167400837,0.47490692138671875,0.22581642866134644,-0.0005654082633554935,0.47478625178337097,0.1448449194431305,-0.017938431352376938,0.5543563365936279,0.5333491563796997,0.004824912175536156,0.5607309341430664,0.36067765951156616,0.0017951505724340677,0.5597171187400818,0.25276342034339905,-0.01893044076859951,0.5554848313331604,0.16267257928848267,-0.03842310979962349,0.6259459853172302,0.5726982355117798,-0.012033043429255486,0.6424338817596436,0.4392459988594055,-0.016625257208943367,0.6451414823532104,0.35478246212005615,-0.02275795117020607,0.6463444828987122,0.27791455388069153,-0.030873585492372513
0.5536853671073914,0.9881441593170166,8.832410571812943e-07,0.4598107933998108,0.9003840684890747,-0.045846350491046906,0.4314829409122467,0.7438221573829651,-0.05836474150419235,0.5023046135902405,0.6111045479774475,-0.06931568682193756,0.5836032629013062,0.5508499145507812,-0.07793165743350983,0.4060494601726532,0.5466587543487549,0.014874150976538658,0.36981201171875,0.3730162978172302,0.009471139870584011,0.35434818267822266,0.27165156602859497,-0.005815204232931137,0.34493499994277954,0.18509802222251892,-0.0221958439797163,0.4832577109336853,0.5199963450431824,0.014479556120932102,0.474856436252594,0.33248382806777954,0.01669280417263508,0.4747326672077179,0.2270018458366394,-0.0015677441842854023,0.4747317135334015,0.14542299509048462,-0.018845222890377045,0.554761528968811,0.5339516401290894,0.004353851079940796,0.560590922832489,0.36111557483673096,0.0008613301906734705,0.5597373843193054,0.25332513451576233,-0.01998153142631054,0.5555644035339355,0.16280344128608704,-0.03941063955426216,0.6262931823730469,0.5726840496063232,-0.012525450438261032,0.642633855342865,0.43920040130615234,-0.0175431277602911,0.6452056765556335,0.3547981381416321,-0.02382848598062992,0.6462910175323486,0.2778925597667694,-0.031985536217689514
0.5590887665748596,0.9911080598831177,8.62474166751781e-07,0.4623230993747711,0.9093452095985413,-0.04874285310506821,0.4306579828262329,0.7520293593406677,-0.061679739505052567,0.4991217851638794,0.6122186779975891,-0.07237809151411057,0.5816370248794556,0.5505387187004089,-0.08030477911233902,0.4042351245880127,0.5549571514129639,0.012387007474899292,0.3666268587112427,0.3784119486808777,0.0065790512599051,0.3517136573791504,0.2764408588409424,-0.008407928049564362,0.34341704845428467,0.18982404470443726,-0.024299630895256996,0.4816576838493347,0.5255019664764404,0.013908534310758114,0.46943429112434387,0.33694636821746826,0.016103198751807213,0.4678315818309784,0.23070582747459412,-0.0008762609213590622,0.4674317240715027,0.15000781416893005,-0.017132848501205444,0.5542759299278259,0.5361734628677368,0.005322519224137068,0.5579754114151001,0.36216625571250916,0.002188038546591997,0.5556477308273315,0.25531360507011414,-0.017797254025936127,0.551371157169342,0.16612780094146729,-0.03666543588042259,0.6267437934875488,0.5702923536300659,-0.010391785763204098,0.6405779123306274,0.4369611442089081,-0.015513083897531033,0.642380952835083,0.35344845056533813,-0.02216227911412716,0.6441091299057007,0.27764424681663513,-0.030454913154244423
0.5595958232879639,0.9938180446624756,8.972604064183543e-07,0.4617234468460083,0.910820722579956,-0.04574142396450043,0.43124625086784363,0.7498306035995483,-0.056561022996902466,0.5013846158981323,0.610697865486145,-0.06582804024219513,0.5829919576644897,0.5485489964485168,-0.0727429911494255,0.4057508707046509,0.5545884370803833,0.01624322310090065,0.36666417121887207,0.3792893886566162,0.012326570227742195,0.34970787167549133,0.2766585946083069,-0.001581869088113308,0.3392826318740845,0.18993213772773743,-0.016784541308879852,0.4832196831703186,0.5232369899749756,0.016092190518975258,0.4699884057044983,0.3318226635456085,0.020483799278736115,0.46710139513015747,0.2244618833065033,0.004792535211890936,0.46516621112823486,0.14512979984283447,-0.01030623447149992,0.5551198720932007,0.5338696837425232,0.006030067801475525,0.5577144026756287,0.35795772075653076,0.004918175749480724,0.5548478364944458,0.2504361867904663,-0.012995379976928234,0.5502051711082458,0.16273298859596252,-0.03045659326016903,0.6275569200515747,0.568884551525116,-0.011066731996834278,0.6412457227706909,0.43471354246139526,-0.014095828868448734,0.6424292325973511,0.35119229555130005,-0.018403666093945503,0.6425984501838684,0.27583736181259155,-0.025053411722183228
0.5661590695381165,0.9918620586395264,8.886372597771697e-07,0.46975773572921753,0.9133838415145874,-0.05102519690990448,0.4318053722381592,0.7596176862716675,-0.0654289498925209,0.49754172563552856,0.615543007850647,-0.07745684683322906,0.5799974799156189,0.549475371837616,-0.08645140379667282,0.3987926244735718,0.5601274967193604,0.011901960708200932,0.35582131147384644,0.38361886143684387,0.006501903757452965,0.3372812867164612,0.2819746434688568,-0.007896865718066692,0.32589662075042725,0.1966363489627838,-0.02328469604253769,0.4764847159385681,0.5273450016975403,0.014810299500823021,0.4607512354850769,0.33693891763687134,0.018264830112457275,0.4566737413406372,0.23036599159240723,0.002479113405570388,0.4541361927986145,0.14973992109298706,-0.01298272330313921,0.5489891171455383,0.534747838973999,0.007292735390365124,0.5512256622314453,0.3610289990901947,0.005859074182808399,0.5479620695114136,0.2548976242542267,-0.01240147277712822,0.5425018668174744,0.16671597957611084,-0.030224980786442757,0.6219595670700073,0.5668452978134155,-0.007764602545648813,0.6342430114746094,0.4338534474372864,-0.01126006618142128,0.6344670653343201,0.3518982231616974,-0.016594599932432175,0.6342363357543945,0.2784006893634796,-0.023913193494081497
0.5646008849143982,0.9931998252868652,8.806180176179623e-07,0.46822452545166016,0.913108766078949,-0.04536230489611626,0.432039350271225,0.7543632388114929,-0.05686640366911888,0.5005155801773071,0.6147410869598389,-0.06678349524736404,0.5833260416984558,0.5505404472351074,-0.07484651356935501,0.40032291412353516,0.5577152371406555,0.014280606992542744,0.35872021317481995,0.38371992111206055,0.009800792671740055,0.33841055631637573,0.28187477588653564,-0.004979521967470646,0.3248148560523987,0.19644418358802795,-0.0213867649435997,0.47743645310401917,0.525741696357727,0.013860576786100864,0.46115297079086304,0.3363094925880432,0.016741378232836723,0.4560772776603699,0.23167532682418823,-0.0018091608071699739,0.4527188241481781,0.15215730667114258,-0.01970498077571392,0.5489906668663025,0.5347130298614502,0.00401334697380662,0.5488420128822327,0.3587903082370758,0.001615591230802238,0.544562578201294,0.2524874806404114,-0.019162388518452644,0.5385383367538452,0.16426169872283936,-0.039242953062057495,0.6219172477722168,0.5697076916694641,-0.012551585212349892,0.634276807308197,0.43528884649276733,-0.016660483554005623,0.6342765092849731,0.3517110347747803,-0.022684870287775993,0.6331378817558289,0.2759716212749481,-0.031259145587682724
0.563981831073761,0.9931858777999878,8.658734600430762e-07,0.4675857126712799,0.9139144420623779,-0.04490510746836662,0.4303428828716278,0.7569299340248108,-0.05662766471505165,0.49703001976013184,0.6169354915618896,-0.06672143191099167,0.5788410902023315,0.5511835813522339,-0.07492487132549286,0.3991331458091736,0.5582343935966492,0.013254297897219658,0.3577587604522705,0.38374900817871094,0.008258617483079433,0.3385806977748871,0.2822437584400177,-0.006638280116021633,0.3258668780326843,0.1969248354434967,-0.023125141859054565,0.4764273762702942,0.5260053277015686,0.012463013641536236,0.460624098777771,0.33495837450027466,0.014501934871077538,0.45588764548301697,0.23035219311714172,-0.004304752219468355,0.4523991346359253,0.15148314833641052,-0.02233080007135868,0.5480784177780151,0.5353200435638428,0.002351749688386917,0.549105703830719,0.3589463233947754,-0.0008887437870725989,0.5453119277954102,0.2528252601623535,-0.022169187664985657,0.5392915606498718,0.16409441828727722,-0.0426134392619133,0.6206982135772705,0.5712817907333374,-0.014316197484731674,0.6340913772583008,0.43727990984916687,-0.01923181116580963,0.6349847316741943,0.3540804982185364,-0.025852002203464508,0.634331226348877,0.2780582308769226,-0.03489743918180466
0.5637252926826477,0.9943037033081055,8.996738074529276e-07,0.467404305934906,0.9180177450180054,-0.04985085874795914,0.4312322735786438,0.7628566026687622,-0.06357617676258087,0.4984225630760193,0.6203972697257996,-0.07500024884939194,0.5792148113250732,0.5502098798751831,-0.08356884866952896,0.3929692208766937,0.5668606162071228,0.011375202797353268,0.3471866250038147,0.39094486832618713,0.005760848056524992,0.3268299698829651,0.2885405421257019,-0.008790289983153343,0.31374189257621765,0.20222315192222595,-0.023959511891007423,0.4702700078487396,0.5322577357292175,0.01409614272415638,0.45113787055015564,0.3417227864265442,0.019078901037573814,0.4453221559524536,0.23442059755325317,0.004543486982584,0.44146624207496643,0.1529117226600647,-0.010101855732500553,0.5423375368118286,0.5386278629302979,0.006589116528630257,0.5413320660591125,0.36509430408477783,0.007287975400686264,0.5364826321601868,0.25758862495422363,-0.008757002651691437,0.5304489731788635,0.1694113314151764,-0.025260139256715775,0.6158624887466431,0.5693411827087402,-0.00854182243347168,0.6276502013206482,0.43611687421798706,-0.009841777384281158,0.6270214319229126,0.3536669611930847,-0.013110179454088211,0.625906765460968,0.27965670824050903,-0.01900835707783699
0.5643721222877502,0.9942429065704346,9.071454769582488e-07,0.4645019471645355,0.9169648289680481,-0.04698910936713219,0.4288164973258972,0.7607284188270569,-0.05822029337286949,0.49588197469711304,0.6218229532241821,-0.06769488751888275,0.5740424394607544,0.5508552193641663,-0.07471071928739548,0.3939560353755951,0.5640925168991089,0.017088191583752632,0.34806373715400696,0.3907070755958557,0.013798195868730545,0.3263486921787262,0.28835704922676086,0.00023330113617703319,0.31215381622314453,0.20266178250312805,-0.014555051922798157,0.4718177914619446,0.5303962230682373,0.01816091686487198,0.45186322927474976,0.33998507261276245,0.02408571168780327,0.44482478499412537,0.2336089015007019,0.008640461601316929,0.43993961811065674,0.15467211604118347,-0.006557808723300695,0.5440877079963684,0.5373324155807495,0.009091146290302277,0.5412870645523071,0.36252230405807495,0.009462028741836548,0.5348454117774963,0.25506120920181274,-0.008307013660669327,0.5272045135498047,0.1671294867992401,-0.02591005340218544,0.6176356077194214,0.5679649710655212,-0.007183616049587727,0.6280213594436646,0.43387502431869507,-0.008912921883165836,0.6263004541397095,0.3508642017841339,-0.013013293966650963,0.6235567927360535,0.27521300315856934,-0.01972695253789425
0.564020574092865,0.9930225014686584,9.632104820411769e-07,0.46555107831954956,0.9144959449768066,-0.05317811667919159,0.4286530613899231,0.7600623369216919,-0.06793534010648727,0.4954220652580261,0.6158329248428345,-0.08006367087364197,0.5758250951766968,0.545539915561676,-0.08917718380689621,0.3885977268218994,0.5692291259765625,0.013642393983900547,0.3406497836112976,0.3963615298271179,0.00971907377243042,0.3184175491333008,0.29458725452423096,-0.00361623615026474,0.3038681149482727,0.20888611674308777,-0.017817627638578415,0.46494072675704956,0.5358963012695312,0.01828920654952526,0.44382789731025696,0.347733736038208,0.025435062125325203,0.43573710322380066,0.24112281203269958,0.012433741241693497,0.4300433397293091,0.15863442420959473,-0.0008345750975422561,0.5374985337257385,0.5421966314315796,0.01205169502645731,0.5350322723388672,0.369775652885437,0.014000240713357925,0.527990460395813,0.2617582678794861,-0.0010700608836486936,0.5200214385986328,0.17340025305747986,-0.016560811549425125,0.6113906502723694,0.571321964263916,-0.0022671937476843596,0.6214336156845093,0.43854475021362305,-0.0028791280928999186,0.6195963025093079,0.3549753427505493,-0.005692674778401852,0.6177523136138916,0.27977514266967773,-0.010957855731248856
0.5622377395629883,0.9895128011703491,1.0267597190249944e-06,0.4625053405761719,0.9127388000488281,-0.05586550757288933,0.4269901216030121,0.7598465085029602,-0.07124193757772446,0.49575474858283997,0.6186346411705017,-0.08393743634223938,0.5748261213302612,0.5445582866668701,-0.0933775082230568,0.3879452347755432,0.5696955919265747,0.014700322411954403,0.3376367688179016,0.3974428176879883,0.013403336517512798,0.31387507915496826,0.29535016417503357,0.002877359976992011,0.2981194257736206,0.2111535370349884,-0.008992542512714863,0.46452879905700684,0.5373138189315796,0.0203519519418478,0.44025084376335144,0.34770697355270386,0.030781229957938194,0.42952924966812134,0.24051690101623535,0.0215467382222414,0.4206964671611786,0.1607033610343933,0.0115687670186162,0.5362495183944702,0.5434936881065369,0.014288865961134434,0.5305240750312805,0.3689125180244446,0.01765737496316433,0.5219672918319702,0.2601224482059479,0.004614586476236582,0.5120192170143127,0.17313119769096375,-0.008894291706383228,0.6090022325515747,0.5684453248977661,-0.00031473758281208575,0.6175180077552795,0.43413442373275757,-0.00139143958222121,0.6154701113700867,0.3498144745826721,-0.00444019865244627,0.6130896806716919,0.27362337708473206,-0.00928997341543436
0.5612673163414001,0.9874387979507446,9.198082011607767e-07,0.46278730034828186,0.9106030464172363,-0.04969104006886482,0.42703384160995483,0.7605732679367065,-0.0625961422920227,0.49201321601867676,0.6214132308959961,-0.07307229191064835,0.5677369832992554,0.5482571721076965,-0.08098065853118896,0.38786906003952026,0.5681989789009094,0.014488518238067627,0.338018000125885,0.3970866799354553,0.011550996452569962,0.3144451081752777,0.29628023505210876,-0.0018352868501096964,0.2987405061721802,0.21194946765899658,-0.016594380140304565,0.46505311131477356,0.5331926345825195,0.017109360545873642,0.4407469630241394,0.34426426887512207,0.02329062670469284,0.4289940297603607,0.23871704936027527,0.0071632168255746365,0.418986052274704,0.15971702337265015,-0.008854876272380352,0.5372527837753296,0.5382184982299805,0.009500683285295963,0.5310002565383911,0.3646761178970337,0.009662709198892117,0.5218942165374756,0.25782352685928345,-0.009852444753050804,0.5110810399055481,0.1706414818763733,-0.02887815237045288,0.6104812026023865,0.5663858652114868,-0.005351793486624956,0.6176437735557556,0.4326286315917969,-0.007915415801107883,0.614447295665741,0.3494654893875122,-0.01355427410453558,0.6100821495056152,0.2738233506679535,-0.021522684022784233
0.5660828948020935,0.9844467639923096,9.061200216819998e-07,0.4646404981613159,0.9123070240020752,-0.05260807275772095,0.4247286319732666,0.7619221210479736,-0.06620713323354721,0.4880131185054779,0.6193472743034363,-0.07731207460165024,0.5631998181343079,0.5457224249839783,-0.08541218191385269,0.38725489377975464,0.571414589881897,0.01333434134721756,0.334126740694046,0.39991259574890137,0.009790832176804543,0.3090466260910034,0.29874831438064575,-0.002734599867835641,0.2927359342575073,0.21336296200752258,-0.016199881210923195,0.4632125496864319,0.5355291366577148,0.01758638769388199,0.4368870258331299,0.3496251106262207,0.024838024750351906,0.42536213994026184,0.243861585855484,0.011861499398946762,0.4170120060443878,0.16314920783042908,-0.001299524214118719,0.5353686809539795,0.5387572050094604,0.010896214284002781,0.5277250409126282,0.3668126165866852,0.01251897867769003,0.5178950428962708,0.2599489390850067,-0.0036734980531036854,0.5073881149291992,0.1726880967617035,-0.01992620714008808,0.6082116365432739,0.5634463429450989,-0.0037290167529135942,0.6132110357284546,0.43036949634552,-0.005119445733726025,0.6093572378158569,0.34752750396728516,-0.009195302613079548,0.606386125087738,0.27254268527030945,-0.015402290038764477
0.5631575584411621,0.984247088432312,9.248176411347231e-07,0.4616459906101227,0.9129540920257568,-0.05079469829797745,0.4228347837924957,0.7608059644699097,-0.06347639858722687,0.4883013963699341,0.6166616678237915,-0.07371748983860016,0.5676302313804626,0.544883131980896,-0.08122917264699936,0.3844812512397766,0.5732156038284302,0.013175047002732754,0.3310771882534027,0.4039528965950012,0.009376747533679008,0.3054916262626648,0.3043409585952759,-0.003740008920431137,0.287477046251297,0.21933776140213013,-0.017855122685432434,0.4593605399131775,0.5357760787010193,0.016619089990854263,0.43199625611305237,0.3495355248451233,0.022690875455737114,0.4193914234638214,0.2431841790676117,0.008695266209542751,0.4092490077018738,0.16182547807693481,-0.005160351749509573,0.5304532051086426,0.5388936996459961,0.00956475455313921,0.5221031308174133,0.36756432056427,0.00998047087341547,0.5111426115036011,0.2612454891204834,-0.007060340605676174,0.49941545724868774,0.17459744215011597,-0.023673249408602715,0.6028164625167847,0.5634838938713074,-0.005120369140058756,0.6085017323493958,0.43097952008247375,-0.007047789171338081,0.6049614548683167,0.34843385219573975,-0.011121708899736404,0.6015293002128601,0.27391067147254944,-0.017272207885980606
0.5609852075576782,0.9920886754989624,8.895163432498521e-07,0.45891934633255005,0.9213818907737732,-0.0479542501270771,0.4196515679359436,0.7681711912155151,-0.05910984054207802,0.48456522822380066,0.6245969533920288,-0.06821756809949875,0.5606107115745544,0.5501575469970703,-0.07501949369907379,0.37823882699012756,0.5765900015830994,0.016326509416103363,0.3252268433570862,0.40788590908050537,0.013355492614209652,0.299723744392395,0.3076094686985016,-0.000397033232729882,0.2821952998638153,0.2225995659828186,-0.015587861649692059,0.45558732748031616,0.5374313592910767,0.01788329891860485,0.4275081157684326,0.35071223974227905,0.02455100789666176,0.41474777460098267,0.24422958493232727,0.009133095853030682,0.40418633818626404,0.16338816285133362,-0.006432649679481983,0.5270847082138062,0.540454626083374,0.009144938550889492,0.5184977650642395,0.3678145408630371,0.009806368499994278,0.507209062576294,0.26106613874435425,-0.008259497582912445,0.4953347444534302,0.17402580380439758,-0.026306835934519768,0.6004407405853271,0.5673872828483582,-0.006934447214007378,0.6047623753547668,0.4314430356025696,-0.0094987191259861,0.5999348163604736,0.34888991713523865,-0.014401113614439964,0.5942765474319458,0.2734874486923218,-0.021699903532862663
0.5644869804382324,0.9891387820243835,8.76648698522331e-07,0.46084800362586975,0.9212079048156738,-0.04724818095564842,0.4174818992614746,0.772513210773468,-0.058546848595142365,0.4776160717010498,0.630354106426239,-0.06784976273775101,0.5528635382652283,0.5545293688774109,-0.0747971460223198,0.3796513080596924,0.5744203925132751,0.015615724958479404,0.3259541988372803,0.4051637649536133,0.01200603973120451,0.2999724745750427,0.3048577308654785,-0.0018244452076032758,0.2820388078689575,0.22073659300804138,-0.016701124608516693,0.4563319683074951,0.535015344619751,0.017121100798249245,0.4283548593521118,0.3470243811607361,0.02275930717587471,0.414021372795105,0.24237027764320374,0.007356868591159582,0.40263286232948303,0.16614487767219543,-0.007739524357020855,0.5283426642417908,0.5361823439598083,0.008577129803597927,0.5179179906845093,0.36361026763916016,0.009220607578754425,0.5058650374412537,0.2578586935997009,-0.008114075288176537,0.493425577878952,0.17219588160514832,-0.025444423779845238,0.6015323996543884,0.5615156292915344,-0.0072034066542983055,0.6051853895187378,0.42760252952575684,-0.008845745585858822,0.5999531149864197,0.34589385986328125,-0.012598063796758652,0.5942935347557068,0.27243348956108093,-0.018947357311844826
0.5603948831558228,0.9935511946678162,8.84359735664475e-07,0.45827716588974,0.9215848445892334,-0.04777448624372482,0.4169538617134094,0.7657331228256226,-0.05826001986861229,0.48236626386642456,0.6222482323646545,-0.06681545078754425,0.5600099563598633,0.5494726300239563,-0.07309930771589279,0.3782173991203308,0.5756179690361023,0.016044260933995247,0.32407861948013306,0.4050048291683197,0.012415239587426186,0.2981800138950348,0.30540183186531067,-0.0015061207814142108,0.27999088168144226,0.22032108902931213,-0.016534768044948578,0.4533500373363495,0.5380204319953918,0.017778893932700157,0.4252397119998932,0.35105714201927185,0.02341642417013645,0.41168567538261414,0.24439898133277893,0.00783286802470684,0.4012148976325989,0.16498148441314697,-0.007373722270131111,0.5247936248779297,0.5423780679702759,0.009264664724469185,0.5151603817939758,0.36859190464019775,0.009090254083275795,0.5035085678100586,0.2611308693885803,-0.008930416777729988,0.49172133207321167,0.17404642701148987,-0.026350371539592743,0.5984672904014587,0.5700318813323975,-0.006561873015016317,0.6037760376930237,0.43339622020721436,-0.009349243715405464,0.599189043045044,0.3486195206642151,-0.013944108970463276,0.5945724248886108,0.2714782953262329,-0.020667843520641327
0.5611763596534729,0.9881337881088257,9.007441690300766e-07,0.4585276246070862,0.9167395830154419,-0.047865577042102814,0.41659408807754517,0.764847993850708,-0.05871494114398956,0.48268476128578186,0.6238012909889221,-0.0676085352897644,0.5620039105415344,0.5531250238418579,-0.07410120218992233,0.37902331352233887,0.5740885734558105,0.015277775935828686,0.3244059085845947,0.4037260115146637,0.011954909190535545,0.2980746030807495,0.30419617891311646,-0.0012414781376719475,0.27949070930480957,0.2199644148349762,-0.0156292375177145,0.4539044499397278,0.5360473990440369,0.017497802153229713,0.42577704787254333,0.3481175899505615,0.02308378554880619,0.41172847151756287,0.2423325479030609,0.00799828115850687,0.4003867506980896,0.16467955708503723,-0.006662528496235609,0.5251916646957397,0.538886547088623,0.00954943522810936,0.5151480436325073,0.36500483751296997,0.009297228418290615,0.5034629106521606,0.2580386996269226,-0.009133325889706612,0.4910796582698822,0.1722010374069214,-0.02667209506034851,0.5980103015899658,0.5642302632331848,-0.005603297613561153,0.603754997253418,0.43017512559890747,-0.008184255100786686,0.5989182591438293,0.34616535902023315,-0.013033907860517502,0.5939180254936218,0.2706771790981293,-0.01989404484629631
0.5553903579711914,0.984324038028717,8.850693120621145e-07,0.4560912549495697,0.9097429513931274,-0.0447663851082325,0.41779690980911255,0.7602415084838867,-0.05521869659423828,0.4765658974647522,0.6204835772514343,-0.06420283764600754,0.5498033761978149,0.5476632118225098,-0.07081782072782516,0.3768138289451599,0.5710588693618774,0.017909375950694084,0.3241819739341736,0.40219759941101074,0.014487234875559807,0.29900914430618286,0.3020494282245636,0.0008987634209915996,0.2816910743713379,0.21720653772354126,-0.013647885993123055,0.4526575207710266,0.5338018536567688,0.01847570203244686,0.42642882466316223,0.34647098183631897,0.024351105093955994,0.41350996494293213,0.24041712284088135,0.00850936770439148,0.4027695953845978,0.1612553894519806,-0.006931126583367586,0.5250974893569946,0.5364054441452026,0.00929989106953144,0.515492856502533,0.36406391859054565,0.010102531872689724,0.5039747357368469,0.25703176856040955,-0.007760987151414156,0.4911103844642639,0.17024126648902893,-0.025277573615312576,0.5991202592849731,0.5625597834587097,-0.006816284731030464,0.6046194434165955,0.4285886585712433,-0.007622421719133854,0.5994055271148682,0.34611499309539795,-0.011184527538716793,0.5931438207626343,0.2726948857307434,-0.01742326095700264
0.5609473586082458,0.9836336374282837,9.066317261385848e-07,0.45706453919410706,0.9140251874923706,-0.0495879091322422,0.415164977312088,0.7668480277061462,-0.06200762838125229,0.4742880165576935,0.6241909861564636,-0.07209094613790512,0.5466355085372925,0.5460339188575745,-0.07954982668161392,0.3785618543624878,0.5723994374275208,0.015469063073396683,0.3238965570926666,0.40289756655693054,0.01127142645418644,0.29797711968421936,0.3016055226325989,-0.0032414826564490795,0.28026288747787476,0.2160189151763916,-0.018616417422890663,0.4552518129348755,0.5341143608093262,0.017837941646575928,0.4284851551055908,0.34515172243118286,0.02320769801735878,0.41518378257751465,0.23809519410133362,0.006746796425431967,0.40389883518218994,0.15836867690086365,-0.009353935718536377,0.5262918472290039,0.5371342301368713,0.009791544638574123,0.5169415473937988,0.36407360434532166,0.009505994617938995,0.5055180788040161,0.25626349449157715,-0.009478112682700157,0.49342215061187744,0.16894811391830444,-0.028050296008586884,0.599179208278656,0.5633873343467712,-0.005606981925666332,0.6042900085449219,0.43008261919021606,-0.008153939619660378,0.5998317003250122,0.3468363881111145,-0.013266014866530895,0.5944677591323853,0.271854043006897,-0.020780207589268684
0.560195803642273,0.9856561422348022,8.975761147667072e-07,0.456605464220047,0.914322018623352,-0.04745214432477951,0.41519102454185486,0.7646253705024719,-0.059060316532850266,0.4748723804950714,0.6222201585769653,-0.06864770501852036,0.5483375787734985,0.5454985499382019,-0.076044462621212,0.3782268166542053,0.5722852349281311,0.016308823600411415,0.3247971534729004,0.40252023935317993,0.01233112532645464,0.2991677522659302,0.30159321427345276,-0.0025297466199845076,0.28182747960090637,0.21654117107391357,-0.018504129722714424,0.4548204243183136,0.5341773629188538,0.017558252438902855,0.42774057388305664,0.3450027108192444,0.022132905200123787,0.41465234756469727,0.23824769258499146,0.00393154751509428,0.40432775020599365,0.15902119874954224,-0.013691459782421589,0.5260981321334839,0.5372684597969055,0.008822246454656124,0.5163388848304749,0.3628685772418976,0.007799148093909025,0.5046482682228088,0.25533318519592285,-0.012996622361242771,0.4926950931549072,0.1682620346546173,-0.03305502235889435,0.5994544625282288,0.5643408894538879,-0.006878588814288378,0.6044591665267944,0.4302210509777069,-0.009932669810950756,0.5993186831474304,0.3465545177459717,-0.01598532684147358,0.5932019948959351,0.2710302174091339,-0.02450737915933132
0.5579065084457397,0.9948298335075378,8.647355684843205e-07,0.4561903178691864,0.9239887595176697,-0.04465334489941597,0.41422033309936523,0.7653754949569702,-0.053752366453409195,0.4767518937587738,0.6220505237579346,-0.06097826361656189,0.551906943321228,0.5501194596290588,-0.0661221593618393,0.3755348324775696,0.5724732875823975,0.014616500586271286,0.32327404618263245,0.4020880162715912,0.010077055543661118,0.2981947362422943,0.3010885417461395,-0.004177416209131479,0.2804875373840332,0.21598443388938904,-0.019424838945269585,0.452210396528244,0.5340788960456848,0.014811194501817226,0.42613884806632996,0.3453434109687805,0.019066572189331055,0.4131626486778259,0.23808813095092773,0.00333295832388103,0.402578204870224,0.15971699357032776,-0.011677398346364498,0.5245695114135742,0.5389895439147949,0.005381805822253227,0.515306293964386,0.3638365864753723,0.004148758947849274,0.5041899085044861,0.25567296147346497,-0.013720918446779251,0.4925393760204315,0.16740545630455017,-0.030880708247423172,0.5979138612747192,0.5694795250892639,-0.010877680964767933,0.604284405708313,0.4332714080810547,-0.014319779351353645,0.5998508334159851,0.34941399097442627,-0.0186179056763649,0.5945749282836914,0.2731392979621887,-0.02495744451880455
0.5604832172393799,0.9940222501754761,8.388528840441722e-07,0.45656153559684753,0.9225956201553345,-0.04394465312361717,0.4127265214920044,0.766082763671875,-0.05279024690389633,0.4758604168891907,0.6238744258880615,-0.06002205237746239,0.5533327460289001,0.5542631149291992,-0.06534427404403687,0.37643522024154663,0.5727665424346924,0.01546419132500887,0.32359594106674194,0.4017736315727234,0.011007731780409813,0.2979157567024231,0.3018355369567871,-0.003585984231904149,0.2792898118495941,0.21753644943237305,-0.019247159361839294,0.45270368456840515,0.5347862243652344,0.015445192344486713,0.4266148805618286,0.34517335891723633,0.0187874436378479,0.4130713641643524,0.23856666684150696,0.001590463682077825,0.40213948488235474,0.16130667924880981,-0.01462814211845398,0.5248239040374756,0.5390444397926331,0.005974543280899525,0.5150999426841736,0.36345577239990234,0.004325662273913622,0.503782331943512,0.25584423542022705,-0.014864078722894192,0.4921542704105377,0.16839057207107544,-0.03312607854604721,0.5985257029533386,0.5684673190116882,-0.010188926942646503,0.604430615901947,0.43230581283569336,-0.01319139078259468,0.5999279022216797,0.34837406873703003,-0.017657916992902756,0.5951014161109924,0.2728438377380371,-0.024511298164725304
0.563599705696106,0.9925869703292847,8.556065154152748e-07,0.45977336168289185,0.9238265752792358,-0.04594246298074722,0.4153274893760681,0.7697793841362,-0.05616198852658272,0.4753377139568329,0.6241621971130371,-0.06423380225896835,0.5513132810592651,0.5500448346138,-0.07004997879266739,0.3778642416000366,0.5740774273872375,0.014263998717069626,0.3237006366252899,0.4022950530052185,0.010206659324467182,0.29770153760910034,0.3021225333213806,-0.004027568735182285,0.2792765200138092,0.2167535126209259,-0.019407076761126518,0.4537747800350189,0.5354105830192566,0.015489055775105953,0.425947368144989,0.3461431562900543,0.020123152062296867,0.4123413562774658,0.23983946442604065,0.003634868422523141,0.4017193019390106,0.16142681241035461,-0.012592910788953304,0.5256197452545166,0.5384138226509094,0.007132954429835081,0.5156426429748535,0.3648989200592041,0.006942696403712034,0.5040680170059204,0.2577143609523773,-0.011617829091846943,0.4922606945037842,0.1704188883304596,-0.030005373060703278,0.5988908410072327,0.5657116770744324,-0.008152367547154427,0.6043508648872375,0.4309738278388977,-0.009698196314275265,0.600810706615448,0.34780633449554443,-0.013528325594961643,0.5971702933311462,0.2728453576564789,-0.020284034311771393
0.5624716281890869,0.992988646030426,8.607447057329409e-07,0.4593096077442169,0.9226707816123962,-0.045265305787324905,0.41562125086784363,0.7684664726257324,-0.05573362484574318,0.4744413197040558,0.6227757334709167,-0.06425663828849792,0.5496944189071655,0.5473926067352295,-0.0706724151968956,0.3786524534225464,0.5739580392837524,0.014493120834231377,0.3243136405944824,0.40278705954551697,0.010246706195175648,0.2979127764701843,0.3025262653827667,-0.004298444837331772,0.279155433177948,0.21669164299964905,-0.0200071781873703,0.45400723814964294,0.5349870324134827,0.0150087745860219,0.42597129940986633,0.34612396359443665,0.019593730568885803,0.4121913015842438,0.23998692631721497,0.00276389392092824,0.4014313220977783,0.16134923696517944,-0.013909196481108665,0.5253983736038208,0.5379940867424011,0.006040740758180618,0.5154456496238708,0.3638954162597656,0.0059196725487709045,0.5037121772766113,0.2565445005893707,-0.012633245438337326,0.4916568696498871,0.1689774990081787,-0.031262028962373734,0.5986571907997131,0.5659893155097961,-0.009811373427510262,0.6041163802146912,0.43084418773651123,-0.011197563260793686,0.6004918217658997,0.34729355573654175,-0.014891095459461212,0.5963459014892578,0.27216026186943054,-0.021761029958724976
0.5640419721603394,0.9923189878463745,8.483650617563399e-07,0.46041178703308105,0.9234557151794434,-0.045557085424661636,0.41612592339515686,0.7695821523666382,-0.05586903169751167,0.4759286940097809,0.6238799691200256,-0.06408430635929108,0.551510751247406,0.5494049191474915,-0.0701732411980629,0.3786391615867615,0.574093222618103,0.01380885485559702,0.3243386745452881,0.4027307629585266,0.009257598780095577,0.29812222719192505,0.3025350570678711,-0.005530462600290775,0.27952563762664795,0.2170444130897522,-0.021389612928032875,0.45426496863365173,0.5349467992782593,0.014655830338597298,0.4262288510799408,0.3459288477897644,0.018682755529880524,0.41252124309539795,0.2397836148738861,0.0015094834379851818,0.4017639458179474,0.16113993525505066,-0.015340152196586132,0.5257534384727478,0.537821888923645,0.006027757190167904,0.515460729598999,0.3640466332435608,0.005316520109772682,0.5038489699363708,0.2570641338825226,-0.013724932447075844,0.4920535385608673,0.16987165808677673,-0.03256961703300476,0.5990151166915894,0.5655514597892761,-0.00945323333144188,0.6042423844337463,0.43047580122947693,-0.011427707970142365,0.6005476117134094,0.3472067713737488,-0.0155760133638978,0.5965470671653748,0.2722405195236206,-0.022691762074828148
0.5598425269126892,0.9903513789176941,8.850828976392222e-07,0.45992469787597656,0.9178692102432251,-0.0460316501557827,0.4189923107624054,0.7676611542701721,-0.05798954516649246,0.4809682071208954,0.6255470514297485,-0.06807045638561249,0.5581138134002686,0.5510100722312927,-0.0760059729218483,0.3787708282470703,0.570780336856842,0.013654923997819424,0.3254581093788147,0.4001307487487793,0.008832750841975212,0.29886025190353394,0.29904577136039734,-0.006153206806629896,0.2798731327056885,0.21353131532669067,-0.022067833691835403,0.45435631275177,0.5318994522094727,0.014291633851826191,0.42736828327178955,0.34277909994125366,0.018871717154979706,0.41391754150390625,0.2365071177482605,0.0019217049703001976,0.4034498333930969,0.15677541494369507,-0.014713766984641552,0.5261656641960144,0.5344739556312561,0.005460352171212435,0.515192449092865,0.36033153533935547,0.006004976108670235,0.5033885836601257,0.25386473536491394,-0.011654935777187347,0.49130672216415405,0.16686072945594788,-0.029661811888217926,0.6006308197975159,0.5629845261573792,-0.010450613684952259,0.6053944826126099,0.4287886321544647,-0.011157236061990261,0.6005643010139465,0.34643465280532837,-0.01412102859467268,0.5951957106590271,0.27292028069496155,-0.020331356674432755
0.5589085817337036,0.9899891018867493,8.780331199886859e-07,0.4571382999420166,0.9155776500701904,-0.0465281717479229,0.41796332597732544,0.7649659514427185,-0.05715922266244888,0.4799041152000427,0.623465895652771,-0.06575149297714233,0.5558724999427795,0.5503068566322327,-0.07182995975017548,0.3772597312927246,0.5710657238960266,0.017546584829688072,0.3245156705379486,0.3994285464286804,0.014733907766640186,0.29984283447265625,0.29926350712776184,0.0009813308715820312,0.2829480767250061,0.21451136469841003,-0.013804298825562,0.4536377191543579,0.5325261354446411,0.01943299174308777,0.42749887704849243,0.34256571531295776,0.026398006826639175,0.41430217027664185,0.23635616898536682,0.010824142955243587,0.40335941314697266,0.15832734107971191,-0.004555022343993187,0.525588870048523,0.5355473756790161,0.011495321989059448,0.5163283348083496,0.3616481423377991,0.013869138434529305,0.5049250721931458,0.2554364502429962,-0.0026985846925526857,0.49327167868614197,0.17010527849197388,-0.019558468833565712,0.6002611517906189,0.5636590719223022,-0.0036850678734481335,0.6054304242134094,0.4274921417236328,-0.002989157335832715,0.60115647315979,0.3446916937828064,-0.005196808371692896,0.5965139269828796,0.2705579698085785,-0.010486572980880737
0.5609880089759827,0.9874553680419922,9.423087590221257e-07,0.4580104947090149,0.9131771326065063,-0.05206720530986786,0.416509211063385,0.7625055909156799,-0.06550734490156174,0.4778456687927246,0.6203146576881409,-0.07636541873216629,0.555142343044281,0.5472970008850098,-0.0843985304236412,0.37933990359306335,0.571783185005188,0.014043648727238178,0.32553744316101074,0.399791955947876,0.009523008950054646,0.2996467351913452,0.29830172657966614,-0.00506912637501955,0.2815587520599365,0.21305936574935913,-0.020283769816160202,0.45483535528182983,0.535935640335083,0.0179290808737278,0.4292128086090088,0.34504175186157227,0.022725533694028854,0.4169543981552124,0.23732754588127136,0.006160312332212925,0.4073466658592224,0.15788593888282776,-0.009585967287421227,0.5268309712409973,0.5398839116096497,0.011239211075007915,0.5176088809967041,0.3642367720603943,0.010996122844517231,0.5064461827278137,0.25531262159347534,-0.007910779677331448,0.4952639043331146,0.16811922192573547,-0.025913991034030914,0.6004238724708557,0.5657342076301575,-0.003092870581895113,0.6063740253448486,0.4310915470123291,-0.004645577631890774,0.602019727230072,0.346225380897522,-0.009235338307917118,0.598141074180603,0.270663857460022,-0.016106504946947098
0.5590634942054749,0.9882227182388306,9.110588621297211e-07,0.45732349157333374,0.9120380878448486,-0.047138988971710205,0.4173940420150757,0.7592397928237915,-0.05880270153284073,0.47988173365592957,0.6175771355628967,-0.06848729401826859,0.5585463047027588,0.54853355884552,-0.07593067735433578,0.37937384843826294,0.5718497633934021,0.013813897036015987,0.3267443776130676,0.39998215436935425,0.008264892734587193,0.3012886643409729,0.2990438938140869,-0.0072507127188146114,0.28310954570770264,0.21375346183776855,-0.023421548306941986,0.45455116033554077,0.5348039865493774,0.014897664077579975,0.4293113946914673,0.343189537525177,0.017205610871315002,0.4168807566165924,0.2349618375301361,-0.00182896398473531,0.40635401010513306,0.1547309160232544,-0.019478287547826767,0.5263621807098389,0.5390778183937073,0.006285534705966711,0.5176815986633301,0.3623127043247223,0.0034040031023323536,0.5065461993217468,0.25356560945510864,-0.018391242250800133,0.4944888949394226,0.16610389947891235,-0.038367580622434616,0.5996496081352234,0.5671399831771851,-0.009119548834860325,0.6061522960662842,0.43143028020858765,-0.012884077616035938,0.6017026901245117,0.34600093960762024,-0.019101692363619804,0.5966618061065674,0.2697659432888031,-0.027287915349006653
0.5596620440483093,0.9880199432373047,9.245140404345875e-07,0.45737409591674805,0.9160354137420654,-0.049757540225982666,0.4168446660041809,0.7621477842330933,-0.06199439987540245,0.4804529845714569,0.6195864677429199,-0.07194751501083374,0.5570403933525085,0.5471858978271484,-0.07938524335622787,0.37969717383384705,0.5698356032371521,0.014569575898349285,0.32628926634788513,0.39869290590286255,0.011361639015376568,0.3003948926925659,0.2974672317504883,-0.0017719932366162539,0.2825193703174591,0.21231016516685486,-0.016027389094233513,0.45596304535865784,0.5339192748069763,0.017313387244939804,0.42969369888305664,0.34459102153778076,0.024105045944452286,0.4164760708808899,0.23777487874031067,0.009920233860611916,0.4059237837791443,0.15807482600212097,-0.004252961371093988,0.5278887152671814,0.5386056900024414,0.009670812636613846,0.5185268521308899,0.3646100163459778,0.010993049480021,0.5070706009864807,0.2560274004936218,-0.005874114576727152,0.49546876549720764,0.16787266731262207,-0.022755488753318787,0.6009415984153748,0.5654502511024475,-0.005518225021660328,0.6066903471946716,0.43115466833114624,-0.00652594119310379,0.6026645302772522,0.3472684621810913,-0.010005411691963673,0.5987728238105774,0.2714272141456604,-0.016129327937960625
0.5615072846412659,0.9882302284240723,9.270675604966527e-07,0.4588638246059418,0.9166171550750732,-0.050355132669210434,0.41849425435066223,0.7644352316856384,-0.06296040117740631,0.479621022939682,0.6212208867073059,-0.07315700501203537,0.5549875497817993,0.5488163232803345,-0.08073204010725021,0.3795042037963867,0.5715502500534058,0.014683915302157402,0.32626286149024963,0.4009532928466797,0.011091566644608974,0.300944983959198,0.29941797256469727,-0.002698767464607954,0.2839048206806183,0.21462687849998474,-0.01745128631591797,0.4555085301399231,0.5338698029518127,0.01766207441687584,0.42941057682037354,0.3442304730415344,0.023631859570741653,0.41679346561431885,0.23710855841636658,0.008377179503440857,0.40671437978744507,0.1572704017162323,-0.0064565748907625675,0.5272782444953918,0.536812424659729,0.01020742580294609,0.5179242491722107,0.36255815625190735,0.01089082658290863,0.5066510438919067,0.25490856170654297,-0.006886409129947424,0.49493253231048584,0.1678597331047058,-0.0243617482483387,0.6006603240966797,0.5629915595054626,-0.004800715949386358,0.6058931350708008,0.4290429949760437,-0.00620980653911829,0.6015613675117493,0.3463338315486908,-0.010362247936427593,0.5969459414482117,0.2718732953071594,-0.016957873478531837
0.5609209537506104,0.987026572227478,9.412396480001917e-07,0.4589110314846039,0.9144811630249023,-0.05078749358654022,0.41947779059410095,0.7622129917144775,-0.06343712657690048,0.48115065693855286,0.6199239492416382,-0.07366567850112915,0.5566496253013611,0.5487940311431885,-0.08129353076219559,0.38012373447418213,0.5711401700973511,0.015793906524777412,0.32635724544525146,0.40090590715408325,0.012750387191772461,0.30083388090133667,0.29956600069999695,-0.001115090912207961,0.2836606502532959,0.21457883715629578,-0.016066299751400948,0.4556658864021301,0.5343196392059326,0.019140319898724556,0.4290642738342285,0.3450040817260742,0.02526833862066269,0.4167829751968384,0.23794102668762207,0.009308896027505398,0.4072580337524414,0.15785333514213562,-0.0061568645760416985,0.5270386934280396,0.5375682711601257,0.01203459594398737,0.5176299810409546,0.36285272240638733,0.012866934761404991,0.5064201951026917,0.25422203540802,-0.005534658208489418,0.49492397904396057,0.16672593355178833,-0.023526517674326897,0.6004732251167297,0.5634545683860779,-0.0026535065844655037,0.6062427759170532,0.42962872982025146,-0.0035350946709513664,0.6019015908241272,0.3458976745605469,-0.007761915680021048,0.5970627069473267,0.270728200674057,-0.014619745314121246
0.5580248236656189,0.9863438010215759,9.473718591834768e-07,0.4564966559410095,0.9103025197982788,-0.04766787961125374,0.41835251450538635,0.7588873505592346,-0.05881749838590622,0.48090511560440063,0.6191961765289307,-0.06810993701219559,0.5569025278091431,0.5479127168655396,-0.07483325153589249,0.3802354335784912,0.5684688091278076,0.01929411105811596,0.32667744159698486,0.3981774151325226,0.016848180443048477,0.3012990951538086,0.297020822763443,0.0033732152078300714,0.28391098976135254,0.21200725436210632,-0.01100823376327753,0.4563699960708618,0.5323773622512817,0.021594207733869553,0.43108463287353516,0.3420904278755188,0.028745288029313087,0.4185497760772705,0.23459896445274353,0.013525032438337803,0.40857961773872375,0.1562148928642273,-0.001109846169129014,0.5289172530174255,0.5363146066665649,0.013651051558554173,0.5185782313346863,0.36064743995666504,0.01593698002398014,0.5067336559295654,0.25246235728263855,-0.0008251499966718256,0.49468597769737244,0.16609886288642883,-0.017361687496304512,0.6030706763267517,0.5631375908851624,-0.0016611909959465265,0.6075260043144226,0.4275854229927063,-0.0009404748561792076,0.6022915244102478,0.343842089176178,-0.003263752441853285,0.5972448587417603,0.26938867568969727,-0.00835448782891035
0.560943067073822,0.9864538908004761,8.99089229733363e-07,0.4578658938407898,0.9126089811325073,-0.04825014993548393,0.4182186424732208,0.760324239730835,-0.05946671962738037,0.4783294200897217,0.6170272827148438,-0.06862251460552216,0.5530958771705627,0.5446291565895081,-0.07518957555294037,0.3804055452346802,0.569482147693634,0.017778940498828888,0.3274482786655426,0.39822590351104736,0.014707750640809536,0.30244866013526917,0.29671695828437805,0.0008524611475877464,0.285866916179657,0.21121150255203247,-0.014032379724085331,0.4567597806453705,0.5318924188613892,0.020083367824554443,0.43072131276130676,0.34290969371795654,0.026419758796691895,0.418750524520874,0.23638415336608887,0.0104872677475214,0.4096388816833496,0.15719473361968994,-0.005027483683079481,0.528601884841919,0.5347403883934021,0.01215831283479929,0.5192332863807678,0.3613356947898865,0.013523661531507969,0.5081265568733215,0.2538829743862152,-0.004067609086632729,0.49735817313194275,0.16728544235229492,-0.021630385890603065,0.602483868598938,0.5610929131507874,-0.003170901909470558,0.6071675419807434,0.4265438914299011,-0.003376345383003354,0.6028110384941101,0.3432477116584778,-0.006666481960564852,0.5984864830970764,0.26873207092285156,-0.012892914935946465
0.5631288290023804,0.9902183413505554,8.36305900975276e-07,0.46113118529319763,0.9205217361450195,-0.044451143592596054,0.41984570026397705,0.7631561756134033,-0.05302068591117859,0.4823208451271057,0.618500292301178,-0.05968943238258362,0.5590641498565674,0.5496758818626404,-0.06420976668596268,0.379207044839859,0.5713444948196411,0.016092505306005478,0.32705920934677124,0.40007537603378296,0.012477871961891651,0.30202797055244446,0.30015572905540466,-0.0016459377948194742,0.28421175479888916,0.21552932262420654,-0.01718495786190033,0.45532968640327454,0.5318641066551208,0.016488105058670044,0.42890557646751404,0.3428911566734314,0.020808370783925056,0.41648533940315247,0.23654770851135254,0.003929243888705969,0.40628206729888916,0.15762034058570862,-0.012306244112551212,0.5271602869033813,0.5356237888336182,0.007340794894844294,0.5175038576126099,0.36166346073150635,0.006153729744255543,0.5068237781524658,0.2553621232509613,-0.012954984791576862,0.49582138657569885,0.1678665578365326,-0.03139551356434822,0.600771427154541,0.5647849440574646,-0.008563847281038761,0.6058219075202942,0.4290308654308319,-0.011769604869186878,0.6021960377693176,0.34614408016204834,-0.016628418117761612,0.5984378457069397,0.26980847120285034,-0.023836122825741768
0.5649355053901672,0.9930940866470337,8.46380658003909e-07,0.46295681595802307,0.9234145283699036,-0.04467035457491875,0.41999101638793945,0.7655083537101746,-0.05386458337306976,0.4808712601661682,0.6198247671127319,-0.06126955524086952,0.5575457811355591,0.5493859052658081,-0.06661152094602585,0.37994763255119324,0.5710669755935669,0.01614290662109852,0.3278411626815796,0.40031635761260986,0.012779894284904003,0.3018568754196167,0.30032211542129517,-0.0014144947053864598,0.28254079818725586,0.2157694399356842,-0.01719757355749607,0.45561841130256653,0.5320799946784973,0.016328873112797737,0.4294614791870117,0.34312504529953003,0.02079698070883751,0.4171152114868164,0.23780640959739685,0.0040172697044909,0.40703487396240234,0.16058635711669922,-0.012178510427474976,0.5272436141967773,0.5356627106666565,0.007005544379353523,0.5171048045158386,0.36152583360671997,0.006757454946637154,0.5062103867530823,0.25513285398483276,-0.011276669800281525,0.4949781894683838,0.16759341955184937,-0.029258515685796738,0.601152777671814,0.5648242235183716,-0.009239209815859795,0.605980634689331,0.4296799600124359,-0.011112379841506481,0.6019867062568665,0.34670040011405945,-0.014902028255164623,0.5978448390960693,0.27108389139175415,-0.021605411544442177
0.5635359883308411,0.9959325194358826,8.969107057055226e-07,0.46057671308517456,0.9223414659500122,-0.04663016274571419,0.41907596588134766,0.7657501101493835,-0.05746879801154137,0.4809942841529846,0.6214724779129028,-0.0667453184723854,0.5569004416465759,0.545224666595459,-0.07391513139009476,0.3805598318576813,0.5725353956222534,0.018115360289812088,0.3273817300796509,0.40064728260040283,0.015023374930024147,0.30077531933784485,0.2997569441795349,0.0010525388643145561,0.28176242113113403,0.21469786763191223,-0.014339370653033257,0.45675012469291687,0.5355092287063599,0.018659956753253937,0.4305735230445862,0.34511661529541016,0.024581382051110268,0.417502760887146,0.23816582560539246,0.008076423779129982,0.40715500712394714,0.1598602533340454,-0.00818235706537962,0.5280467867851257,0.5402260422706604,0.009075085632503033,0.5190470218658447,0.3651372194290161,0.00966053456068039,0.507658839225769,0.25619184970855713,-0.00895737949758768,0.4961451292037964,0.16807150840759277,-0.02755938656628132,0.6013291478157043,0.5687128305435181,-0.007691381499171257,0.6068841218948364,0.43250179290771484,-0.009181332774460316,0.6023193001747131,0.3475882411003113,-0.01352346409112215,0.5972726345062256,0.27073466777801514,-0.020836789160966873
0.5638741850852966,0.9938281774520874,9.374072078571771e-07,0.4612973928451538,0.9207409024238586,-0.050088927149772644,0.4201275110244751,0.7647020816802979,-0.0621170811355114,0.484363853931427,0.6205395460128784,-0.07207139581441879,0.563174307346344,0.5465907454490662,-0.07962114363908768,0.38065874576568604,0.5715668797492981,0.016628049314022064,0.32717448472976685,0.39979466795921326,0.014116683974862099,0.3008077144622803,0.29878997802734375,0.000731948297470808,0.282309889793396,0.21404877305030823,-0.014109344221651554,0.4565417170524597,0.5351157784461975,0.019125059247016907,0.43045780062675476,0.3441266417503357,0.026049401611089706,0.4178793132305145,0.23676633834838867,0.010671491734683514,0.40824663639068604,0.15796616673469543,-0.004599177278578281,0.5281966924667358,0.5397033095359802,0.011045639403164387,0.518743097782135,0.3640991449356079,0.012474389746785164,0.5074024200439453,0.2552688419818878,-0.005833546165376902,0.4961903691291809,0.16767922043800354,-0.024033386260271072,0.6014239192008972,0.566641628742218,-0.004642468877136707,0.6060938239097595,0.4309370219707489,-0.005682467948645353,0.6015077233314514,0.3468063473701477,-0.010095453821122646,0.5972257256507874,0.2710982859134674,-0.017248114570975304
0.5661546587944031,0.9887374639511108,9.265564244742563e-07,0.46172773838043213,0.9186460375785828,-0.05028107389807701,0.4192684292793274,0.7637187838554382,-0.062094032764434814,0.4824396073818207,0.6180131435394287,-0.07161933183670044,0.5600893497467041,0.5454347133636475,-0.07851240783929825,0.3815457820892334,0.5711920261383057,0.016268055886030197,0.32762834429740906,0.40084588527679443,0.013944693841040134,0.30127257108688354,0.29962968826293945,0.0011132159270346165,0.28256016969680786,0.21400785446166992,-0.013207392767071724,0.45730113983154297,0.5341964364051819,0.019330983981490135,0.4306182265281677,0.34602367877960205,0.026759156957268715,0.4182901084423065,0.23976367712020874,0.012962117791175842,0.4091613292694092,0.16093429923057556,-0.0010426155058667064,0.5293428301811218,0.5376184582710266,0.011814950034022331,0.5191095471382141,0.36525237560272217,0.013952139765024185,0.5075199604034424,0.25629913806915283,-0.0021487197373062372,0.4959705173969269,0.16768872737884521,-0.018730664625763893,0.6033859848976135,0.5629711747169495,-0.003446263028308749,0.6082906126976013,0.42930686473846436,-0.0033596165012568235,0.603926956653595,0.34516847133636475,-0.006074885372072458,0.5999036431312561,0.26944881677627563,-0.011883906088769436
0.5626028180122375,0.9885399341583252,8.955039447755553e-07,0.46139848232269287,0.9159210920333862,-0.04609958082437515,0.4217507243156433,0.7581696510314941,-0.055930983275175095,0.4902085065841675,0.6150712370872498,-0.0638936385512352,0.5712341070175171,0.5478130578994751,-0.07008825987577438,0.38320159912109375,0.568732738494873,0.016365177929401398,0.330319344997406,0.3990209102630615,0.01388523168861866,0.3035055994987488,0.2977428436279297,3.522544648149051e-05,0.28433358669281006,0.21229958534240723,-0.01579623855650425,0.4595326781272888,0.5303303003311157,0.01743313856422901,0.4336913824081421,0.3425142168998718,0.023066218942403793,0.42307454347610474,0.23709258437156677,0.005896639544516802,0.41517728567123413,0.1566593050956726,-0.011341783218085766,0.5310903191566467,0.5337303876876831,0.008774609304964542,0.5209658145904541,0.3600623905658722,0.008707471191883087,0.5104777812957764,0.2534388601779938,-0.011554368771612644,0.4998071789741516,0.1652376651763916,-0.031660404056310654,0.6050674915313721,0.5607684254646301,-0.006843848619610071,0.609694242477417,0.42660287022590637,-0.008910105563700199,0.605701208114624,0.3443821966648102,-0.014189304783940315,0.6012363433837891,0.26946553587913513,-0.022598465904593468
0.5628840327262878,0.9883465766906738,9.248130368177954e-07,0.4613366723060608,0.9149793386459351,-0.04875017702579498,0.4208033084869385,0.7602860331535339,-0.06058535352349281,0.4848944842815399,0.6159979104995728,-0.07032539695501328,0.5648875832557678,0.5465101599693298,-0.07774264365434647,0.38199344277381897,0.5694153308868408,0.017051855102181435,0.3290291130542755,0.39867648482322693,0.014502815902233124,0.3040681779384613,0.2974950671195984,0.00023478791990783066,0.286726176738739,0.21202850341796875,-0.015790928155183792,0.4584769904613495,0.5327025651931763,0.01908278651535511,0.4341697096824646,0.34337425231933594,0.024548735469579697,0.42328113317489624,0.237172931432724,0.0064376420341432095,0.41444286704063416,0.15734219551086426,-0.011321861296892166,0.5303236246109009,0.5363117456436157,0.01103152148425579,0.5220734477043152,0.3626748025417328,0.01157769002020359,0.5119203329086304,0.2556764483451843,-0.008640003390610218,0.5010145902633667,0.16810455918312073,-0.028586184605956078,0.6043878197669983,0.5633133053779602,-0.004311768803745508,0.6099171042442322,0.42885667085647583,-0.005093335639685392,0.6060689091682434,0.34589600563049316,-0.009885188192129135,0.6016627550125122,0.2712284326553345,-0.01791597716510296
0.5649508237838745,0.990909218788147,8.574135677008599e-07,0.46267157793045044,0.9172899127006531,-0.04607012867927551,0.42251914739608765,0.7591366767883301,-0.05631916597485542,0.4875930845737457,0.6152957081794739,-0.06462056189775467,0.5666088461875916,0.5495542287826538,-0.07090206444263458,0.38625356554985046,0.5666006803512573,0.014225560240447521,0.33432042598724365,0.39806023240089417,0.009503576904535294,0.3074464797973633,0.2984354794025421,-0.005426277406513691,0.2884424328804016,0.21342581510543823,-0.021535057574510574,0.4618329405784607,0.5283908843994141,0.014852906577289104,0.43748557567596436,0.3414546847343445,0.018042150884866714,0.4275231659412384,0.23585763573646545,0.00039982146699912846,0.42076849937438965,0.15533536672592163,-0.01642363704741001,0.5339057445526123,0.5328988432884216,0.005820092279464006,0.5244117379188538,0.35864850878715515,0.0035237546544522047,0.5147345066070557,0.252003014087677,-0.017320161685347557,0.5046893954277039,0.16345587372779846,-0.036961257457733154,0.6068853139877319,0.5621165633201599,-0.010035711340606213,0.6119284629821777,0.42875123023986816,-0.013826682232320309,0.6083512902259827,0.3454912304878235,-0.01965642161667347,0.6053307056427002,0.2697324752807617,-0.02768644690513611
0.5657729506492615,0.9946216940879822,8.528697321708023e-07,0.46326354146003723,0.9220916032791138,-0.04591270163655281,0.4212339222431183,0.7633278369903564,-0.05640989914536476,0.4832819402217865,0.6188855171203613,-0.06507684290409088,0.5602361559867859,0.5502809286117554,-0.0716366246342659,0.3853926658630371,0.5685034990310669,0.014701020903885365,0.33477675914764404,0.3979366719722748,0.010312479920685291,0.30981189012527466,0.297463059425354,-0.004585125017911196,0.2921523153781891,0.21218326687812805,-0.020958902314305305,0.4616302251815796,0.5318780541419983,0.014911371283233166,0.4382492005825043,0.34412601590156555,0.018101448193192482,0.4286039471626282,0.23861637711524963,0.0002484452270437032,0.42134252190589905,0.15984982252120972,-0.017021451145410538,0.5332330465316772,0.5373209118843079,0.005421341862529516,0.5252846479415894,0.3627655506134033,0.0034167079720646143,0.5155835747718811,0.2550208866596222,-0.016834797337651253,0.5053338408470154,0.16625207662582397,-0.036493513733148575,0.6065686345100403,0.5676049590110779,-0.010965620167553425,0.6135943531990051,0.4324667453765869,-0.014629767276346684,0.6105638146400452,0.34728777408599854,-0.020585868507623672,0.6071088910102844,0.269817054271698,-0.029082152992486954
0.5663827061653137,0.9958795309066772,8.381254588130105e-07,0.46387627720832825,0.9244401454925537,-0.04491354897618294,0.42007210850715637,0.7637944221496582,-0.05470987409353256,0.4846234917640686,0.6176267862319946,-0.06283678859472275,0.5660289525985718,0.5510246753692627,-0.06941143423318863,0.3887900114059448,0.5692452192306519,0.012258375063538551,0.3391217291355133,0.3985735774040222,0.006770155392587185,0.3140099048614502,0.29873764514923096,-0.008504954166710377,0.2966710925102234,0.21243226528167725,-0.025202132761478424,0.464286744594574,0.5307562947273254,0.011706827208399773,0.44138509035110474,0.34329137206077576,0.013446852564811707,0.4333276152610779,0.23654842376708984,-0.005342188756912947,0.42871010303497314,0.1537056863307953,-0.02353835478425026,0.5358093976974487,0.5356515645980835,0.0016871964326128364,0.5299232602119446,0.36108511686325073,-0.002416975097730756,0.5234156847000122,0.25407910346984863,-0.02535463683307171,0.5156448483467102,0.16430068016052246,-0.04680583253502846,0.607501208782196,0.5655515193939209,-0.014893122017383575,0.6150487661361694,0.43096667528152466,-0.020923065021634102,0.612705409526825,0.34581172466278076,-0.02907642349600792,0.6101908087730408,0.2676951289176941,-0.03923480212688446
0.5646388530731201,0.9962501525878906,8.390878747377428e-07,0.46253278851509094,0.9234591126441956,-0.0447130911052227,0.4196605980396271,0.7642927765846252,-0.05503067374229431,0.48323455452919006,0.6193427443504333,-0.06376193463802338,0.5639500617980957,0.551336407661438,-0.07078119367361069,0.3883400559425354,0.5684144496917725,0.013377771712839603,0.3391876816749573,0.39714276790618896,0.008080127649009228,0.3145187795162201,0.2972879707813263,-0.007448677904903889,0.2972344756126404,0.211231529712677,-0.024500276893377304,0.464222252368927,0.5308029651641846,0.01259370893239975,0.44163212180137634,0.3428206443786621,0.014335490763187408,0.43305060267448425,0.2364548146724701,-0.004836527165025473,0.42738866806030273,0.15484941005706787,-0.02352459728717804,0.5355224013328552,0.5360412001609802,0.002337411744520068,0.5296443700790405,0.3606671094894409,-0.0014174773823469877,0.5228989720344543,0.2539322078227997,-0.023696739226579666,0.5149422287940979,0.1649649739265442,-0.0449356809258461,0.6078908443450928,0.5664448142051697,-0.014525564387440681,0.6156013011932373,0.4310374855995178,-0.019999368116259575,0.6130868196487427,0.345645010471344,-0.027593109756708145,0.6098833084106445,0.26736485958099365,-0.03755098208785057
0.5652798414230347,0.995937168598175,8.516749971931858e-07,0.46261122822761536,0.9224531650543213,-0.04547205567359924,0.4196695387363434,0.7638833522796631,-0.056036755442619324,0.48353105783462524,0.6185652613639832,-0.06491313129663467,0.5644592046737671,0.5505573749542236,-0.0718260407447815,0.38775330781936646,0.5684223175048828,0.014402598142623901,0.3390076756477356,0.39693552255630493,0.009723443537950516,0.3149346113204956,0.29683879017829895,-0.005425738636404276,0.29827767610549927,0.21071705222129822,-0.0221653301268816,0.46395161747932434,0.5311155319213867,0.014194701798260212,0.4416090250015259,0.34306851029396057,0.016988417133688927,0.43314796686172485,0.23684141039848328,-0.0012641038047149777,0.4275721311569214,0.15586167573928833,-0.01926345005631447,0.5354886054992676,0.5362793803215027,0.004323440603911877,0.5296288132667542,0.3610844612121582,0.001683721668086946,0.5225997567176819,0.2543202340602875,-0.01918545924127102,0.5147470831871033,0.16583165526390076,-0.039461515843868256,0.6084672808647156,0.5662577748298645,-0.01236506924033165,0.6157763004302979,0.43068745732307434,-0.016765505075454712,0.6131398677825928,0.3454570472240448,-0.023253386840224266,0.6100895404815674,0.2674870193004608,-0.0323534794151783
0.5629255175590515,0.9961069822311401,8.470635748381028e-07,0.4629342555999756,0.9198196530342102,-0.043441638350486755,0.4222533106803894,0.7625702619552612,-0.05364891514182091,0.4864317774772644,0.6200496554374695,-0.06257491558790207,0.5669977068901062,0.5550026297569275,-0.07002487033605576,0.3896030783653259,0.5663699507713318,0.012391972355544567,0.3407402038574219,0.39486587047576904,0.006186971440911293,0.3161478340625763,0.2939895987510681,-0.009044588543474674,0.29977965354919434,0.20771390199661255,-0.025285892188549042,0.46554988622665405,0.5307077169418335,0.010742791928350925,0.44475090503692627,0.3411974608898163,0.011959479190409184,0.4376298189163208,0.23393887281417847,-0.006772327236831188,0.4340413212776184,0.15036261081695557,-0.02449600212275982,0.5382035374641418,0.5376842021942139,-0.00019309500930830836,0.5353761911392212,0.36283087730407715,-0.005107398144900799,0.5303499698638916,0.25487712025642395,-0.028271671384572983,0.524211049079895,0.16385120153427124,-0.04940225929021835,0.6102659106254578,0.5702214241027832,-0.01743605174124241,0.6185681819915771,0.434758722782135,-0.023859381675720215,0.6175115704536438,0.35002362728118896,-0.031583018600940704,0.6168059706687927,0.2717451751232147,-0.04108928516507149
0.5616310238838196,0.9960147142410278,8.77843206126272e-07,0.46114954352378845,0.9188587665557861,-0.04564741626381874,0.4214516878128052,0.7596344351768494,-0.05640142783522606,0.486934632062912,0.6175256967544556,-0.06560090184211731,0.5679137110710144,0.5528703331947327,-0.07281675189733505,0.38888075947761536,0.5649580359458923,0.014533588662743568,0.3411078453063965,0.3926038444042206,0.009899736382067204,0.31733137369155884,0.291483998298645,-0.004595322068780661,0.3011966049671173,0.20562881231307983,-0.020536407828330994,0.4655532240867615,0.5302405953407288,0.014328232035040855,0.44512203335762024,0.3410721719264984,0.01746963895857334,0.437875360250473,0.23398956656455994,-0.00020481465617194772,0.4335838556289673,0.151522696018219,-0.01728617027401924,0.5380491614341736,0.5372613072395325,0.0043866438791155815,0.534980833530426,0.3609383702278137,0.001474957913160324,0.5298231840133667,0.2522734999656677,-0.01994810812175274,0.5235005021095276,0.16184529662132263,-0.04006578400731087,0.6106162667274475,0.5691697597503662,-0.012314786203205585,0.6198954582214355,0.4343525171279907,-0.017176875844597816,0.6179780960083008,0.34856516122817993,-0.02406281977891922,0.6158050298690796,0.2699495255947113,-0.03301827609539032
0.5643470287322998,0.9948123097419739,8.488599974043609e-07,0.4639415144920349,0.9174007177352905,-0.043883319944143295,0.424683541059494,0.7633225321769714,-0.05459027737379074,0.4883435368537903,0.6236836314201355,-0.063566654920578,0.5663514733314514,0.5557344555854797,-0.07091490924358368,0.3925299644470215,0.5624315738677979,0.01109828520566225,0.3440514802932739,0.38945913314819336,0.004405615385621786,0.32006144523620605,0.28728193044662476,-0.011574420146644115,0.30440419912338257,0.1996113359928131,-0.028448574244976044,0.4701433777809143,0.5270013213157654,0.009830359369516373,0.45041951537132263,0.3366087079048157,0.010427221655845642,0.44484567642211914,0.22831133008003235,-0.009578973986208439,0.442679226398468,0.1449280083179474,-0.028473101556301117,0.5436112284660339,0.5347829461097717,-0.0005998483393341303,0.5409196615219116,0.3599357008934021,-0.006134395021945238,0.5365471839904785,0.25251105427742004,-0.030584275722503662,0.5303856730461121,0.16135668754577637,-0.05282633379101753,0.6164640188217163,0.5687597990036011,-0.017163250595331192,0.6260097622871399,0.4339296817779541,-0.024189753457903862,0.6258524060249329,0.3502795100212097,-0.03262898698449135,0.6253334283828735,0.2731366455554962,-0.042752403765916824
0.5636422634124756,0.9973163604736328,8.473967909594649e-07,0.46385446190834045,0.9200067520141602,-0.04427843540906906,0.42481279373168945,0.7634162902832031,-0.05524760112166405,0.4872066378593445,0.621951162815094,-0.06438981741666794,0.5652159452438354,0.5529859066009521,-0.07154827564954758,0.39243054389953613,0.561994731426239,0.011848877184092999,0.3450840711593628,0.3870859742164612,0.005879065487533808,0.32215195894241333,0.28513404726982117,-0.009545240551233292,0.3070874512195587,0.19797372817993164,-0.026003830134868622,0.46975594758987427,0.5264912247657776,0.010976902209222317,0.4502272605895996,0.33533406257629395,0.012827585451304913,0.4442010819911957,0.22761622071266174,-0.0061696856282651424,0.44111883640289307,0.1461072564125061,-0.02431430108845234,0.5426888465881348,0.5340200662612915,0.0008910868782550097,0.540499746799469,0.35698944330215454,-0.0026923452969640493,0.5362926721572876,0.24904000759124756,-0.02488712966442108,0.5300800204277039,0.15833836793899536,-0.04573337733745575,0.6156383156776428,0.5687533617019653,-0.015573055483400822,0.6262974739074707,0.4328351616859436,-0.020665498450398445,0.6255459189414978,0.3480049967765808,-0.027601439505815506,0.6238324046134949,0.27053722739219666,-0.036623526364564896
0.5626043677330017,0.9971793293952942,8.425031410297379e-07,0.46543705463409424,0.9180282950401306,-0.04457743838429451,0.4293798804283142,0.7619178295135498,-0.05558188259601593,0.49703848361968994,0.622506856918335,-0.0648515596985817,0.5764950513839722,0.5582071542739868,-0.07248208671808243,0.3975706100463867,0.5598633885383606,0.008704491890966892,0.3493422269821167,0.3843817114830017,0.0008502393611706793,0.3248220682144165,0.280394583940506,-0.015259466134011745,0.30882757902145386,0.19068267941474915,-0.03200628608465195,0.4747793674468994,0.5256449580192566,0.007495312485843897,0.45647531747817993,0.3348392844200134,0.006895629223436117,0.4515531361103058,0.22520747780799866,-0.012669323943555355,0.44970783591270447,0.14008480310440063,-0.030860446393489838,0.548443615436554,0.5349294543266296,-0.0029216434340924025,0.5471298694610596,0.35974931716918945,-0.009913476184010506,0.5436084270477295,0.2512820065021515,-0.034160222858190536,0.537602424621582,0.15892326831817627,-0.055689550936222076,0.6211360096931458,0.5696777105331421,-0.019571276381611824,0.6331703066825867,0.43415194749832153,-0.02804662100970745,0.6338536143302917,0.349031925201416,-0.03688548132777214,0.6343302726745605,0.2703549861907959,-0.04686318337917328
0.5599325299263,0.994171142578125,8.377105018553266e-07,0.4653801918029785,0.9166872501373291,-0.04615642875432968,0.43023574352264404,0.766598105430603,-0.060387805104255676,0.49364370107650757,0.6299668550491333,-0.0720444843173027,0.5674278736114502,0.5582301616668701,-0.08230923116207123,0.40084898471832275,0.5536748766899109,-0.00041125380084849894,0.35376521944999695,0.37632590532302856,-0.012353598140180111,0.3308866024017334,0.2698424756526947,-0.03108443133533001,0.3167005181312561,0.17955797910690308,-0.04949589818716049,0.48026612401008606,0.5189162492752075,-0.0021881917491555214,0.46478697657585144,0.32320693135261536,-0.007295776158571243,0.4605400860309601,0.211772620677948,-0.030602389946579933,0.45811641216278076,0.12458959221839905,-0.05155627056956291,0.554364800453186,0.5297564268112183,-0.012606507167220116,0.5546119809150696,0.35189759731292725,-0.023553844541311264,0.5510657429695129,0.24317485094070435,-0.051257215440273285,0.5444442629814148,0.14907494187355042,-0.07543528825044632,0.6270320415496826,0.569652259349823,-0.028777066618204117,0.640294075012207,0.4343949556350708,-0.040692176669836044,0.6420928239822388,0.349734365940094,-0.051945533603429794,0.6423876881599426,0.2709760069847107,-0.06381431221961975
0.5518690943717957,0.9944829940795898,8.22041954506858e-07,0.46221423149108887,0.9132076501846313,-0.045466672629117966,0.43123841285705566,0.7619175910949707,-0.059964392334222794,0.5024267435073853,0.6324828267097473,-0.0719151720404625,0.5793251395225525,0.5678567886352539,-0.08291394263505936,0.4002857208251953,0.5482447147369385,-0.004734354559332132,0.3558969795703888,0.36808788776397705,-0.019173698499798775,0.33527854084968567,0.26032185554504395,-0.03920562192797661,0.323003351688385,0.1684795320034027,-0.058227621018886566,0.4792698621749878,0.5142991542816162,-0.006961774546653032,0.4650771915912628,0.315949410200119,-0.01402079127728939,0.4636634886264801,0.202402263879776,-0.03826775774359703,0.46416622400283813,0.11263230443000793,-0.05971899628639221,0.5534530282020569,0.527862012386322,-0.01738344505429268,0.5572748780250549,0.3473430275917053,-0.029766198247671127,0.557222843170166,0.23647841811180115,-0.05841430276632309,0.5533570647239685,0.14113613963127136,-0.08289890736341476,0.6256454586982727,0.5732051134109497,-0.033346422016620636,0.6422007083892822,0.43720442056655884,-0.04630670323967934,0.645592451095581,0.3510875999927521,-0.05794514715671539,0.6473281979560852,0.2722441852092743,-0.06982965022325516
0.5450730919837952,0.9976621866226196,8.161854339050478e-07,0.45789238810539246,0.9163998365402222,-0.04834579676389694,0.4298998713493347,0.7672117948532104,-0.06349245458841324,0.5029125809669495,0.6371996402740479,-0.07576366513967514,0.5764226913452148,0.5681890845298767,-0.08659280091524124,0.399091511964798,0.5474691987037659,-0.003921276889741421,0.3583293557167053,0.3658539950847626,-0.019168339669704437,0.3399953842163086,0.25694382190704346,-0.04035019502043724,0.3294774293899536,0.1634541153907776,-0.060394931584596634,0.47887158393859863,0.5148122310638428,-0.005166240502148867,0.4676908254623413,0.315251886844635,-0.012893415056169033,0.467638224363327,0.19990259408950806,-0.03827672824263573,0.4685458540916443,0.10712113976478577,-0.06081909313797951,0.5529861450195312,0.5303575396537781,-0.015128383412957191,0.5580556392669678,0.3499962091445923,-0.028477512300014496,0.5585169196128845,0.23788142204284668,-0.0570499524474144,0.5555440783500671,0.1403735876083374,-0.0816388800740242,0.6267586350440979,0.5776075720787048,-0.031021298840641975,0.6448031663894653,0.44158217310905457,-0.044803518801927567,0.6490203142166138,0.3544931411743164,-0.05648035556077957,0.6518824696540833,0.27358248829841614,-0.06857938319444656
0.5480413436889648,0.9994566440582275,7.900647460701293e-07,0.4575849175453186,0.918948769569397,-0.04814662039279938,0.42912769317626953,0.7673852443695068,-0.06243407353758812,0.5048060417175293,0.6368918418884277,-0.07390008121728897,0.5803802609443665,0.5673766732215881,-0.08387108892202377,0.3987882137298584,0.5493029952049255,-0.0017125410959124565,0.35776448249816895,0.3665882647037506,-0.01613195240497589,0.3397131562232971,0.25701025128364563,-0.03707708790898323,0.32914161682128906,0.1636132001876831,-0.05716067552566528,0.4801328182220459,0.5158950686454773,-0.003119838424026966,0.46894535422325134,0.3153398633003235,-0.010870174504816532,0.46701231598854065,0.19971612095832825,-0.03724443539977074,0.46493566036224365,0.10700482130050659,-0.06053149700164795,0.554989218711853,0.5308864712715149,-0.013346957042813301,0.5601993799209595,0.349470317363739,-0.026786016300320625,0.5593262910842896,0.23627957701683044,-0.056747812777757645,0.5543259382247925,0.13785889744758606,-0.08245859295129776,0.6287745237350464,0.5770566463470459,-0.029421919956803322,0.6464530825614929,0.44045448303222656,-0.043125029653310776,0.6502822637557983,0.35392332077026367,-0.055407389998435974,0.6527338624000549,0.27354490756988525,-0.06815426796674728
0.5494475364685059,0.9997872114181519,8.076963808889559e-07,0.4588819146156311,0.9200088977813721,-0.046947699040174484,0.43004679679870605,0.766399085521698,-0.06045078486204147,0.5051421523094177,0.6336357593536377,-0.07144389301538467,0.5826178789138794,0.5664046406745911,-0.08099708706140518,0.39963674545288086,0.5496058464050293,0.0005165452021174133,0.3615913987159729,0.36577892303466797,-0.012484043836593628,0.3451184630393982,0.2570139765739441,-0.03251140937209129,0.33572790026664734,0.1641966998577118,-0.05222073942422867,0.479929119348526,0.5175237059593201,-0.0013604237465187907,0.4683886170387268,0.3150094449520111,-0.008032125420868397,0.4682152271270752,0.19814333319664001,-0.03401356562972069,0.4684900641441345,0.10484108328819275,-0.057235173881053925,0.5543701648712158,0.5332475900650024,-0.012038846500217915,0.5598914623260498,0.3505699932575226,-0.025102589279413223,0.5604855418205261,0.2360822856426239,-0.05590203031897545,0.55713951587677,0.1372218132019043,-0.08238836377859116,0.6282562017440796,0.5795731544494629,-0.02839798852801323,0.6464480757713318,0.44275200366973877,-0.04213259369134903,0.650672435760498,0.3559143543243408,-0.055209677666425705,0.6536100506782532,0.2754015326499939,-0.06876742094755173
0.547986626625061,1.0025302171707153,8.082663498498732e-07,0.4583219289779663,0.9196693897247314,-0.04525188356637955,0.42921507358551025,0.7663751244544983,-0.05886558070778847,0.5026522278785706,0.6354877948760986,-0.07037971913814545,0.579008162021637,0.5682069063186646,-0.08062167465686798,0.39915674924850464,0.5490138530731201,0.0007426788797602057,0.36133313179016113,0.3654366731643677,-0.012975264340639114,0.3451841473579407,0.25668662786483765,-0.033598631620407104,0.3359983563423157,0.16413486003875732,-0.05360275134444237,0.47897905111312866,0.5174253582954407,-0.0023313036654144526,0.4679458737373352,0.314929723739624,-0.009363611228764057,0.46737366914749146,0.19867944717407227,-0.03519582003355026,0.46725985407829285,0.10616755485534668,-0.058262087404727936,0.5531163811683655,0.5336862802505493,-0.014024686999619007,0.5596297979354858,0.3501104712486267,-0.02694476582109928,0.5600883364677429,0.23611661791801453,-0.0565313957631588,0.5564698576927185,0.13814914226531982,-0.08213644474744797,0.6268984079360962,0.582057774066925,-0.03136488422751427,0.6462720036506653,0.4437856674194336,-0.04479031637310982,0.6504189968109131,0.3559250831604004,-0.05696667358279228,0.6524672508239746,0.27468910813331604,-0.06980957835912704
0.5461122393608093,0.9999332427978516,7.98713983840571e-07,0.45692360401153564,0.9128718376159668,-0.04403909295797348,0.4308546185493469,0.7599756121635437,-0.05658222734928131,0.5029409527778625,0.6290701031684875,-0.06758134812116623,0.5778981447219849,0.5648185610771179,-0.07719606161117554,0.40035757422447205,0.5508959293365479,0.006219499744474888,0.36524561047554016,0.36623361706733704,-0.005955490283668041,0.3503252863883972,0.25829243659973145,-0.02606021799147129,0.3425198793411255,0.16578394174575806,-0.045583147555589676,0.47935089468955994,0.5196823477745056,0.0031907891388982534,0.4680841863155365,0.3175491988658905,-0.002224287251010537,0.46717581152915955,0.20097485184669495,-0.028305796906352043,0.46677011251449585,0.10656455159187317,-0.051696643233299255,0.5533893704414368,0.5344420671463013,-0.008511110208928585,0.56014484167099,0.3502821922302246,-0.01924770511686802,0.5604601502418518,0.23606300354003906,-0.04841244965791702,0.5566737055778503,0.13881009817123413,-0.07392697036266327,0.6277100443840027,0.5797485113143921,-0.02596132457256317,0.6458982229232788,0.4417271316051483,-0.03648898005485535,0.6494019627571106,0.3538625240325928,-0.04735784977674484,0.6514822244644165,0.2733429968357086,-0.05953938141465187
0.5468252897262573,0.9996128082275391,8.111405804811511e-07,0.4570258557796478,0.9138689637184143,-0.046498168259859085,0.4317428469657898,0.7641200423240662,-0.060763727873563766,0.5052454471588135,0.6338708996772766,-0.0729021281003952,0.5810341238975525,0.5654115676879883,-0.08337952196598053,0.39968055486679077,0.5509922504425049,0.0036837775260210037,0.3642287254333496,0.3652084469795227,-0.008722149766981602,0.34946656227111816,0.2579939067363739,-0.029262546449899673,0.3419780135154724,0.16567566990852356,-0.04922816902399063,0.4787777066230774,0.519625723361969,0.0017423308454453945,0.46666061878204346,0.31841546297073364,-0.0039136349223554134,0.4650340974330902,0.20312315225601196,-0.030646994709968567,0.46406257152557373,0.10975128412246704,-0.054771725088357925,0.5527125597000122,0.534392774105072,-0.009004657156765461,0.5591053366661072,0.3498927056789398,-0.020031847059726715,0.5594168305397034,0.2366369664669037,-0.049757421016693115,0.5563324689865112,0.1404295563697815,-0.0758594423532486,0.6274529099464417,0.5796822905540466,-0.025642039254307747,0.6455551385879517,0.4399818480014801,-0.036959726363420486,0.6494147777557373,0.35201799869537354,-0.04863333702087402,0.6518300771713257,0.2714516222476959,-0.061381660401821136
0.5483813881874084,1.0041003227233887,7.989195296431717e-07,0.457211971282959,0.921122133731842,-0.044854581356048584,0.42980316281318665,0.7687650322914124,-0.05731906369328499,0.5021457672119141,0.6368447542190552,-0.06760228425264359,0.5776745676994324,0.568260669708252,-0.07610290497541428,0.3987845182418823,0.5513343214988708,0.00555466627702117,0.36400121450424194,0.3662566542625427,-0.005166957154870033,0.3500431180000305,0.25933200120925903,-0.024304240942001343,0.34286779165267944,0.16785261034965515,-0.04306117445230484,0.47799742221832275,0.5185905694961548,0.003751610405743122,0.4661850929260254,0.31781521439552307,0.0008547548786737025,0.4645494818687439,0.20359420776367188,-0.022324034944176674,0.4638492465019226,0.11313730478286743,-0.04358174279332161,0.5516635179519653,0.5322214365005493,-0.006734021008014679,0.5563298463821411,0.34779608249664307,-0.014492439106106758,0.5563410520553589,0.2362307906150818,-0.03931008651852608,0.5536637902259827,0.141620934009552,-0.06190742552280426,0.6261332035064697,0.5779114365577698,-0.02329840324819088,0.64291912317276,0.4375920593738556,-0.03164147585630417,0.6469358801841736,0.35153454542160034,-0.0395112968981266,0.6498193740844727,0.27289873361587524,-0.049112603068351746
0.5436776876449585,1.0007237195968628,7.667717341064417e-07,0.4558205306529999,0.9157813787460327,-0.04488862305879593,0.4295927584171295,0.7679745554924011,-0.058998558670282364,0.50191330909729,0.6372889280319214,-0.07100530713796616,0.575554609298706,0.5676820874214172,-0.08171640336513519,0.3981490731239319,0.5505337715148926,0.0022780487779527903,0.3639415502548218,0.3673684298992157,-0.011040788143873215,0.34964829683303833,0.26048362255096436,-0.032083332538604736,0.3417995572090149,0.16865700483322144,-0.0523512028157711,0.47709423303604126,0.5183818340301514,-0.0004921146319247782,0.46521496772766113,0.3183809816837311,-0.006489511113613844,0.4634707272052765,0.20483943819999695,-0.032456811517477036,0.4617769122123718,0.11235231161117554,-0.056169115006923676,0.5509754419326782,0.5328071713447571,-0.011732153594493866,0.555800199508667,0.3507034182548523,-0.022729666903614998,0.5553020238876343,0.23928701877593994,-0.05061355605721474,0.5509958863258362,0.14353740215301514,-0.07557123899459839,0.6258493065834045,0.5797069072723389,-0.028759218752384186,0.6425564885139465,0.44066423177719116,-0.03984755650162697,0.6461551785469055,0.3543843626976013,-0.05012226849794388,0.6482027173042297,0.27516189217567444,-0.061890579760074615
0.5449302792549133,0.9995988607406616,7.634696999048174e-07,0.4560028910636902,0.9158814549446106,-0.04595193639397621,0.4294348359107971,0.7679789066314697,-0.06025492027401924,0.5018854737281799,0.6376643776893616,-0.07226434350013733,0.5749478340148926,0.5670550465583801,-0.08275164663791656,0.3979719281196594,0.5507788062095642,0.0017591706709936261,0.363334596157074,0.3669833540916443,-0.011487357318401337,0.3490961790084839,0.2600547671318054,-0.032490894198417664,0.34173712134361267,0.16839134693145752,-0.05265922471880913,0.47726181149482727,0.518491804599762,-0.0002996849943883717,0.46499043703079224,0.3191206753253937,-0.006201148498803377,0.4628307819366455,0.20548829436302185,-0.032204557210206985,0.46092069149017334,0.1127091646194458,-0.05589988827705383,0.5512044429779053,0.5323348045349121,-0.01094543281942606,0.5561824440956116,0.35009536147117615,-0.021604139357805252,0.5557933449745178,0.23915278911590576,-0.04938666149973869,0.5519179105758667,0.1440141797065735,-0.07431437820196152,0.6263723373413086,0.5780920386314392,-0.02750552073121071,0.6427611708641052,0.4394150376319885,-0.03821266070008278,0.6463779807090759,0.35351020097732544,-0.04839351773262024,0.6484430432319641,0.27450326085090637,-0.060122568160295486
0.549625813961029,1.0050544738769531,8.21932928829483e-07,0.4600512683391571,0.9238532781600952,-0.05091409757733345,0.4337119460105896,0.771715521812439,-0.06594663113355637,0.5114929676055908,0.6387315392494202,-0.07752372324466705,0.5868921875953674,0.5637475252151489,-0.08719109743833542,0.3982563018798828,0.5522543787956238,0.0007091069710440934,0.3623642921447754,0.36597537994384766,-0.010875455103814602,0.34722959995269775,0.2575916349887848,-0.031137889251112938,0.33851158618927,0.1650875210762024,-0.05116970092058182,0.4782687723636627,0.52070552110672,0.001619373564608395,0.4659695625305176,0.3196238875389099,-0.002395371440798044,0.4633732736110687,0.2050902247428894,-0.02795950323343277,0.460294634103775,0.11212038993835449,-0.05149129033088684,0.5514697432518005,0.5357829928398132,-0.006674882490187883,0.5564731359481812,0.35249754786491394,-0.016446644440293312,0.5549793243408203,0.24038401246070862,-0.04487617686390877,0.550402045249939,0.14382338523864746,-0.07038174569606781,0.6264267563819885,0.5809415578842163,-0.021310139447450638,0.6435931921005249,0.4419018030166626,-0.03243643417954445,0.6470093131065369,0.35534483194351196,-0.04382375255227089,0.6496249437332153,0.27423596382141113,-0.05637235566973686
0.5532609224319458,1.0023106336593628,8.421748134423979e-07,0.46583518385887146,0.9246058464050293,-0.05442355200648308,0.43754643201828003,0.778243899345398,-0.07286764681339264,0.5123816728591919,0.6459591388702393,-0.08687984943389893,0.586203932762146,0.5655652284622192,-0.09843330830335617,0.4013766050338745,0.5509772896766663,-0.007957848720252514,0.3651101589202881,0.36492887139320374,-0.022593826055526733,0.3492359519004822,0.25501951575279236,-0.04334363713860512,0.339465856552124,0.1616630256175995,-0.06272394955158234,0.48208266496658325,0.5184406042098999,-0.005338872317224741,0.4689369201660156,0.31589382886886597,-0.010956470854580402,0.4658793807029724,0.20074781775474548,-0.03401419520378113,0.4628160893917084,0.10855111479759216,-0.05505843088030815,0.557016134262085,0.5325006246566772,-0.01189036201685667,0.5597200393676758,0.3480915129184723,-0.02195933647453785,0.5577911138534546,0.23714646697044373,-0.04620213061571121,0.5525212287902832,0.14115384221076965,-0.068130262196064,0.6319412589073181,0.5766474008560181,-0.02518080547451973,0.6470332741737366,0.43861138820648193,-0.03556980937719345,0.6500260829925537,0.35276129841804504,-0.04382098838686943,0.652596116065979,0.2733782231807709,-0.05334299057722092
0.5548036098480225,1.0029268264770508,8.336791665897181e-07,0.4693233370780945,0.9277118444442749,-0.05773391202092171,0.4439556896686554,0.781663179397583,-0.0788411796092987,0.5263112783432007,0.6526509523391724,-0.09500917047262192,0.6036142706871033,0.5737622976303101,-0.10909277200698853,0.40467798709869385,0.5538119077682495,-0.015881802886724472,0.36710500717163086,0.3655247092247009,-0.03368610888719559,0.35125184059143066,0.25441741943359375,-0.05676983669400215,0.34189650416374207,0.15979665517807007,-0.07813338190317154,0.48537927865982056,0.5209531188011169,-0.013416607864201069,0.46961238980293274,0.3169351816177368,-0.023119444027543068,0.4662577509880066,0.20028668642044067,-0.050914254039525986,0.4629593789577484,0.10476091504096985,-0.0758657157421112,0.5599753856658936,0.536296010017395,-0.019931059330701828,0.5625120997428894,0.35162776708602905,-0.03439958393573761,0.5605577230453491,0.2375325858592987,-0.06508880108594894,0.5549757480621338,0.1379469633102417,-0.09180966019630432,0.6343174576759338,0.5821098685264587,-0.0329623743891716,0.6513418555259705,0.44398778676986694,-0.04762183502316475,0.6544790267944336,0.35602816939353943,-0.06074228882789612,0.6570175886154175,0.273931622505188,-0.07428106665611267
0.5560669898986816,1.0000123977661133,8.094681334114284e-07,0.4699132442474365,0.9255863428115845,-0.05710791051387787,0.442282110452652,0.7824080586433411,-0.07900331914424896,0.5207260251045227,0.6535731554031372,-0.09592471271753311,0.5970077514648438,0.5726605653762817,-0.11082517355680466,0.40397319197654724,0.553173303604126,-0.018414026126265526,0.366741418838501,0.36265045404434204,-0.03693046793341637,0.3508029580116272,0.25151458382606506,-0.06018723174929619,0.3409796953201294,0.1571778953075409,-0.08165854960680008,0.48451271653175354,0.5198654532432556,-0.016202570870518684,0.4690059721469879,0.31573817133903503,-0.026752041652798653,0.4646349847316742,0.2013278305530548,-0.05449144169688225,0.459756463766098,0.1087607741355896,-0.07950668781995773,0.5591863989830017,0.5343060493469238,-0.022654157131910324,0.5623125433921814,0.3488432765007019,-0.03733769804239273,0.5602571964263916,0.23668372631072998,-0.06720604747533798,0.5542140007019043,0.13945356011390686,-0.09355773031711578,0.6336926817893982,0.5795919895172119,-0.03549725562334061,0.650593638420105,0.44073373079299927,-0.05053533986210823,0.6537656784057617,0.35343506932258606,-0.06358302384614944,0.6559697985649109,0.27234992384910583,-0.07703886926174164
0.5577239990234375,1.0071532726287842,8.452295219285588e-07,0.4727255403995514,0.933490514755249,-0.060989368706941605,0.44487470388412476,0.788967490196228,-0.08456094563007355,0.5248406529426575,0.6586652994155884,-0.1022365391254425,0.6008768677711487,0.576178789138794,-0.11756692826747894,0.40625542402267456,0.5547404885292053,-0.022173097357153893,0.36729031801223755,0.362832248210907,-0.04140820354223251,0.35021722316741943,0.24885621666908264,-0.06553908437490463,0.33987411856651306,0.15402337908744812,-0.08758331090211868,0.48748213052749634,0.5215474367141724,-0.01801282912492752,0.4714162051677704,0.315902441740036,-0.02807646058499813,0.4669121503829956,0.2005428671836853,-0.05541212856769562,0.4622039794921875,0.10719075798988342,-0.08027983456850052,0.5615102648735046,0.536302924156189,-0.022833243012428284,0.5643924474716187,0.34908777475357056,-0.036483004689216614,0.5618079900741577,0.23649710416793823,-0.06523185968399048,0.5559085011482239,0.1400352120399475,-0.0910460352897644,0.6359692215919495,0.5826640129089355,-0.03455103933811188,0.6531558036804199,0.4429689645767212,-0.04849483072757721,0.6552437543869019,0.3553670644760132,-0.0607617162168026,0.6562249064445496,0.2741631269454956,-0.07381689548492432
0.5553910732269287,1.0085067749023438,8.336033374689578e-07,0.47270122170448303,0.935687780380249,-0.06074628233909607,0.4439123868942261,0.7900683283805847,-0.08403639495372772,0.5238299369812012,0.657670795917511,-0.10142751038074493,0.6027215123176575,0.577625036239624,-0.11651493608951569,0.4051969647407532,0.553865909576416,-0.022970885038375854,0.3665735423564911,0.36215364933013916,-0.041745901107788086,0.3497176170349121,0.2493656575679779,-0.06487594544887543,0.33968275785446167,0.155037522315979,-0.08616939187049866,0.4864412248134613,0.5204787254333496,-0.0185624361038208,0.47091183066368103,0.3146902024745941,-0.028091581538319588,0.4667181968688965,0.2000853717327118,-0.053642917424440384,0.4625680446624756,0.10809096693992615,-0.07712611556053162,0.5610533356666565,0.5351285934448242,-0.023124542087316513,0.5639808177947998,0.34823089838027954,-0.03621111810207367,0.5612382292747498,0.23707321286201477,-0.06329751759767532,0.5553491711616516,0.14090627431869507,-0.0878266766667366,0.635453999042511,0.5813213586807251,-0.03465939685702324,0.652080237865448,0.44137683510780334,-0.04836602136492729,0.6545335054397583,0.3543321490287781,-0.05997762829065323,0.6564594507217407,0.2732798159122467,-0.07234715670347214
0.5511789321899414,1.0009411573410034,8.25440508833708e-07,0.4683268368244171,0.9239742755889893,-0.0575714036822319,0.4426800012588501,0.7779447436332703,-0.07924801111221313,0.5262542366981506,0.6511141061782837,-0.09603135287761688,0.606687068939209,0.5748669505119324,-0.11078641563653946,0.4029417634010315,0.5531712770462036,-0.018469424918293953,0.36450618505477905,0.363884836435318,-0.03694472089409828,0.3486078977584839,0.25441423058509827,-0.059705700725317,0.339412659406662,0.1604754626750946,-0.08052895963191986,0.48294079303741455,0.5205343961715698,-0.01564689911901951,0.468057245016098,0.31557634472846985,-0.025312479585409164,0.4642127752304077,0.20009922981262207,-0.05162264034152031,0.4603714346885681,0.10599914193153381,-0.0755484402179718,0.5573379397392273,0.5354170799255371,-0.02174452878534794,0.5613771677017212,0.35185444355010986,-0.035242240875959396,0.5589260458946228,0.23920276761054993,-0.06395100802183151,0.5523350834846497,0.1411374807357788,-0.0892924889922142,0.6314658522605896,0.5803780555725098,-0.034460220485925674,0.64862060546875,0.44218000769615173,-0.048128459602594376,0.6502996683120728,0.35433921217918396,-0.060081347823143005,0.6509498953819275,0.27260148525238037,-0.07271037250757217
0.5530596971511841,1.0066756010055542,8.103926916191995e-07,0.4681681990623474,0.9311739802360535,-0.05842658504843712,0.4425065219402313,0.7848484516143799,-0.08041074872016907,0.5240857005119324,0.6562553644180298,-0.09725552797317505,0.6020273566246033,0.577154278755188,-0.11183243989944458,0.4006233215332031,0.5559939742088318,-0.017906462773680687,0.3631435036659241,0.36712801456451416,-0.037290725857019424,0.347273051738739,0.2560804486274719,-0.0616462379693985,0.3379287123680115,0.16161182522773743,-0.08387933671474457,0.4815618395805359,0.521986722946167,-0.015363571234047413,0.46566271781921387,0.3192463219165802,-0.026369253173470497,0.4615543484687805,0.20338943600654602,-0.054731372743844986,0.4570416510105133,0.10795578360557556,-0.08015378564596176,0.5560625791549683,0.5362640023231506,-0.021808333694934845,0.5580869913101196,0.35333067178726196,-0.03674734756350517,0.555458664894104,0.2418866753578186,-0.06626860797405243,0.5490519404411316,0.14443856477737427,-0.09209983050823212,0.6310670375823975,0.5822135210037231,-0.0349184051156044,0.6462745070457458,0.44290003180503845,-0.04990553483366966,0.6477856040000916,0.35610097646713257,-0.06237447261810303,0.6481530070304871,0.27524709701538086,-0.07523656636476517
0.5552978515625,1.0015287399291992,7.924655278657156e-07,0.4694998860359192,0.9292805194854736,-0.05717938020825386,0.43829435110092163,0.7864819169044495,-0.07915394753217697,0.515143632888794,0.6578831672668457,-0.09596128016710281,0.5922501087188721,0.5776108503341675,-0.11069093644618988,0.4020532965660095,0.5524493455886841,-0.018779702484607697,0.36175769567489624,0.36428511142730713,-0.03695477917790413,0.3440713882446289,0.25345519185066223,-0.05991288647055626,0.3329962193965912,0.1601986587047577,-0.08113225549459457,0.48256853222846985,0.5188614130020142,-0.01612751930952072,0.46616244316101074,0.3160695433616638,-0.02552942745387554,0.4601998031139374,0.20343169569969177,-0.05124291777610779,0.4539557099342346,0.11326485872268677,-0.07481291890144348,0.556239128112793,0.5331048369407654,-0.022245094180107117,0.5582671761512756,0.3489531874656677,-0.035133641213178635,0.553463876247406,0.2384033203125,-0.06221143528819084,0.5450671315193176,0.14244812726974487,-0.08675239980220795,0.6295061111450195,0.5789432525634766,-0.03499565273523331,0.6445615887641907,0.43974804878234863,-0.048730891197919846,0.6451008319854736,0.35244470834732056,-0.06021050363779068,0.6444726586341858,0.2706559896469116,-0.07246243953704834
0.5530487895011902,1.0047767162322998,7.996764566087222e-07,0.4696856141090393,0.9289354085922241,-0.0565631203353405,0.44149136543273926,0.7834828495979309,-0.07723338901996613,0.5236257314682007,0.6576085686683655,-0.09307274222373962,0.6048791408538818,0.583808422088623,-0.10681003332138062,0.4015468955039978,0.5526753664016724,-0.014521501027047634,0.3619571924209595,0.3676556348800659,-0.03161796182394028,0.3444683849811554,0.2581884264945984,-0.054239097982645035,0.3332880735397339,0.16517511010169983,-0.07535423338413239,0.48204001784324646,0.5205987095832825,-0.012166932225227356,0.4650624990463257,0.31955811381340027,-0.02072984352707863,0.45968198776245117,0.20606958866119385,-0.04670976847410202,0.4542650580406189,0.11344024538993835,-0.07043615728616714,0.5565360188484192,0.5358512997627258,-0.018777815625071526,0.557121992111206,0.35493940114974976,-0.03131211921572685,0.5522614121437073,0.24285641312599182,-0.05921783298254013,0.5439074635505676,0.1443963348865509,-0.08405786752700806,0.6306353211402893,0.581584632396698,-0.03209257870912552,0.643691897392273,0.4423806071281433,-0.04528157040476799,0.6428540349006653,0.35523173213005066,-0.05659938231110573,0.6413791179656982,0.2735181152820587,-0.06870618462562561
0.552889883518219,1.0047953128814697,7.903377081674989e-07,0.4680722951889038,0.9266703724861145,-0.05530695989727974,0.4417096674442291,0.782902717590332,-0.07565537840127945,0.5231425166130066,0.6576802730560303,-0.09125051647424698,0.6029426455497742,0.5839062333106995,-0.10453569144010544,0.4018033742904663,0.551142156124115,-0.012762192636728287,0.36201995611190796,0.36674991250038147,-0.029021836817264557,0.3440752625465393,0.2579124867916107,-0.051158029586076736,0.33231425285339355,0.16556182503700256,-0.07183081656694412,0.4820672273635864,0.5192899703979492,-0.010561080649495125,0.46620187163352966,0.3191147744655609,-0.01850530132651329,0.4603999853134155,0.20654591917991638,-0.04373704642057419,0.45408183336257935,0.1158696711063385,-0.06675689667463303,0.5561560392379761,0.5346278548240662,-0.01720648631453514,0.5578081607818604,0.35358723998069763,-0.028964411467313766,0.5527511835098267,0.24248984456062317,-0.05582772195339203,0.5436270236968994,0.14541023969650269,-0.07981831580400467,0.6296424865722656,0.5806168913841248,-0.030457617715001106,0.6433764100074768,0.4413570165634155,-0.04286528378725052,0.6428179740905762,0.3543129861354828,-0.053376566618680954,0.6411948800086975,0.27294448018074036,-0.06469250470399857
0.5501667261123657,1.0031177997589111,7.860203936616017e-07,0.46740880608558655,0.9263235330581665,-0.05636943131685257,0.4428767263889313,0.7809329032897949,-0.07467100769281387,0.5268512964248657,0.6552565097808838,-0.08791043609380722,0.6069239974021912,0.5826916694641113,-0.09884118288755417,0.4002862572669983,0.5508464574813843,-0.009413158521056175,0.3603712022304535,0.3675719201564789,-0.02353978157043457,0.3422594666481018,0.2593914568424225,-0.04462685063481331,0.330549418926239,0.16774508357048035,-0.06472163647413254,0.4809242784976959,0.5202574729919434,-0.006179411429911852,0.46434837579727173,0.32048264145851135,-0.011563140898942947,0.45904332399368286,0.20741930603981018,-0.03627161681652069,0.4537159204483032,0.11518228054046631,-0.05938494950532913,0.554854154586792,0.5370640754699707,-0.012360099703073502,0.5556330680847168,0.36018919944763184,-0.02308177761733532,0.5498130917549133,0.248567134141922,-0.05135626345872879,0.5415626764297485,0.14996948838233948,-0.0766010731458664,0.6289702653884888,0.5829180479049683,-0.025299252942204475,0.640660285949707,0.4442481994628906,-0.037606000900268555,0.6394592523574829,0.35863709449768066,-0.04908093437552452,0.6383300423622131,0.27756020426750183,-0.06144034117460251
0.5489627122879028,1.00075364112854,8.182342980944668e-07,0.46398743987083435,0.9201110601425171,-0.059906791895627975,0.4427627623081207,0.7780165672302246,-0.07937406003475189,0.5293726325035095,0.6547726988792419,-0.09321665018796921,0.6101396083831787,0.5832896828651428,-0.10398735105991364,0.4004182517528534,0.5496397614479065,-0.006566439755260944,0.35984158515930176,0.36754655838012695,-0.01948525384068489,0.34160685539245605,0.25946712493896484,-0.04093145951628685,0.32999300956726074,0.16829025745391846,-0.06132732704281807,0.48081281781196594,0.520140528678894,-0.0011683416087180376,0.46426403522491455,0.3215225338935852,-0.005462623666971922,0.45778176188468933,0.2089514136314392,-0.030922599136829376,0.45086556673049927,0.1174432635307312,-0.054571520537137985,0.5542079210281372,0.5368843674659729,-0.005718438886106014,0.5541847348213196,0.3597017228603363,-0.01537746749818325,0.5478729605674744,0.24824342131614685,-0.043858446180820465,0.5391848087310791,0.15176141262054443,-0.06911393254995346,0.628831684589386,0.5817011594772339,-0.01750049740076065,0.6400772929191589,0.4420817792415619,-0.028197316452860832,0.6383421421051025,0.35515639185905457,-0.03930872306227684,0.6365195512771606,0.2731750011444092,-0.051462218165397644
0.5485756397247314,1.0054857730865479,8.208676831600314e-07,0.4661853611469269,0.9249845147132874,-0.058791324496269226,0.4462313652038574,0.7755861282348633,-0.07742716372013092,0.5345534682273865,0.6510394215583801,-0.09044758230447769,0.6189013123512268,0.5865648984909058,-0.10036049038171768,0.39798516035079956,0.5513752698898315,-0.008555998094379902,0.3567039966583252,0.3677263557910919,-0.022013040259480476,0.3385562598705292,0.258777916431427,-0.0433974526822567,0.326751708984375,0.16682830452919006,-0.06377356499433517,0.4775198698043823,0.5209274291992188,-0.0038879052735865116,0.45937395095825195,0.32227885723114014,-0.008960873819887638,0.4540840983390808,0.20698386430740356,-0.033695731312036514,0.4493216872215271,0.11474806070327759,-0.05642765015363693,0.5511700510978699,0.5380899906158447,-0.008837335743010044,0.5492140054702759,0.3597780466079712,-0.018390320241451263,0.5424185991287231,0.24727019667625427,-0.04568326473236084,0.5340011119842529,0.15042835474014282,-0.06990264356136322,0.6267861723899841,0.5843265652656555,-0.020988527685403824,0.6368961930274963,0.446294367313385,-0.030941544100642204,0.6340133547782898,0.35993486642837524,-0.0406341552734375,0.631810188293457,0.2792262136936188,-0.051520831882953644
0.5478549003601074,1.0054826736450195,8.097724730760092e-07,0.4640304446220398,0.9232735633850098,-0.05659110099077225,0.44376716017723083,0.7754076719284058,-0.07464418560266495,0.5321788787841797,0.6527798175811768,-0.08762306720018387,0.6162189841270447,0.5895161032676697,-0.09754043072462082,0.3984886407852173,0.5501539707183838,-0.005221512168645859,0.3574593961238861,0.36895042657852173,-0.017724309116601944,0.33873337507247925,0.26217809319496155,-0.038721777498722076,0.32684260606765747,0.17109724879264832,-0.058939605951309204,0.4774037301540375,0.5204712748527527,-0.0014304846990853548,0.45899665355682373,0.32278022170066833,-0.006130657158792019,0.4530545771121979,0.20916315913200378,-0.031213363632559776,0.4477807283401489,0.11726418137550354,-0.05420367792248726,0.5505892634391785,0.5373181104660034,-0.007070683874189854,0.5480945706367493,0.3590657413005829,-0.016119910404086113,0.5414361953735352,0.2467837631702423,-0.04348276928067207,0.5323469042778015,0.15002590417861938,-0.06765882670879364,0.6255747079849243,0.5835909843444824,-0.019716164097189903,0.6355082392692566,0.44497358798980713,-0.028600307181477547,0.6327675580978394,0.357743501663208,-0.037967853248119354,0.6302222013473511,0.2765215039253235,-0.04874086007475853
0.5469686985015869,0.9987958669662476,8.249773486568301e-07,0.46051710844039917,0.9129727482795715,-0.055701419711112976,0.44228309392929077,0.7671017050743103,-0.07350652664899826,0.5306758284568787,0.6479483842849731,-0.08691133558750153,0.6123120784759521,0.5840596556663513,-0.09742843359708786,0.397114098072052,0.5481042861938477,-0.0002994503593072295,0.3548750579357147,0.3671778738498688,-0.011397106572985649,0.3362554907798767,0.26098427176475525,-0.03187862038612366,0.3244251608848572,0.17146036028862,-0.051416750997304916,0.47657033801078796,0.5196546316146851,0.0033922712318599224,0.4571194052696228,0.32125914096832275,0.001451203366741538,0.4496471881866455,0.2083371877670288,-0.022895054891705513,0.4435521364212036,0.11715486645698547,-0.04564538970589638,0.550054132938385,0.5366765856742859,-0.0026056705974042416,0.546818733215332,0.35897204279899597,-0.008491352200508118,0.5387912392616272,0.24766340851783752,-0.0345718190073967,0.5297431945800781,0.15265852212905884,-0.058487433940172195,0.62547767162323,0.5820818543434143,-0.01583602838218212,0.6337761878967285,0.444131076335907,-0.021785428747534752,0.629410982131958,0.3593679964542389,-0.02926808036863804,0.6261372566223145,0.2801658809185028,-0.03908582404255867
0.546005129814148,0.9930741786956787,8.178669759217883e-07,0.4605318307876587,0.9109268188476562,-0.05615023896098137,0.43972593545913696,0.7677048444747925,-0.0747470110654831,0.5258690714836121,0.6471352577209473,-0.08908501267433167,0.6071001887321472,0.5812341570854187,-0.10074423253536224,0.3932033181190491,0.5509521961212158,-0.0006333129131235182,0.35176122188568115,0.37247413396835327,-0.012151535600423813,0.33319753408432007,0.2673394978046417,-0.03368709608912468,0.3207046389579773,0.17692047357559204,-0.054590579122304916,0.4721411466598511,0.5216403603553772,0.002369046676903963,0.45197731256484985,0.3261159658432007,-0.0007052159053273499,0.4442082345485687,0.212151437997818,-0.027159743010997772,0.4375796914100647,0.11706620454788208,-0.052015021443367004,0.5452055931091309,0.5374795794487,-0.004242980852723122,0.5405355095863342,0.36281532049179077,-0.010944255627691746,0.5320809483528137,0.2514630854129791,-0.03814663365483284,0.522455632686615,0.15510016679763794,-0.06333068758249283,0.620834469795227,0.5819820165634155,-0.018165137618780136,0.6274809241294861,0.44558387994766235,-0.02478114329278469,0.6228159070014954,0.3606075644493103,-0.03294023498892784,0.6193791627883911,0.2809850573539734,-0.04373708739876747
0.543954074382782,0.9888324737548828,7.965921895447536e-07,0.4575693905353546,0.9066054821014404,-0.05315452441573143,0.43744680285453796,0.7658957839012146,-0.07063765078783035,0.5210745930671692,0.6473469734191895,-0.08399777114391327,0.5984317660331726,0.5833405256271362,-0.09473002701997757,0.39239591360092163,0.5508316159248352,-0.0005794254248030484,0.34992319345474243,0.37279048562049866,-0.012294260784983635,0.3312404751777649,0.26759424805641174,-0.03375447541475296,0.31931963562965393,0.1777302324771881,-0.05452482029795647,0.4709125757217407,0.5213979482650757,0.0014650245429947972,0.45085495710372925,0.3264095187187195,-0.0032856077887117863,0.4431246221065521,0.21522733569145203,-0.030327847227454185,0.4357750713825226,0.12381494045257568,-0.05512227490544319,0.5433180332183838,0.5369670391082764,-0.005556244868785143,0.5389874577522278,0.36215734481811523,-0.014418148435652256,0.530381441116333,0.2517554759979248,-0.04224826395511627,0.5203930139541626,0.15759378671646118,-0.06732378154993057,0.6191474199295044,0.5808448791503906,-0.019264571368694305,0.6255347728729248,0.4440615773200989,-0.027418488636612892,0.6212782859802246,0.358481228351593,-0.036415934562683105,0.6175162196159363,0.27776336669921875,-0.04760109633207321
0.5450888872146606,0.9917372465133667,8.134151130434475e-07,0.4567359387874603,0.9135141372680664,-0.05608082190155983,0.4356251060962677,0.7700018286705017,-0.07328052073717117,0.5171568989753723,0.6484578251838684,-0.0857795923948288,0.59317547082901,0.5783547759056091,-0.09542141854763031,0.38963207602500916,0.554058313369751,0.00018511938105802983,0.346842885017395,0.3761577308177948,-0.01067736092954874,0.32633477449417114,0.26947060227394104,-0.032080620527267456,0.31239938735961914,0.17924007773399353,-0.05302678793668747,0.46828681230545044,0.5234889388084412,0.0037842828314751387,0.4471379220485687,0.32839280366897583,0.00035212934017181396,0.439209520816803,0.21530982851982117,-0.02642979472875595,0.4317512810230255,0.12322619557380676,-0.05135585367679596,0.5395908355712891,0.5385617017745972,-0.0022433281410485506,0.5346808433532715,0.3624369502067566,-0.010399567894637585,0.5248808264732361,0.2508329749107361,-0.0388537235558033,0.5139056444168091,0.15611231327056885,-0.06477954983711243,0.6137019395828247,0.5816465616226196,-0.015310648828744888,0.6206983327865601,0.4447270631790161,-0.024119289591908455,0.6162064075469971,0.3588075637817383,-0.034333065152168274,0.611841082572937,0.27704161405563354,-0.04651837795972824
0.5463000535964966,0.9948740005493164,7.701042363805755e-07,0.45773035287857056,0.9173157215118408,-0.053003985434770584,0.4344215393066406,0.7745805382728577,-0.0692242980003357,0.5139725208282471,0.6518487930297852,-0.08106427639722824,0.5900346040725708,0.5822554230690002,-0.09012997895479202,0.3904186189174652,0.5526289343833923,0.0010978837963193655,0.34733128547668457,0.3761475682258606,-0.009429438039660454,0.32602548599243164,0.27122145891189575,-0.030354004353284836,0.3117296099662781,0.18138167262077332,-0.051196467131376266,0.4686388075351715,0.5219467878341675,0.00336475670337677,0.44598037004470825,0.32849743962287903,-0.0004816815780941397,0.43692365288734436,0.21795284748077393,-0.027053747326135635,0.428594708442688,0.12772542238235474,-0.051683176308870316,0.5400084257125854,0.5369579792022705,-0.003546943189576268,0.5334653258323669,0.3612619638442993,-0.012508098967373371,0.5232035517692566,0.2514350712299347,-0.0407961942255497,0.5116217732429504,0.15714386105537415,-0.06633855402469635,0.6143627166748047,0.5807320475578308,-0.017056822776794434,0.6196874976158142,0.4438202381134033,-0.026771457865834236,0.6151066422462463,0.3584345579147339,-0.03727053478360176,0.6105018258094788,0.27674007415771484,-0.049428731203079224
0.5463777184486389,0.9946931600570679,7.780285500302853e-07,0.45712289214134216,0.9159383773803711,-0.05247382074594498,0.43421366810798645,0.7733532190322876,-0.06865020096302032,0.5135005712509155,0.6514599323272705,-0.08061131834983826,0.5891232490539551,0.5823014378547668,-0.08975624293088913,0.39038020372390747,0.5521740317344666,0.0023419740609824657,0.34749871492385864,0.3758467435836792,-0.0074801016598939896,0.3260352611541748,0.2713804244995117,-0.027927959337830544,0.3115153908729553,0.1817454993724823,-0.048409152776002884,0.4687592685222626,0.5218086838722229,0.004574960097670555,0.4461631774902344,0.32773420214653015,0.00182393379509449,0.43724745512008667,0.21736320853233337,-0.024152342230081558,0.4291149079799652,0.12671643495559692,-0.04853370413184166,0.5399900078773499,0.5371269583702087,-0.00230475515127182,0.5337029099464417,0.3609687089920044,-0.009976338595151901,0.5237287878990173,0.2512052059173584,-0.03733772411942482,0.512491762638092,0.15726631879806519,-0.062472619116306305,0.6141310930252075,0.5813021659851074,-0.015811244025826454,0.6194771528244019,0.4446585774421692,-0.023946937173604965,0.6149851083755493,0.35953661799430847,-0.033282484859228134,0.6106089353561401,0.2780572474002838,-0.044826850295066833
0.5436486005783081,0.9906392097473145,7.84542351084383e-07,0.456781268119812,0.9135528802871704,-0.05212397873401642,0.4309998154640198,0.7699859142303467,-0.068546362221241,0.5127444267272949,0.6479848027229309,-0.08107727766036987,0.5896570086479187,0.5819513201713562,-0.09134659916162491,0.3869616985321045,0.5506497621536255,-0.0005440993118099868,0.34363120794296265,0.37434205412864685,-0.011141421273350716,0.32383477687835693,0.27095943689346313,-0.030824601650238037,0.31174927949905396,0.1833491027355194,-0.050091665238142014,0.46483170986175537,0.5199702978134155,0.0015589195536449552,0.44183677434921265,0.3266322910785675,-0.0001896145986393094,0.43303507566452026,0.21729594469070435,-0.02371472679078579,0.4264443814754486,0.12764403223991394,-0.04613169655203819,0.5372345447540283,0.5345853567123413,-0.005550601985305548,0.5312097072601318,0.35981467366218567,-0.011621732264757156,0.5220640301704407,0.25179237127304077,-0.037560537457466125,0.5122673511505127,0.15884077548980713,-0.061731480062007904,0.6110163331031799,0.5778381824493408,-0.019483523443341255,0.6160205602645874,0.44168782234191895,-0.026973247528076172,0.6108866930007935,0.35867610573768616,-0.035763952881097794,0.6070228815078735,0.28031450510025024,-0.04666036739945412
0.5416513681411743,0.9912976622581482,7.952128839860961e-07,0.45385029911994934,0.9144318699836731,-0.05423816293478012,0.43009090423583984,0.7704386711120605,-0.07092203199863434,0.5132063627243042,0.6477472186088562,-0.08291658759117126,0.5896273851394653,0.5803694128990173,-0.0921650305390358,0.38568317890167236,0.5524695515632629,-0.00039807005668990314,0.34234756231307983,0.37584567070007324,-0.009825851768255234,0.3221524953842163,0.2725343108177185,-0.029348038136959076,0.30937036871910095,0.18446537852287292,-0.04883456230163574,0.4640823304653168,0.5219413042068481,0.0035621251445263624,0.4412262439727783,0.32840582728385925,0.0019742900040000677,0.4331068694591522,0.21979615092277527,-0.02225732058286667,0.42660126090049744,0.13084709644317627,-0.04523181542754173,0.5358688235282898,0.5364343523979187,-0.0016814867267385125,0.5290842056274414,0.3617898225784302,-0.007454163394868374,0.5197066068649292,0.2531079351902008,-0.03333136439323425,0.5100255608558655,0.16023394465446472,-0.05751881003379822,0.6102928519248962,0.5785983204841614,-0.013848047703504562,0.6150398850440979,0.4423496425151825,-0.019957536831498146,0.6105267405509949,0.358235239982605,-0.028042148798704147,0.6071927547454834,0.278840035200119,-0.038718994706869125
0.5428101420402527,0.9949811697006226,8.441436420980608e-07,0.4533393681049347,0.9146885871887207,-0.05438113957643509,0.4308815002441406,0.7657560110092163,-0.06895029544830322,0.5126747488975525,0.6401672959327698,-0.07934778928756714,0.5875470042228699,0.5751663446426392,-0.0865519791841507,0.3832814693450928,0.5532550811767578,0.009363747201859951,0.339870423078537,0.3775954246520996,0.0038988979067653418,0.31948965787887573,0.27339228987693787,-0.013140433467924595,0.3066873550415039,0.18629801273345947,-0.03083231672644615,0.46256113052368164,0.5242081880569458,0.013757829554378986,0.4392014741897583,0.3304135799407959,0.017454715445637703,0.43043023347854614,0.2202863097190857,-0.002671816386282444,0.42291978001594543,0.13000622391700745,-0.022442098706960678,0.5339792966842651,0.539311945438385,0.007915862835943699,0.5272045135498047,0.365057110786438,0.005789763759821653,0.5174189209938049,0.2550469934940338,-0.016437076032161713,0.5082038044929504,0.16234716773033142,-0.03795117884874344,0.6090265512466431,0.5804898142814636,-0.005471423268318176,0.6138910055160522,0.4450027346611023,-0.009496885351836681,0.6091973781585693,0.3610377311706543,-0.01564060151576996,0.6059429049491882,0.2809486985206604,-0.024648994207382202
0.5439573526382446,0.995145320892334,7.960149446262221e-07,0.4534361958503723,0.9153928756713867,-0.04993010312318802,0.4287145435810089,0.7683374285697937,-0.0634361132979393,0.5084855556488037,0.6440631747245789,-0.07325045019388199,0.583213210105896,0.5805788636207581,-0.0803789421916008,0.3842313885688782,0.552346408367157,0.009186308830976486,0.3403802812099457,0.3771776556968689,0.003315263194963336,0.3188372254371643,0.2739919126033783,-0.014716677367687225,0.3041599988937378,0.18605655431747437,-0.033642809838056564,0.46276161074638367,0.5224736928939819,0.011342802084982395,0.4397549033164978,0.3298356831073761,0.013167439959943295,0.43104469776153564,0.22147750854492188,-0.00935410801321268,0.42357349395751953,0.13334521651268005,-0.031287360936403275,0.5339807868003845,0.537076473236084,0.004221667535603046,0.5260918140411377,0.3634786903858185,0.0009250448783859611,0.5153694152832031,0.2545362114906311,-0.02313413843512535,0.5046964883804321,0.16153770685195923,-0.04634964466094971,0.6089120507240295,0.579140841960907,-0.009736730717122555,0.612858772277832,0.4431781768798828,-0.013910307548940182,0.6079601049423218,0.3599326014518738,-0.020312046632170677,0.6041394472122192,0.2806732654571533,-0.030011998489499092
0.5408030152320862,0.9936306476593018,7.967219630700129e-07,0.451312392950058,0.9104625582695007,-0.04883436858654022,0.4292427599430084,0.765141487121582,-0.06196998059749603,0.5098930597305298,0.6437534093856812,-0.0721108689904213,0.5845873355865479,0.5812064409255981,-0.07965047657489777,0.3844040632247925,0.5527545213699341,0.013280344195663929,0.3396807312965393,0.37804025411605835,0.00809733010828495,0.3172534704208374,0.2754746377468109,-0.00977635569870472,0.30226871371269226,0.18830814957618713,-0.02848144620656967,0.46234259009361267,0.5231421589851379,0.014764205552637577,0.43810737133026123,0.33064791560173035,0.017508739605545998,0.42888545989990234,0.22193574905395508,-0.005092740524560213,0.421747624874115,0.13363602757453918,-0.026938479393720627,0.5335197448730469,0.5375881791114807,0.006788387894630432,0.5253084301948547,0.36293721199035645,0.00448022922500968,0.5146850943565369,0.2531307637691498,-0.018880195915699005,0.5048236846923828,0.1604941487312317,-0.041529156267642975,0.6093595027923584,0.5790364146232605,-0.008121350780129433,0.6124095320701599,0.4425736665725708,-0.01145957037806511,0.6067193150520325,0.3577819764614105,-0.017263799905776978,0.6021836400032043,0.27703842520713806,-0.02644209936261177
0.5423074960708618,0.9989763498306274,7.926935268187663e-07,0.450770765542984,0.915947437286377,-0.048529673367738724,0.42902877926826477,0.7669527530670166,-0.05984373390674591,0.5096820592880249,0.6422569751739502,-0.0679626539349556,0.5833261013031006,0.5779305696487427,-0.0729927346110344,0.3830980062484741,0.5530322790145874,0.01753438450396061,0.3385848104953766,0.37834474444389343,0.014880822040140629,0.3166843056678772,0.27582964301109314,-0.001303545548580587,0.3023419976234436,0.18869176506996155,-0.01899128220975399,0.4625228941440582,0.5225852131843567,0.01967732049524784,0.43769749999046326,0.3308444023132324,0.025078242644667625,0.42856365442276,0.22193282842636108,0.004857814870774746,0.42101049423217773,0.13389530777931213,-0.015185288153588772,0.533858597278595,0.5375186204910278,0.011989639140665531,0.5255416035652161,0.3632848262786865,0.011292949318885803,0.5146792531013489,0.25401297211647034,-0.010075992904603481,0.5048292279243469,0.16154468059539795,-0.03125510737299919,0.6102589964866638,0.5794215202331543,-0.0027514139655977488,0.6125965118408203,0.4431234300136566,-0.005348653998225927,0.6065686941146851,0.358953058719635,-0.01029871217906475,0.6016504168510437,0.2777269780635834,-0.018638653680682182
0.544917643070221,0.9952069520950317,7.924391525193641e-07,0.4522150754928589,0.9139459729194641,-0.05100216343998909,0.42760589718818665,0.7695866823196411,-0.06535384058952332,0.506288468837738,0.6442962288856506,-0.07621048390865326,0.5812029838562012,0.5792683959007263,-0.08400458842515945,0.38574957847595215,0.5518889427185059,0.0114243533462286,0.3403342664241791,0.37724533677101135,0.0061977580189704895,0.31761348247528076,0.27477023005485535,-0.01136813871562481,0.3023354709148407,0.18742144107818604,-0.029755305498838425,0.46360641717910767,0.5214271545410156,0.014118324033915997,0.43916815519332886,0.3286502957344055,0.017089521512389183,0.429978609085083,0.22057867050170898,-0.004363943822681904,0.42280876636505127,0.13305985927581787,-0.02517019212245941,0.5345839262008667,0.5352627038955688,0.007178551517426968,0.5253000259399414,0.3609744906425476,0.005741263274103403,0.5138615369796753,0.25233757495880127,-0.016422530636191368,0.5029060244560242,0.16065603494644165,-0.03819655999541283,0.6105237007141113,0.5773600339889526,-0.006978186313062906,0.6127177476882935,0.4414063096046448,-0.008851357735693455,0.6064074039459229,0.3582204580307007,-0.013748849742114544,0.6012566089630127,0.28000178933143616,-0.022207507863640785
0.5427929162979126,0.994953989982605,7.95991297763976e-07,0.4518062472343445,0.911459743976593,-0.04887326434254646,0.42993149161338806,0.7645952701568604,-0.061238210648298264,0.5092493295669556,0.6407807469367981,-0.07078138738870621,0.5829695463180542,0.5768920183181763,-0.07742318511009216,0.3870179057121277,0.5503661632537842,0.017284872010350227,0.34254997968673706,0.378103643655777,0.014261879958212376,0.31966233253479004,0.27589210867881775,-0.0019302068976685405,0.3042483627796173,0.18833273649215698,-0.019435875117778778,0.46450644731521606,0.521298885345459,0.018981007859110832,0.4392850995063782,0.3307420015335083,0.024313664063811302,0.4300157427787781,0.22170746326446533,0.00430839229375124,0.4234846234321594,0.1326715648174286,-0.015423402190208435,0.5356892347335815,0.5361297130584717,0.010876121930778027,0.526231586933136,0.3647581934928894,0.0112422164529562,0.5151143670082092,0.2552955448627472,-0.00932280346751213,0.5046615600585938,0.16237086057662964,-0.030028384178876877,0.6115137338638306,0.5786650776863098,-0.004537513013929129,0.6137394905090332,0.4433135390281677,-0.0051387944258749485,0.6080097556114197,0.36042383313179016,-0.008729217574000359,0.6037480235099792,0.2818199396133423,-0.01622571423649788
0.5440442562103271,0.9953299760818481,8.016434094315628e-07,0.4540783166885376,0.9142032861709595,-0.050368327647447586,0.43102723360061646,0.7657939195632935,-0.06296488642692566,0.5106781721115112,0.640404999256134,-0.07257141172885895,0.5850217938423157,0.5755872130393982,-0.07891162484884262,0.3868218958377838,0.5496931076049805,0.015628010034561157,0.3429762125015259,0.37711846828460693,0.012172957882285118,0.32062846422195435,0.27464693784713745,-0.00311074685305357,0.30630236864089966,0.18774843215942383,-0.019362226128578186,0.4643591344356537,0.5193848013877869,0.01821962371468544,0.4384111762046814,0.32932740449905396,0.024525059387087822,0.4285828471183777,0.2196151316165924,0.007991541177034378,0.42172208428382874,0.13083550333976746,-0.008568244986236095,0.5361466407775879,0.5337805151939392,0.010508451610803604,0.5268433690071106,0.3603288531303406,0.011145778000354767,0.5164116621017456,0.25193145871162415,-0.006475911475718021,0.5064569115638733,0.16031283140182495,-0.024335911497473717,0.6118190288543701,0.5751142501831055,-0.004835700616240501,0.6137482523918152,0.43919700384140015,-0.006737954914569855,0.6070973873138428,0.3564050495624542,-0.00997023656964302,0.6023525595664978,0.2776687741279602,-0.01615201123058796
0.5425481796264648,0.9927427768707275,8.069106911534618e-07,0.45222529768943787,0.9107102155685425,-0.049954045563936234,0.4303327798843384,0.764370322227478,-0.0629035159945488,0.5097266435623169,0.6408308148384094,-0.07304870337247849,0.5832055807113647,0.5765617489814758,-0.08028475195169449,0.38661831617355347,0.5503522157669067,0.016209470108151436,0.3428490161895752,0.37742751836776733,0.01274761650711298,0.32077035307884216,0.27484196424484253,-0.0032831449061632156,0.30676212906837463,0.18772828578948975,-0.02037043869495392,0.4644206166267395,0.5204965472221375,0.018121477216482162,0.4385932385921478,0.32933080196380615,0.023888980969786644,0.4287981390953064,0.2192176878452301,0.004697072319686413,0.42217564582824707,0.12939301133155823,-0.014355737715959549,0.5359063148498535,0.5346372127532959,0.009963670745491982,0.5271457433700562,0.36158037185668945,0.010457745753228664,0.5171999335289001,0.25277575850486755,-0.009573142975568771,0.5077748894691467,0.16083303093910217,-0.029749929904937744,0.6114135384559631,0.5763511657714844,-0.005687953904271126,0.6137880682945251,0.44008928537368774,-0.007136628031730652,0.6078353524208069,0.3572419583797455,-0.01116462517529726,0.6034242510795593,0.2786203622817993,-0.0186680369079113
0.5498661398887634,0.9955257177352905,8.106886184577888e-07,0.4564620554447174,0.9172506332397461,-0.05141572654247284,0.43153703212738037,0.7688647508621216,-0.06480162590742111,0.5087794065475464,0.6391152143478394,-0.0749029815196991,0.5817714929580688,0.5693890452384949,-0.08148413896560669,0.386576771736145,0.5505670309066772,0.016655059531331062,0.34263360500335693,0.37662529945373535,0.013691154308617115,0.3207162618637085,0.2738117575645447,-0.002096892334520817,0.3063364624977112,0.18659400939941406,-0.019229711964726448,0.46542009711265564,0.519254744052887,0.019530247896909714,0.43950727581977844,0.3285157382488251,0.02545657753944397,0.4302448034286499,0.21928882598876953,0.007298619020730257,0.4230729341506958,0.13059046864509583,-0.010874198749661446,0.5362247228622437,0.5329571962356567,0.01205673348158598,0.5273749232292175,0.3595876693725586,0.012653532437980175,0.5170257091522217,0.25158610939979553,-0.005432639736682177,0.5072231888771057,0.16069117188453674,-0.024141302332282066,0.6119946241378784,0.5747061371803284,-0.0030941267032176256,0.6137883067131042,0.4388039708137512,-0.0042648836970329285,0.6073631048202515,0.3558085262775421,-0.007285419385880232,0.6020583510398865,0.2768057882785797,-0.013889294117689133
0.5482809543609619,0.9931387901306152,8.041652677093225e-07,0.4565751254558563,0.9134371280670166,-0.05006927251815796,0.4305383563041687,0.7679430842399597,-0.06477191299200058,0.5084344148635864,0.6419273614883423,-0.07664697617292404,0.5841628313064575,0.5773648619651794,-0.08600836247205734,0.38791269063949585,0.5514436364173889,0.011471825651824474,0.3426592946052551,0.3778756260871887,0.005177466664463282,0.3198533356189728,0.2747657597064972,-0.01294977217912674,0.30466482043266296,0.18715107440948486,-0.0316881462931633,0.4655943810939789,0.5209959745407104,0.012775454670190811,0.44050008058547974,0.3295811116695404,0.015277599915862083,0.431269109249115,0.2214115858078003,-0.006201975978910923,0.42454928159713745,0.13325753808021545,-0.027160149067640305,0.5366866588592529,0.53394615650177,0.0044052014127373695,0.527515709400177,0.3618510067462921,0.0026185198221355677,0.5161749720573425,0.25364890694618225,-0.01907135359942913,0.5050153136253357,0.16227898001670837,-0.040639378130435944,0.6117227077484131,0.5747182965278625,-0.01126949954777956,0.6138672232627869,0.4393405318260193,-0.01403964962810278,0.6082295775413513,0.35627561807632446,-0.0189850814640522,0.6037338972091675,0.2779442369937897,-0.027478449046611786
0.5437593460083008,0.9865386486053467,7.318130883504637e-07,0.45370736718177795,0.909723162651062,-0.04860685393214226,0.42593926191329956,0.7695128321647644,-0.06503258645534515,0.5008201599121094,0.6499061584472656,-0.07836456596851349,0.5723159909248352,0.5836629867553711,-0.08981093764305115,0.3885688781738281,0.5489014387130737,5.707297896151431e-05,0.3431272506713867,0.375336229801178,-0.01183144561946392,0.3205854296684265,0.273556113243103,-0.033097248524427414,0.3054966926574707,0.18549159169197083,-0.05365265905857086,0.46514904499053955,0.5185014009475708,-0.00010509606363484636,0.44093000888824463,0.32738301157951355,-0.003749173367395997,0.4310276508331299,0.22040274739265442,-0.028907207772135735,0.42352569103240967,0.1330586075782776,-0.05240393802523613,0.5365688800811768,0.5320703387260437,-0.008856632746756077,0.5276774764060974,0.3582203984260559,-0.015935435891151428,0.5163832306861877,0.2501434087753296,-0.041546568274497986,0.5043088793754578,0.1574609875679016,-0.065555639564991,0.6104549169540405,0.5751893520355225,-0.024072252213954926,0.6133886575698853,0.44017720222473145,-0.031198857352137566,0.6073106527328491,0.3571516275405884,-0.03902505710721016,0.6017366647720337,0.27874255180358887,-0.049438681453466415
0.5464754104614258,0.9883162975311279,8.086223601821985e-07,0.45491641759872437,0.911766767501831,-0.05490017309784889,0.4300830364227295,0.7708452343940735,-0.07150369137525558,0.506948709487915,0.6475169658660889,-0.08382955193519592,0.577999472618103,0.5762844085693359,-0.09298743307590485,0.3868662714958191,0.5524671673774719,0.006013266276568174,0.34235262870788574,0.3782309591770172,-0.0011534998193383217,0.32097721099853516,0.27443987131118774,-0.01981816627085209,0.30742979049682617,0.1869068741798401,-0.03870362043380737,0.4649792015552521,0.5213326215744019,0.010245690122246742,0.43995141983032227,0.3292395770549774,0.01207741815596819,0.43079715967178345,0.22008541226387024,-0.010111197829246521,0.423665314912796,0.13118702173233032,-0.03157222643494606,0.5359774827957153,0.5340068340301514,0.004586213734000921,0.5269305109977722,0.3596099615097046,0.0018995915306732059,0.5162779688835144,0.2501894235610962,-0.021238135173916817,0.5058698058128357,0.15801763534545898,-0.04381485655903816,0.6112598180770874,0.5743170976638794,-0.008539083413779736,0.6140736937522888,0.4388597011566162,-0.012513099238276482,0.6078952550888062,0.3552907705307007,-0.019066788256168365,0.6027197241783142,0.2765099108219147,-0.028648020699620247
0.5426343083381653,0.9939110279083252,7.603573521919316e-07,0.45442548394203186,0.9113367199897766,-0.0460071936249733,0.43132179975509644,0.7649796009063721,-0.05883326753973961,0.5085671544075012,0.6425970196723938,-0.06931096315383911,0.5836862325668335,0.5823239684104919,-0.07746811956167221,0.38736188411712646,0.5517683029174805,0.012440711259841919,0.34360867738723755,0.37879687547683716,0.006040812470018864,0.3213258385658264,0.27681171894073486,-0.012361164204776287,0.3060392737388611,0.18987822532653809,-0.03132931888103485,0.464145690202713,0.5211430788040161,0.01200022641569376,0.43996572494506836,0.33108651638031006,0.01307593658566475,0.4305426776409149,0.2222445011138916,-0.009980595670640469,0.42369332909584045,0.13401222229003906,-0.03186127543449402,0.5355889797210693,0.5343651175498962,0.002611311851069331,0.526628851890564,0.3610111474990845,-0.00020224222680553794,0.5161269307136536,0.2528044581413269,-0.023399492725729942,0.5055728554725647,0.16153106093406677,-0.04568691551685333,0.6107308864593506,0.5763768553733826,-0.01345832459628582,0.6125649213790894,0.4394288659095764,-0.016276327893137932,0.6059545874595642,0.35566145181655884,-0.021385623142123222,0.6002544164657593,0.2775476276874542,-0.02993599697947502
0.5437315702438354,0.9956532716751099,7.698546937717765e-07,0.4542905390262604,0.9135352969169617,-0.04571644589304924,0.43048417568206787,0.7660627365112305,-0.05720699205994606,0.5076867938041687,0.6412723064422607,-0.06668467074632645,0.5820826292037964,0.5792573094367981,-0.07324448227882385,0.3867056965827942,0.548976480960846,0.018450245261192322,0.3429129719734192,0.37788650393486023,0.014958435669541359,0.32062241435050964,0.2768804430961609,-0.0009095314890146255,0.30610138177871704,0.19059526920318604,-0.01788966916501522,0.4639301002025604,0.5179571509361267,0.018388329073786736,0.4386877119541168,0.32923686504364014,0.023621393367648125,0.4292401969432831,0.2201533317565918,0.005628311075270176,0.4226728081703186,0.13222196698188782,-0.01223306730389595,0.5354663729667664,0.5313688516616821,0.008581212721765041,0.5265954732894897,0.3585836589336395,0.00900642853230238,0.516555666923523,0.251685231924057,-0.009360430762171745,0.5064336657524109,0.16111937165260315,-0.028032774105668068,0.6106920838356018,0.5729680061340332,-0.008408578112721443,0.6122310161590576,0.4365593194961548,-0.009572814218699932,0.6054040789604187,0.35384753346443176,-0.012542206794023514,0.599895715713501,0.27573543787002563,-0.018976975232362747
0.5410111546516418,0.9908439517021179,7.768698537802265e-07,0.45078617334365845,0.9091037511825562,-0.04967867583036423,0.42612290382385254,0.764133870601654,-0.06405135244131088,0.5049498677253723,0.6422555446624756,-0.07574368268251419,0.5795003771781921,0.581053614616394,-0.08513042330741882,0.3860241770744324,0.5496175289154053,0.011056787334382534,0.3411977291107178,0.37801316380500793,0.004546412732452154,0.31899285316467285,0.2766110301017761,-0.01387978158891201,0.3054366111755371,0.19033947587013245,-0.03278665617108345,0.46373409032821655,0.5191836357116699,0.011982337571680546,0.43799397349357605,0.3288499116897583,0.013894256204366684,0.42828428745269775,0.22006618976593018,-0.008816752582788467,0.42175358533859253,0.13041210174560547,-0.03074139729142189,0.5352577567100525,0.5324547290802002,0.0032621873542666435,0.5266485810279846,0.35958412289619446,0.000363812199793756,0.5163010954856873,0.25137725472450256,-0.02398531138896942,0.5057178735733032,0.15866878628730774,-0.04734367877244949,0.6100037097930908,0.5738534331321716,-0.012542905285954475,0.6119551658630371,0.43833211064338684,-0.01673314906656742,0.6052057147026062,0.35488981008529663,-0.02371828258037567,0.5994800329208374,0.275332510471344,-0.033747490495443344
0.5436285734176636,0.9934194087982178,7.710378326919454e-07,0.45326095819473267,0.9138307571411133,-0.04919247329235077,0.42851632833480835,0.7668468952178955,-0.0623401515185833,0.5072348117828369,0.6411290168762207,-0.07261835038661957,0.5811710357666016,0.577650785446167,-0.08018776029348373,0.3854568600654602,0.5491014122962952,0.014669195748865604,0.3412197530269623,0.3776635527610779,0.010326470248401165,0.31919193267822266,0.2763834297657013,-0.006824260577559471,0.3053940236568451,0.19041818380355835,-0.02511533536016941,0.4638601839542389,0.5185869336128235,0.016026640310883522,0.43812716007232666,0.32928937673568726,0.01949557103216648,0.4287336766719818,0.22075968980789185,-0.00202875304967165,0.42211630940437317,0.13154643774032593,-0.02304430678486824,0.5353019833564758,0.532676637172699,0.007624983787536621,0.5259290337562561,0.3599894642829895,0.0056066750548779964,0.5150471329689026,0.2524595856666565,-0.017306607216596603,0.5044107437133789,0.16039496660232544,-0.03958583250641823,0.6106470823287964,0.5746462345123291,-0.007843902334570885,0.6114518642425537,0.4382500648498535,-0.01140588615089655,0.604257345199585,0.3551282286643982,-0.017354736104607582,0.5985316634178162,0.27565911412239075,-0.02650151588022709
0.5442766547203064,0.9959274530410767,7.771411105750303e-07,0.451789528131485,0.9137575626373291,-0.04650527983903885,0.4287520945072174,0.7673790454864502,-0.0583888404071331,0.5067315697669983,0.6426351070404053,-0.06799519062042236,0.5795793533325195,0.5777139067649841,-0.07486652582883835,0.38321876525878906,0.5511606335639954,0.018986335024237633,0.3399464786052704,0.37809503078460693,0.015393298119306564,0.31883180141448975,0.27645474672317505,-0.0017699963646009564,0.3053123950958252,0.1893940567970276,-0.020140554755926132,0.4616069197654724,0.5201696753501892,0.019332660362124443,0.4363170266151428,0.3299247622489929,0.023907756432890892,0.4271441698074341,0.22107622027397156,0.002786584198474884,0.4201951324939728,0.13206002116203308,-0.01811119355261326,0.5326687097549438,0.5336779952049255,0.010049058124423027,0.5238877534866333,0.36090385913848877,0.009641718119382858,0.5141541361808777,0.25286954641342163,-0.011725674383342266,0.5046584606170654,0.16127443313598633,-0.03318209573626518,0.6084557771682739,0.5756173729896545,-0.006291431840509176,0.6104484796524048,0.4388192296028137,-0.008211933076381683,0.6042382717132568,0.3555498719215393,-0.012777608819305897,0.5984492897987366,0.2766387462615967,-0.021059751510620117
0.5436147451400757,0.9918777346611023,7.098683454387356e-07,0.4530540108680725,0.9074051380157471,-0.03971989452838898,0.42706701159477234,0.7562094926834106,-0.04885849729180336,0.5023118853569031,0.6295846700668335,-0.0572824701666832,0.5800068378448486,0.5757491588592529,-0.06381415575742722,0.38391783833503723,0.5511471629142761,0.021164949983358383,0.34039801359176636,0.3821732997894287,0.016893042251467705,0.31878793239593506,0.28229275345802307,0.00014981272397562861,0.3046642243862152,0.19606700539588928,-0.018088825047016144,0.46029946208000183,0.5186699628829956,0.017540348693728447,0.43519461154937744,0.3312430679798126,0.019644105806946754,0.4270275831222534,0.22304174304008484,-0.002264461712911725,0.42139187455177307,0.13348767161369324,-0.02356545999646187,0.531975269317627,0.530309796333313,0.004891234450042248,0.5222153663635254,0.36081892251968384,0.002259058877825737,0.512031078338623,0.25360721349716187,-0.021522674709558487,0.5009678602218628,0.16123569011688232,-0.044420111924409866,0.6069732904434204,0.5704870820045471,-0.014019511640071869,0.607184112071991,0.43514007329940796,-0.017323793843388557,0.599406898021698,0.3525630235671997,-0.023612936958670616,0.5921590328216553,0.27497389912605286,-0.03328985348343849
0.5454687476158142,0.991544783115387,6.833618044765899e-07,0.4505617618560791,0.9095942378044128,-0.038383565843105316,0.4241330027580261,0.7589373588562012,-0.045845866203308105,0.49681609869003296,0.6308900713920593,-0.05218098685145378,0.5728669166564941,0.5713838338851929,-0.05646255612373352,0.3792816996574402,0.5513776540756226,0.023889955133199692,0.3373035788536072,0.3833177089691162,0.020966798067092896,0.3170435428619385,0.2845420241355896,0.0038906200788915157,0.3034721910953522,0.1984177827835083,-0.01520199328660965,0.45711883902549744,0.5181372761726379,0.020327067002654076,0.43248558044433594,0.33035773038864136,0.022614624351263046,0.4230929911136627,0.2219642996788025,-0.0009528797818347812,0.4141692519187927,0.13155421614646912,-0.02394232712686062,0.5278960466384888,0.5296517610549927,0.00793157797306776,0.5163583159446716,0.36026740074157715,0.0048660277388989925,0.5035736560821533,0.2530110478401184,-0.02089967578649521,0.4897451400756836,0.15996718406677246,-0.04550813511013985,0.6032654643058777,0.5692074298858643,-0.010381695814430714,0.6011857986450195,0.43179845809936523,-0.014973818324506283,0.591740608215332,0.3494150638580322,-0.023220974951982498,0.5819509029388428,0.27123501896858215,-0.034577153623104095
0.5476586222648621,0.9913632869720459,6.912893582011748e-07,0.4496542513370514,0.9072424173355103,-0.03904421254992485,0.42363572120666504,0.7508149743080139,-0.044856783002614975,0.49788030982017517,0.6241040825843811,-0.049680162221193314,0.5740270018577576,0.5693726539611816,-0.05253764986991882,0.3780909776687622,0.554304838180542,0.02807173691689968,0.3337986469268799,0.38618093729019165,0.026204973459243774,0.3113820552825928,0.2868563234806061,0.009302806109189987,0.2959967851638794,0.20165404677391052,-0.009418082423508167,0.45511287450790405,0.5200642943382263,0.025901490822434425,0.4278968572616577,0.333477646112442,0.02995067834854126,0.4175669848918915,0.2260947823524475,0.007345643360167742,0.4088144898414612,0.13710513710975647,-0.014645631425082684,0.525261640548706,0.5290307402610779,0.01444539986550808,0.5100067853927612,0.35779452323913574,0.013494960032403469,0.4961034655570984,0.25054827332496643,-0.010394756682217121,0.48280027508735657,0.1583990454673767,-0.033645614981651306,0.6012433171272278,0.5640558004379272,-0.0033716622274369,0.5961762070655823,0.42634499073028564,-0.005976217333227396,0.5850811004638672,0.34370118379592896,-0.012879213318228722,0.5739970207214355,0.264822393655777,-0.023200616240501404
0.5458475351333618,0.9909814596176147,7.226677780636237e-07,0.4501831531524658,0.9068301320075989,-0.03974922001361847,0.4240167438983917,0.7535581588745117,-0.04747284576296806,0.4974185824394226,0.6273882389068604,-0.05426805093884468,0.5727263689041138,0.5698302984237671,-0.05941680446267128,0.3786950707435608,0.5548980832099915,0.026160255074501038,0.33443769812583923,0.3885727524757385,0.024087203666567802,0.3109755516052246,0.2892410457134247,0.006855634972453117,0.2948126494884491,0.2037810981273651,-0.012588106095790863,0.4557839632034302,0.5218845009803772,0.02337047830224037,0.4308294951915741,0.3358739912509918,0.026767518371343613,0.42344966530799866,0.2290722131729126,0.0029167933389544487,0.4176631569862366,0.13961675763130188,-0.020596608519554138,0.5252977013587952,0.5317081809043884,0.011370142921805382,0.511428952217102,0.36204540729522705,0.009059385396540165,0.49851587414741516,0.2545567750930786,-0.016708875074982643,0.4862068295478821,0.1610608696937561,-0.04173282906413078,0.6006971597671509,0.5675652623176575,-0.006838276982307434,0.5963269472122192,0.43032073974609375,-0.010861719958484173,0.586145281791687,0.3473169803619385,-0.01916697807610035,0.5758348703384399,0.2674131393432617,-0.0310557559132576
0.5517784953117371,0.9911788702011108,6.722431180605781e-07,0.454250305891037,0.909267783164978,-0.03813973069190979,0.4253862500190735,0.7515484094619751,-0.04443404823541641,0.4993058145046234,0.6198803782463074,-0.049597352743148804,0.5769941806793213,0.565500795841217,-0.053102899342775345,0.38184863328933716,0.5543509125709534,0.023947259411215782,0.33649104833602905,0.3869036138057709,0.021366702392697334,0.3127816915512085,0.2884782552719116,0.004852018319070339,0.29671335220336914,0.20354431867599487,-0.013845241628587246,0.4576910436153412,0.5204194188117981,0.021349390968680382,0.43023014068603516,0.3353663682937622,0.023448321968317032,0.42129480838775635,0.2302599847316742,0.0007830063113942742,0.41354840993881226,0.1421678066253662,-0.02124607563018799,0.5271535515785217,0.5299782156944275,0.009910158812999725,0.5118316411972046,0.3597935736179352,0.006047811824828386,0.49851909279823303,0.25468379259109497,-0.019396493211388588,0.4855342507362366,0.1640382707118988,-0.04337361454963684,0.6018936634063721,0.5654486417770386,-0.0073485905304551125,0.5958170890808105,0.4285256266593933,-0.012603417970240116,0.5853329300880432,0.346649706363678,-0.02107936702668667,0.5754818320274353,0.26848092675209045,-0.03244717791676521
0.5553068518638611,0.9894272089004517,6.790431825720589e-07,0.4565694332122803,0.9075618982315063,-0.03800498694181442,0.42705726623535156,0.7505777478218079,-0.04380954056978226,0.4992077946662903,0.6183681488037109,-0.048488516360521317,0.5768988132476807,0.5652282238006592,-0.051502492278814316,0.38199734687805176,0.5545631051063538,0.024717338383197784,0.33621466159820557,0.38755959272384644,0.022211043164134026,0.3124561011791229,0.2889253795146942,0.005688833072781563,0.296234667301178,0.20393377542495728,-0.013002892956137657,0.45768243074417114,0.5205407738685608,0.022158171981573105,0.43048277497291565,0.33526140451431274,0.024437539279460907,0.4220559597015381,0.22939074039459229,0.0017392190638929605,0.4149742126464844,0.14072921872138977,-0.02038034237921238,0.5275271534919739,0.5295961499214172,0.010682187974452972,0.5119367241859436,0.36042290925979614,0.006766858976334333,0.4985714554786682,0.255004346370697,-0.01923845335841179,0.48551782965660095,0.16421309113502502,-0.04360928386449814,0.6027724146842957,0.564186692237854,-0.006605334114283323,0.5964397192001343,0.42816436290740967,-0.012208342552185059,0.5855218172073364,0.34680312871932983,-0.02131645753979683,0.5751274228096008,0.2692606449127197,-0.03318014740943909
0.5561167597770691,0.9878036975860596,6.944965775801393e-07,0.45691385865211487,0.9076396822929382,-0.038873929530382156,0.42627236247062683,0.7484235167503357,-0.04433072730898857,0.4988104999065399,0.6167812347412109,-0.04829675331711769,0.5767084360122681,0.5667467713356018,-0.05056796222925186,0.38486361503601074,0.5522691011428833,0.02312648296356201,0.339377760887146,0.385265052318573,0.020514395087957382,0.31627267599105835,0.28706470131874084,0.0044844308868050575,0.30101478099823,0.2032000720500946,-0.013463135808706284,0.4619485139846802,0.5189815759658813,0.02142835222184658,0.4367750287055969,0.3333779573440552,0.02367541380226612,0.42740151286125183,0.2276725471019745,0.001555261667817831,0.41862210631370544,0.1391390562057495,-0.019795816391706467,0.5325270295143127,0.5280848741531372,0.010783075354993343,0.5185768604278564,0.3594713509082794,0.007041841745376587,0.5044566988945007,0.25478988885879517,-0.018812542781233788,0.48973968625068665,0.16459831595420837,-0.04284589737653732,0.6063188314437866,0.5617862343788147,-0.005743055138736963,0.6012243628501892,0.42760634422302246,-0.011430655606091022,0.5909088850021362,0.3465152978897095,-0.020813273265957832,0.5811353325843811,0.26873502135276794,-0.03264731541275978
0.5563216209411621,0.9864261150360107,6.67375672946946e-07,0.4572618007659912,0.9051080942153931,-0.03579545021057129,0.4259967803955078,0.7478686571121216,-0.04029759019613266,0.4961704611778259,0.6166616678237915,-0.04425840079784393,0.5732442140579224,0.5647598505020142,-0.04669743776321411,0.3851221203804016,0.5507449507713318,0.02681829035282135,0.33989545702934265,0.3854099214076996,0.025143280625343323,0.31630805134773254,0.28793585300445557,0.00955195352435112,0.3004487454891205,0.20404601097106934,-0.00827208161354065,0.46102362871170044,0.5176084041595459,0.023322897031903267,0.43458670377731323,0.3332349956035614,0.02675030566751957,0.42620086669921875,0.22693827748298645,0.005241068080067635,0.41998201608657837,0.1389121413230896,-0.015972180292010307,0.5311905145645142,0.5267426371574402,0.010975093580782413,0.516633927822113,0.35926637053489685,0.00823754072189331,0.5033038854598999,0.25435692071914673,-0.017070336267352104,0.4903591573238373,0.16445505619049072,-0.04099905863404274,0.6055039167404175,0.5607460737228394,-0.007101322524249554,0.5996065735816956,0.4257556200027466,-0.012383896857500076,0.588426947593689,0.34477612376213074,-0.021567313000559807,0.5778089165687561,0.2675270140171051,-0.03335335850715637
0.5556336641311646,0.9897804260253906,6.815919277869398e-07,0.45921775698661804,0.9085479974746704,-0.0396515429019928,0.4299575984477997,0.7538413405418396,-0.04706254601478577,0.5016470551490784,0.6245078444480896,-0.05293719097971916,0.5754125118255615,0.5644832849502563,-0.05708906799554825,0.3875950276851654,0.5524264574050903,0.020769508555531502,0.3429257273674011,0.3845673203468323,0.01626514084637165,0.3192577362060547,0.2860391438007355,-0.0014307124074548483,0.30264812707901,0.20094707608222961,-0.02080494724214077,0.4645998477935791,0.5189913511276245,0.018324781209230423,0.43996143341064453,0.333734393119812,0.018678149208426476,0.43094223737716675,0.2284604012966156,-0.005491714924573898,0.4218748211860657,0.13994544744491577,-0.028671396896243095,0.5342392921447754,0.5295163989067078,0.007015557494014502,0.5214962959289551,0.36005064845085144,0.001004338264465332,0.5072587132453918,0.2550560235977173,-0.02582539990544319,0.4920906126499176,0.16328582167625427,-0.05065425485372543,0.6083852052688599,0.5665913224220276,-0.010048327967524529,0.6049523949623108,0.4312162697315216,-0.017694344744086266,0.5947045087814331,0.348861426115036,-0.02763090655207634,0.583994448184967,0.26899898052215576,-0.03991216793656349
0.556708037853241,0.9881770610809326,6.807700856370502e-07,0.4588807225227356,0.9029818773269653,-0.036718811839818954,0.43225130438804626,0.7470526695251465,-0.0418105274438858,0.5044791102409363,0.6180307269096375,-0.04591625556349754,0.5799921751022339,0.560032069683075,-0.04799289628863335,0.39072486758232117,0.5508445501327515,0.028270626440644264,0.3450971245765686,0.3837605118751526,0.027384057641029358,0.32119137048721313,0.28540074825286865,0.012214257381856441,0.3050326704978943,0.20048841834068298,-0.00541285565122962,0.46671968698501587,0.5188429355621338,0.025549596175551414,0.4409109950065613,0.33364492654800415,0.029162785038352013,0.43316006660461426,0.2275945246219635,0.007031931541860104,0.4267220199108124,0.13901865482330322,-0.014704345725476742,0.5356477499008179,0.5290841460227966,0.01389604527503252,0.5219932794570923,0.3618629574775696,0.011523553170263767,0.5093434453010559,0.25630536675453186,-0.013601045124232769,0.49670106172561646,0.16500353813171387,-0.037519969046115875,0.6098167896270752,0.5651742219924927,-0.003497387981042266,0.6052713990211487,0.4296514391899109,-0.007146305870264769,0.5950279235839844,0.34846770763397217,-0.015061574056744576,0.584776759147644,0.27105215191841125,-0.026254959404468536
0.5570405125617981,0.9863307476043701,6.704901238663297e-07,0.4593851864337921,0.9012439250946045,-0.03565869852900505,0.43338316679000854,0.7454358339309692,-0.04004944488406181,0.5061518549919128,0.6172833442687988,-0.04364202916622162,0.582526683807373,0.5603665113449097,-0.045181792229413986,0.3896978497505188,0.5487489700317383,0.029220758005976677,0.3447164297103882,0.3815929889678955,0.029109997674822807,0.3216152787208557,0.2833390533924103,0.014649303629994392,0.3064548969268799,0.19900965690612793,-0.002375827869400382,0.4657737910747528,0.5163279175758362,0.02615450508892536,0.43927720189094543,0.33179542422294617,0.03103695996105671,0.43118709325790405,0.22567644715309143,0.010111655108630657,0.42549237608909607,0.13846802711486816,-0.010687255300581455,0.5356207489967346,0.5261014699935913,0.014201262965798378,0.5217418074607849,0.35789012908935547,0.01319175586104393,0.5089744925498962,0.2530905604362488,-0.010899526998400688,0.4965052604675293,0.16284435987472534,-0.03417058289051056,0.6103447079658508,0.561704695224762,-0.00350625510327518,0.6050184965133667,0.42597734928131104,-0.006920005660504103,0.5939409732818604,0.34527793526649475,-0.014690439216792583,0.5830016732215881,0.2684039771556854,-0.02555111236870289
0.5565857887268066,0.9851826429367065,6.659273594777915e-07,0.46043455600738525,0.9009226560592651,-0.035964708775281906,0.43466097116470337,0.7457111477851868,-0.04098954051733017,0.5068559050559998,0.6174941658973694,-0.04527046158909798,0.5830447673797607,0.5617243051528931,-0.04751294106245041,0.3896481990814209,0.5479333996772766,0.02811102569103241,0.34470558166503906,0.3819112181663513,0.02721441350877285,0.32165244221687317,0.28411510586738586,0.01213968824595213,0.30635708570480347,0.20003819465637207,-0.005194826517254114,0.4653836786746979,0.5149440765380859,0.02493952214717865,0.4391785264015198,0.33094796538352966,0.029331650584936142,0.4311334788799286,0.22510212659835815,0.008425681851804256,0.4255162477493286,0.13840246200561523,-0.012254835106432438,0.5353966355323792,0.5240277647972107,0.012901748530566692,0.5213121771812439,0.35655122995376587,0.01186107937246561,0.5088557600975037,0.2524580955505371,-0.011558035388588905,0.49656230211257935,0.16306069493293762,-0.03423609212040901,0.61021888256073,0.5589203238487244,-0.004999514669179916,0.6043763756752014,0.4236360192298889,-0.007885894738137722,0.5933488011360168,0.34379273653030396,-0.014826045371592045,0.5826141238212585,0.26813772320747375,-0.02499835193157196
0.5574384331703186,0.9862598180770874,6.7413765236779e-07,0.46038568019866943,0.9061371088027954,-0.03820322826504707,0.43316638469696045,0.7509893774986267,-0.04328726604580879,0.5050018429756165,0.6202361583709717,-0.04725323244929314,0.5806793570518494,0.5636610984802246,-0.049127817153930664,0.38868412375450134,0.5501214861869812,0.02776203490793705,0.344304621219635,0.38384246826171875,0.02724434807896614,0.3207005560398102,0.2856226861476898,0.011808768846094608,0.3040200173854828,0.20126694440841675,-0.006108811590820551,0.46536484360694885,0.5160652995109558,0.025352250784635544,0.4393625557422638,0.33111894130706787,0.030210578814148903,0.4310898780822754,0.22419792413711548,0.009363960474729538,0.42445108294487,0.13746562600135803,-0.011560208164155483,0.5345830917358398,0.5254328846931458,0.01367245800793171,0.5201089382171631,0.35693952441215515,0.012356913648545742,0.5069052577018738,0.2518123686313629,-0.011274000629782677,0.49418777227401733,0.16156327724456787,-0.03429006412625313,0.6092284917831421,0.560006320476532,-0.004145096056163311,0.6032863855361938,0.4237075448036194,-0.008004139177501202,0.5922492742538452,0.34295132756233215,-0.015740172937512398,0.5812660455703735,0.2656106948852539,-0.02661905810236931
0.5576990246772766,0.9866267442703247,6.769013225493836e-07,0.4606207013130188,0.905625581741333,-0.03850490599870682,0.43384113907814026,0.7502912282943726,-0.04364977777004242,0.5066381096839905,0.6200129389762878,-0.04762504622340202,0.5826342701911926,0.5630767345428467,-0.04963831603527069,0.3889786899089813,0.5509079098701477,0.028045950457453728,0.34461987018585205,0.38453948497772217,0.02738187275826931,0.3207111954689026,0.28602370619773865,0.01142267044633627,0.3034093976020813,0.20125386118888855,-0.007166497875005007,0.4657677114009857,0.5176564455032349,0.025719059631228447,0.44073450565338135,0.33304446935653687,0.02992868609726429,0.4327962100505829,0.22665482759475708,0.007554476149380207,0.4256485402584076,0.13898703455924988,-0.014762516133487225,0.5347496271133423,0.5274727940559387,0.014134859666228294,0.5206619501113892,0.35958603024482727,0.01193218119442463,0.5070196986198425,0.25390130281448364,-0.013484755530953407,0.4932926595211029,0.16250255703926086,-0.03795316442847252,0.6094478964805603,0.5623818635940552,-0.0034938587341457605,0.6039930582046509,0.42641717195510864,-0.008191828615963459,0.5928633213043213,0.34510326385498047,-0.017130615189671516,0.5813454389572144,0.2669656276702881,-0.029160866513848305
0.7680640816688538,0.9915608167648315,6.935840133337479e-07,0.652746319770813,1.0152701139450073,-0.05943614989519119,0.5200329422950745,0.9743638038635254,-0.0905730277299881,0.4103591740131378,0.9212871789932251,-0.11528457701206207,0.31870555877685547,0.8686324954032898,-0.13859392702579498,0.5008214116096497,0.7677396535873413,-0.0586664192378521,0.3880949020385742,0.6551762223243713,-0.1060786247253418,0.31551164388656616,0.580359935760498,-0.1419038325548172,0.25815072655677795,0.5124460458755493,-0.16659776866436005,0.5563094615936279,0.69036465883255,-0.060062117874622345,0.45944201946258545,0.5411014556884766,-0.10047300904989243,0.3946724534034729,0.44135022163391113,-0.13429571688175201,0.3423115015029907,0.3560858964920044,-0.1580621302127838,0.624220609664917,0.6472904682159424,-0.06885378062725067,0.5466680526733398,0.5004939436912537,-0.10929214954376221,0.4968010187149048,0.40776991844177246,-0.13253119587898254,0.4514697790145874,0.32999664545059204,-0.14694929122924805,0.7027640342712402,0.6298369765281677,-0.08268851786851883,0.6535953879356384,0.5081034898757935,-0.1176242008805275,0.6175404787063599,0.43153390288352966,-0.12981747090816498,0.5829182267189026,0.3669775128364563,-0.13623015582561493
0.7209655046463013,0.9272417426109314,8.867897349773557e-07,0.5897482633590698,0.9573643207550049,-0.05588184669613838,0.4572634696960449,0.9027577638626099,-0.08194427937269211,0.3594712018966675,0.8279247879981995,-0.10294684767723083,0.27113673090934753,0.7701377272605896,-0.12255637347698212,0.43509310483932495,0.6795434951782227,-0.037527475506067276,0.33054012060165405,0.5718851089477539,-0.08010923117399216,0.26328960061073303,0.501236081123352,-0.11688893288373947,0.2059994339942932,0.43634554743766785,-0.14352582395076752,0.49002987146377563,0.607236385345459,-0.040742117911577225,0.4005449414253235,0.46739643812179565,-0.07728097587823868,0.3385521173477173,0.3803052306175232,-0.1105126440525055,0.2846347391605377,0.3062251806259155,-0.13405652344226837,0.5574650764465332,0.5728764533996582,-0.05264977365732193,0.48730728030204773,0.4359561800956726,-0.0908525288105011,0.4367019236087799,0.3503899574279785,-0.11349186301231384,0.38932663202285767,0.2752767503261566,-0.12831202149391174,0.6384279727935791,0.5655199289321899,-0.06997235864400864,0.5938025116920471,0.4481601417064667,-0.10439642518758774,0.559749186038971,0.3723025619983673,-0.11590214818716049,0.5253254771232605,0.3048206567764282,-0.12189299613237381
0.7159755825996399,0.9332829713821411,6.480372576334048e-07,0.5891454219818115,0.9622395038604736,-0.055531490594148636,0.45721733570098877,0.9042646288871765,-0.08044220507144928,0.36026155948638916,0.8239709138870239,-0.10060705989599228,0.2712644934654236,0.7661378383636475,-0.11908944696187973,0.43239080905914307,0.6789543628692627,-0.039515893906354904,0.329983115196228,0.5655329823493958,-0.0828552171587944,0.2638412415981293,0.5002747178077698,-0.11879297345876694,0.20635759830474854,0.43921172618865967,-0.1448584794998169,0.48667383193969727,0.6065155267715454,-0.04341980814933777,0.3963421881198883,0.4650266766548157,-0.0802629217505455,0.3343121409416199,0.3787690997123718,-0.11327368021011353,0.28040969371795654,0.3046121597290039,-0.1371598094701767,0.5549556016921997,0.5724974870681763,-0.055977556854486465,0.4865263104438782,0.43507328629493713,-0.0941707119345665,0.43681421875953674,0.35107317566871643,-0.11704801768064499,0.3887137770652771,0.2776550352573395,-0.13253067433834076,0.6358229517936707,0.5653465986251831,-0.07418806850910187,0.5930925011634827,0.44890281558036804,-0.10904265940189362,0.5585886836051941,0.37490367889404297,-0.12222445756196976,0.5229542255401611,0.3089180290699005,-0.12991581857204437
0.6836811304092407,0.895114004611969,7.288529104698682e-07,0.5452529191970825,0.9241688251495361,-0.052454229444265366,0.40496671199798584,0.8521344661712646,-0.06621643155813217,0.3071860373020172,0.762132465839386,-0.07626830786466599,0.21796166896820068,0.6961005330085754,-0.08334585279226303,0.39683815836906433,0.6210280060768127,0.0011698617599904537,0.2949067950248718,0.5188606977462769,-0.021057285368442535,0.23340365290641785,0.45771753787994385,-0.04716724157333374,0.18044376373291016,0.4012426435947418,-0.06835074722766876,0.45249098539352417,0.5526259541511536,0.0007996921776793897,0.36280888319015503,0.41555699706077576,-0.015334267169237137,0.30438899993896484,0.3319776952266693,-0.04054848104715347,0.25485366582870483,0.2654609978199005,-0.06020715832710266,0.5186092853546143,0.5221832990646362,-0.010733075439929962,0.4493642747402191,0.3835545480251312,-0.03511812165379524,0.4014308452606201,0.30263200402259827,-0.05661601200699806,0.3538827896118164,0.23063990473747253,-0.07239923626184464,0.5966705083847046,0.5126583576202393,-0.028485355898737907,0.5523251295089722,0.39600566029548645,-0.05405968055129051,0.5198462009429932,0.326095312833786,-0.06554052978754044,0.4847472608089447,0.25834426283836365,-0.07335802167654037
0.6835510730743408,0.8988044261932373,5.400749500950042e-07,0.5452091097831726,0.9252641201019287,-0.05000762641429901,0.4103095233440399,0.853992760181427,-0.06361731141805649,0.3123074769973755,0.7608371376991272,-0.07424699515104294,0.22142979502677917,0.6970422863960266,-0.08202796429395676,0.39676132798194885,0.6188575029373169,0.004319405183196068,0.2979326844215393,0.5132636427879333,-0.02103135734796524,0.2353331744670868,0.4553300738334656,-0.04962842911481857,0.18004292249679565,0.3979247808456421,-0.07232741266489029,0.45182162523269653,0.5506418943405151,0.0020909784361720085,0.3625955581665039,0.4145774245262146,-0.015396692790091038,0.3033899962902069,0.3321288824081421,-0.0411265529692173,0.2534949779510498,0.26295584440231323,-0.06166214868426323,0.5184001922607422,0.522251307964325,-0.011340674944221973,0.44896358251571655,0.38520094752311707,-0.035381246358156204,0.4017399549484253,0.3044072389602661,-0.05520058423280716,0.3551552891731262,0.2322808802127838,-0.07036415487527847,0.5966125130653381,0.5162396430969238,-0.031124714761972427,0.5517758131027222,0.4009740948677063,-0.05550152808427811,0.5184512138366699,0.3316030502319336,-0.06577906012535095,0.4840058982372284,0.26386404037475586,-0.0731436237692833
0.6604389548301697,0.8721469640731812,5.968484515506134e-07,0.5167205333709717,0.894026517868042,-0.04916149377822876,0.37186434864997864,0.810500979423523,-0.05632910132408142,0.27097851037979126,0.7116357684135437,-0.06038173288106918,0.18077689409255981,0.6479867100715637,-0.06130304932594299,0.3729230761528015,0.5866494178771973,0.015895435586571693,0.2698628306388855,0.48526227474212646,0.0010894890874624252,0.20919471979141235,0.42721644043922424,-0.02037881687283516,0.15675774216651917,0.37160634994506836,-0.039034154266119,0.4286782741546631,0.5185014009475708,0.016665365546941757,0.3377835750579834,0.3832581639289856,0.00891258753836155,0.279591828584671,0.3032175302505493,-0.011639135889708996,0.23024073243141174,0.23963245749473572,-0.029245346784591675,0.4937940537929535,0.4887903332710266,0.00555319432169199,0.42531779408454895,0.3520892262458801,-0.011868001893162727,0.3759152591228485,0.27367547154426575,-0.032004665583372116,0.3260698914527893,0.20317617058753967,-0.04818776994943619,0.5686891674995422,0.47745954990386963,-0.011993888765573502,0.5231170654296875,0.3593296408653259,-0.03203307464718819,0.49052348732948303,0.29043805599212646,-0.042876310646533966,0.4553713798522949,0.22250217199325562,-0.05161399394273758
0.6580675840377808,0.8727066516876221,5.475353646033909e-07,0.5113486647605896,0.8943813443183899,-0.05186109244823456,0.37008923292160034,0.8099650740623474,-0.05868833512067795,0.2674368619918823,0.7078933119773865,-0.06202244758605957,0.17227816581726074,0.645095705986023,-0.06202623248100281,0.37213134765625,0.5813018679618835,0.02500702440738678,0.27104198932647705,0.4785196781158447,0.012506035156548023,0.20945468544960022,0.422036349773407,-0.009281449019908905,0.15557146072387695,0.3646327257156372,-0.028384895995259285,0.4283902645111084,0.5140631198883057,0.02772221900522709,0.33870503306388855,0.38075387477874756,0.024081159383058548,0.2801339626312256,0.29930275678634644,0.004169852007180452,0.2317638099193573,0.23173928260803223,-0.013814706355333328,0.4936705231666565,0.48711442947387695,0.017451591789722443,0.4248354136943817,0.3522410988807678,0.003598959418013692,0.37822234630584717,0.27499330043792725,-0.015598468482494354,0.33181649446487427,0.20437109470367432,-0.031934384256601334,0.5680764317512512,0.47776150703430176,8.808218262856826e-05,0.522887110710144,0.3645637333393097,-0.01664225198328495,0.4901144802570343,0.2980818450450897,-0.02659554034471512,0.4557396173477173,0.2298683524131775,-0.035561662167310715
0.6391662955284119,0.8586663007736206,5.918013243899622e-07,0.49158066511154175,0.8773459196090698,-0.04994133859872818,0.343009352684021,0.7843717336654663,-0.057220708578825,0.23781932890415192,0.6819185614585876,-0.06149572506546974,0.14174801111221313,0.6283477544784546,-0.06261337548494339,0.3488388657569885,0.5615209937095642,0.022218182682991028,0.24587410688400269,0.456515908241272,0.009962680749595165,0.18572044372558594,0.39777684211730957,-0.010588775388896465,0.1329043209552765,0.3418961763381958,-0.02922614850103855,0.40512582659721375,0.494230717420578,0.02364993654191494,0.31597957015037537,0.3588793873786926,0.018925653770565987,0.259829044342041,0.2791650891304016,-0.0004959728685207665,0.21150001883506775,0.21509897708892822,-0.01787596568465233,0.4708765149116516,0.4658908247947693,0.012644141912460327,0.4034595489501953,0.3283035159111023,-0.002060125581920147,0.3539206087589264,0.24899747967720032,-0.021647118031978607,0.3034718334674835,0.1771034300327301,-0.038394223898649216,0.5467088222503662,0.4557080864906311,-0.005039283540099859,0.502740740776062,0.33740612864494324,-0.022305697202682495,0.4705039858818054,0.2681686282157898,-0.03226583078503609,0.43533656001091003,0.19928708672523499,-0.0412772074341774
0.6380188465118408,0.8614412546157837,5.203750674809271e-07,0.4897097945213318,0.877368688583374,-0.04957571625709534,0.34487783908843994,0.784712553024292,-0.05638232082128525,0.23712565004825592,0.6836749315261841,-0.06053544953465462,0.13900679349899292,0.6316661834716797,-0.06173773854970932,0.3497362434864044,0.5573216080665588,0.027643533423542976,0.24961240589618683,0.4537484645843506,0.01403276901692152,0.18940338492393494,0.39625149965286255,-0.008794313296675682,0.1365061104297638,0.3375893831253052,-0.028952503576874733,0.4051086902618408,0.49037057161331177,0.02876885049045086,0.3159842789173126,0.3581603169441223,0.02303198352456093,0.25897327065467834,0.27761220932006836,0.0018150792457163334,0.21035856008529663,0.20904934406280518,-0.016920017078518867,0.4708266854286194,0.4639608561992645,0.017121637240052223,0.4024501144886017,0.329246461391449,0.001614831737242639,0.35585296154022217,0.25180453062057495,-0.017590509727597237,0.309348464012146,0.18148961663246155,-0.03378739580512047,0.5461638569831848,0.45724570751190186,-0.0013572543393820524,0.5014700889587402,0.3440247178077698,-0.0183184165507555,0.46910759806632996,0.27585557103157043,-0.027727166190743446,0.43523871898651123,0.20635616779327393,-0.03633673116564751
0.6198735237121582,0.853025496006012,5.321074354469602e-07,0.4753825068473816,0.8734198808670044,-0.046031270176172256,0.3262423872947693,0.7800748348236084,-0.05027751997113228,0.22360417246818542,0.6753357648849487,-0.05218709260225296,0.12984442710876465,0.6161088943481445,-0.050984516739845276,0.32896512746810913,0.5470208525657654,0.027566300705075264,0.22451579570770264,0.441810667514801,0.018254248425364494,0.16308093070983887,0.3829704523086548,-0.0009668495040386915,0.10931763052940369,0.32591700553894043,-0.01921720802783966,0.38549748063087463,0.4778548777103424,0.02724333293735981,0.2947101891040802,0.34350013732910156,0.02522328495979309,0.2376759946346283,0.2633020281791687,0.006917103193700314,0.189158633351326,0.1995408833026886,-0.010233398526906967,0.451590895652771,0.44956544041633606,0.014481759630143642,0.38373976945877075,0.3130454421043396,0.0024665528908371925,0.33401161432266235,0.23368868231773376,-0.01754808984696865,0.2824801802635193,0.16138464212417603,-0.03571542724967003,0.5267720222473145,0.4395306706428528,-0.004885891452431679,0.4838380217552185,0.32227128744125366,-0.020720796659588814,0.4517257809638977,0.25324246287345886,-0.03175505995750427,0.4161281883716583,0.18262609839439392,-0.04235822707414627
0.6204248666763306,0.8528388738632202,5.353072651814728e-07,0.47317272424697876,0.8718384504318237,-0.049381792545318604,0.3275603950023651,0.7809372544288635,-0.055472809821367264,0.2211182713508606,0.6775471568107605,-0.0593750923871994,0.12348821759223938,0.617803156375885,-0.06017622724175453,0.3294540047645569,0.5478396415710449,0.034944623708724976,0.22732986509799957,0.44517943263053894,0.025966277346014977,0.16628243029117584,0.3873482048511505,0.005498317535966635,0.1128021776676178,0.32855892181396484,-0.013790959492325783,0.38657569885253906,0.47810012102127075,0.036086563020944595,0.29588666558265686,0.34594959020614624,0.03561190515756607,0.23784981667995453,0.26490384340286255,0.017072349786758423,0.18834879994392395,0.1968151032924652,-0.0004889350384473801,0.45296722650527954,0.45003053545951843,0.02374967560172081,0.38257354497909546,0.3165115714073181,0.013060275465250015,0.3340141177177429,0.23681992292404175,-0.005569159984588623,0.2850339114665985,0.16328522562980652,-0.022870531305670738,0.5285155177116394,0.44076526165008545,0.004154717084020376,0.48337522149086,0.3300818204879761,-0.009873413480818272,0.4512079954147339,0.26160773634910583,-0.01952660270035267,0.4172605872154236,0.19028204679489136,-0.029383407905697823
0.6072821617126465,0.8549679517745972,5.679778496414656e-07,0.45975688099861145,0.8714128136634827,-0.04858079552650452,0.31056568026542664,0.7746443748474121,-0.05294645205140114,0.20442485809326172,0.6708145141601562,-0.05518703907728195,0.10872477293014526,0.6048505306243896,-0.05441536754369736,0.3155427575111389,0.5455917119979858,0.034803763031959534,0.21006813645362854,0.4409923553466797,0.027479728683829308,0.1499064862728119,0.38237881660461426,0.008476585149765015,0.09753966331481934,0.3218478560447693,-0.010332785546779633,0.37394678592681885,0.4749380946159363,0.0353606641292572,0.2803449034690857,0.3418753147125244,0.034982942044734955,0.22189335525035858,0.2603567838668823,0.01515958458185196,0.17228707671165466,0.19351765513420105,-0.003642011433839798,0.4412649869918823,0.4458431005477905,0.022582853212952614,0.36987799406051636,0.3097814619541168,0.011409979313611984,0.3188486099243164,0.22901076078414917,-0.010535803623497486,0.2660718262195587,0.1540358066558838,-0.030564194545149803,0.517397940158844,0.4347803592681885,0.0028483085334300995,0.4729859232902527,0.3200637996196747,-0.012458737939596176,0.4406680166721344,0.2506391108036041,-0.024873625487089157,0.4051009714603424,0.17784598469734192,-0.037134841084480286
0.6080793738365173,0.8518010377883911,6.478675231846864e-07,0.45697689056396484,0.8687143325805664,-0.05400654673576355,0.3128376007080078,0.7772182822227478,-0.06265898048877716,0.205043226480484,0.6766645908355713,-0.06872846186161041,0.10306540131568909,0.6132715940475464,-0.07141844183206558,0.31393754482269287,0.5444208979606628,0.03905366733670235,0.21062502264976501,0.440188467502594,0.03472215309739113,0.149415984749794,0.38077977299690247,0.016411244869232178,0.09570595622062683,0.3205963969230652,-0.0021247935947030783,0.37359151244163513,0.47468042373657227,0.042505234479904175,0.2819521129131317,0.3424830436706543,0.04797316715121269,0.2230796217918396,0.26025867462158203,0.03153274953365326,0.17321258783340454,0.19152095913887024,0.014407670125365257,0.4408149719238281,0.44652312994003296,0.03154530003666878,0.3686457574367523,0.31377995014190674,0.026510750874876976,0.3190304934978485,0.23270952701568604,0.008905191905796528,0.26829251646995544,0.15599876642227173,-0.009245445020496845,0.5170918107032776,0.4356221556663513,0.012486251071095467,0.47213664650917053,0.3238058090209961,0.0024152297992259264,0.43963417410850525,0.2550073266029358,-0.0068450141698122025,0.40497300028800964,0.1819400191307068,-0.017572462558746338
0.6017528176307678,0.8582636117935181,7.034974487396539e-07,0.44814440608024597,0.8716970682144165,-0.05669268220663071,0.3049943447113037,0.7758826613426208,-0.06460857391357422,0.2001543790102005,0.6733095645904541,-0.06932168453931808,0.09929421544075012,0.6076595783233643,-0.07056684792041779,0.3124668598175049,0.5430954098701477,0.038400568068027496,0.21213139593601227,0.4367257356643677,0.033348750323057175,0.15280887484550476,0.376830130815506,0.013652866706252098,0.10017603635787964,0.31504955887794495,-0.00558122294023633,0.3730905055999756,0.47469279170036316,0.04328594729304314,0.2833186686038971,0.3387995958328247,0.04813426360487938,0.2247697114944458,0.25345057249069214,0.029737671837210655,0.17646846175193787,0.18208056688308716,0.011384908109903336,0.44083061814308167,0.4477292597293854,0.033554647117853165,0.3704800307750702,0.31214478611946106,0.02781728096306324,0.32134151458740234,0.2313840687274933,0.00957618560642004,0.27101173996925354,0.15434375405311584,-0.008587953634560108,0.5166234374046326,0.4388422966003418,0.015498696826398373,0.4739038348197937,0.3254578709602356,0.0053873248398303986,0.4425487518310547,0.2579168379306793,-0.003172393888235092,0.4085179567337036,0.1850844919681549,-0.013093411922454834
0.6023826599121094,0.8586084842681885,7.662667371732823e-07,0.4470885992050171,0.8709239959716797,-0.05694039538502693,0.30577918887138367,0.7755183577537537,-0.06661654263734818,0.20104892551898956,0.6748188734054565,-0.07373519986867905,0.09784623980522156,0.6101998090744019,-0.07745260745286942,0.3110418915748596,0.5439749360084534,0.04416719824075699,0.21026389300823212,0.43720507621765137,0.0429501086473465,0.15068042278289795,0.3764120936393738,0.02579618990421295,0.09870320558547974,0.3156178593635559,0.008242304436862469,0.37279215455055237,0.47554925084114075,0.04916577413678169,0.282692551612854,0.33958595991134644,0.05945456773042679,0.22420819103717804,0.2532072961330414,0.04468461498618126,0.1767832189798355,0.18206804990768433,0.02872178889811039,0.4407384395599365,0.4481877088546753,0.038985978811979294,0.3698843717575073,0.31326404213905334,0.03878181800246239,0.32153403759002686,0.23093575239181519,0.02333677187561989,0.27235889434814453,0.15260690450668335,0.006373974494636059,0.5166393518447876,0.43827593326568604,0.019986696541309357,0.4736766517162323,0.32457053661346436,0.014116412028670311,0.44207045435905457,0.25650519132614136,0.007333649788051844,0.40851110219955444,0.18322280049324036,-0.001759363105520606
0.6004796028137207,0.8694679737091064,8.300050922116498e-07,0.44560331106185913,0.87836754322052,-0.05863943696022034,0.30597424507141113,0.7763959765434265,-0.06875941157341003,0.2048189491033554,0.6712928414344788,-0.07649977505207062,0.1005946695804596,0.606255829334259,-0.08081205934286118,0.31529703736305237,0.5429473519325256,0.047185588628053665,0.21936476230621338,0.4342876076698303,0.04765807464718819,0.1604778915643692,0.37275558710098267,0.031496062874794006,0.10871568322181702,0.3127923309803009,0.014768683351576328,0.3788650631904602,0.47801879048347473,0.05246606096625328,0.2937192916870117,0.3372546136379242,0.06590963155031204,0.23699355125427246,0.24730375409126282,0.05373566970229149,0.19171033799648285,0.17490985989570618,0.039791304618120193,0.4475148618221283,0.45426931977272034,0.04200359433889389,0.37917912006378174,0.31254056096076965,0.04378143697977066,0.33338606357574463,0.22750842571258545,0.032455600798130035,0.2868141829967499,0.1491173505783081,0.01870666816830635,0.5229739546775818,0.4485514760017395,0.02221628837287426,0.4811950623989105,0.33133989572525024,0.01714397221803665,0.4511878192424774,0.2608814239501953,0.013063369318842888,0.41926297545433044,0.1865496039390564,0.006437903270125389
0.5990584492683411,0.8695883750915527,7.252239129229565e-07,0.44625821709632874,0.8787304162979126,-0.05462927371263504,0.30862247943878174,0.778673529624939,-0.06406791508197784,0.20662735402584076,0.6728731393814087,-0.07116670906543732,0.10549259185791016,0.6115068793296814,-0.07514331489801407,0.3170245885848999,0.5438113212585449,0.04107856750488281,0.2192186415195465,0.43241873383522034,0.03727467358112335,0.16044114530086517,0.37009984254837036,0.018314732238650322,0.10875484347343445,0.30744215846061707,-0.0005491698975674808,0.37926527857780457,0.4783046245574951,0.04422634094953537,0.29289984703063965,0.33714374899864197,0.050986871123313904,0.23664385080337524,0.24902799725532532,0.033763643354177475,0.1901014894247055,0.1761617660522461,0.015848204493522644,0.44701337814331055,0.45451033115386963,0.032823506742715836,0.3803480863571167,0.3149164319038391,0.029396912083029747,0.3333140015602112,0.23144283890724182,0.012039177119731903,0.28572648763656616,0.15336686372756958,-0.006217485293745995,0.5220943689346313,0.448914110660553,0.013055536895990372,0.4822688698768616,0.33212292194366455,0.004798611160367727,0.45273566246032715,0.261242538690567,-0.0032341463956981897,0.4216211438179016,0.18579235672950745,-0.013289432972669601
0.6029933094978333,0.8741738796234131,6.752204058102507e-07,0.45146098732948303,0.8803144693374634,-0.04986128583550453,0.3132626414299011,0.7765482664108276,-0.05619358643889427,0.2154020369052887,0.6663442850112915,-0.06115784868597984,0.11898326873779297,0.6065300703048706,-0.06309210509061813,0.3248416781425476,0.544390857219696,0.04428936168551445,0.22962045669555664,0.43431147933006287,0.04053525626659393,0.1713932603597641,0.37163490056991577,0.022107398137450218,0.11994117498397827,0.3097274601459503,0.003873196430504322,0.3869096636772156,0.47963815927505493,0.04561971127986908,0.30416181683540344,0.33790647983551025,0.05200742930173874,0.2494715303182602,0.24707818031311035,0.03610854595899582,0.2050466239452362,0.17388516664505005,0.01979994587600231,0.4551146328449249,0.45641252398490906,0.0328587181866169,0.3907742202281952,0.31644144654273987,0.029037222266197205,0.34662431478500366,0.2312818467617035,0.014376192353665829,0.3029269576072693,0.15406960248947144,-0.0011253631673753262,0.5311181545257568,0.45296424627304077,0.012096595019102097,0.49303799867630005,0.3377721905708313,0.00352507084608078,0.4647964835166931,0.26685333251953125,-0.00250675599090755,0.43561413884162903,0.19324958324432373,-0.010289022698998451
0.6043664216995239,0.8762102127075195,6.625656965297821e-07,0.4533975124359131,0.8828136920928955,-0.051542699337005615,0.3161680996417999,0.77976393699646,-0.060407865792512894,0.21517141163349152,0.6701796650886536,-0.06717724353075027,0.11579546332359314,0.6140987277030945,-0.07116825133562088,0.3268953561782837,0.5454244613647461,0.03888048231601715,0.2314830869436264,0.4325634837150574,0.03274189680814743,0.17332246899604797,0.36927446722984314,0.012361442670226097,0.12129619717597961,0.30646812915802,-0.007416246924549341,0.38933202624320984,0.48081111907958984,0.040862083435058594,0.3069438338279724,0.3400079309940338,0.04439364746212959,0.2532309293746948,0.251653254032135,0.026239605620503426,0.20835784077644348,0.17847460508346558,0.00802966021001339,0.4570406377315521,0.45795968174934387,0.02910568378865719,0.39297306537628174,0.3197464644908905,0.023900825530290604,0.3469603359699249,0.23503559827804565,0.00788815412670374,0.3014644384384155,0.15663489699363708,-0.009057637304067612,0.5323318243026733,0.45497941970825195,0.009394862689077854,0.4935522675514221,0.3407568633556366,0.0005167339113540947,0.4651871919631958,0.26916149258613586,-0.00604286789894104,0.43588948249816895,0.19408699870109558,-0.014628511853516102
0.6104490160942078,0.8668311834335327,6.312459959190164e-07,0.4607273042201996,0.8685375452041626,-0.04788642376661301,0.3257174491882324,0.768578827381134,-0.05521366372704506,0.23016002774238586,0.6561623811721802,-0.061088141053915024,0.1383644938468933,0.5884048342704773,-0.06357094645500183,0.33671078085899353,0.537316620349884,0.03968077898025513,0.24034717679023743,0.4245377779006958,0.03409064933657646,0.18318726122379303,0.36369845271110535,0.01498980913311243,0.13269850611686707,0.3013787865638733,-0.0035779636818915606,0.3983166813850403,0.4738306999206543,0.0400194488465786,0.31615591049194336,0.33107322454452515,0.04411519691348076,0.2635509669780731,0.24246877431869507,0.026883341372013092,0.2214835286140442,0.171092689037323,0.009524147026240826,0.46585550904273987,0.4513540267944336,0.027118779718875885,0.4026055634021759,0.3111705482006073,0.022213513031601906,0.3597733974456787,0.22690173983573914,0.007091405335813761,0.31800222396850586,0.1509399712085724,-0.008864650502800941,0.5416716933250427,0.4494823217391968,0.006633897311985493,0.5047417879104614,0.3348881006240845,-0.0023195669054985046,0.477328360080719,0.2644132673740387,-0.008290058001875877,0.44952547550201416,0.19160443544387817,-0.015996048226952553
0.6083634495735168,0.8663395643234253,5.590788987319684e-07,0.46151024103164673,0.8701099157333374,-0.04810896888375282,0.32519596815109253,0.7680473327636719,-0.054720647633075714,0.22520005702972412,0.6561036705970764,-0.05946606025099754,0.1297835409641266,0.592950701713562,-0.06139516830444336,0.33894190192222595,0.5388566255569458,0.036705758422613144,0.24475403130054474,0.42893272638320923,0.02875836007297039,0.18853254616260529,0.3664191961288452,0.00843837857246399,0.1393774449825287,0.3027486205101013,-0.011237106285989285,0.3996618092060089,0.47558924555778503,0.03683183342218399,0.31733232736587524,0.3353765308856964,0.03706414997577667,0.2646102011203766,0.2478802502155304,0.018210584297776222,0.2206530123949051,0.17480134963989258,-0.0002531975624151528,0.46652084589004517,0.4540902376174927,0.02367042563855648,0.4038196802139282,0.3158191442489624,0.013800932094454765,0.35920634865760803,0.2300412952899933,-0.00462693814188242,0.31493499875068665,0.15090754628181458,-0.02251467853784561,0.5414100289344788,0.4526965022087097,0.0032923140097409487,0.5041983723640442,0.34019964933395386,-0.01019205991178751,0.47726333141326904,0.2681838572025299,-0.01965157315135002,0.44842633605003357,0.19307151436805725,-0.02992364764213562
0.6213783025741577,0.8423722386360168,5.850842512700183e-07,0.47510087490081787,0.8456135988235474,-0.05049027502536774,0.3405361771583557,0.7461040019989014,-0.05988312512636185,0.24431665241718292,0.6367714405059814,-0.06691408157348633,0.15322116017341614,0.5739784836769104,-0.0702647939324379,0.3496261239051819,0.5187739729881287,0.02913145162165165,0.25498324632644653,0.4090648591518402,0.019590331241488457,0.19960035383701324,0.34943336248397827,-0.000727353966794908,0.1506166160106659,0.2883029878139496,-0.01952073536813259,0.4089634120464325,0.455876886844635,0.030807223170995712,0.3301021456718445,0.3167381286621094,0.03106759302318096,0.27981555461883545,0.23247560858726501,0.013171987608075142,0.2387372851371765,0.16304448246955872,-0.004164791200309992,0.47571274638175964,0.4334111213684082,0.0197050292044878,0.4158860445022583,0.29691967368125916,0.011637061834335327,0.37354934215545654,0.21581414341926575,-0.0039495681412518024,0.3319815695285797,0.14219403266906738,-0.01948314532637596,0.5503564476966858,0.43209928274154663,0.0011052220361307263,0.5154377818107605,0.31870365142822266,-0.009711812250316143,0.48940354585647583,0.249496728181839,-0.015990056097507477,0.46309584379196167,0.17878180742263794,-0.023302435874938965
0.6166490316390991,0.8478747606277466,5.221232868279913e-07,0.4723612070083618,0.8486049175262451,-0.04611097648739815,0.33595579862594604,0.7426385283470154,-0.05188223719596863,0.23614904284477234,0.6306379437446594,-0.05577661097049713,0.1417417824268341,0.5731525421142578,-0.057022351771593094,0.3523825407028198,0.5213818550109863,0.03358197584748268,0.259124755859375,0.4118438959121704,0.023492682725191116,0.20449529588222504,0.34956568479537964,0.002305580535903573,0.1564885377883911,0.2857712507247925,-0.017481913790106773,0.4113491177558899,0.4602585434913635,0.033306170254945755,0.33058661222457886,0.3226664662361145,0.030871331691741943,0.27913612127304077,0.2369723916053772,0.010576979257166386,0.23557615280151367,0.16341504454612732,-0.008478048257529736,0.477230966091156,0.43958359956741333,0.020518872886896133,0.41618332266807556,0.3027191162109375,0.009001676924526691,0.3713330030441284,0.21820762753486633,-0.009895692579448223,0.32676562666893005,0.14054179191589355,-0.027632560580968857,0.5509297251701355,0.43976205587387085,0.0009595723822712898,0.5155460834503174,0.32884716987609863,-0.012868641875684261,0.48878735303878784,0.2579127848148346,-0.021948611363768578,0.459972620010376,0.18476155400276184,-0.031604476273059845
0.6197600364685059,0.8264787197113037,4.83763301417639e-07,0.47989076375961304,0.8247410655021667,-0.046516358852386475,0.3483045697212219,0.7262308597564697,-0.0551656112074852,0.255079448223114,0.6162931323051453,-0.06148059666156769,0.16879217326641083,0.5515327453613281,-0.06420091539621353,0.36008793115615845,0.5007036924362183,0.022808916866779327,0.26890283823013306,0.3914394974708557,0.009156092070043087,0.2141948938369751,0.33392244577407837,-0.012776277959346771,0.16458380222320557,0.27509695291519165,-0.031916648149490356,0.41927120089530945,0.44204121828079224,0.02310791052877903,0.3440694510936737,0.3013225495815277,0.018860461190342903,0.29609474539756775,0.22049102187156677,-0.000134965346660465,0.25430598855018616,0.15147730708122253,-0.017725110054016113,0.48513415455818176,0.4215460419654846,0.01177381444722414,0.4293482005596161,0.28414061665534973,9.977559238905087e-05,0.3887205123901367,0.20453226566314697,-0.015372696332633495,0.34799250960350037,0.13318729400634766,-0.03001144528388977,0.5581890940666199,0.42222437262535095,-0.006282221060246229,0.5257202386856079,0.309672474861145,-0.018921682611107826,0.5017683506011963,0.2404259741306305,-0.024648990482091904,0.4769025146961212,0.17110690474510193,-0.03095795400440693
0.619270920753479,0.8302576541900635,4.683578538333677e-07,0.4777432084083557,0.8296079039573669,-0.043595004826784134,0.34547120332717896,0.7253835797309875,-0.048506006598472595,0.250709593296051,0.613241970539093,-0.0515449084341526,0.1602262258529663,0.5508970618247986,-0.051685549318790436,0.36206984519958496,0.5023857355117798,0.033791955560445786,0.27213045954704285,0.39385032653808594,0.025198031216859818,0.2189309149980545,0.3341450095176697,0.005154397804290056,0.17109301686286926,0.2740311026573181,-0.01366644911468029,0.4214281439781189,0.4441514313220978,0.03310828283429146,0.3439604341983795,0.30623680353164673,0.032787077128887177,0.2950250804424286,0.2223854660987854,0.0143575519323349,0.2524537742137909,0.15161120891571045,-0.003368718782439828,0.48666346073150635,0.42551738023757935,0.020312750712037086,0.4282688498497009,0.2900979518890381,0.010640916414558887,0.3858189880847931,0.20619338750839233,-0.007334152702242136,0.34271323680877686,0.12948179244995117,-0.024512644857168198,0.5589051246643066,0.42676159739494324,0.0010137477656826377,0.5244432091712952,0.3176615834236145,-0.011732309125363827,0.49932509660720825,0.24802711606025696,-0.020329108461737633,0.4722388982772827,0.1762617826461792,-0.02950953133404255
0.6215870380401611,0.8214657306671143,5.314794861988048e-07,0.4806906282901764,0.8171371221542358,-0.04333663731813431,0.3495001494884491,0.7123507857322693,-0.047721367329359055,0.25765830278396606,0.6013028621673584,-0.05046593025326729,0.16958555579185486,0.537278950214386,-0.04942817986011505,0.36678817868232727,0.489353746175766,0.039090484380722046,0.278107225894928,0.38172951340675354,0.033866435289382935,0.2265680432319641,0.3253345489501953,0.016156401485204697,0.1798071265220642,0.2672901153564453,-0.00047293578973039985,0.42712992429733276,0.43229568004608154,0.039894308894872665,0.353499174118042,0.29394036531448364,0.04517693817615509,0.3067176938056946,0.20967745780944824,0.03167019784450531,0.2685104012489319,0.1425301730632782,0.01790405809879303,0.4928770363330841,0.4140937924385071,0.02831852436065674,0.4367655813694,0.2780110836029053,0.025071052834391594,0.39785173535346985,0.19701170921325684,0.014693503268063068,0.359592467546463,0.12508231401443481,0.003171604359522462,0.5654200315475464,0.4159036874771118,0.009673265740275383,0.5345373153686523,0.30435091257095337,0.003139386884868145,0.5113416910171509,0.2368049919605255,0.0008089739712886512,0.48791998624801636,0.1674235463142395,-0.0031642992980778217
0.6199222803115845,0.8222228288650513,5.096733843856782e-07,0.4796077013015747,0.8165905475616455,-0.04299001768231392,0.34916776418685913,0.7112489938735962,-0.04802732914686203,0.2559467554092407,0.6026002168655396,-0.051760196685791016,0.16608166694641113,0.5387053489685059,-0.052299920469522476,0.36849245429039,0.4912746250629425,0.039582181721925735,0.28074055910110474,0.384501576423645,0.03417634218931198,0.23059087991714478,0.3270374834537506,0.01614200696349144,0.18533816933631897,0.2683895528316498,-0.0010235649533569813,0.42841166257858276,0.43451058864593506,0.039257120341062546,0.35233384370803833,0.2980045676231384,0.043835654854774475,0.30492323637008667,0.2138768434524536,0.029212065041065216,0.2652367353439331,0.1449832022190094,0.01427558995783329,0.4935547411441803,0.41647058725357056,0.026371249929070473,0.43559715151786804,0.2820560038089752,0.022171685472130775,0.39492562413215637,0.19949960708618164,0.008780961856245995,0.3541191518306732,0.12448084354400635,-0.005463052541017532,0.5652022361755371,0.41826772689819336,0.0065299044363200665,0.5321144461631775,0.31012117862701416,-0.0009644166566431522,0.5083370208740234,0.24201205372810364,-0.0058476123958826065,0.4836471676826477,0.17143577337265015,-0.012459658086299896
0.6196401119232178,0.8202371597290039,5.574975716626795e-07,0.47866272926330566,0.8142863512039185,-0.04370155185461044,0.35069018602371216,0.7112282514572144,-0.04953586310148239,0.2587408423423767,0.6016870141029358,-0.05431632697582245,0.16777315735816956,0.5433579087257385,-0.05592690780758858,0.37036818265914917,0.48832976818084717,0.04239191487431526,0.2828288972377777,0.3796614408493042,0.037332795560359955,0.23192007839679718,0.3211444616317749,0.0186897125095129,0.18614831566810608,0.2623169720172882,0.0010048012482002378,0.4312182664871216,0.4308868646621704,0.04235753417015076,0.35639065504074097,0.29182159900665283,0.04743636026978493,0.309697687625885,0.2068781852722168,0.03253524377942085,0.2711872458457947,0.13861370086669922,0.017247168347239494,0.49633100628852844,0.412497878074646,0.029507096856832504,0.44112589955329895,0.2750541865825653,0.02553068846464157,0.4020254909992218,0.19309499859809875,0.012990457937121391,0.3637309670448303,0.11975851655006409,-0.0005504103610292077,0.5690171718597412,0.4142453670501709,0.00947270356118679,0.5385178923606873,0.30160269141197205,0.002648199675604701,0.5153588056564331,0.2330985963344574,-0.0011349788401275873,0.4915305972099304,0.1627553105354309,-0.006972479168325663
0.6196284294128418,0.8176906704902649,5.911575726713636e-07,0.4797053039073944,0.8136406540870667,-0.04473758488893509,0.3519526422023773,0.7114806175231934,-0.05121457204222679,0.2600197494029999,0.6040511131286621,-0.0566239133477211,0.16860851645469666,0.5445309281349182,-0.05864507332444191,0.37079498171806335,0.4894218146800995,0.04411596059799194,0.28303369879722595,0.3825061619281769,0.041704826056957245,0.2329193353652954,0.32372933626174927,0.025940433144569397,0.18878193199634552,0.265965074300766,0.010725060477852821,0.4307326078414917,0.431906133890152,0.045295022428035736,0.3545134365558624,0.29302161931991577,0.05530306324362755,0.3081243634223938,0.20807641744613647,0.046366918832063675,0.270061194896698,0.14064937829971313,0.035800982266664505,0.49518415331840515,0.4138426184654236,0.03302524611353874,0.43797484040260315,0.27687013149261475,0.03393901139497757,0.39883577823638916,0.19367191195487976,0.026286708191037178,0.3605172038078308,0.11905258893966675,0.015945637598633766,0.5670833587646484,0.41481804847717285,0.013007072731852531,0.5358112454414368,0.3044202923774719,0.009601740166544914,0.5133853554725647,0.23584982752799988,0.008278359659016132,0.49055996537208557,0.1650390625,0.004306441638618708
0.6190962195396423,0.8283281326293945,5.031511705055891e-07,0.4785153865814209,0.8214250802993774,-0.04057971388101578,0.34861335158348083,0.7094658613204956,-0.04458679258823395,0.25891509652137756,0.5960305333137512,-0.047394391149282455,0.17058143019676208,0.5385608077049255,-0.04741467162966728,0.3774012625217438,0.47892194986343384,0.03564782068133354,0.2924748659133911,0.36787545680999756,0.02923358604311943,0.24342921376228333,0.3081001043319702,0.010756467469036579,0.19974051415920258,0.2478874921798706,-0.006843553390353918,0.4402633011341095,0.423043429851532,0.03338996320962906,0.37115195393562317,0.2794530987739563,0.03622167557477951,0.32717472314834595,0.19251710176467896,0.020584704354405403,0.29010578989982605,0.12286022305488586,0.00491038803011179,0.5070462822914124,0.40648576617240906,0.019341034814715385,0.4566154479980469,0.2641521692276001,0.012433798052370548,0.4206429123878479,0.17997926473617554,-0.0010409465758129954,0.3841175436973572,0.10564976930618286,-0.01483225729316473,0.5786619782447815,0.4117588400840759,-0.0011251477990299463,0.5533201694488525,0.29615384340286255,-0.011262500658631325,0.5328744649887085,0.22465205192565918,-0.016049733385443687,0.5109574794769287,0.15211522579193115,-0.022117581218481064
0.621564507484436,0.8291513919830322,4.607726680205815e-07,0.48347875475883484,0.8235809803009033,-0.041263457387685776,0.35198625922203064,0.7125556468963623,-0.0469612218439579,0.2592765688896179,0.5995029807090759,-0.05157386139035225,0.16991296410560608,0.5417078137397766,-0.053658418357372284,0.37811189889907837,0.4837353229522705,0.033380284905433655,0.2936510443687439,0.37054872512817383,0.025486234575510025,0.2466300129890442,0.3073630928993225,0.0056739854626357555,0.20578674972057343,0.2442578375339508,-0.013125862926244736,0.44061145186424255,0.4280659556388855,0.030959928408265114,0.3686444163322449,0.2851449251174927,0.031582996249198914,0.3244418203830719,0.19779959321022034,0.014436885714530945,0.2878214716911316,0.1264503300189972,-0.0026586726307868958,0.5075885057449341,0.4111645221710205,0.016695894300937653,0.455236554145813,0.2699074149131775,0.008681136183440685,0.417650431394577,0.1831378936767578,-0.007365102414041758,0.38025540113449097,0.1048038899898529,-0.023593993857502937,0.5809983015060425,0.41583919525146484,-0.004033487755805254,0.5545750856399536,0.2998063266277313,-0.015049937181174755,0.53436279296875,0.22584941983222961,-0.02249225042760372,0.5126760005950928,0.1503773331642151,-0.031133847311139107
0.6245899796485901,0.837420642375946,4.987422244084883e-07,0.48381274938583374,0.8256601095199585,-0.04197189211845398,0.35492244362831116,0.7072316408157349,-0.04877709224820137,0.2658945918083191,0.5901497006416321,-0.054118890315294266,0.1765555441379547,0.5349842309951782,-0.05694080516695976,0.3893430531024933,0.4711633324623108,0.027937324717640877,0.3052849769592285,0.35214072465896606,0.018042201176285744,0.2566637396812439,0.28659582138061523,-0.0023136611562222242,0.21420176327228546,0.2215828001499176,-0.021537477150559425,0.4529654085636139,0.4164328873157501,0.024691525846719742,0.3851664960384369,0.2664108872413635,0.023236319422721863,0.3422878384590149,0.17633691430091858,0.005215867888182402,0.30568909645080566,0.10261332988739014,-0.012410732917487621,0.5210022330284119,0.4015936851501465,0.009978991001844406,0.4726685881614685,0.2527206838130951,-0.00045307405525818467,0.43854549527168274,0.16284990310668945,-0.01656554639339447,0.4033270478248596,0.08252367377281189,-0.03261926770210266,0.5935879945755005,0.4102419316768646,-0.011035279370844364,0.5712047815322876,0.29005393385887146,-0.023930946364998817,0.5527271628379822,0.21417927742004395,-0.03092476725578308,0.5322175025939941,0.13745445013046265,-0.03901161253452301
0.6228518486022949,0.8364830613136292,4.184715294286434e-07,0.4868165850639343,0.8220764398574829,-0.03820282965898514,0.35651278495788574,0.7103140950202942,-0.044614844024181366,0.2658039927482605,0.5989848375320435,-0.05063633620738983,0.18083113431930542,0.5386491417884827,-0.054654791951179504,0.3885825574398041,0.47423192858695984,0.027933556586503983,0.3080528974533081,0.35549962520599365,0.015552222728729248,0.2622392773628235,0.2888856828212738,-0.006747870706021786,0.22257353365421295,0.22335678339004517,-0.027202006429433823,0.45169687271118164,0.4210279881954193,0.02223806269466877,0.3834880292415619,0.2696666717529297,0.016560247167944908,0.3416818380355835,0.1785477101802826,-0.0034475496504455805,0.30589479207992554,0.10390239953994751,-0.022150978446006775,0.5196100473403931,0.40696656703948975,0.005317842587828636,0.4712167978286743,0.25880590081214905,-0.008645235560834408,0.43531614542007446,0.1661953628063202,-0.027425384148955345,0.3989490270614624,0.08313074707984924,-0.04488610848784447,0.5939023494720459,0.41643697023391724,-0.017448831349611282,0.5720475912094116,0.29441535472869873,-0.0332011915743351,0.5543659329414368,0.2148376703262329,-0.043036773800849915,0.5345435738563538,0.1349506378173828,-0.05300901085138321
0.6284358501434326,0.8454443216323853,4.990801016901969e-07,0.4865080714225769,0.8273313045501709,-0.03870394453406334,0.35727232694625854,0.7084107995033264,-0.044745560735464096,0.2692960500717163,0.593414306640625,-0.05033468082547188,0.18240636587142944,0.5365899205207825,-0.05374037101864815,0.399026483297348,0.4652758538722992,0.02934984862804413,0.3163512945175171,0.34082716703414917,0.018662452697753906,0.26868176460266113,0.27074992656707764,-0.002695277100428939,0.2278924584388733,0.20107823610305786,-0.022872183471918106,0.463812917470932,0.4114413559436798,0.023082368075847626,0.397754430770874,0.25346723198890686,0.019581131637096405,0.3553488552570343,0.15648037195205688,-0.00018174991419073194,0.319333553314209,0.07747983932495117,-0.018933096900582314,0.5328845977783203,0.39807647466659546,0.005633798893541098,0.48808804154396057,0.24229109287261963,-0.006385632790625095,0.45498961210250854,0.1472211480140686,-0.023548640310764313,0.42083072662353516,0.06289488077163696,-0.040091633796691895,0.6063951253890991,0.40924936532974243,-0.01791798137128353,0.5865589380264282,0.2845883071422577,-0.03210993856191635,0.5691506862640381,0.2046520709991455,-0.03977394849061966,0.5498684048652649,0.12498876452445984,-0.04814966395497322
0.6284362077713013,0.8431074619293213,4.097686030490877e-07,0.48947617411613464,0.8247085809707642,-0.035202790051698685,0.35757312178611755,0.7089264988899231,-0.0407274067401886,0.2669122815132141,0.5973008871078491,-0.046768348664045334,0.18149647116661072,0.54100102186203,-0.05153527110815048,0.39814043045043945,0.46716803312301636,0.0272423904389143,0.3181418180465698,0.34246066212654114,0.013781611807644367,0.2725428342819214,0.27052462100982666,-0.009178796783089638,0.233706533908844,0.2000649869441986,-0.03042483702301979,0.4623225927352905,0.414970725774765,0.018546264618635178,0.39560526609420776,0.25607889890670776,0.010262814350426197,0.3546547293663025,0.15938475728034973,-0.01159678678959608,0.3192840814590454,0.08001798391342163,-0.03156989440321922,0.5312865972518921,0.4025021493434906,-0.0009442547452636063,0.485211580991745,0.24973228573799133,-0.017496436834335327,0.44979700446128845,0.15202388167381287,-0.03837769106030464,0.4137566089630127,0.06432253122329712,-0.05717667192220688,0.6059914827346802,0.4148879051208496,-0.025941215455532074,0.5872299671173096,0.28771838545799255,-0.04376795515418053,0.5711762309074402,0.2039477825164795,-0.05515143275260925,0.5527087450027466,0.12054842710494995,-0.06630384176969528
0.6401837468147278,0.8626790046691895,5.372875193643267e-07,0.49680912494659424,0.8447685241699219,-0.045243553817272186,0.363664448261261,0.7252805233001709,-0.05902276560664177,0.27016496658325195,0.612097978591919,-0.07110388576984406,0.18008339405059814,0.5592989921569824,-0.08220167458057404,0.41160082817077637,0.4686411917209625,0.0023642026353627443,0.32651734352111816,0.33435821533203125,-0.020434319972991943,0.276226282119751,0.25256338715553284,-0.04809325933456421,0.23423071205615997,0.17358043789863586,-0.0723845362663269,0.47968682646751404,0.41537001729011536,-0.005321814678609371,0.4135594069957733,0.2448430359363556,-0.0230405256152153,0.36935296654701233,0.13869816064834595,-0.04944654181599617,0.33027851581573486,0.04909336566925049,-0.07177313417196274,0.5538653135299683,0.40533238649368286,-0.023195412009954453,0.5094885230064392,0.2383929193019867,-0.04817062243819237,0.47353699803352356,0.1312980055809021,-0.07033788412809372,0.4368852376937866,0.03423529863357544,-0.08883032202720642,0.633195161819458,0.4239935278892517,-0.04679371789097786,0.6157336235046387,0.28997188806533813,-0.07096932828426361,0.598700761795044,0.20099550485610962,-0.08221515268087387,0.5791070461273193,0.11257362365722656,-0.09216610342264175
0.6434583067893982,0.8732887506484985,5.288021611704607e-07,0.5024333596229553,0.8551211953163147,-0.047773007303476334,0.37014061212539673,0.7331982254981995,-0.06540229916572571,0.2773882746696472,0.6186308860778809,-0.08092613518238068,0.18776243925094604,0.5628060698509216,-0.09635463356971741,0.41404613852500916,0.4690525233745575,-0.0093802185729146,0.3322599530220032,0.32924365997314453,-0.037488311529159546,0.2816306948661804,0.24456995725631714,-0.06907977163791656,0.24002636969089508,0.16289940476417542,-0.09614941477775574,0.48337066173553467,0.41564857959747314,-0.018243402242660522,0.41830870509147644,0.2360403835773468,-0.041126009076833725,0.37382256984710693,0.12566545605659485,-0.07195956259965897,0.33504217863082886,0.03171840310096741,-0.09784393757581711,0.5592585206031799,0.4061241149902344,-0.03674989566206932,0.5141316056251526,0.23039349913597107,-0.06567678600549698,0.4783167243003845,0.11709427833557129,-0.09238231927156448,0.443336546421051,0.013584792613983154,-0.11470063775777817,0.6408602595329285,0.42725297808647156,-0.060894109308719635,0.6236595511436462,0.288517564535141,-0.08966172486543655,0.6087674498558044,0.1953044831752777,-0.10473422706127167,0.5921778082847595,0.1033233106136322,-0.11753673106431961
0.6438609957695007,0.8769631385803223,5.245397574071831e-07,0.5062050223350525,0.8565301895141602,-0.04747100919485092,0.3727094531059265,0.7369665503501892,-0.06583023816347122,0.2787697911262512,0.6234201788902283,-0.08242402970790863,0.1889960765838623,0.5648232698440552,-0.09897533804178238,0.41435354948043823,0.47221919894218445,-0.009857067838311195,0.3317183256149292,0.33174967765808105,-0.03855520114302635,0.28135594725608826,0.24618759751319885,-0.07033824175596237,0.24108383059501648,0.16243398189544678,-0.09744752943515778,0.484328955411911,0.41931265592575073,-0.01936514303088188,0.41901928186416626,0.2357851266860962,-0.042860258370637894,0.3752036988735199,0.12219509482383728,-0.07391344755887985,0.33752328157424927,0.025512516498565674,-0.1002013236284256,0.5595312118530273,0.4101947546005249,-0.03857557848095894,0.5143527984619141,0.23370319604873657,-0.06751863658428192,0.4781603515148163,0.11922073364257812,-0.09468381106853485,0.44258764386177063,0.015066683292388916,-0.11755993962287903,0.640043318271637,0.43093037605285645,-0.06352972239255905,0.6236349940299988,0.29002776741981506,-0.09168396890163422,0.6086590886116028,0.19433003664016724,-0.1073155328631401,0.5911727547645569,0.10070881247520447,-0.1209789291024208
0.6394946575164795,0.8786454200744629,5.574187298407196e-07,0.502819836139679,0.8556727170944214,-0.04914938285946846,0.3706730008125305,0.7342861890792847,-0.06877613812685013,0.27687275409698486,0.620501697063446,-0.08652154356241226,0.18633979558944702,0.5647966265678406,-0.10461048781871796,0.4145961105823517,0.4688399136066437,-0.01337793655693531,0.3338579535484314,0.3250185251235962,-0.04429209604859352,0.2834486961364746,0.23775425553321838,-0.07782033830881119,0.24214527010917664,0.15276408195495605,-0.10602828115224838,0.486293226480484,0.4168466627597809,-0.023033859208226204,0.42364299297332764,0.22923699021339417,-0.04830354079604149,0.38109952211380005,0.1125805675983429,-0.08105096220970154,0.3444003462791443,0.01319044828414917,-0.10862956196069717,0.5629680156707764,0.40929245948791504,-0.04239324480295181,0.5204799175262451,0.23007732629776,-0.07286178320646286,0.48657143115997314,0.11087360978126526,-0.1009024977684021,0.4535787105560303,0.0031662583351135254,-0.124300017952919,0.6438328623771667,0.43236643075942993,-0.06756343692541122,0.627750813961029,0.2905336022377014,-0.09662290662527084,0.6132179498672485,0.194117933511734,-0.11205513775348663,0.5969576239585876,0.10054752230644226,-0.1255873441696167
0.6426854729652405,0.8784775733947754,5.133837248649797e-07,0.5045306086540222,0.8554814457893372,-0.0457472987473011,0.3714284896850586,0.7350548505783081,-0.06388397514820099,0.27831971645355225,0.6223142147064209,-0.0808897390961647,0.18862619996070862,0.5666714906692505,-0.0982850193977356,0.4165027141571045,0.47134730219841003,-0.010175339877605438,0.3333784341812134,0.3286215662956238,-0.039661865681409836,0.2838500142097473,0.2406204342842102,-0.0718594491481781,0.2448412925004959,0.15491464734077454,-0.09917045384645462,0.48693162202835083,0.4183984398841858,-0.02080083265900612,0.42126426100730896,0.23192495107650757,-0.045363739132881165,0.37830162048339844,0.11577072739601135,-0.07694970816373825,0.3417518138885498,0.01681169867515564,-0.10351697355508804,0.5628835558891296,0.4092649817466736,-0.04088788479566574,0.5178333520889282,0.23126131296157837,-0.07057524472475052,0.48182663321495056,0.1148531436920166,-0.09825652092695236,0.44692593812942505,0.009540438652038574,-0.12136764824390411,0.6445518732070923,0.43058258295059204,-0.06658169627189636,0.6294602751731873,0.28842175006866455,-0.0949518084526062,0.614948034286499,0.1919194459915161,-0.1107558161020279,0.5979096293449402,0.09802061319351196,-0.12458758801221848
0.6416019201278687,0.8814014196395874,5.625249173135671e-07,0.5031334757804871,0.8613076210021973,-0.04875052720308304,0.3687681555747986,0.7429652214050293,-0.06848329305648804,0.27279067039489746,0.6302940845489502,-0.08658428490161896,0.18009114265441895,0.5752954483032227,-0.10482251644134521,0.41218581795692444,0.4755873680114746,-0.010376143269240856,0.32972899079322815,0.33469516038894653,-0.0386718213558197,0.2803531289100647,0.24785122275352478,-0.06996002048254013,0.24117934703826904,0.1637853980064392,-0.09684058278799057,0.48272019624710083,0.42250022292137146,-0.020025229081511497,0.41778823733329773,0.23543769121170044,-0.04324617609381676,0.37579965591430664,0.12048578262329102,-0.07366816699504852,0.3394862711429596,0.022394806146621704,-0.09954316169023514,0.5579874515533447,0.41410136222839355,-0.03964376822113991,0.5133752226829529,0.23609960079193115,-0.06918174028396606,0.4778290390968323,0.1203688383102417,-0.09669250249862671,0.44296297430992126,0.01508176326751709,-0.11976158618927002,0.6386153697967529,0.4354326128959656,-0.06514029949903488,0.6238018870353699,0.29231756925582886,-0.09383329004049301,0.6111775636672974,0.19478845596313477,-0.1100173369050026,0.5964087843894958,0.09914708137512207,-0.12424992024898529
0.6416016817092896,0.8807078003883362,5.681091010956152e-07,0.5010047554969788,0.8607608079910278,-0.050004370510578156,0.3659169673919678,0.735751748085022,-0.06894364953041077,0.2701597213745117,0.6211478114128113,-0.08604587614536285,0.17619362473487854,0.5720017552375793,-0.1038757786154747,0.4124271869659424,0.47325173020362854,-0.012397650629281998,0.3310236930847168,0.33083754777908325,-0.04275321587920189,0.28083688020706177,0.24308857321739197,-0.07593995332717896,0.2401164174079895,0.1576666533946991,-0.10419923067092896,0.4838140606880188,0.42047807574272156,-0.022308286279439926,0.4206355810165405,0.23189902305603027,-0.04760603979229927,0.37848567962646484,0.11445507407188416,-0.08084145188331604,0.34211355447769165,0.013201594352722168,-0.10882245749235153,0.56004399061203,0.41269952058792114,-0.04221299663186073,0.5170740485191345,0.23299235105514526,-0.07381325215101242,0.482748806476593,0.11303186416625977,-0.10365124046802521,0.4494980573654175,0.003159463405609131,-0.12828409671783447,0.6409815549850464,0.43527621030807495,-0.0679558664560318,0.6243797540664673,0.2927371859550476,-0.09835334122180939,0.6096949577331543,0.19568508863449097,-0.1152513325214386,0.593451201915741,0.09986087679862976,-0.13006116449832916
0.6411774158477783,0.88249272108078,5.599467272077163e-07,0.5018664598464966,0.8645908832550049,-0.050707247108221054,0.36654576659202576,0.7467462420463562,-0.07180004566907883,0.26818758249282837,0.6347936391830444,-0.09088123589754105,0.17357566952705383,0.5809210538864136,-0.10999400913715363,0.4092046022415161,0.47913119196891785,-0.013212593272328377,0.3259431719779968,0.3390774130821228,-0.04302898794412613,0.27555495500564575,0.252631813287735,-0.07511872798204422,0.2356605976819992,0.16847366094589233,-0.1024552434682846,0.47837454080581665,0.42573413252830505,-0.021961411461234093,0.4114348292350769,0.2401428520679474,-0.046594686806201935,0.36805734038352966,0.1259341537952423,-0.07730227708816528,0.3310137987136841,0.027939975261688232,-0.1032726913690567,0.5531212687492371,0.41668272018432617,-0.04080723226070404,0.5066565275192261,0.24010878801345825,-0.07135649025440216,0.47011587023735046,0.12510699033737183,-0.09878239035606384,0.4345114529132843,0.019956201314926147,-0.12169546633958817,0.6337422728538513,0.43713653087615967,-0.06570686399936676,0.6185159087181091,0.29487189650535583,-0.09496856480836868,0.6051621437072754,0.1975138783454895,-0.11138519644737244,0.5894595384597778,0.10194119811058044,-0.12574905157089233
0.6406551599502563,0.8794262409210205,5.661975706061639e-07,0.4987573027610779,0.8623558282852173,-0.05087652429938316,0.36293336749076843,0.7400883436203003,-0.07000099122524261,0.2658068537712097,0.6263777017593384,-0.08700929582118988,0.17104658484458923,0.5782267451286316,-0.10440783202648163,0.40808624029159546,0.47505655884742737,-0.011395856738090515,0.3259966969490051,0.3357852101325989,-0.04104974865913391,0.2756146788597107,0.2496429979801178,-0.07393176853656769,0.23497572541236877,0.16548705101013184,-0.10193412750959396,0.4782935678958893,0.4217142164707184,-0.020069384947419167,0.4139741063117981,0.23652729392051697,-0.04393183812499046,0.3705756962299347,0.12194433808326721,-0.07557153701782227,0.3334188461303711,0.0240403413772583,-0.10248090326786041,0.5543089509010315,0.4127993583679199,-0.03899568319320679,0.5107366442680359,0.2353631556034088,-0.06895981729030609,0.4761577546596527,0.11771628260612488,-0.09671042859554291,0.44302207231521606,0.010226905345916748,-0.11996369063854218,0.635373055934906,0.4344322383403778,-0.06404872983694077,0.6186912059783936,0.29307234287261963,-0.09287811815738678,0.6037241220474243,0.19699105620384216,-0.10845306515693665,0.587275505065918,0.10240992903709412,-0.12230221927165985
0.6423445343971252,0.8805397152900696,5.54785742679087e-07,0.5017445683479309,0.8626073598861694,-0.050548430532217026,0.36627197265625,0.7482339143753052,-0.07207542657852173,0.26597166061401367,0.6376597285270691,-0.09168064594268799,0.1708025336265564,0.5844956636428833,-0.11119943857192993,0.40633442997932434,0.4828956127166748,-0.012718175537884235,0.3219704031944275,0.3425363600254059,-0.04310240596532822,0.2711561918258667,0.2565709054470062,-0.07566443085670471,0.23066219687461853,0.1726580262184143,-0.1031930074095726,0.4754562973976135,0.4284055233001709,-0.021408017724752426,0.4086102247238159,0.24499928951263428,-0.04646888002753258,0.3645881414413452,0.1322173774242401,-0.07745464146137238,0.32655471563339233,0.035359203815460205,-0.10349387675523758,0.5506225228309631,0.4175351560115814,-0.04019201546907425,0.5027162432670593,0.24149274826049805,-0.07077078521251678,0.46525683999061584,0.12780699133872986,-0.0977586954832077,0.428890585899353,0.023674339056015015,-0.12017916887998581,0.6319198608398438,0.43610435724258423,-0.06498907506465912,0.6144188046455383,0.2937815189361572,-0.09408825635910034,0.5995144248008728,0.19702547788619995,-0.10994687676429749,0.582396924495697,0.10228267312049866,-0.12370835244655609
0.6405255794525146,0.8792057037353516,5.656640382767364e-07,0.5003780126571655,0.8633992075920105,-0.05019543319940567,0.36428961157798767,0.7459102869033813,-0.06959035992622375,0.2647513151168823,0.6350337266921997,-0.0870334729552269,0.16985926032066345,0.5859197974205017,-0.10479892790317535,0.40605488419532776,0.4802018702030182,-0.01082916371524334,0.322698175907135,0.3394028842449188,-0.040543969720602036,0.27114373445510864,0.25432416796684265,-0.07334974408149719,0.2286895364522934,0.17095357179641724,-0.10135986655950546,0.47635218501091003,0.42631661891937256,-0.020067019388079643,0.4109063148498535,0.24205470085144043,-0.04469730332493782,0.3666335642337799,0.1286907196044922,-0.07727599889039993,0.3278026580810547,0.031381309032440186,-0.10477758944034576,0.5522826910018921,0.41674578189849854,-0.03940391540527344,0.5068422555923462,0.24040436744689941,-0.07026775181293488,0.47123581171035767,0.12450414896011353,-0.09879111498594284,0.4360933005809784,0.018070757389068604,-0.12240301072597504,0.6330859661102295,0.4366195499897003,-0.06463562697172165,0.6136334538459778,0.2954365611076355,-0.09450346231460571,0.597642719745636,0.19994467496871948,-0.11073266714811325,0.5798952579498291,0.10576266050338745,-0.12489082664251328
0.6472607254981995,0.8798391819000244,5.052561391494237e-07,0.5054273009300232,0.8673643469810486,-0.048104412853717804,0.3679841458797455,0.7480259537696838,-0.06603836268186569,0.26805537939071655,0.6338836550712585,-0.08217983692884445,0.17117494344711304,0.585481584072113,-0.09831104427576065,0.4069957137107849,0.4853092133998871,-0.007415549363940954,0.3215036392211914,0.3470469117164612,-0.03494968265295029,0.26963984966278076,0.26293763518333435,-0.06574240326881409,0.2276584655046463,0.18094632029533386,-0.09251696616411209,0.47582346200942993,0.43049198389053345,-0.016248639672994614,0.407306969165802,0.2511548697948456,-0.03925887867808342,0.3624916076660156,0.14139407873153687,-0.06958170235157013,0.32258057594299316,0.04712763428688049,-0.09529758989810944,0.5507931113243103,0.4192844033241272,-0.03511718288064003,0.5013452768325806,0.2484443485736847,-0.06487482041120529,0.46286964416503906,0.13693594932556152,-0.09231176227331161,0.42404085397720337,0.0349692702293396,-0.11512703448534012,0.6319952011108398,0.43622443079948425,-0.059728946536779404,0.6132365465164185,0.29778242111206055,-0.08886002004146576,0.5966525077819824,0.20360198616981506,-0.10536065697669983,0.5771968364715576,0.11066320538520813,-0.11968789994716644
0.6467996835708618,0.8822168111801147,5.156389875082823e-07,0.5074605941772461,0.870011031627655,-0.04739589989185333,0.3699238896369934,0.7518248558044434,-0.06438205391168594,0.27054333686828613,0.6387805938720703,-0.07952753454446793,0.1748988926410675,0.5929206609725952,-0.09464961290359497,0.4083496928215027,0.4885636270046234,-0.0077472045086324215,0.3217634856700897,0.34960222244262695,-0.03508158400654793,0.2699819803237915,0.2663716971874237,-0.06517171859741211,0.2278400957584381,0.18511512875556946,-0.09116249531507492,0.47660040855407715,0.43356606364250183,-0.016844969242811203,0.4078826904296875,0.2541918158531189,-0.039461858570575714,0.3633330464363098,0.14462238550186157,-0.06900756061077118,0.32414984703063965,0.05154526233673096,-0.09393306821584702,0.5515193939208984,0.4222927689552307,-0.0358634814620018,0.5038753151893616,0.25145217776298523,-0.0653037428855896,0.46776124835014343,0.14084598422050476,-0.09162210673093796,0.4311164319515228,0.039975494146347046,-0.1133742704987526,0.6320850849151611,0.43904533982276917,-0.06056315079331398,0.6124321818351746,0.3002393841743469,-0.08926768600940704,0.596782922744751,0.2064880132675171,-0.10456451028585434,0.5785375833511353,0.11432275176048279,-0.11779917031526566
0.647281289100647,0.8831171989440918,5.138660981174326e-07,0.5063967704772949,0.8704992532730103,-0.046898938715457916,0.36964094638824463,0.7515859007835388,-0.0636715292930603,0.2709161043167114,0.6383207440376282,-0.07878328859806061,0.1751869022846222,0.5925445556640625,-0.09390460699796677,0.40888848900794983,0.48807036876678467,-0.006095984950661659,0.32233577966690063,0.349621057510376,-0.0329955630004406,0.27027031779289246,0.2669678330421448,-0.06303644180297852,0.22768349945545197,0.18615099787712097,-0.08907704055309296,0.4774727523326874,0.4329312741756439,-0.015441498719155788,0.40915751457214355,0.2537909150123596,-0.03765439987182617,0.36423587799072266,0.1450679898262024,-0.06749662756919861,0.32428687810897827,0.05265197157859802,-0.09267108887434006,0.5526883602142334,0.42170771956443787,-0.03468199819326401,0.5048240423202515,0.2517666220664978,-0.06381210684776306,0.4677855372428894,0.1414555013179779,-0.09040433168411255,0.43017449975013733,0.04053327441215515,-0.11240769922733307,0.6335384249687195,0.4387347102165222,-0.05956611409783363,0.613513171672821,0.30046018958091736,-0.08819238841533661,0.5972555875778198,0.207042396068573,-0.1035149097442627,0.5786457657814026,0.11511567234992981,-0.11673722416162491
0.654345691204071,0.885155200958252,5.210374638409121e-07,0.5108794569969177,0.8765078186988831,-0.04872927814722061,0.37306320667266846,0.761067271232605,-0.06660443544387817,0.27326545119285583,0.6480821371078491,-0.08235137164592743,0.17653846740722656,0.5979812741279602,-0.09772367775440216,0.41020652651786804,0.49452656507492065,-0.006887918803840876,0.3216865062713623,0.3563268780708313,-0.03368513286113739,0.2687181532382965,0.27347514033317566,-0.06383248418569565,0.22556520998477936,0.19259318709373474,-0.08992069214582443,0.4785703122615814,0.43714165687561035,-0.015354647301137447,0.4060101807117462,0.25775063037872314,-0.037284109741449356,0.3596259355545044,0.14841851592063904,-0.06686852127313614,0.31942325830459595,0.05637621879577637,-0.09189558029174805,0.5533575415611267,0.42448294162750244,-0.03397846966981888,0.5023680329322815,0.25444379448890686,-0.0628153458237648,0.4644760489463806,0.14352655410766602,-0.08965267986059189,0.4265586733818054,0.04244363307952881,-0.11197764426469803,0.6346663236618042,0.4401375949382782,-0.05844008922576904,0.6136155724525452,0.3020866811275482,-0.08683890104293823,0.5961570143699646,0.20914050936698914,-0.10267949104309082,0.5762040615081787,0.11724346876144409,-0.11638612300157547
0.6535710096359253,0.8821144700050354,5.224260917202628e-07,0.5104010701179504,0.8741778135299683,-0.047756146639585495,0.3714122772216797,0.7573800086975098,-0.06359338760375977,0.2732709050178528,0.6431035995483398,-0.07755813002586365,0.17827153205871582,0.5968773365020752,-0.0915379673242569,0.4094105362892151,0.49398061633110046,-0.006335873156785965,0.32155823707580566,0.3556978106498718,-0.03365594893693924,0.268526554107666,0.27312996983528137,-0.06395260244607925,0.22444367408752441,0.1921338140964508,-0.09009115397930145,0.47868767380714417,0.43679073452949524,-0.015296176075935364,0.40854525566101074,0.2575662434101105,-0.0377972386777401,0.3627729117870331,0.14770793914794922,-0.06775860488414764,0.32267796993255615,0.05495506525039673,-0.09309497475624084,0.5537524819374084,0.42419523000717163,-0.03444995731115341,0.5049319267272949,0.25445884466171265,-0.06391630321741104,0.467609703540802,0.14481669664382935,-0.09054162353277206,0.42980360984802246,0.04492926597595215,-0.11257696151733398,0.6347646713256836,0.43980729579925537,-0.059412285685539246,0.6137617826461792,0.30237117409706116,-0.08829861879348755,0.5963349938392639,0.21001452207565308,-0.1037883386015892,0.5764897465705872,0.11865141987800598,-0.11724364757537842
0.6539117693901062,0.8897770643234253,5.42502050393523e-07,0.512870728969574,0.885424017906189,-0.05149808153510094,0.374381959438324,0.7799641489982605,-0.07219712436199188,0.27166134119033813,0.6715003252029419,-0.09020543098449707,0.17378529906272888,0.6200960278511047,-0.10778630524873734,0.40601682662963867,0.5079671740531921,-0.012567861936986446,0.3156440258026123,0.37139320373535156,-0.04169749096035957,0.26155388355255127,0.28857386112213135,-0.0727006122469902,0.21778082847595215,0.20873409509658813,-0.09894111752510071,0.47340044379234314,0.44800469279289246,-0.020048100501298904,0.39881592988967896,0.268053263425827,-0.043410524725914,0.3520248830318451,0.15886807441711426,-0.07224299758672714,0.3119167983531952,0.0671091079711914,-0.09636743366718292,0.5477479100227356,0.43329474329948425,-0.037849850952625275,0.49696865677833557,0.26274850964546204,-0.06745272129774094,0.45973095297813416,0.1510528028011322,-0.0931965634226799,0.422685831785202,0.04947599768638611,-0.114476278424263,0.6292722225189209,0.44797736406326294,-0.06169568747282028,0.6080644130706787,0.30934852361679077,-0.09041713923215866,0.5916585922241211,0.2154635190963745,-0.1054745614528656,0.5720731616020203,0.12435367703437805,-0.11832626163959503
0.6558314561843872,0.8896271586418152,5.542020176108053e-07,0.5126622915267944,0.8861719369888306,-0.049518801271915436,0.37182992696762085,0.7733117341995239,-0.06738614290952682,0.2688314616680145,0.6595242023468018,-0.08270592987537384,0.17036399245262146,0.6168937087059021,-0.09780257195234299,0.40538889169692993,0.5049755573272705,-0.009638535790145397,0.3151948153972626,0.36717313528060913,-0.03781076893210411,0.26050132513046265,0.2851165533065796,-0.068682461977005,0.21605487167835236,0.20456767082214355,-0.09488120675086975,0.473323255777359,0.44475889205932617,-0.01741871051490307,0.40116509795188904,0.2632397413253784,-0.03907451033592224,0.35477033257484436,0.15279081463813782,-0.06769707798957825,0.3153086304664612,0.05915626883506775,-0.09198647737503052,0.548407793045044,0.42962226271629333,-0.03522024676203728,0.4977585971355438,0.25845709443092346,-0.0628410056233406,0.46127331256866455,0.14997029304504395,-0.08666455745697021,0.42571958899497986,0.05263349413871765,-0.10677196085453033,0.6302710175514221,0.4443387985229492,-0.059086717665195465,0.6077061295509338,0.306782603263855,-0.08569324761629105,0.5902989506721497,0.2147226333618164,-0.09844207018613815,0.5714659690856934,0.12563282251358032,-0.10969360917806625
0.6534978747367859,0.8960056304931641,5.088738248559821e-07,0.5145021080970764,0.8991326093673706,-0.053432583808898926,0.3748405873775482,0.8026654720306396,-0.07495556026697159,0.27255189418792725,0.6978256702423096,-0.09323037415742874,0.17569273710250854,0.6437118053436279,-0.1109132245182991,0.3941890597343445,0.5242644548416138,-0.016804629936814308,0.2963922321796417,0.3929797410964966,-0.04718472436070442,0.2391546666622162,0.31206077337265015,-0.0790131613612175,0.19277000427246094,0.23289963603019714,-0.10585617274045944,0.4609580636024475,0.45870476961135864,-0.023560531437397003,0.3800433278083801,0.28317371010780334,-0.04786112904548645,0.33057117462158203,0.17727839946746826,-0.07733253389596939,0.288224458694458,0.08707886934280396,-0.10204208642244339,0.5364693403244019,0.4405660033226013,-0.040632378309965134,0.48069900274276733,0.2712249755859375,-0.07093991339206696,0.4418783485889435,0.1620514988899231,-0.0969570055603981,0.4025961458683014,0.06114155054092407,-0.11847454309463501,0.6211422681808472,0.452925443649292,-0.0638820007443428,0.5951962471008301,0.31458979845046997,-0.09345882385969162,0.576034426689148,0.222281813621521,-0.1087932288646698,0.5530931353569031,0.13187465071678162,-0.12173761427402496
0.6573702096939087,0.8946671485900879,5.539060339287971e-07,0.5158935785293579,0.8979239463806152,-0.052969444543123245,0.3726024627685547,0.8012615442276001,-0.07506651431322098,0.2683878242969513,0.6969115138053894,-0.0937269777059555,0.17051362991333008,0.6480385065078735,-0.11209288239479065,0.3955656588077545,0.5244548916816711,-0.02130047231912613,0.2997029423713684,0.3901687264442444,-0.05409879982471466,0.24083854258060455,0.3093613386154175,-0.08726534247398376,0.1917600929737091,0.22990337014198303,-0.11468144506216049,0.4626416563987732,0.46017616987228394,-0.028720146045088768,0.38436514139175415,0.2820470929145813,-0.05531114712357521,0.3341115713119507,0.17294296622276306,-0.0859258845448494,0.2908671200275421,0.08076268434524536,-0.11129703372716904,0.5377390384674072,0.44196125864982605,-0.04596637561917305,0.4822692573070526,0.27400028705596924,-0.07782422006130219,0.4424561858177185,0.16549888253211975,-0.1036686822772026,0.4027963876724243,0.06689482927322388,-0.12475427240133286,0.6204946041107178,0.45289361476898193,-0.06924299150705338,0.594110369682312,0.31511247158050537,-0.09976807981729507,0.5739400386810303,0.22274643182754517,-0.1149006262421608,0.551112174987793,0.1330644190311432,-0.1274317353963852
0.6583573818206787,0.8979629874229431,5.825970106343448e-07,0.5159898400306702,0.907347559928894,-0.054640162736177444,0.3753986954689026,0.8203696012496948,-0.07750919461250305,0.2709489166736603,0.7208776473999023,-0.09761658310890198,0.16980895400047302,0.672408938407898,-0.11749568581581116,0.38898736238479614,0.5427052974700928,-0.015243889763951302,0.28738054633140564,0.41280192136764526,-0.046449728310108185,0.22655153274536133,0.3322388529777527,-0.0793217271566391,0.1759922206401825,0.25362855195999146,-0.10710611194372177,0.45572322607040405,0.47476670145988464,-0.02286701090633869,0.36957356333732605,0.3001914918422699,-0.048867564648389816,0.31525224447250366,0.19316738843917847,-0.08096235990524292,0.2684832513332367,0.10300114750862122,-0.10771262645721436,0.5306891202926636,0.4539252519607544,-0.041128452867269516,0.4702814519405365,0.2859867215156555,-0.07341068238019943,0.4263150691986084,0.17591625452041626,-0.10148796439170837,0.3817307949066162,0.07507812976837158,-0.12444453686475754,0.6152398586273193,0.46226975321769714,-0.0656440481543541,0.5871393084526062,0.32289689779281616,-0.09695971757173538,0.5656448602676392,0.23028215765953064,-0.11354068666696548,0.5398201942443848,0.14026468992233276,-0.12755286693572998
0.6571062803268433,0.8990060091018677,6.484222581093491e-07,0.5130382180213928,0.9068390727043152,-0.0584406740963459,0.37194740772247314,0.8173348307609558,-0.08371195197105408,0.266429603099823,0.7174929976463318,-0.10546684265136719,0.16432291269302368,0.6716281175613403,-0.1270546168088913,0.3898930251598358,0.5400524139404297,-0.022481488063931465,0.2895083725452423,0.41249483823776245,-0.05704255774617195,0.2279747873544693,0.33415961265563965,-0.09176202118396759,0.1765419840812683,0.25476813316345215,-0.12040151655673981,0.45654401183128357,0.4726910889148712,-0.028919978067278862,0.37277692556381226,0.2982166111469269,-0.05789585039019585,0.3175268769264221,0.18958106637001038,-0.09117663651704788,0.2698670029640198,0.09550470113754272,-0.11843699961900711,0.5319951772689819,0.4525677561759949,-0.0460069514811039,0.4716677665710449,0.28714367747306824,-0.08064667135477066,0.4276459813117981,0.17992651462554932,-0.10814931243658066,0.3838915228843689,0.08070048689842224,-0.1301039606332779,0.6154325008392334,0.4610605239868164,-0.06966667622327805,0.5856999158859253,0.32349640130996704,-0.10210045427083969,0.5628083348274231,0.2323031723499298,-0.11810330301523209,0.537160336971283,0.14216312766075134,-0.13133496046066284
0.664959728717804,0.8920837044715881,6.217182999534998e-07,0.5225585699081421,0.904412567615509,-0.059513356536626816,0.38179126381874084,0.821935772895813,-0.08646278083324432,0.2770049571990967,0.7251878976821899,-0.10979859530925751,0.1743563711643219,0.6774235367774963,-0.13271817564964294,0.3901780843734741,0.5494344830513,-0.025451479479670525,0.2854043245315552,0.42212826013565063,-0.060687385499477386,0.22183914482593536,0.34363463521003723,-0.09536229819059372,0.1689077615737915,0.26519957184791565,-0.12397230416536331,0.4550858736038208,0.48037928342819214,-0.03162122890353203,0.36465030908584595,0.3090415298938751,-0.061347849667072296,0.3081147074699402,0.2028818428516388,-0.09465952217578888,0.26031970977783203,0.11169403791427612,-0.12199369072914124,0.5294841527938843,0.45736902952194214,-0.048495251685380936,0.46461719274520874,0.29377955198287964,-0.08335310965776443,0.4177417755126953,0.1857244372367859,-0.11198999732732773,0.37168264389038086,0.08571913838386536,-0.13511502742767334,0.6142216324806213,0.46158894896507263,-0.07200180739164352,0.5819940567016602,0.3245551288127899,-0.10455328226089478,0.5573292374610901,0.23299559950828552,-0.12178906798362732,0.5296574831008911,0.14256224036216736,-0.13628491759300232
0.6637675166130066,0.8976465463638306,6.283039510890376e-07,0.5217495560646057,0.9093869924545288,-0.054382383823394775,0.3788374960422516,0.8202053904533386,-0.07668331265449524,0.2752056121826172,0.7235742211341858,-0.09590733796358109,0.1758725345134735,0.6810863018035889,-0.11519527435302734,0.391152560710907,0.5469481348991394,-0.021740466356277466,0.28833869099617004,0.4208938479423523,-0.055319830775260925,0.22532422840595245,0.3432638347148895,-0.08883797377347946,0.17258334159851074,0.2655465602874756,-0.11655381321907043,0.45687299966812134,0.4789949655532837,-0.029814571142196655,0.36986008286476135,0.305453896522522,-0.05802009254693985,0.3126864433288574,0.19663769006729126,-0.09082026034593582,0.2636936902999878,0.10417070984840393,-0.11768963932991028,0.5318807363510132,0.45737984776496887,-0.04792305827140808,0.46722814440727234,0.2922668159008026,-0.08194456249475479,0.4209476411342621,0.18606039881706238,-0.10977623611688614,0.3752880394458771,0.08916354179382324,-0.1320178210735321,0.6149784326553345,0.46377891302108765,-0.07213682681322098,0.5817866325378418,0.3267940282821655,-0.10434858500957489,0.5570642948150635,0.2358299195766449,-0.1205243468284607,0.5296248197555542,0.1462724804878235,-0.1339353322982788
0.6644114851951599,0.8874249458312988,5.622694061457878e-07,0.5205814838409424,0.8938844203948975,-0.05167056992650032,0.37955400347709656,0.8028455376625061,-0.07085634768009186,0.279060035943985,0.7007277607917786,-0.08765703439712524,0.18132692575454712,0.6608110666275024,-0.10408663749694824,0.39539846777915955,0.535070538520813,-0.009900957345962524,0.2944691479206085,0.4136148691177368,-0.040263958275318146,0.232747420668602,0.3399057686328888,-0.07241225242614746,0.18060436844825745,0.26487648487091064,-0.09934591501951218,0.45959991216659546,0.4687020480632782,-0.01730458065867424,0.3754672408103943,0.30113598704338074,-0.04223781079053879,0.3211174011230469,0.19709205627441406,-0.0732213482260704,0.27408522367477417,0.10741397738456726,-0.09885165095329285,0.5335830450057983,0.44792407751083374,-0.03533991426229477,0.4710594713687897,0.2874990701675415,-0.06710570305585861,0.4266531765460968,0.18676915764808655,-0.09346466511487961,0.3827870190143585,0.0947275459766388,-0.11436828970909119,0.6168787479400635,0.4543917775154114,-0.059514518827199936,0.5847765803337097,0.32091468572616577,-0.08965670317411423,0.5591826438903809,0.23307472467422485,-0.10493007302284241,0.5314626097679138,0.1457422375679016,-0.11765506118535995
0.6652525067329407,0.8827859163284302,5.415274699771544e-07,0.5252036452293396,0.8909898400306702,-0.05467093363404274,0.38536202907562256,0.7978283762931824,-0.0759100690484047,0.2849072217941284,0.691506564617157,-0.09386072307825089,0.1857788860797882,0.6495516300201416,-0.11162570118904114,0.3998287320137024,0.5323987007141113,-0.01739746332168579,0.3004991412162781,0.41043713688850403,-0.04999721422791481,0.23973366618156433,0.33575016260147095,-0.08342830091714859,0.18918025493621826,0.25925761461257935,-0.11127296835184097,0.4636692404747009,0.466375470161438,-0.023853303864598274,0.3809208273887634,0.3006482422351837,-0.05071115866303444,0.32749348878860474,0.19733735918998718,-0.08300662040710449,0.2809034585952759,0.10716187953948975,-0.1098397970199585,0.5365502834320068,0.4457845985889435,-0.04072224721312523,0.47565773129463196,0.287009596824646,-0.07397838681936264,0.4318958520889282,0.18437829613685608,-0.10161936283111572,0.3881862163543701,0.09017306566238403,-0.12378481775522232,0.6184003353118896,0.45212507247924805,-0.06380705535411835,0.5866791605949402,0.3205586075782776,-0.09545435756444931,0.5622269511222839,0.23257842659950256,-0.11204668134450912,0.5351938009262085,0.1457328498363495,-0.12587803602218628
0.6661770343780518,0.8838509917259216,5.016289037484967e-07,0.5266391634941101,0.8899955749511719,-0.05071147158741951,0.38514748215675354,0.7964749336242676,-0.07094323635101318,0.2829103469848633,0.6944332718849182,-0.08829889446496964,0.18569043278694153,0.6532928347587585,-0.10576585680246353,0.40193408727645874,0.5343477725982666,-0.018992749974131584,0.3016282320022583,0.4129648506641388,-0.05166618153452873,0.24007152020931244,0.338434636592865,-0.08444735407829285,0.18885090947151184,0.2632516324520111,-0.11172346770763397,0.46453988552093506,0.46858179569244385,-0.02698548510670662,0.37926268577575684,0.30299660563468933,-0.054468002170324326,0.3255319893360138,0.20092257857322693,-0.08583758026361465,0.27898961305618286,0.11275237798690796,-0.11152499169111252,0.5372834205627441,0.44738975167274475,-0.044588878750801086,0.4750831723213196,0.28862830996513367,-0.07776504755020142,0.4301510751247406,0.18403980135917664,-0.1049651950597763,0.38581109046936035,0.08825680613517761,-0.12660838663578033,0.6196014285087585,0.453963041305542,-0.067896269261837,0.5877151489257812,0.32015734910964966,-0.09927485138177872,0.5631440281867981,0.23022428154945374,-0.11553748697042465,0.5357033610343933,0.14247044920921326,-0.12887422740459442
0.6671494245529175,0.8783639669418335,5.370887379285705e-07,0.5262057781219482,0.8841736316680908,-0.0504361130297184,0.38701245188713074,0.7858248949050903,-0.06881693005561829,0.28690510988235474,0.6781147122383118,-0.08458540588617325,0.1891775131225586,0.6373609304428101,-0.09988140314817429,0.40476539731025696,0.5212762355804443,-0.009022446349263191,0.3074663281440735,0.39958736300468445,-0.03748064860701561,0.2476593554019928,0.3273966908454895,-0.06843475252389908,0.1969853639602661,0.2539771497249603,-0.09464092552661896,0.467987984418869,0.45671164989471436,-0.016153428703546524,0.386776328086853,0.2901111841201782,-0.0382918044924736,0.3347713351249695,0.1883091926574707,-0.06754326820373535,0.28950294852256775,0.10078075528144836,-0.0921492949128151,0.5413541197776794,0.43779802322387695,-0.03351897373795509,0.4821551442146301,0.27743083238601685,-0.062410566955804825,0.4399964511394501,0.17521977424621582,-0.08733358979225159,0.39765551686286926,0.08199569582939148,-0.10780693590641022,0.6233854293823242,0.446880966424942,-0.05690516158938408,0.5923606753349304,0.3152048587799072,-0.08498071879148483,0.5679028034210205,0.22853335738182068,-0.0988064780831337,0.5416157841682434,0.14301788806915283,-0.11058811098337173
0.6683741807937622,0.8776731491088867,4.806772153642669e-07,0.5303181409835815,0.8820640444755554,-0.048430752009153366,0.3920964300632477,0.7873959541320801,-0.06716439872980118,0.29241830110549927,0.684360682964325,-0.08359348773956299,0.19626224040985107,0.6406558752059937,-0.10004977881908417,0.4066818952560425,0.5253428220748901,-0.012811639346182346,0.30840301513671875,0.40414267778396606,-0.0432259738445282,0.24848908185958862,0.3301945924758911,-0.07532228529453278,0.19855943322181702,0.2555450201034546,-0.1023421362042427,0.46916982531547546,0.46129104495048523,-0.021548375487327576,0.3859288692474365,0.2954302430152893,-0.04679056257009506,0.3331815004348755,0.1933792233467102,-0.07769256830215454,0.2871539890766144,0.10541382431983948,-0.1033487543463707,0.5412188768386841,0.4419732689857483,-0.040016405284404755,0.48107388615608215,0.282437801361084,-0.07123485952615738,0.4380597770214081,0.17808982729911804,-0.09806851297616959,0.3949720859527588,0.08227166533470154,-0.11991765350103378,0.6225004196166992,0.45065033435821533,-0.06413519382476807,0.5925734043121338,0.3182145357131958,-0.09396877139806747,0.5699059367179871,0.22987443208694458,-0.10958098620176315,0.544119119644165,0.14304861426353455,-0.12281563133001328
0.665442705154419,0.8730101585388184,5.270712222227303e-07,0.5279313921928406,0.8756258487701416,-0.05143838748335838,0.3925895690917969,0.7799171209335327,-0.071787528693676,0.2940816283226013,0.6762152314186096,-0.0894666537642479,0.1981218159198761,0.6340301036834717,-0.10695067793130875,0.4087381064891815,0.5200775265693665,-0.015168344601988792,0.3130967319011688,0.3970094919204712,-0.0468025766313076,0.2536952495574951,0.32337480783462524,-0.07925949990749359,0.20359328389167786,0.24851709604263306,-0.10620059818029404,0.47182348370552063,0.45761269330978394,-0.022543268278241158,0.39240095019340515,0.29214829206466675,-0.0484950914978981,0.34093302488327026,0.19057336449623108,-0.0796331912279129,0.29512038826942444,0.10162132978439331,-0.10532434284687042,0.5438388586044312,0.43866991996765137,-0.039910487830638885,0.48553791642189026,0.28163614869117737,-0.07194609194993973,0.4436435103416443,0.17891299724578857,-0.09841179102659225,0.4013722538948059,0.08472859859466553,-0.11954057961702347,0.623799204826355,0.4464918375015259,-0.0632164254784584,0.5938884019851685,0.3157225251197815,-0.09331991523504257,0.5713856220245361,0.22755447030067444,-0.10845524072647095,0.5463724136352539,0.14094462990760803,-0.12104585021734238
0.668512225151062,0.871972918510437,5.080420919512108e-07,0.5302982926368713,0.8747653961181641,-0.05224490165710449,0.3919103145599365,0.7796071171760559,-0.0729178935289383,0.2899795174598694,0.6775999665260315,-0.09056547284126282,0.19380372762680054,0.6325205564498901,-0.10779545456171036,0.4108055531978607,0.5215115547180176,-0.016050832346081734,0.31323903799057007,0.4000549018383026,-0.04760568216443062,0.2537194490432739,0.3262403905391693,-0.07968799024820328,0.20435941219329834,0.25164490938186646,-0.10627319663763046,0.4729311168193817,0.4581923186779022,-0.02237096056342125,0.39073890447616577,0.2946609556674957,-0.048405103385448456,0.33929216861724854,0.19420307874679565,-0.07868450880050659,0.29444777965545654,0.10628876090049744,-0.10340030491352081,0.5447332859039307,0.43850359320640564,-0.038754936307668686,0.48530319333076477,0.28222161531448364,-0.0706932470202446,0.4430292248725891,0.17819494009017944,-0.09726368635892868,0.40084776282310486,0.08197826147079468,-0.1182565689086914,0.6255297660827637,0.44536033272743225,-0.061062391847372055,0.5950275659561157,0.31428754329681396,-0.09097728878259659,0.5720133781433105,0.2261752486228943,-0.10643305629491806,0.5463213324546814,0.13947492837905884,-0.1190972775220871
0.6633948087692261,0.866844117641449,4.6146740828589827e-07,0.5257291793823242,0.8713318109512329,-0.04459063336253166,0.3857567608356476,0.7726840972900391,-0.058195505291223526,0.28521132469177246,0.6676096320152283,-0.07024627178907394,0.1898009181022644,0.630699872970581,-0.08217015117406845,0.4063960015773773,0.5198491811752319,-0.0004530925361905247,0.3105693459510803,0.4021972417831421,-0.0252680741250515,0.25297877192497253,0.33157479763031006,-0.0538565069437027,0.20412993431091309,0.26099491119384766,-0.07860117405653,0.4670579731464386,0.4568238854408264,-0.008338075131177902,0.3857545852661133,0.2955324947834015,-0.027748914435505867,0.33607912063598633,0.1973170042037964,-0.05426783487200737,0.2930215001106262,0.11401429772377014,-0.0767441838979721,0.5376917719841003,0.4378430247306824,-0.026362311094999313,0.47863587737083435,0.2826021909713745,-0.05287283658981323,0.436790406703949,0.1812954843044281,-0.0769742876291275,0.3951159417629242,0.08895814418792725,-0.0968860313296318,0.6177611351013184,0.44587910175323486,-0.0499984472990036,0.587848961353302,0.3162011504173279,-0.07564268261194229,0.564873993396759,0.2309092879295349,-0.08904864639043808,0.5391488075256348,0.14724957942962646,-0.10089322924613953
0.6609055399894714,0.8722273111343384,5.140157668392931e-07,0.5215280055999756,0.8776422142982483,-0.04707014560699463,0.38416263461112976,0.7817437052726746,-0.06192385032773018,0.2841421961784363,0.6802810430526733,-0.07502575218677521,0.18880850076675415,0.6354635953903198,-0.08724451065063477,0.4013260006904602,0.527026891708374,0.0026701674796640873,0.30560624599456787,0.40863484144210815,-0.020474376156926155,0.24841175973415375,0.33689719438552856,-0.047778163105249405,0.20078778266906738,0.2664303183555603,-0.07127676159143448,0.46298351883888245,0.4634820222854614,-0.003949244972318411,0.38070914149284363,0.30231624841690063,-0.0211977306753397,0.32987603545188904,0.20379292964935303,-0.04632991924881935,0.28682130575180054,0.12159472703933716,-0.06765197962522507,0.5336098670959473,0.44289401173591614,-0.021406974643468857,0.47252750396728516,0.2869093418121338,-0.045888807624578476,0.4297344982624054,0.18688803911209106,-0.06912896037101746,0.38749611377716064,0.09557917714118958,-0.08848768472671509,0.6132215261459351,0.44794684648513794,-0.04491008073091507,0.5820424556732178,0.317671000957489,-0.06900124251842499,0.5585482716560364,0.23236489295959473,-0.08207517862319946,0.5325857400894165,0.14836609363555908,-0.09365515410900116
0.6623400449752808,0.8716130256652832,5.203579007684311e-07,0.521744966506958,0.8772191405296326,-0.04644050821661949,0.38453173637390137,0.7807317972183228,-0.06180835887789726,0.285433828830719,0.6772365570068359,-0.0755564272403717,0.18974080681800842,0.6376024484634399,-0.08876826614141464,0.40130186080932617,0.524165153503418,0.001167864422313869,0.30632731318473816,0.4058478772640228,-0.023266760632395744,0.24869230389595032,0.3343760073184967,-0.052007004618644714,0.20067748427391052,0.26220521330833435,-0.07665145397186279,0.46298861503601074,0.4614083468914032,-0.0064003425650298595,0.3817063868045807,0.3016141355037689,-0.025254176929593086,0.33032456040382385,0.20265457034111023,-0.052812159061431885,0.2862583100795746,0.11813613772392273,-0.07614555209875107,0.5338212251663208,0.44133731722831726,-0.02440617047250271,0.47355133295059204,0.2877843379974365,-0.05042199417948723,0.4303874969482422,0.1887599229812622,-0.07536287605762482,0.38784801959991455,0.09841689467430115,-0.09594254195690155,0.6129531264305115,0.4469563663005829,-0.04827671870589256,0.5817809700965881,0.3180118799209595,-0.07370106875896454,0.5574015378952026,0.23305368423461914,-0.08767786622047424,0.5313102006912231,0.1487429440021515,-0.09986841678619385
0.6707940101623535,0.8785815238952637,5.099014970255666e-07,0.5282730460166931,0.8890405893325806,-0.05047325789928436,0.3858991265296936,0.7909522652626038,-0.06732376664876938,0.2836483120918274,0.684874951839447,-0.08133916556835175,0.18598711490631104,0.6431324481964111,-0.09484566003084183,0.4035342335700989,0.528601348400116,-0.006598189007490873,0.3056063652038574,0.4084089398384094,-0.03336941450834274,0.2462865114212036,0.3352857232093811,-0.06354489922523499,0.1965402364730835,0.2623412013053894,-0.08928993344306946,0.46614962816238403,0.4647631049156189,-0.012898968532681465,0.383365660905838,0.3036702871322632,-0.033909477293491364,0.3310442864894867,0.20417511463165283,-0.06276563555002213,0.28594306111335754,0.11916801333427429,-0.08695189654827118,0.5377715826034546,0.44474148750305176,-0.02965535782277584,0.4771503508090973,0.2889794409275055,-0.05783351883292198,0.43369507789611816,0.1881982982158661,-0.08397761732339859,0.3905341327190399,0.09608864784240723,-0.10525327920913696,0.6180219650268555,0.4506910443305969,-0.05240881070494652,0.5857899188995361,0.3201826810836792,-0.08026055246591568,0.5613844394683838,0.23416006565093994,-0.09554467350244522,0.5348084568977356,0.14864501357078552,-0.10842132568359375
0.6713274717330933,0.8789318799972534,5.316879310157674e-07,0.5294513702392578,0.8920472860336304,-0.0512472502887249,0.3878723978996277,0.7922251224517822,-0.06707703322172165,0.28684377670288086,0.6818696856498718,-0.0802413821220398,0.18826985359191895,0.6392571926116943,-0.09268460422754288,0.40291643142700195,0.5269690155982971,-0.000883685250300914,0.3060001730918884,0.40697944164276123,-0.025200746953487396,0.24738313257694244,0.3346259593963623,-0.05401311069726944,0.19865453243255615,0.2618013918399811,-0.07909102737903595,0.4656328558921814,0.46306663751602173,-0.006387847941368818,0.38346192240715027,0.3020023703575134,-0.0249025896191597,0.33146363496780396,0.20292353630065918,-0.05292685329914093,0.2865251302719116,0.11760035157203674,-0.07683315128087997,0.5374722480773926,0.4439583420753479,-0.022926490753889084,0.47721338272094727,0.2884158194065094,-0.04990773648023605,0.4340001046657562,0.18885618448257446,-0.07609295099973679,0.39053553342819214,0.09709364175796509,-0.09763584285974503,0.6180230975151062,0.4504363536834717,-0.04565270245075226,0.5859350562095642,0.32047444581985474,-0.07309737056493759,0.561359703540802,0.23520007729530334,-0.08868059515953064,0.5346212387084961,0.14922142028808594,-0.10201176255941391
0.6759393215179443,0.8832665681838989,5.194484060666582e-07,0.53464674949646,0.8938387036323547,-0.05249732732772827,0.39515477418899536,0.7952865362167358,-0.07182170450687408,0.2960147559642792,0.6851378679275513,-0.08777877688407898,0.1975286304950714,0.6424683332443237,-0.102995365858078,0.4103107154369354,0.5252982974052429,-0.012587481178343296,0.31267091631889343,0.4017094671726227,-0.041921354830265045,0.2518903613090515,0.328651487827301,-0.07322172820568085,0.1997070610523224,0.256924033164978,-0.099454864859581,0.474994421005249,0.45968151092529297,-0.018575577065348625,0.3942857086658478,0.2940533459186554,-0.04071449488401413,0.342018187046051,0.1929144263267517,-0.06928583234548569,0.2959110140800476,0.10627156496047974,-0.09332258254289627,0.5486382246017456,0.43932104110717773,-0.034816641360521317,0.4900418817996979,0.27678877115249634,-0.06335460394620895,0.4491962790489197,0.17446431517601013,-0.08662793040275574,0.4079324007034302,0.08211696147918701,-0.10607568174600601,0.6302197575569153,0.4477619230747223,-0.05723896250128746,0.5997753143310547,0.31918609142303467,-0.0850217416882515,0.5766462683677673,0.23425665497779846,-0.09751168638467789,0.551712691783905,0.15116694569587708,-0.10817226022481918
0.6784195899963379,0.8878237009048462,4.908917503598786e-07,0.5380327701568604,0.8923791646957397,-0.04980512335896492,0.3969433307647705,0.794962465763092,-0.06923243403434753,0.2942676544189453,0.6918757557868958,-0.0858282744884491,0.19661495089530945,0.6463986039161682,-0.10201194882392883,0.41304585337638855,0.5289427042007446,-0.013691004365682602,0.31440412998199463,0.4047720432281494,-0.04393794387578964,0.25447937846183777,0.3293514847755432,-0.07556931674480438,0.2046099305152893,0.25475484132766724,-0.10190018266439438,0.4773404896259308,0.4646639823913574,-0.021226372569799423,0.3942633271217346,0.2980782985687256,-0.04539278894662857,0.3415933847427368,0.19632753729820251,-0.07482205331325531,0.2956388294696808,0.10972437262535095,-0.09914949536323547,0.5509163737297058,0.4445779621601105,-0.038605060428380966,0.49110084772109985,0.28413647413253784,-0.06852371990680695,0.4481123387813568,0.1794911026954651,-0.09390587359666824,0.40489864349365234,0.08446526527404785,-0.11462367326021194,0.6326819658279419,0.4523412585258484,-0.061739448457956314,0.6020300388336182,0.3205677270889282,-0.09022935479879379,0.5784525871276855,0.23247215151786804,-0.1044878289103508,0.5519876480102539,0.14642208814620972,-0.11649737507104874
0.6795307397842407,0.8864140510559082,5.496834774021409e-07,0.5379605889320374,0.8940235376358032,-0.05339513719081879,0.40086984634399414,0.7923076152801514,-0.07290224730968475,0.3023362159729004,0.6792217493057251,-0.08922355622053146,0.20295703411102295,0.6341162323951721,-0.10481391102075577,0.416870653629303,0.5219069123268127,-0.010124845430254936,0.3209024667739868,0.3943254351615906,-0.0387805812060833,0.2608904242515564,0.3197022080421448,-0.06994733959436417,0.20970723032951355,0.24545186758041382,-0.09619889408349991,0.4823806881904602,0.45739492774009705,-0.015798499807715416,0.40306487679481506,0.28721630573272705,-0.03723670169711113,0.3516002893447876,0.1850285828113556,-0.06626936048269272,0.3061804175376892,0.0973329246044159,-0.09085595607757568,0.5564754605293274,0.4389200806617737,-0.032030362635850906,0.49922120571136475,0.2738051116466522,-0.06019746884703636,0.4577633738517761,0.1702842116355896,-0.08454971015453339,0.4157449007034302,0.0764213502407074,-0.10492604970932007,0.6383370757102966,0.4487249255180359,-0.05458391085267067,0.6087989211082458,0.3160023093223572,-0.08221203088760376,0.5855706334114075,0.22868072986602783,-0.09558461606502533,0.5601644515991211,0.142672598361969,-0.1070871502161026
0.6776797771453857,0.8891794681549072,4.945305818182533e-07,0.5397058129310608,0.8932909369468689,-0.05186434090137482,0.4006948173046112,0.7906240820884705,-0.07105360180139542,0.29803940653800964,0.6805370450019836,-0.0871918573975563,0.19857540726661682,0.6342095136642456,-0.10302982479333878,0.41870003938674927,0.5271064639091492,-0.014005912467837334,0.3213977515697479,0.40103858709335327,-0.044397514313459396,0.262215256690979,0.32481223344802856,-0.07597620040178299,0.212724506855011,0.24896380305290222,-0.10242810100317001,0.4827744960784912,0.4627295732498169,-0.0205646101385355,0.4004886746406555,0.29307422041893005,-0.04477901756763458,0.34897446632385254,0.18984776735305786,-0.07400006800889969,0.30406653881073,0.10180112719535828,-0.09839992970228195,0.5559855699539185,0.4439617097377777,-0.03732379898428917,0.49877724051475525,0.2810044288635254,-0.06763395667076111,0.45701104402542114,0.17399033904075623,-0.09310014545917511,0.41477641463279724,0.07676133513450623,-0.113990917801857,0.6377437114715576,0.4535977244377136,-0.06009131669998169,0.6090555787086487,0.31942737102508545,-0.08887764066457748,0.5875824689865112,0.22978758811950684,-0.10339213907718658,0.5625839233398438,0.14297372102737427,-0.11582276225090027
0.6705595850944519,0.8904461860656738,4.7481253773185017e-07,0.5305943489074707,0.8890835046768188,-0.04681878164410591,0.3907230496406555,0.77823406457901,-0.06216350942850113,0.2905327081680298,0.6683433651924133,-0.07548018544912338,0.19403573870658875,0.6301010847091675,-0.08888646960258484,0.41764014959335327,0.5184007287025452,-0.007757530547678471,0.3246275782585144,0.39002329111099243,-0.03600282967090607,0.26702195405960083,0.3149471580982208,-0.06650403141975403,0.21741801500320435,0.24119055271148682,-0.09243987500667572,0.4830125570297241,0.45794448256492615,-0.016406530514359474,0.4072764217853546,0.2874220311641693,-0.03942807391285896,0.3578377366065979,0.18433964252471924,-0.06907514482736588,0.31324002146720886,0.0963306725025177,-0.09379023313522339,0.5563900470733643,0.44186869263648987,-0.03484462574124336,0.5027415156364441,0.2785617709159851,-0.06490166485309601,0.46240103244781494,0.17331954836845398,-0.09069795161485672,0.4206778407096863,0.0782124400138855,-0.11151714622974396,0.6365914940834045,0.4536333382129669,-0.05878909304738045,0.6100879311561584,0.3193674683570862,-0.08767732977867126,0.5892567038536072,0.22958415746688843,-0.10198727250099182,0.5655193328857422,0.14192438125610352,-0.11407628655433655
0.6740138530731201,0.8899824619293213,4.6854609081492526e-07,0.5324106216430664,0.8900274634361267,-0.04742513224482536,0.39164167642593384,0.7800127267837524,-0.06342640519142151,0.2901112139225006,0.6681697964668274,-0.07735873758792877,0.19164559245109558,0.6276485919952393,-0.09108418226242065,0.4184418022632599,0.5205936431884766,-0.005763143766671419,0.32362598180770874,0.3936426043510437,-0.03324472904205322,0.26677125692367554,0.31691429018974304,-0.06341775506734848,0.22012591361999512,0.24069127440452576,-0.08912983536720276,0.4827100336551666,0.458199143409729,-0.013683503493666649,0.4033108651638031,0.28933149576187134,-0.035580895841121674,0.3541056215763092,0.1864745020866394,-0.06416254490613937,0.3116927146911621,0.09865507483482361,-0.08805491030216217,0.5561349391937256,0.44018974900245667,-0.03163841366767883,0.499850332736969,0.2787259817123413,-0.060564398765563965,0.4591975808143616,0.17230603098869324,-0.08612200617790222,0.41903430223464966,0.0758192241191864,-0.10687576979398727,0.6381289958953857,0.45053571462631226,-0.05524832755327225,0.6106360554695129,0.3166187107563019,-0.08292584866285324,0.5895427465438843,0.22743308544158936,-0.09704339504241943,0.5663220286369324,0.1405036747455597,-0.10908789932727814
0.6546505689620972,0.8985097408294678,4.397247721499298e-07,0.5110200643539429,0.8883786797523499,-0.03896305710077286,0.3721092939376831,0.7724705934524536,-0.049338363111019135,0.2759520411491394,0.659210205078125,-0.059182360768318176,0.18315809965133667,0.6167587637901306,-0.06974277645349503,0.4121847450733185,0.5180655717849731,0.001201536157168448,0.32336223125457764,0.38920727372169495,-0.025129634886980057,0.26874902844429016,0.3124317228794098,-0.054844580590724945,0.222060889005661,0.23682260513305664,-0.08030728250741959,0.477267861366272,0.4602903127670288,-0.010149922221899033,0.4058559536933899,0.28673216700553894,-0.03184725344181061,0.3592708706855774,0.18200093507766724,-0.060861170291900635,0.3173104524612427,0.09236159920692444,-0.08496258407831192,0.5491427779197693,0.4468011260032654,-0.030880223959684372,0.5007144212722778,0.27970388531684875,-0.05998312681913376,0.4635652005672455,0.17143970727920532,-0.08526137471199036,0.4250450134277344,0.07357066869735718,-0.1055009663105011,0.628115713596344,0.4623538553714752,-0.056451790034770966,0.607875645160675,0.3224031329154968,-0.08423968404531479,0.5903549194335938,0.22982478141784668,-0.09776343405246735,0.568764328956604,0.14045840501785278,-0.10927477478981018
0.6575403809547424,0.8943773508071899,4.125286352518742e-07,0.5109797716140747,0.8854188919067383,-0.03818507492542267,0.3710257411003113,0.7669685482978821,-0.04780840501189232,0.2734377980232239,0.6533616781234741,-0.05711681395769119,0.1799110472202301,0.6152940988540649,-0.06685707718133926,0.41137221455574036,0.5157887935638428,0.0056282575242221355,0.3213590383529663,0.3873223066329956,-0.017867375165224075,0.26837822794914246,0.31102311611175537,-0.046222612261772156,0.2235625833272934,0.23620083928108215,-0.07096722722053528,0.47641274333000183,0.4576379060745239,-0.005435253027826548,0.4032759666442871,0.2855857014656067,-0.024676449596881866,0.3574444055557251,0.1819610595703125,-0.05281204730272293,0.3169177770614624,0.09428742527961731,-0.07634703069925308,0.5494838356971741,0.4438701868057251,-0.0259326733648777,0.4998447299003601,0.2780635952949524,-0.05288379266858101,0.46244561672210693,0.16931042075157166,-0.07872909307479858,0.42444050312042236,0.07063731551170349,-0.09955371916294098,0.6305091381072998,0.4590831696987152,-0.05122487619519234,0.6088591814041138,0.3199322819709778,-0.0773651972413063,0.5902195572853088,0.22842669486999512,-0.09099767357110977,0.5684663653373718,0.13921400904655457,-0.10273727774620056
0.6362745761871338,0.908297598361969,5.70838381008798e-07,0.49514496326446533,0.8900631666183472,-0.042178262025117874,0.3647342324256897,0.7631595134735107,-0.053500063717365265,0.27541854977607727,0.6457567811012268,-0.06377585977315903,0.1861199140548706,0.5918505787849426,-0.0736689567565918,0.40668612718582153,0.5027733445167542,0.003595843445509672,0.3247738480567932,0.36282405257225037,-0.019464731216430664,0.27695992588996887,0.2806150019168854,-0.046856589615345,0.23727528750896454,0.1998242437839508,-0.07092167437076569,0.47407734394073486,0.45073217153549194,-0.006676831748336554,0.4116331934928894,0.27001023292541504,-0.025320183485746384,0.37090444564819336,0.15961945056915283,-0.05278129130601883,0.33564603328704834,0.06699773669242859,-0.07594282925128937,0.5463435649871826,0.4441524147987366,-0.02706286683678627,0.506666362285614,0.26715540885925293,-0.05428821220993996,0.47690513730049133,0.15341830253601074,-0.07883474975824356,0.4463386535644531,0.051022112369537354,-0.0988544225692749,0.6224508285522461,0.4676111340522766,-0.05281500890851021,0.6060595512390137,0.3232794404029846,-0.0802488923072815,0.5926778316497803,0.22730201482772827,-0.09388115257024765,0.5762311220169067,0.1337340772151947,-0.1055510938167572
0.6414424180984497,0.9079961776733398,4.7109406864365155e-07,0.5008382797241211,0.890932559967041,-0.04142998158931732,0.3692381978034973,0.763094425201416,-0.054348189383745193,0.27830415964126587,0.6447204351425171,-0.06642595678567886,0.18678393959999084,0.5930881500244141,-0.07842693477869034,0.4068396985530853,0.5061002373695374,0.00042081126593984663,0.32464104890823364,0.3673049211502075,-0.023913146927952766,0.2769347131252289,0.2839200496673584,-0.052118927240371704,0.23869960010051727,0.20249658823013306,-0.0767301544547081,0.47367599606513977,0.45220524072647095,-0.010264375247061253,0.40991759300231934,0.2717968821525574,-0.03019297495484352,0.37020882964134216,0.16226157546043396,-0.05752800405025482,0.33589956164360046,0.07107481360435486,-0.08070071786642075,0.5465278029441833,0.4438454210758209,-0.030680768191814423,0.5048081874847412,0.27174586057662964,-0.057705577462911606,0.4726499021053314,0.15825316309928894,-0.08286415785551071,0.4400932788848877,0.055865854024887085,-0.1037415862083435,0.6250050663948059,0.46486321091651917,-0.056392282247543335,0.608327329158783,0.32054147124290466,-0.08289829641580582,0.5941616296768188,0.22402048110961914,-0.09739411622285843,0.576549232006073,0.1301465928554535,-0.11015239357948303
0.636468231678009,0.9130244255065918,5.42629038591258e-07,0.4979006052017212,0.8960830569267273,-0.043059900403022766,0.36650171875953674,0.7713855504989624,-0.057454150170087814,0.2742772698402405,0.6523407697677612,-0.07075751572847366,0.1819530427455902,0.599089503288269,-0.0839424878358841,0.40494149923324585,0.512874186038971,-0.0036892727948725224,0.32411080598831177,0.3689943552017212,-0.029083382338285446,0.2774871587753296,0.2837604880332947,-0.056957848370075226,0.24065309762954712,0.19971203804016113,-0.0813441351056099,0.47177982330322266,0.4589889645576477,-0.0144042382016778,0.40837183594703674,0.27460741996765137,-0.0357307530939579,0.3709980249404907,0.15985062718391418,-0.06276140362024307,0.3406100273132324,0.06296533346176147,-0.08574450761079788,0.5447521209716797,0.45177900791168213,-0.03506411239504814,0.5060164928436279,0.27305150032043457,-0.06436047703027725,0.4794620871543884,0.1545318067073822,-0.0894041359424591,0.45307284593582153,0.04746812582015991,-0.10988397896289825,0.6229839324951172,0.47426149249076843,-0.061048928648233414,0.6087910532951355,0.32562631368637085,-0.09015843272209167,0.5976488590240479,0.22430211305618286,-0.10561031103134155,0.5831903219223022,0.1255108118057251,-0.11884596198797226
0.6387894749641418,0.9123648405075073,5.325905476638582e-07,0.49951013922691345,0.8971549868583679,-0.04223538562655449,0.36602410674095154,0.7695911526679993,-0.05550912022590637,0.2741628587245941,0.6500523686408997,-0.06773487478494644,0.18200325965881348,0.5986740589141846,-0.07992830127477646,0.4051288068294525,0.5104643702507019,-0.002518919063732028,0.3243789076805115,0.3669368028640747,-0.02698666602373123,0.27799341082572937,0.2819475829601288,-0.054540324956178665,0.24108101427555084,0.19862693548202515,-0.07878816872835159,0.4722228944301605,0.45688360929489136,-0.013341541402041912,0.4101611375808716,0.27196165919303894,-0.033581770956516266,0.3729977607727051,0.15757602453231812,-0.060213807970285416,0.3420375883579254,0.0618518590927124,-0.08297783136367798,0.5452261567115784,0.44979482889175415,-0.03403686732053757,0.5066601634025574,0.2707814872264862,-0.062032729387283325,0.4806232154369354,0.1528806984424591,-0.08672945201396942,0.4545740485191345,0.046757280826568604,-0.10716751962900162,0.6231203079223633,0.47211822867393494,-0.06005342677235603,0.6082401275634766,0.3242962956428528,-0.08796188980340958,0.5968030691146851,0.22363242506980896,-0.10293157398700714,0.5823115110397339,0.12575465440750122,-0.1160154640674591
0.6479620933532715,0.9131155014038086,5.510405003406049e-07,0.5060033202171326,0.9012811779975891,-0.04606711491942406,0.3710857033729553,0.7797287702560425,-0.06257288157939911,0.27449947595596313,0.6627347469329834,-0.07743555307388306,0.17833378911018372,0.6105924248695374,-0.09207407385110855,0.4037049114704132,0.5177198052406311,-0.006855245213955641,0.31880104541778564,0.3762529492378235,-0.03347157686948776,0.26955869793891907,0.2911544740200043,-0.06251189112663269,0.23073942959308624,0.20744159817695618,-0.087638258934021,0.47151246666908264,0.4623199701309204,-0.01667620800435543,0.40462374687194824,0.2789306938648224,-0.03894760459661484,0.36471426486968994,0.16570478677749634,-0.06714695692062378,0.3320835828781128,0.07038068771362305,-0.09087050706148148,0.5463874340057373,0.45292598009109497,-0.03650518134236336,0.5017815232276917,0.27856284379959106,-0.06636743992567062,0.46993598341941833,0.16226348280906677,-0.09272497892379761,0.4389888048171997,0.05588260293006897,-0.11417195945978165,0.6273661255836487,0.47221577167510986,-0.06185757368803024,0.6107565760612488,0.32447710633277893,-0.09099365025758743,0.5990847945213318,0.22487947344779968,-0.1068452000617981,0.584801971912384,0.1272774338722229,-0.12035874277353287
0.6431185007095337,0.9141591787338257,5.556232167691633e-07,0.5020595192909241,0.8988767862319946,-0.04221956804394722,0.36691343784332275,0.7754868268966675,-0.0556197352707386,0.27228906750679016,0.6592382788658142,-0.06804551929235458,0.1789805293083191,0.6122901439666748,-0.0806143581867218,0.4038357138633728,0.5165145993232727,-0.0030733596067875624,0.3204003870487213,0.374548077583313,-0.02926841750741005,0.27114254236221313,0.28959277272224426,-0.057969119399785995,0.23162223398685455,0.20602911710739136,-0.08275055885314941,0.47140681743621826,0.4618665874004364,-0.014047853648662567,0.4069647490978241,0.27735471725463867,-0.03599949926137924,0.3675083518028259,0.16300326585769653,-0.06392871588468552,0.3346228301525116,0.06628608703613281,-0.08731342852115631,0.5452746152877808,0.45283183455467224,-0.034765709191560745,0.5033338069915771,0.2762622535228729,-0.06405652314424515,0.4734712839126587,0.16001009941101074,-0.08888056129217148,0.44434013962745667,0.05499839782714844,-0.10901845246553421,0.6242906451225281,0.4728260636329651,-0.06076250970363617,0.6089786291122437,0.32547134160995483,-0.08913002908229828,0.5977293252944946,0.22512054443359375,-0.10344980657100677,0.5840717554092407,0.12755748629570007,-0.11570483446121216
0.6501777768135071,0.9071843028068542,5.031524779042229e-07,0.5105800628662109,0.9043336510658264,-0.048071056604385376,0.371696412563324,0.7926858067512512,-0.06578724831342697,0.27144870162010193,0.6802745461463928,-0.08119072020053864,0.174894779920578,0.6304939985275269,-0.09602601826190948,0.39887818694114685,0.5259929299354553,-0.00869774166494608,0.3108702301979065,0.38991692662239075,-0.03507811948657036,0.26023876667022705,0.30847710371017456,-0.06380843371152878,0.22035448253154755,0.22954514622688293,-0.08862312883138657,0.46602800488471985,0.46704626083374023,-0.016590053215622902,0.39314568042755127,0.28846922516822815,-0.038257576525211334,0.3506399393081665,0.18158021569252014,-0.06528264284133911,0.3155677318572998,0.09205833077430725,-0.08810450881719589,0.541096568107605,0.4533967971801758,-0.03458375483751297,0.4884861707687378,0.2832717001438141,-0.06402585655450821,0.45191454887390137,0.17278337478637695,-0.08974546939134598,0.4167743921279907,0.07174718379974365,-0.11062861233949661,0.6244390606880188,0.46794283390045166,-0.05819275602698326,0.6031853556632996,0.3239694833755493,-0.0872529149055481,0.5876970291137695,0.22753235697746277,-0.10316124558448792,0.5693271160125732,0.1333008110523224,-0.1165335401892662
0.6498595476150513,0.9065924286842346,5.499713893186708e-07,0.5092247128486633,0.9029840230941772,-0.047678813338279724,0.37101390957832336,0.7880372405052185,-0.06491538137197495,0.27239155769348145,0.6745842695236206,-0.07972493022680283,0.17724406719207764,0.6298866271972656,-0.09416805952787399,0.39914873242378235,0.5252090096473694,-0.012666485272347927,0.3122771978378296,0.3864177167415619,-0.041393641382455826,0.26094475388526917,0.30338215827941895,-0.07121764868497849,0.2193765938282013,0.22262391448020935,-0.09641893208026886,0.4664365351200104,0.4669215977191925,-0.020901579409837723,0.3964540362358093,0.28735604882240295,-0.04419095814228058,0.353500097990036,0.17884555459022522,-0.07160462439060211,0.3169102072715759,0.0869610607624054,-0.09444060176610947,0.5414832234382629,0.4527890980243683,-0.03880265727639198,0.4904515743255615,0.28165340423583984,-0.06853751838207245,0.4541690945625305,0.17338868975639343,-0.09186132997274399,0.4189987778663635,0.07541584968566895,-0.11096283048391342,0.623643696308136,0.46743839979171753,-0.062394943088293076,0.6037168502807617,0.3248954713344574,-0.09121230989694595,0.587944746017456,0.22897416353225708,-0.10508687049150467,0.5695899128913879,0.13607677817344666,-0.11667492985725403
0.6565088033676147,0.9088879227638245,4.78881531762454e-07,0.5157909393310547,0.9138934016227722,-0.04778189957141876,0.37560591101646423,0.8119928240776062,-0.06391026079654694,0.27593114972114563,0.704529881477356,-0.077876515686512,0.180286705493927,0.6519497632980347,-0.09099096059799194,0.3905353546142578,0.5412400960922241,-0.004332491662353277,0.29554182291030884,0.4092877507209778,-0.02957594208419323,0.24054475128650665,0.32870036363601685,-0.05818365514278412,0.1961364448070526,0.25121480226516724,-0.0831236019730568,0.45704010128974915,0.4773702919483185,-0.012017793022096157,0.3748619556427002,0.3072088360786438,-0.03277154639363289,0.3266560435295105,0.2040511667728424,-0.06031708046793938,0.2867247760295868,0.11820554733276367,-0.08348937332630157,0.5326257944107056,0.4587409198284149,-0.03005165234208107,0.4724089205265045,0.291236937046051,-0.05838587135076523,0.431454062461853,0.18579307198524475,-0.08368624746799469,0.39071035385131836,0.0890398621559143,-0.10439494997262955,0.6185896396636963,0.4684838652610779,-0.053826406598091125,0.5906017422676086,0.32932576537132263,-0.08255523443222046,0.5699009895324707,0.23745793104171753,-0.09809347242116928,0.5455588102340698,0.14725551009178162,-0.11102322489023209
0.655748724937439,0.9111566543579102,5.090673766972031e-07,0.5138197541236877,0.9140353202819824,-0.04794896021485329,0.3730074167251587,0.8059661984443665,-0.06423687189817429,0.2717094421386719,0.6964974403381348,-0.07800700515508652,0.17445361614227295,0.652607798576355,-0.09133858978748322,0.39260923862457275,0.5385118126869202,-0.009340662509202957,0.2994230091571808,0.4063461720943451,-0.03745078295469284,0.24280332028865814,0.3268369436264038,-0.06757792085409164,0.19644683599472046,0.24932429194450378,-0.09307686239480972,0.4587986469268799,0.4753386974334717,-0.016969237476587296,0.38102781772613525,0.3031391203403473,-0.03926314041018486,0.3319017291069031,0.19960778951644897,-0.06729733943939209,0.29006022214889526,0.11285191774368286,-0.09075407683849335,0.533610463142395,0.45639050006866455,-0.03448008373379707,0.47715941071510315,0.29162752628326416,-0.06321658939123154,0.43478885293006897,0.1873670518398285,-0.08736418932676315,0.39283862709999084,0.09355205297470093,-0.10732699185609818,0.6165763139724731,0.465927392244339,-0.05775196850299835,0.5906543731689453,0.32792818546295166,-0.0858549252152443,0.5695858597755432,0.2368590533733368,-0.0999290868639946,0.5451805591583252,0.14877712726593018,-0.11176943778991699
0.6558505296707153,0.9097048044204712,5.300116185935622e-07,0.5167536735534668,0.9193603992462158,-0.052687592804431915,0.37832313776016235,0.824312686920166,-0.0726688802242279,0.27756667137145996,0.7190083265304565,-0.08965981751680374,0.17801380157470703,0.6679115295410156,-0.10530687868595123,0.37996891140937805,0.5513039231300354,-0.008508637547492981,0.27833977341651917,0.42338672280311584,-0.03576752543449402,0.21817940473556519,0.3465588688850403,-0.06571456044912338,0.1685476005077362,0.27121397852897644,-0.09141909331083298,0.44578319787979126,0.48339930176734924,-0.014569398015737534,0.3596384525299072,0.3179306983947754,-0.03680846840143204,0.3078753352165222,0.21682393550872803,-0.0657053142786026,0.26427382230758667,0.1313052475452423,-0.08992739021778107,0.5212783813476562,0.4619951844215393,-0.03134249523282051,0.45838573575019836,0.29934340715408325,-0.06064562872052193,0.41570770740509033,0.1965228021144867,-0.08616387844085693,0.3729657530784607,0.10126373171806335,-0.10705918818712234,0.6074410080909729,0.46831214427948,-0.054295141249895096,0.5751165747642517,0.3314323127269745,-0.08352799713611603,0.5518426895141602,0.24102017283439636,-0.09903069585561752,0.5249933004379272,0.15192925930023193,-0.11189159750938416
0.6588717699050903,0.9103789925575256,5.3338982297646e-07,0.5195062160491943,0.9202492237091064,-0.05157703906297684,0.3804560601711273,0.8232529759407043,-0.0703212320804596,0.28058838844299316,0.7179597616195679,-0.0858536809682846,0.18355807662010193,0.6703993678092957,-0.10049135237932205,0.38237810134887695,0.5521657466888428,-0.013152750208973885,0.28281891345977783,0.42455828189849854,-0.042509421706199646,0.2224615067243576,0.3462632894515991,-0.07321735471487045,0.1727847158908844,0.2702881097793579,-0.0988563746213913,0.44806790351867676,0.4831002652645111,-0.019566530361771584,0.36559945344924927,0.31413814425468445,-0.04254750907421112,0.3122974634170532,0.2119111716747284,-0.07103341072797775,0.2666255831718445,0.12800654768943787,-0.09472861140966415,0.5229658484458923,0.46041733026504517,-0.03615505248308182,0.4635542035102844,0.2979636788368225,-0.06550996750593185,0.4189232289791107,0.19489461183547974,-0.09003227204084396,0.37473341822624207,0.10308152437210083,-0.1101117879152298,0.6067521572113037,0.4666760563850403,-0.058781713247299194,0.5764456987380981,0.33041566610336304,-0.08759904652833939,0.553123950958252,0.24070170521736145,-0.10195483267307281,0.52628493309021,0.15480861067771912,-0.11376965045928955
0.6577014923095703,0.9119324684143066,5.493786261467903e-07,0.5181679129600525,0.926041841506958,-0.0533202663064003,0.381939172744751,0.8344161510467529,-0.07333028316497803,0.28230637311935425,0.7297888994216919,-0.09061848372220993,0.18057924509048462,0.6826518774032593,-0.10663489252328873,0.3711152672767639,0.5665518045425415,-0.007863512262701988,0.26309651136398315,0.4465698301792145,-0.03780738264322281,0.1972854733467102,0.37258094549179077,-0.0699891746044159,0.14184129238128662,0.297831267118454,-0.09715893864631653,0.4357101619243622,0.49413636326789856,-0.014013392850756645,0.3446420133113861,0.33293449878692627,-0.03891154006123543,0.2893572449684143,0.23301556706428528,-0.07022242248058319,0.24250668287277222,0.1458803117275238,-0.09589564800262451,0.5112767815589905,0.468755304813385,-0.030962083488702774,0.44365954399108887,0.31017953157424927,-0.06231287121772766,0.39743876457214355,0.2087523639202118,-0.08802607655525208,0.3514865040779114,0.11437442898750305,-0.10864543914794922,0.5986537337303162,0.4707801342010498,-0.05420038849115372,0.5619895458221436,0.335993230342865,-0.08405399322509766,0.5359054207801819,0.24781841039657593,-0.09853548556566238,0.5058107972145081,0.16150489449501038,-0.11046004295349121
0.6592020392417908,0.9077193737030029,5.754848189098993e-07,0.5214563608169556,0.9241586923599243,-0.052016861736774445,0.386604368686676,0.8338607549667358,-0.07051750272512436,0.28759652376174927,0.731361985206604,-0.08622679859399796,0.18743309378623962,0.6878088712692261,-0.10040455311536789,0.3711104989051819,0.5663348436355591,-0.004604036919772625,0.2641661763191223,0.44854602217674255,-0.03127356618642807,0.20012317597866058,0.3761966824531555,-0.06116089969873428,0.1474337875843048,0.3035542368888855,-0.08644357323646545,0.434878945350647,0.4929192066192627,-0.010508132167160511,0.34405025839805603,0.3308490812778473,-0.030304590240120888,0.28859931230545044,0.23151710629463196,-0.05814110115170479,0.24268792569637299,0.14789876341819763,-0.08164975047111511,0.5098331570625305,0.4671415388584137,-0.027249343693256378,0.4435780346393585,0.3078727722167969,-0.05396927893161774,0.39759621024131775,0.20704808831214905,-0.07727286219596863,0.352899432182312,0.11559879779815674,-0.0967915952205658,0.5956687331199646,0.4698120355606079,-0.05034848302602768,0.5591594576835632,0.3359932005405426,-0.07653456926345825,0.5330808758735657,0.24918654561042786,-0.08881378173828125,0.5037714838981628,0.1647985875606537,-0.09944003075361252
0.6599204540252686,0.9021323323249817,6.395723630703287e-07,0.5191989541053772,0.921358048915863,-0.05579083412885666,0.3859691619873047,0.8354299068450928,-0.07676877081394196,0.2865760922431946,0.7343648672103882,-0.09491296112537384,0.18383604288101196,0.6935304403305054,-0.11149594187736511,0.36413127183914185,0.5715073347091675,-0.0019370358204469085,0.2524011731147766,0.46170568466186523,-0.03021922893822193,0.18543800711631775,0.391951322555542,-0.06254568696022034,0.1293177306652069,0.318211168050766,-0.09004731476306915,0.4271720349788666,0.4947037100791931,-0.006612387020140886,0.33382976055145264,0.34073901176452637,-0.02889818511903286,0.2755280137062073,0.24448350071907043,-0.06067410856485367,0.22691293060779572,0.16036444902420044,-0.0868884027004242,0.5015801787376404,0.4671202600002289,-0.022663285955786705,0.43254324793815613,0.31688398122787476,-0.0513671413064003,0.38401520252227783,0.22074782848358154,-0.0762949287891388,0.33630892634391785,0.13094425201416016,-0.09671522676944733,0.5885502696037292,0.4678054749965668,-0.045526206493377686,0.5516180992126465,0.33950453996658325,-0.07275957614183426,0.5246174335479736,0.255700945854187,-0.08557380735874176,0.4936370849609375,0.17271685600280762,-0.09646892547607422
0.6605975031852722,0.8983392715454102,6.984722062952642e-07,0.5213015079498291,0.9220020771026611,-0.056897491216659546,0.38715648651123047,0.8354469537734985,-0.07654877007007599,0.28798073530197144,0.7352584004402161,-0.09297456592321396,0.18517538905143738,0.6970251798629761,-0.10715238004922867,0.36311444640159607,0.5725159645080566,0.0031577851623296738,0.25080233812332153,0.46276333928108215,-0.018705900758504868,0.18468427658081055,0.3935473561286926,-0.045805469155311584,0.13134032487869263,0.3230575919151306,-0.06942063570022583,0.42588457465171814,0.49544280767440796,0.00046779008698649704,0.33035197854042053,0.3410302996635437,-0.013098890893161297,0.2724955081939697,0.24506092071533203,-0.03785635903477669,0.226029634475708,0.16410967707633972,-0.05943481624126434,0.4997962415218353,0.4675748944282532,-0.01435412559658289,0.42963919043540955,0.31453174352645874,-0.03610459715127945,0.381740003824234,0.2181948721408844,-0.05771714821457863,0.33490636944770813,0.13025036454200745,-0.07674716413021088,0.5849289894104004,0.4665793776512146,-0.03641388565301895,0.5474420785903931,0.33709603548049927,-0.058954205363988876,0.5201481580734253,0.25459206104278564,-0.07010793685913086,0.48879382014274597,0.17342635989189148,-0.08047988265752792
0.6606553792953491,0.8889383673667908,7.841560432098049e-07,0.5199368596076965,0.9134228229522705,-0.06508153676986694,0.388767808675766,0.834913969039917,-0.08826900273561478,0.292999267578125,0.7352818250656128,-0.10702484101057053,0.19075018167495728,0.684927761554718,-0.12267886847257614,0.36236220598220825,0.5710569620132446,0.0014240877935662866,0.24903135001659393,0.4649592339992523,-0.019850971177220345,0.18116840720176697,0.3962244987487793,-0.04638661444187164,0.12747278809547424,0.32618287205696106,-0.06881558150053024,0.42512115836143494,0.49418479204177856,0.003649825695902109,0.3304828107357025,0.34173503518104553,-0.005652343388646841,0.2715200185775757,0.24741309881210327,-0.026151558384299278,0.22532694041728973,0.16908302903175354,-0.0446164608001709,0.49812304973602295,0.4656144976615906,-0.007768980227410793,0.4280439019203186,0.31393298506736755,-0.025193599984049797,0.37941327691078186,0.2207929491996765,-0.043163347989320755,0.3323988914489746,0.13627532124519348,-0.05986616387963295,0.5812773108482361,0.46185746788978577,-0.02774135395884514,0.5438770055770874,0.3356519341468811,-0.04746515303850174,0.5165441036224365,0.2566302418708801,-0.05713466554880142,0.48614147305488586,0.17807862162590027,-0.06629234552383423
0.6591223478317261,0.887759804725647,7.697203727730084e-07,0.5192527770996094,0.9104512929916382,-0.06209317594766617,0.38871994614601135,0.8308742046356201,-0.08399439603090286,0.29255974292755127,0.732321560382843,-0.1018495261669159,0.19094440340995789,0.68361896276474,-0.11660284548997879,0.36344006657600403,0.5690540671348572,0.002535374602302909,0.25098738074302673,0.46316617727279663,-0.019474167376756668,0.1834101676940918,0.39523154497146606,-0.046330526471138,0.12950149178504944,0.3253940939903259,-0.06868225336074829,0.4249754846096039,0.4927729666233063,0.003766847774386406,0.33082467317581177,0.3413786292076111,-0.006011165678501129,0.27236366271972656,0.2466234266757965,-0.025858333334326744,0.22699345648288727,0.16865676641464233,-0.04346602410078049,0.49751293659210205,0.4644567370414734,-0.008280590176582336,0.42816776037216187,0.3137470483779907,-0.025561468675732613,0.37993744015693665,0.22016111016273499,-0.041650522500276566,0.33401817083358765,0.13695695996284485,-0.05658552423119545,0.5802574157714844,0.4613777995109558,-0.028664695098996162,0.5430881977081299,0.3347816467285156,-0.04777400568127632,0.5155788064002991,0.2553742825984955,-0.055844925343990326,0.48522281646728516,0.17815560102462769,-0.06337793916463852
0.6572079658508301,0.8840272426605225,7.154279160204169e-07,0.517554521560669,0.9027090072631836,-0.059760190546512604,0.3878929018974304,0.8229813575744629,-0.08133609592914581,0.29375600814819336,0.721198558807373,-0.09879719465970993,0.1952425092458725,0.673708975315094,-0.11344198137521744,0.36580201983451843,0.5623996257781982,-4.810128302779049e-05,0.2574514150619507,0.4556467533111572,-0.023722290992736816,0.19144904613494873,0.3888534903526306,-0.0521308109164238,0.13781476020812988,0.3198447525501251,-0.07566789537668228,0.4261760413646698,0.4879767894744873,0.0006815397064201534,0.3365607261657715,0.3376741111278534,-0.011988778598606586,0.27899977564811707,0.24519988894462585,-0.03479568660259247,0.23286856710910797,0.16743937134742737,-0.054731253534555435,0.49737295508384705,0.46063220500946045,-0.010971940122544765,0.43146735429763794,0.3138432204723358,-0.02997850812971592,0.3840501606464386,0.22263780236244202,-0.048180196434259415,0.3389742374420166,0.14189767837524414,-0.06457336246967316,0.5789811611175537,0.4586988091468811,-0.030404256656765938,0.5430509448051453,0.3346148729324341,-0.04993569478392601,0.5156781673431396,0.2558481991291046,-0.05855575203895569,0.4863244295120239,0.1793508231639862,-0.06660224497318268
0.6562995314598083,0.881711483001709,7.702274729126657e-07,0.51748126745224,0.8996468782424927,-0.059888552874326706,0.3890244960784912,0.8202380537986755,-0.081519216299057,0.2954642176628113,0.7228666543960571,-0.09940773993730545,0.19587743282318115,0.6754498481750488,-0.11409635096788406,0.364206463098526,0.5619856715202332,0.004330380819737911,0.2538521885871887,0.45630618929862976,-0.015495812520384789,0.18826869130134583,0.38931381702423096,-0.04032769426703453,0.1359977424144745,0.32195958495140076,-0.06105275824666023,0.4254299998283386,0.4879547357559204,0.005699257366359234,0.33362674713134766,0.3382563292980194,-0.0019174069166183472,0.2766832709312439,0.24555858969688416,-0.01962154172360897,0.23254261910915375,0.1703951358795166,-0.03529106453061104,0.4971446394920349,0.4604673683643341,-0.005835414864122868,0.429108202457428,0.3126448690891266,-0.020471379160881042,0.3816734552383423,0.22097334265708923,-0.03495093062520027,0.3370327651500702,0.14031612873077393,-0.048595502972602844,0.5791219472885132,0.45718902349472046,-0.02553638257086277,0.5428975224494934,0.3328656256198883,-0.04204179719090462,0.5157003402709961,0.2547260522842407,-0.04875722900032997,0.48663070797920227,0.1790141463279724,-0.055131059139966965
0.6558921337127686,0.8731610178947449,7.446694780810503e-07,0.5143349170684814,0.8850764036178589,-0.06194712594151497,0.3842845559120178,0.7892880439758301,-0.0811895877122879,0.28970158100128174,0.6781826019287109,-0.0956987515091896,0.1884150505065918,0.6292635798454285,-0.10652328282594681,0.3773663341999054,0.5293548703193665,0.007109252270311117,0.27867257595062256,0.4139648675918579,-0.009153594262897968,0.21621349453926086,0.3478107452392578,-0.03125164657831192,0.1622132956981659,0.28525498509407043,-0.050139088183641434,0.4409755766391754,0.4635779559612274,0.011918734759092331,0.3624890446662903,0.31082555651664734,0.009946463629603386,0.31103062629699707,0.22396844625473022,-0.0034014414995908737,0.26684051752090454,0.1543014645576477,-0.016605528071522713,0.5120685696601868,0.44218847155570984,0.0034745344892144203,0.4557609260082245,0.2929057478904724,-0.006297244690358639,0.4130592942237854,0.20495271682739258,-0.0157184861600399,0.36917588114738464,0.12819701433181763,-0.026529209688305855,0.5901426076889038,0.4454441964626312,-0.013577691279351711,0.5620772838592529,0.3241652846336365,-0.0255938358604908,0.5393319129943848,0.249528706073761,-0.02817354165017605,0.5149418115615845,0.17635178565979004,-0.032020390033721924
0.652103066444397,0.8718580007553101,6.653123136857175e-07,0.5132861137390137,0.8766136169433594,-0.05705007165670395,0.38500499725341797,0.7737547159194946,-0.07298528403043747,0.29224854707717896,0.6588966846466064,-0.08449096232652664,0.19597506523132324,0.6061488389968872,-0.0922693982720375,0.3874472677707672,0.5165802240371704,0.008476055227220058,0.2951813340187073,0.3957419991493225,-0.00902063399553299,0.23763713240623474,0.32831162214279175,-0.03233660012483597,0.18792223930358887,0.2639922499656677,-0.05149491876363754,0.4513458013534546,0.4549703001976013,0.01243652030825615,0.37849661707878113,0.297354519367218,0.009302064776420593,0.33038708567619324,0.20824307203292847,-0.004711637739092112,0.2891043424606323,0.137312114238739,-0.01808781549334526,0.5220152139663696,0.4365633726119995,0.0038783177733421326,0.47046971321105957,0.2849036157131195,-0.0056613897904753685,0.43175551295280457,0.19745153188705444,-0.0148580027744174,0.3930187225341797,0.12235155701637268,-0.025105426087975502,0.5989952087402344,0.4430966079235077,-0.012785880826413631,0.5774429440498352,0.32236534357070923,-0.023499930277466774,0.5582680702209473,0.2476835548877716,-0.0254773311316967,0.5381292700767517,0.17474398016929626,-0.02855747565627098
0.6492609977722168,0.8729227185249329,6.377759973474895e-07,0.5141909122467041,0.8737074732780457,-0.054546840488910675,0.3888663649559021,0.7729748487472534,-0.07239343225955963,0.2967851758003235,0.6618480086326599,-0.0867827907204628,0.20153233408927917,0.6097661256790161,-0.09824410825967789,0.38807249069213867,0.5169777870178223,0.009465175680816174,0.2960253357887268,0.39522379636764526,-0.008847987279295921,0.23926082253456116,0.32581406831741333,-0.03349403291940689,0.19106504321098328,0.26033949851989746,-0.05385029688477516,0.4520716369152069,0.45649784803390503,0.011068481020629406,0.3771194815635681,0.30162978172302246,0.005571845918893814,0.3288605213165283,0.21191328763961792,-0.011191081255674362,0.28889238834381104,0.13992837071418762,-0.0265865009278059,0.522703230381012,0.4389452338218689,0.0005186189082451165,0.4691624343395233,0.28886207938194275,-0.01044945977628231,0.42857804894447327,0.19889673590660095,-0.02333112433552742,0.38926371932029724,0.12129157781600952,-0.03661072999238968,0.6003245115280151,0.44569021463394165,-0.017760982736945152,0.5758049488067627,0.3260464072227478,-0.02974938228726387,0.5557515621185303,0.2506069540977478,-0.034324392676353455,0.5349898934364319,0.1780604124069214,-0.039698850363492966
0.6408973932266235,0.8681010603904724,5.802584155389923e-07,0.5021387338638306,0.8554342985153198,-0.04848760738968849,0.3822936713695526,0.7380557060241699,-0.057792339473962784,0.30367761850357056,0.6138708591461182,-0.06392914801836014,0.21728424727916718,0.5502795577049255,-0.0658046305179596,0.3993881940841675,0.4902971386909485,0.016288161277770996,0.3156523108482361,0.36197569966316223,0.0009390144259668887,0.26392555236816406,0.2922837734222412,-0.02003321796655655,0.21807560324668884,0.22884976863861084,-0.03646085038781166,0.46760550141334534,0.4374578893184662,0.018531234934926033,0.40478554368019104,0.27934029698371887,0.019465992227196693,0.3629658818244934,0.19262734055519104,0.009484744630753994,0.32586973905563354,0.12637364864349365,-0.0006185767706483603,0.5386980772018433,0.4255709946155548,0.00872739963233471,0.5019327998161316,0.27320396900177,0.004368740599602461,0.4689963459968567,0.18699413537979126,0.0006647628033533692,0.435280442237854,0.1161140501499176,-0.0055746580474078655,0.6133155226707458,0.4392017722129822,-0.008930119685828686,0.6014549136161804,0.32331955432891846,-0.013286923989653587,0.5865209698677063,0.2548008859157562,-0.009699257090687752,0.5702999830245972,0.1911793351173401,-0.008509705774486065
0.636935830116272,0.8677352666854858,5.527643907043966e-07,0.5032783150672913,0.8524377942085266,-0.04944328963756561,0.38674914836883545,0.7396852970123291,-0.06334464251995087,0.3064406216144562,0.620682954788208,-0.07438108325004578,0.21985363960266113,0.5545588731765747,-0.08205471187829971,0.3998176157474518,0.4889777898788452,0.014391634613275528,0.3157016336917877,0.3637210428714752,-0.0017168597551062703,0.2641555070877075,0.2945961356163025,-0.024781152606010437,0.22031506896018982,0.2314840853214264,-0.04340869188308716,0.46655604243278503,0.4368210434913635,0.0156975407153368,0.4024503529071808,0.2813776135444641,0.0140286386013031,0.359575092792511,0.19485735893249512,0.0003303247212897986,0.3235103487968445,0.1281987726688385,-0.012690425850450993,0.53701251745224,0.42637985944747925,0.005197102203965187,0.4976688027381897,0.27595847845077515,-0.001520258141681552,0.46502357721328735,0.19025775790214539,-0.011160038411617279,0.4317845106124878,0.11836811900138855,-0.022107895463705063,0.6122028231620789,0.4423476755619049,-0.01282485667616129,0.5991580486297607,0.3279050588607788,-0.021560821682214737,0.583533763885498,0.2588689923286438,-0.02399705909192562,0.566142201423645,0.19401386380195618,-0.027347125113010406
0.6291059851646423,0.8666249513626099,6.214108339008817e-07,0.4953204393386841,0.8283087015151978,-0.04548042267560959,0.39074018597602844,0.6957107186317444,-0.05171038955450058,0.32979482412338257,0.5642557740211487,-0.05611315742135048,0.25800299644470215,0.4787207543849945,-0.055025365203619,0.42408186197280884,0.4538639783859253,0.03186829760670662,0.3572505712509155,0.3166735768318176,0.022692693397402763,0.3143467307090759,0.24364101886749268,0.005972100421786308,0.2772666811943054,0.18320664763450623,-0.00575210340321064,0.49246251583099365,0.41665974259376526,0.035926707088947296,0.4449501633644104,0.2544814944267273,0.04697815701365471,0.4093538224697113,0.16907525062561035,0.04491579905152321,0.3770672380924225,0.10854887962341309,0.042184922844171524,0.5610126852989197,0.41739973425865173,0.027121946215629578,0.5386430025100708,0.26724404096603394,0.03352006897330284,0.5113793015480042,0.18519547581672668,0.039225757122039795,0.48204272985458374,0.12237215042114258,0.040511634200811386,0.6313834190368652,0.44039884209632874,0.009558463469147682,0.6287729740142822,0.3290705978870392,0.013595154508948326,0.6165634989738464,0.2666696608066559,0.023600473999977112,0.6038564443588257,0.21202287077903748,0.03103182464838028
0.6320148706436157,0.8676955103874207,5.991333296151424e-07,0.4976476728916168,0.825542688369751,-0.046086736023426056,0.3932339549064636,0.6928290128707886,-0.05380892753601074,0.32941704988479614,0.5627471208572388,-0.059753574430942535,0.2540702223777771,0.4749462604522705,-0.06097254902124405,0.42383626103401184,0.4551703929901123,0.03464340791106224,0.3576991558074951,0.3181399405002594,0.02818613313138485,0.3151671290397644,0.24526330828666687,0.011569788679480553,0.27715352177619934,0.183953195810318,-0.0009247551206499338,0.4942103624343872,0.41650497913360596,0.039323560893535614,0.445270299911499,0.25959479808807373,0.05432683974504471,0.41043853759765625,0.17282149195671082,0.05411432683467865,0.3792668581008911,0.11255282163619995,0.05201241374015808,0.5639036893844604,0.41749945282936096,0.03104378469288349,0.5355910062789917,0.27254170179367065,0.041135821491479874,0.5103867053985596,0.18910425901412964,0.048381656408309937,0.48259738087654114,0.12285417318344116,0.04978218674659729,0.635906994342804,0.4421236217021942,0.013859624043107033,0.6292431354522705,0.3346726894378662,0.019209159538149834,0.6164245009422302,0.27094393968582153,0.02924484945833683,0.6036409139633179,0.21216711401939392,0.03648455813527107
0.6351197957992554,0.8633267879486084,8.317549600178609e-07,0.49344268441200256,0.8105437755584717,-0.05452946573495865,0.3918871283531189,0.6588504314422607,-0.06075971573591232,0.33896416425704956,0.5125789642333984,-0.0640498623251915,0.2634041905403137,0.4151616096496582,-0.060925889760255814,0.44269683957099915,0.4348606765270233,0.048366472125053406,0.38952410221099854,0.29642361402511597,0.05678525194525719,0.3575775623321533,0.2183629274368286,0.05314305052161217,0.33011212944984436,0.1548556387424469,0.050699327141046524,0.5139500498771667,0.40916627645492554,0.06293295323848724,0.4750884175300598,0.2547549605369568,0.10035279393196106,0.4475798010826111,0.17255309224128723,0.11863495409488678,0.4231215715408325,0.1113046407699585,0.1302279531955719,0.5810441970825195,0.4176395535469055,0.06225600466132164,0.5675214529037476,0.2735119163990021,0.09116701781749725,0.5502142310142517,0.19445538520812988,0.11559180915355682,0.5290176868438721,0.13244637846946716,0.12906399369239807,0.6500799059867859,0.44355344772338867,0.05044484883546829,0.6511657238006592,0.3371286392211914,0.07085301727056503,0.6422314643859863,0.2811313271522522,0.09280866384506226,0.6326779127120972,0.23205634951591492,0.10936031490564346
0.633243203163147,0.8657121658325195,8.278812515527534e-07,0.49370095133781433,0.8128489255905151,-0.05092532932758331,0.3921701908111572,0.6595763564109802,-0.05670912191271782,0.3350898027420044,0.5133534669876099,-0.06070551648736,0.25557640194892883,0.420003205537796,-0.05946693569421768,0.4452410936355591,0.4406835436820984,0.05612249672412872,0.3899422883987427,0.30024856328964233,0.0679435059428215,0.3563692569732666,0.22438949346542358,0.06448491662740707,0.3249189853668213,0.16182354092597961,0.06067705526947975,0.5181332230567932,0.41159313917160034,0.06844896823167801,0.47738179564476013,0.25811752676963806,0.10736942291259766,0.4496837556362152,0.17320707440376282,0.1233619675040245,0.42434269189834595,0.11196336150169373,0.1322120726108551,0.5846038460731506,0.41832414269447327,0.06589345633983612,0.5681820511817932,0.27976107597351074,0.09761691838502884,0.5498179197311401,0.19904500246047974,0.11959163099527359,0.5276186466217041,0.13493481278419495,0.12956984341144562,0.6532260179519653,0.4439759850502014,0.05253306031227112,0.6524941325187683,0.341715008020401,0.07472962886095047,0.6427480578422546,0.2831449806690216,0.09497550874948502,0.6325081586837769,0.23054254055023193,0.10884221643209457
0.6359750628471375,0.8643169403076172,9.548724619889981e-07,0.4953552484512329,0.8050826787948608,-0.05640998110175133,0.39687517285346985,0.6444498300552368,-0.06333976984024048,0.34642472863197327,0.4958532154560089,-0.06783881783485413,0.27168703079223633,0.38979372382164,-0.06601452082395554,0.4569799304008484,0.4302433729171753,0.058924317359924316,0.40679752826690674,0.2912464737892151,0.07772157341241837,0.37804144620895386,0.2148444950580597,0.08144237101078033,0.35295313596725464,0.15444323420524597,0.08366677910089493,0.5294821262359619,0.410332053899765,0.0759364515542984,0.49320730566978455,0.2586855888366699,0.1265939474105835,0.4692150950431824,0.17570558190345764,0.15372367203235626,0.44896399974823,0.11660650372505188,0.17152710258960724,0.5951666235923767,0.42208653688430786,0.07687971740961075,0.5846676230430603,0.28579825162887573,0.11884487420320511,0.5727108120918274,0.20679888129234314,0.15214332938194275,0.5567942261695862,0.14403250813484192,0.1704942137002945,0.6634464859962463,0.45136648416519165,0.06554988026618958,0.666723370552063,0.3505631685256958,0.09588409215211868,0.6613855361938477,0.2956596612930298,0.12379010766744614,0.6561089158058167,0.246346116065979,0.144062802195549
0.635530948638916,0.8664253354072571,9.371912028655061e-07,0.49527859687805176,0.8044781684875488,-0.054981064051389694,0.3961784839630127,0.6436794996261597,-0.06124497950077057,0.3433414101600647,0.4949881434440613,-0.06572616845369339,0.26536720991134644,0.3925918936729431,-0.06449467688798904,0.4578903913497925,0.43612977862358093,0.0627761110663414,0.4059651792049408,0.2973611354827881,0.08313097059726715,0.3753606081008911,0.22045239806175232,0.08735838532447815,0.3473536968231201,0.15887874364852905,0.08915340900421143,0.5319462418556213,0.41257327795028687,0.07846846431493759,0.49409788846969604,0.2624780535697937,0.12947432696819305,0.46967485547065735,0.1776982545852661,0.15593473613262177,0.44798362255096436,0.11676600575447083,0.17260728776454926,0.5978085994720459,0.4222908616065979,0.07795947790145874,0.5855529308319092,0.289888858795166,0.11967595666646957,0.5732324719429016,0.20944365859031677,0.15009962022304535,0.5559916496276855,0.14530488848686218,0.16572797298431396,0.6653282642364502,0.4489977955818176,0.06542040407657623,0.6683386564254761,0.3503309488296509,0.09450212866067886,0.6629868149757385,0.29431650042533875,0.1195729449391365,0.6570736169815063,0.24382755160331726,0.13715358078479767
0.631403386592865,0.8635919094085693,9.52579853219504e-07,0.492779403924942,0.7942862510681152,-0.0566309429705143,0.3979927599430084,0.6315730810165405,-0.06272007524967194,0.353052020072937,0.4829666018486023,-0.06651328504085541,0.28388291597366333,0.36964643001556396,-0.06382360309362411,0.46268075704574585,0.4275849461555481,0.06389819085597992,0.41657599806785583,0.2909197211265564,0.08675282448530197,0.3897808790206909,0.21668654680252075,0.09409653395414352,0.3641063868999481,0.1591479778289795,0.09863773733377457,0.5359569191932678,0.4120378792285919,0.08204209059476852,0.5049777030944824,0.26645946502685547,0.13603927195072174,0.4830636978149414,0.1884695589542389,0.1655963510274887,0.46253514289855957,0.13238394260406494,0.18543244898319244,0.600821852684021,0.4262239933013916,0.08384118974208832,0.5920246243476868,0.29699331521987915,0.1278584748506546,0.5823997855186462,0.21878448128700256,0.16156107187271118,0.5677518248558044,0.15551647543907166,0.1803216189146042,0.6677335500717163,0.456386536359787,0.07338616997003555,0.6729654669761658,0.35913464426994324,0.10434835404157639,0.669302761554718,0.3065185546875,0.1318783164024353,0.6650437116622925,0.2597288191318512,0.1522066742181778
0.6294031143188477,0.8647871613502502,9.532373042020481e-07,0.48959922790527344,0.7927006483078003,-0.05120798200368881,0.39427313208580017,0.6298834085464478,-0.05494038760662079,0.35110214352607727,0.48198971152305603,-0.05860035493969917,0.2792149782180786,0.37148094177246094,-0.05623381584882736,0.4609488248825073,0.4333917498588562,0.07856342941522598,0.4150594472885132,0.3045613169670105,0.10680283606052399,0.3884461224079132,0.2331835925579071,0.11791505664587021,0.36350059509277344,0.17930269241333008,0.12572410702705383,0.5362666845321655,0.415345162153244,0.09521759301424026,0.5040881037712097,0.27553391456604004,0.1575557142496109,0.4829949140548706,0.1997949481010437,0.1950092762708664,0.46398037672042847,0.1466364562511444,0.221368208527565,0.601762056350708,0.4262601435184479,0.09491319954395294,0.5885815620422363,0.3015136122703552,0.14628486335277557,0.5767413377761841,0.22594085335731506,0.18914934992790222,0.5603960156440735,0.16725236177444458,0.21491454541683197,0.6697155237197876,0.4527297616004944,0.08202808350324631,0.6712725162506104,0.35657697916030884,0.1187695860862732,0.6658845543861389,0.30412840843200684,0.15267670154571533,0.6598952412605286,0.260275661945343,0.17872609198093414
0.6299367547035217,0.8617596626281738,9.843550969890202e-07,0.4898337125778198,0.7897366285324097,-0.05295727401971817,0.3937165439128876,0.6272644996643066,-0.05466450750827789,0.35164034366607666,0.4806686341762543,-0.054955944418907166,0.2825169861316681,0.37052562832832336,-0.048884160816669464,0.4611973464488983,0.4351550340652466,0.07774044573307037,0.41435980796813965,0.3042995035648346,0.10827092826366425,0.38784652948379517,0.2318493127822876,0.11999159306287766,0.3626800775527954,0.17577964067459106,0.1274246722459793,0.5356712341308594,0.41620731353759766,0.09668507426977158,0.5040184259414673,0.2756284475326538,0.15969917178153992,0.4826309084892273,0.19804733991622925,0.19521793723106384,0.46306827664375305,0.14500874280929565,0.2195558100938797,0.600489616394043,0.42720916867256165,0.09893989562988281,0.5887985229492188,0.3019396662712097,0.15144921839237213,0.5776617527008057,0.2280547320842743,0.19183216989040375,0.5622559189796448,0.16944092512130737,0.21526388823986053,0.6681197285652161,0.4538978040218353,0.08867630362510681,0.669877827167511,0.359609991312027,0.12619788944721222,0.6643061637878418,0.307133287191391,0.15853174030780792,0.658735454082489,0.2606964111328125,0.18286509811878204
0.6304868459701538,0.8600422143936157,9.991505294237868e-07,0.49046969413757324,0.7889686822891235,-0.05343763902783394,0.3931860327720642,0.6308087110519409,-0.056430377066135406,0.3493266701698303,0.4881472587585449,-0.05850428715348244,0.27916041016578674,0.3807626962661743,-0.05446130037307739,0.4554445743560791,0.44041046500205994,0.07671432942152023,0.40901973843574524,0.3128698468208313,0.10448222607374191,0.3831650912761688,0.23913991451263428,0.1150660440325737,0.36034226417541504,0.18424415588378906,0.12277290225028992,0.52915358543396,0.4203675389289856,0.09543491154909134,0.4961792826652527,0.28210729360580444,0.15802940726280212,0.4754403233528137,0.20631897449493408,0.19645321369171143,0.457772821187973,0.15425845980644226,0.22407911717891693,0.5950276851654053,0.4284724295139313,0.09695881605148315,0.5785341262817383,0.30376511812210083,0.14856016635894775,0.5666137337684631,0.22972580790519714,0.19238151609897614,0.5525230765342712,0.17106619477272034,0.21943502128124237,0.6638938784599304,0.45215803384780884,0.0856228619813919,0.663436770439148,0.3604430556297302,0.12162011861801147,0.6577825546264648,0.3089108169078827,0.15524260699748993,0.6541261672973633,0.26281923055648804,0.1817813515663147
0.631332278251648,0.8593890070915222,9.849283060248126e-07,0.4906858801841736,0.7909414768218994,-0.05354858562350273,0.39222535490989685,0.6300351023674011,-0.05501432344317436,0.34759950637817383,0.4868725538253784,-0.054794713854789734,0.27792197465896606,0.38017988204956055,-0.04826199263334274,0.45568254590034485,0.4424058794975281,0.07425717264413834,0.40778589248657227,0.31318747997283936,0.10262254625558853,0.3805288076400757,0.24039164185523987,0.11364343017339706,0.3549978733062744,0.18521398305892944,0.12110921740531921,0.5294697284698486,0.42128825187683105,0.09357325732707977,0.49760326743125916,0.2826415002346039,0.15523836016654968,0.4758722186088562,0.2063228189945221,0.1918812245130539,0.4562724828720093,0.15459996461868286,0.21777567267417908,0.5945287346839905,0.4298962354660034,0.09613534808158875,0.5795189738273621,0.3058928847312927,0.14752811193466187,0.5663818120956421,0.2304394245147705,0.18939512968063354,0.5507829189300537,0.16986379027366638,0.21446168422698975,0.6622695922851562,0.45431268215179443,0.08608746528625488,0.6626206636428833,0.3631085157394409,0.12256631255149841,0.6570331454277039,0.3107091188430786,0.15543091297149658,0.6529591679573059,0.26305538415908813,0.1806933879852295
0.6275666356086731,0.8554415702819824,9.482699283580587e-07,0.4867010712623596,0.7888894081115723,-0.05045570805668831,0.3889484405517578,0.6388778686523438,-0.05454675480723381,0.34125855565071106,0.49791499972343445,-0.05838240310549736,0.2688981890678406,0.3932371735572815,-0.056729599833488464,0.4468134343624115,0.44614824652671814,0.07696431130170822,0.39741504192352295,0.3207972049713135,0.10159945487976074,0.3691558837890625,0.24856260418891907,0.1081332191824913,0.3426434099674225,0.19426250457763672,0.11197222024202347,0.5205641984939575,0.42385560274124146,0.09256594628095627,0.48274296522140503,0.28697752952575684,0.14889198541641235,0.45874300599098206,0.2132241427898407,0.17998278141021729,0.43680015206336975,0.16175326704978943,0.2012152224779129,0.5864906907081604,0.43033039569854736,0.09156887978315353,0.5652777552604675,0.30600059032440186,0.13779416680335999,0.5498459339141846,0.23247283697128296,0.17524418234825134,0.5317084789276123,0.17400553822517395,0.19685111939907074,0.6564316749572754,0.45340466499328613,0.07841482013463974,0.6533231735229492,0.36181020736694336,0.11094699054956436,0.6450786590576172,0.3105207085609436,0.1409192979335785,0.6373817324638367,0.2644916772842407,0.16342946887016296
0.6293491125106812,0.8525696396827698,9.885708323054132e-07,0.48694950342178345,0.7866560220718384,-0.05145354941487312,0.38795334100723267,0.6391464471817017,-0.05394887179136276,0.34102970361709595,0.500073254108429,-0.055363159626722336,0.270556777715683,0.39463716745376587,-0.050538692623376846,0.4475184977054596,0.4483568072319031,0.07913202792406082,0.39580199122428894,0.3222509026527405,0.10818435251712799,0.36723870038986206,0.2512306869029999,0.11848516762256622,0.34103891253471375,0.19744965434074402,0.12518852949142456,0.5210734605789185,0.42481905221939087,0.09759127348661423,0.4839216470718384,0.28830471634864807,0.15931278467178345,0.4604722559452057,0.2144908905029297,0.19389955699443817,0.4400928020477295,0.16384118795394897,0.21769948303699493,0.5854606032371521,0.43035688996315,0.09948411583900452,0.5666735172271729,0.30773770809173584,0.15134449303150177,0.5505856871604919,0.23437929153442383,0.19199253618717194,0.5328259468078613,0.17555993795394897,0.21565493941307068,0.6542735695838928,0.4524909257888794,0.08902183175086975,0.6513242125511169,0.36096614599227905,0.1268312633037567,0.6435524225234985,0.3103182315826416,0.15998445451259613,0.6365347504615784,0.26561468839645386,0.1848732829093933
0.6293751001358032,0.8552807569503784,1.0236918797090766e-06,0.48689302802085876,0.7899718284606934,-0.05053556337952614,0.3861052393913269,0.643187403678894,-0.054347675293684006,0.3354637026786804,0.5084598064422607,-0.05839836597442627,0.2619050145149231,0.4053296446800232,-0.05636882409453392,0.4421898126602173,0.45274949073791504,0.08149483054876328,0.3891371488571167,0.330416738986969,0.11017007380723953,0.3588809072971344,0.2601850926876068,0.12185733020305634,0.3326646685600281,0.2091381549835205,0.13066789507865906,0.5150434374809265,0.4277389645576477,0.09853163361549377,0.4753308594226837,0.29391369223594666,0.16196773946285248,0.4502454698085785,0.22137650847434998,0.2015882283449173,0.4285805821418762,0.17225384712219238,0.23068591952323914,0.5809821486473083,0.4301980137825012,0.0984083041548729,0.5574451088905334,0.30692556500434875,0.1514367014169693,0.5400519967079163,0.23295056819915771,0.19727331399917603,0.5218629240989685,0.17488184571266174,0.22592413425445557,0.6502469182014465,0.4489380121231079,0.08551530539989471,0.6451942920684814,0.3573761582374573,0.1233450248837471,0.63688725233078,0.3050950765609741,0.15860790014266968,0.6306270956993103,0.25903934240341187,0.18654167652130127
0.6313218474388123,0.8587749004364014,1.018319835566217e-06,0.48721301555633545,0.7923579216003418,-0.051430344581604004,0.3847811818122864,0.6427120566368103,-0.053485672920942307,0.3342440724372864,0.5066579580307007,-0.0547848716378212,0.2600981891155243,0.4050031900405884,-0.0499567985534668,0.4426997900009155,0.4538445472717285,0.0818474292755127,0.38859283924102783,0.33061641454696655,0.11319756507873535,0.35848307609558105,0.26136666536331177,0.12534579634666443,0.33127912878990173,0.20932257175445557,0.13336201012134552,0.5156660079956055,0.42858147621154785,0.10028991103172302,0.4771324694156647,0.29481810331344604,0.16479696333408356,0.4520464837551117,0.22203633189201355,0.20164549350738525,0.4302150011062622,0.1728101670742035,0.22738739848136902,0.5804021954536438,0.43213266134262085,0.10183779150247574,0.5593066811561584,0.30953145027160645,0.15585957467556,0.5414705276489258,0.23625913262367249,0.19736100733280182,0.5219912528991699,0.1779908537864685,0.22169718146324158,0.6486246585845947,0.45181986689567566,0.09088330715894699,0.6446726322174072,0.359779953956604,0.12982401251792908,0.6358604431152344,0.3078167140483856,0.16290780901908875,0.627785861492157,0.2615448236465454,0.18789920210838318
0.6300905346870422,0.8564189076423645,9.300619012719835e-07,0.48912516236305237,0.7963457107543945,-0.04900415614247322,0.3838527798652649,0.6486568450927734,-0.051256801933050156,0.32971155643463135,0.5114516615867615,-0.05360855907201767,0.2537083029747009,0.41419047117233276,-0.050545256584882736,0.43979355692863464,0.4555204212665558,0.07857315242290497,0.38372141122817993,0.3349635601043701,0.10524164885282516,0.3528483211994171,0.2674486041069031,0.11367129534482956,0.32535839080810547,0.21589115262031555,0.11857527494430542,0.5114949345588684,0.42787691950798035,0.0930769070982933,0.46925562620162964,0.2944015860557556,0.15014046430587769,0.44316285848617554,0.2209896743297577,0.18181459605693817,0.42132288217544556,0.17037814855575562,0.2036271095275879,0.5772861242294312,0.4299051761627197,0.09102451801300049,0.5535551309585571,0.3041043281555176,0.1368710994720459,0.5350662469863892,0.23120027780532837,0.17352455854415894,0.514877438545227,0.17268919944763184,0.1948993057012558,0.6467379331588745,0.4486517608165741,0.0770723968744278,0.6412935853004456,0.354523628950119,0.10855240374803543,0.6326307654380798,0.3011777997016907,0.13737624883651733,0.62531578540802,0.2521709203720093,0.15929058194160461
0.6286795735359192,0.8558635711669922,9.077160143533547e-07,0.48708319664001465,0.7968102097511292,-0.04781156778335571,0.3824574947357178,0.6496604681015015,-0.049877338111400604,0.3290543556213379,0.5114918351173401,-0.05181888863444328,0.2531963586807251,0.41437894105911255,-0.04865268990397453,0.43866902589797974,0.45626866817474365,0.07707535475492477,0.38274693489074707,0.3343188762664795,0.10344872623682022,0.3520130515098572,0.2671348452568054,0.1105957180261612,0.323478639125824,0.21492010354995728,0.11366774886846542,0.5106026530265808,0.4286877512931824,0.09066030383110046,0.46813032031059265,0.2950837016105652,0.14526505768299103,0.44169849157333374,0.22161170840263367,0.172633558511734,0.4192846417427063,0.1711408793926239,0.19026799499988556,0.5758403539657593,0.4319349527359009,0.08827007561922073,0.5527188777923584,0.3070257902145386,0.1319439560174942,0.5342540740966797,0.23349303007125854,0.16329647600650787,0.5136204361915588,0.17442980408668518,0.17996132373809814,0.6454305648803711,0.45199456810951233,0.07453428953886032,0.6411274671554565,0.3566070795059204,0.10475558787584305,0.632024884223938,0.3033260107040405,0.13066475093364716,0.6229946613311768,0.2547328770160675,0.14919094741344452
0.6352613568305969,0.8496095538139343,8.894846814655466e-07,0.4929739236831665,0.797778844833374,-0.04579729586839676,0.3855780065059662,0.6567533016204834,-0.04590880870819092,0.3283036947250366,0.5242483019828796,-0.04574920982122421,0.25090575218200684,0.4328213632106781,-0.04003770649433136,0.4387023448944092,0.4563804864883423,0.07901250571012497,0.38005489110946655,0.3344303369522095,0.10716588795185089,0.34836292266845703,0.2683684825897217,0.11513999849557877,0.3190274238586426,0.2165534794330597,0.119082510471344,0.5100324749946594,0.4252101182937622,0.09298848360776901,0.46690845489501953,0.2917940020561218,0.15131548047065735,0.44067415595054626,0.21940332651138306,0.18176434934139252,0.41882315278053284,0.1718555986881256,0.20159806311130524,0.5750479698181152,0.42483949661254883,0.09121408313512802,0.5496572256088257,0.30077898502349854,0.13922768831253052,0.5296512842178345,0.22878149151802063,0.17561933398246765,0.5086674094200134,0.1713101863861084,0.19566874206066132,0.6442212462425232,0.4417664408683777,0.07786538451910019,0.6378912925720215,0.3468610644340515,0.11155159026384354,0.6285116076469421,0.29407817125320435,0.1410326361656189,0.6201115250587463,0.24517881870269775,0.16253000497817993
0.6346986889839172,0.8509340286254883,9.112869179261907e-07,0.4917697012424469,0.7972586154937744,-0.04472548887133598,0.384335994720459,0.6556665897369385,-0.04542575031518936,0.32656216621398926,0.5240612626075745,-0.04636610299348831,0.24960002303123474,0.43249401450157166,-0.041962094604969025,0.4381062686443329,0.4586731791496277,0.07837166637182236,0.37889039516448975,0.3369050621986389,0.1058742105960846,0.346849262714386,0.2700413763523102,0.11396660655736923,0.31762057542800903,0.21813219785690308,0.11792697757482529,0.5094019770622253,0.4274648427963257,0.09086748957633972,0.46594640612602234,0.2912231981754303,0.14777810871601105,0.43872764706611633,0.21713173389434814,0.17718899250030518,0.41636353731155396,0.16976460814476013,0.19622881710529327,0.5739451050758362,0.42758283019065857,0.0877952054142952,0.5501246452331543,0.30262434482574463,0.13536323606967926,0.5307492017745972,0.22781693935394287,0.17020246386528015,0.5105695724487305,0.16935452818870544,0.1887320727109909,0.6425496935844421,0.44491046667099,0.07327903807163239,0.6378317475318909,0.349579393863678,0.10717405378818512,0.6281331777572632,0.29537832736968994,0.13580363988876343,0.6189479231834412,0.24642431735992432,0.15607315301895142
0.6341829299926758,0.8524032831192017,7.557738399555092e-07,0.4940822422504425,0.8083178997039795,-0.03915606066584587,0.3858480453491211,0.6726579666137695,-0.038124553859233856,0.3247058093547821,0.542900025844574,-0.037855472415685654,0.2482246458530426,0.4560260772705078,-0.03258787840604782,0.43314069509506226,0.46296703815460205,0.07448747754096985,0.3696928918361664,0.3416684865951538,0.09606440365314484,0.33575695753097534,0.2761963903903961,0.09909890592098236,0.30539700388908386,0.22349023818969727,0.09900259226560593,0.5040769577026367,0.42742350697517395,0.0821731835603714,0.45543038845062256,0.29386961460113525,0.1283017098903656,0.42611658573150635,0.22138428688049316,0.14957363903522491,0.401241272687912,0.17374339699745178,0.16260619461536407,0.5702679753303528,0.4244667589664459,0.07522901892662048,0.5410940051078796,0.29601895809173584,0.11055217683315277,0.5177695751190186,0.2224980890750885,0.13673873245716095,0.4936482608318329,0.1646914780139923,0.15022896230220795,0.6401996612548828,0.43988943099975586,0.058265045285224915,0.632819414138794,0.3393658697605133,0.08144459128379822,0.6227612495422363,0.2812935709953308,0.10301347076892853,0.613166093826294,0.22634729743003845,0.11852527409791946
0.6366394758224487,0.8521785736083984,7.870000331422489e-07,0.4950443506240845,0.8110895752906799,-0.03903017193078995,0.38538724184036255,0.6734945774078369,-0.037707891315221786,0.32436344027519226,0.5426936745643616,-0.03716471791267395,0.2458907961845398,0.45820745825767517,-0.031809598207473755,0.43494918942451477,0.46545860171318054,0.07547952234745026,0.37246066331863403,0.34356561303138733,0.09910475462675095,0.33884549140930176,0.27910125255584717,0.10292231291532516,0.3077397048473358,0.2260895073413849,0.1031578853726387,0.5055341124534607,0.42890703678131104,0.0836554765701294,0.45812419056892395,0.29350942373275757,0.13342340290546417,0.42859596014022827,0.219397634267807,0.15578635036945343,0.4045534133911133,0.17192259430885315,0.16901449859142303,0.5706321597099304,0.4247443675994873,0.07748860120773315,0.5424700975418091,0.2971322536468506,0.11859168857336044,0.5204243659973145,0.2228332757949829,0.1478864848613739,0.49753472208976746,0.16470929980278015,0.162360280752182,0.6392732858657837,0.4393409490585327,0.06090950593352318,0.6317364573478699,0.33996516466140747,0.09000608325004578,0.6211599111557007,0.28326016664505005,0.11537348479032516,0.6114631295204163,0.23090457916259766,0.13283206522464752
0.6372315883636475,0.853670597076416,7.936988026813196e-07,0.4964394271373749,0.8151229619979858,-0.04436713829636574,0.3824596703052521,0.6860633492469788,-0.04778429493308067,0.3124169707298279,0.5611779093742371,-0.051710713654756546,0.22920235991477966,0.4802018105983734,-0.05106205493211746,0.42327365279197693,0.47219330072402954,0.06889604777097702,0.3535038232803345,0.3559643626213074,0.08611641079187393,0.3146893382072449,0.28962182998657227,0.08595948666334152,0.28097349405288696,0.23685696721076965,0.08342573791742325,0.49233725666999817,0.43153536319732666,0.07720480859279633,0.4388609826564789,0.29542720317840576,0.11913131177425385,0.40796029567718506,0.2221231758594513,0.13821272552013397,0.38092392683029175,0.17195111513137817,0.1495671570301056,0.5597948431968689,0.4243311583995819,0.07007728517055511,0.5250592827796936,0.2936115264892578,0.10127736628055573,0.4992341995239258,0.21791434288024902,0.12294640392065048,0.4717783033847809,0.1561306118965149,0.1330699920654297,0.6318942308425903,0.4355255365371704,0.052588798105716705,0.621310830116272,0.33196595311164856,0.07248063385486603,0.6112409830093384,0.27332109212875366,0.09013508260250092,0.601494550704956,0.2170807123184204,0.10214678943157196
0.6403177380561829,0.8549045324325562,7.839453246560879e-07,0.49847763776779175,0.8206531405448914,-0.04307620972394943,0.38424015045166016,0.69091796875,-0.04654563590884209,0.31412750482559204,0.5642008185386658,-0.050372157245874405,0.22911328077316284,0.4844509959220886,-0.04950382933020592,0.42645084857940674,0.4748057723045349,0.06692014634609222,0.35858938097953796,0.35503852367401123,0.08453284204006195,0.32033002376556396,0.29075735807418823,0.0847204253077507,0.2859109938144684,0.23794996738433838,0.08252298086881638,0.49507227540016174,0.4350893497467041,0.07462102919816971,0.44238871335983276,0.29790621995925903,0.11699435859918594,0.40923991799354553,0.22356462478637695,0.1357031762599945,0.38268470764160156,0.1742367446422577,0.14639915525913239,0.5601826906204224,0.42805272340774536,0.06772442907094955,0.5272631645202637,0.2962484359741211,0.10159540921449661,0.5023291110992432,0.22022730112075806,0.12659163773059845,0.47779470682144165,0.16021236777305603,0.1383594125509262,0.6294751167297363,0.43887943029403687,0.050431277602910995,0.6197599768638611,0.33562734723091125,0.07373587787151337,0.6084592342376709,0.27406740188598633,0.09504442662000656,0.5985857844352722,0.21578669548034668,0.1093503013253212
0.6356412768363953,0.8557785153388977,8.117498850879201e-07,0.4956214129924774,0.8251038789749146,-0.046885184943675995,0.38054952025413513,0.6948105096817017,-0.053309228271245956,0.3080311417579651,0.5659499168395996,-0.059329695999622345,0.2211138904094696,0.4868650436401367,-0.06087210401892662,0.42299941182136536,0.47251468896865845,0.056282997131347656,0.3530588746070862,0.350968599319458,0.06853359192609787,0.31334108114242554,0.2835571765899658,0.06652551144361496,0.27995991706848145,0.22768229246139526,0.06286583095788956,0.49166443943977356,0.43200981616973877,0.06359127163887024,0.43631044030189514,0.2888578474521637,0.0984371155500412,0.4015822410583496,0.21025937795639038,0.11361511796712875,0.37358808517456055,0.15525075793266296,0.12215756624937057,0.5590195059776306,0.42491966485977173,0.056106653064489365,0.5245016813278198,0.28682422637939453,0.08047783374786377,0.49685314297676086,0.2049931287765503,0.0979105532169342,0.4690816402435303,0.13845255970954895,0.10533265024423599,0.6298277378082275,0.43559780716896057,0.03868953883647919,0.6204655766487122,0.32729387283325195,0.05302004516124725,0.6098151206970215,0.2615925371646881,0.06753519922494888,0.6001181602478027,0.1980665922164917,0.07720883190631866
0.6378479599952698,0.8575946092605591,7.91372940511792e-07,0.4967072010040283,0.8257150650024414,-0.04462696611881256,0.3828236758708954,0.6953279376029968,-0.05107147991657257,0.3099170923233032,0.5668295621871948,-0.058016352355480194,0.22274082899093628,0.48584362864494324,-0.060566939413547516,0.4247649908065796,0.4746434688568115,0.06112820655107498,0.3538703918457031,0.3533879518508911,0.07468565553426743,0.3140018582344055,0.28624093532562256,0.07338202744722366,0.2802584171295166,0.23096930980682373,0.07039137929677963,0.4939602017402649,0.4342027008533478,0.06738986819982529,0.43781185150146484,0.2916458249092102,0.10458488017320633,0.40297311544418335,0.212800532579422,0.12129433453083038,0.3752991557121277,0.15823641419410706,0.13093246519565582,0.5603275299072266,0.42637747526168823,0.05894624814391136,0.524478554725647,0.2886187434196472,0.08747421205043793,0.49749988317489624,0.20635557174682617,0.10929638892412186,0.4709356427192688,0.14055612683296204,0.11925181746482849,0.6301550269126892,0.4368928372859955,0.04026992619037628,0.6187329292297363,0.3299723267555237,0.05891764536499977,0.6065738201141357,0.2637818157672882,0.07722683995962143,0.5961107015609741,0.20077040791511536,0.08945243805646896
0.6442592144012451,0.8616244196891785,8.929942509894317e-07,0.4988093078136444,0.8252539038658142,-0.04593008756637573,0.38592731952667236,0.6924221515655518,-0.05289154499769211,0.3133823871612549,0.565032422542572,-0.06064388528466225,0.22366860508918762,0.48652929067611694,-0.06413789093494415,0.42785173654556274,0.4727742671966553,0.06516411155462265,0.35590678453445435,0.34885820746421814,0.0789010301232338,0.3149835169315338,0.2788330018520355,0.07630851864814758,0.2810335159301758,0.2197657823562622,0.07206279784440994,0.49709418416023254,0.4323219954967499,0.07149991393089294,0.4408915042877197,0.28681430220603943,0.10897216945886612,0.40617311000823975,0.2039230763912201,0.12399143725633621,0.37889325618743896,0.14356514811515808,0.1322799026966095,0.564258873462677,0.4242861866950989,0.0626852735877037,0.5272181630134583,0.2836620807647705,0.09116364270448685,0.4993118345737457,0.19842055439949036,0.11167417466640472,0.4726163446903229,0.12893858551979065,0.12068741023540497,0.6363756060600281,0.43511030077934265,0.043324269354343414,0.6258552074432373,0.3227560222148895,0.06247054785490036,0.6151218414306641,0.2551625072956085,0.08088768273591995,0.6059478521347046,0.1909697949886322,0.09298411011695862
0.6409368515014648,0.863356351852417,7.80337245487317e-07,0.49836260080337524,0.8268247246742249,-0.044533804059028625,0.3859177231788635,0.6943588852882385,-0.05082468315958977,0.31268030405044556,0.564534604549408,-0.05753020569682121,0.22382891178131104,0.4861030578613281,-0.06015167757868767,0.4260038435459137,0.47100794315338135,0.060294587165117264,0.35653769969940186,0.34851205348968506,0.07109121978282928,0.3171098828315735,0.28077489137649536,0.0666109099984169,0.28290534019470215,0.22260040044784546,0.06051809340715408,0.49612951278686523,0.42990487813949585,0.06472466886043549,0.4410296678543091,0.28401246666908264,0.09591282159090042,0.40567904710769653,0.20297858119010925,0.10645479708909988,0.3769044280052185,0.14480677247047424,0.11112198233604431,0.5637986660003662,0.424182653427124,0.05446663498878479,0.5282420516014099,0.28227031230926514,0.07534398883581161,0.499784916639328,0.19824185967445374,0.08910355716943741,0.47149139642715454,0.12913084030151367,0.09354430437088013,0.6352638006210327,0.43770280480384827,0.034611884504556656,0.6248724460601807,0.3270450234413147,0.04635121300816536,0.6128782033920288,0.2595691382884979,0.05878729745745659,0.6012309789657593,0.1937638223171234,0.06635399907827377
0.6415922045707703,0.8616959452629089,8.340057888744923e-07,0.49897927045822144,0.8243308067321777,-0.04672659933567047,0.3876829147338867,0.6919775605201721,-0.05523774400353432,0.3143043518066406,0.5634356141090393,-0.06419119983911514,0.22414997220039368,0.48872077465057373,-0.0691705048084259,0.4303516745567322,0.46823006868362427,0.05700131505727768,0.35964664816856384,0.3443048596382141,0.06496632099151611,0.31886088848114014,0.27433422207832336,0.058831073343753815,0.28514641523361206,0.21402686834335327,0.05209134519100189,0.4994688034057617,0.42753279209136963,0.06200941279530525,0.44495004415512085,0.2780122458934784,0.09159012883901596,0.41055965423583984,0.1936960518360138,0.10213474184274673,0.3830296993255615,0.13143011927604675,0.10711529850959778,0.5674921870231628,0.4211658239364624,0.05206185579299927,0.533284068107605,0.2770548164844513,0.07223173975944519,0.5053686499595642,0.19098860025405884,0.08705447614192963,0.478023886680603,0.12026306986808777,0.09257365763187408,0.6395887136459351,0.4339965581893921,0.03209972754120827,0.6325379610061646,0.3200037479400635,0.04419003427028656,0.6234579682350159,0.249843031167984,0.05761875584721565,0.6153618097305298,0.18213129043579102,0.06605847179889679
0.6393435597419739,0.8601871728897095,7.941004582789901e-07,0.49885091185569763,0.8222095966339111,-0.04635835811495781,0.3869023025035858,0.6916802525520325,-0.054349470883607864,0.3125247657299042,0.5648171305656433,-0.06261350959539413,0.22372090816497803,0.4880106449127197,-0.06707346439361572,0.42928463220596313,0.4662911891937256,0.05564160272479057,0.3590162396430969,0.3414424657821655,0.06409241259098053,0.3195295035839081,0.27071693539619446,0.05849801376461983,0.2867366671562195,0.21037301421165466,0.05167803540825844,0.4994240701198578,0.42615145444869995,0.05981836095452309,0.444903701543808,0.276355117559433,0.08787321299314499,0.4102599322795868,0.19264787435531616,0.0967479720711708,0.3823912739753723,0.13266706466674805,0.10028324276208878,0.5675374269485474,0.421117901802063,0.0491827055811882,0.5341908931732178,0.27649247646331787,0.06673344224691391,0.5070933699607849,0.1907445788383484,0.07801163196563721,0.4797004759311676,0.11981037259101868,0.08098405599594116,0.6388390064239502,0.4359917640686035,0.028977563604712486,0.6312118768692017,0.3233892619609833,0.03762140870094299,0.6212905049324036,0.2533002197742462,0.04761601239442825,0.6113569736480713,0.1846129596233368,0.053424566984176636
0.6343293190002441,0.8581045866012573,7.382495823549107e-07,0.499001681804657,0.8221884965896606,-0.04539225623011589,0.38616979122161865,0.6912981271743774,-0.055549949407577515,0.30846720933914185,0.564879298210144,-0.06545383483171463,0.21887284517288208,0.49637892842292786,-0.07220097631216049,0.43085747957229614,0.460734486579895,0.04090885445475578,0.35960566997528076,0.33290576934814453,0.04151049628853798,0.31894880533218384,0.25978589057922363,0.03121989592909813,0.2868405878543854,0.1955592930316925,0.02091784030199051,0.49837350845336914,0.42113447189331055,0.042739272117614746,0.444204717874527,0.2651459574699402,0.05979076027870178,0.4118160307407379,0.17783907055854797,0.06119871884584427,0.38631826639175415,0.1106666624546051,0.05906600505113602,0.5673115253448486,0.41675040125846863,0.031067820265889168,0.5333688855171204,0.2673320174217224,0.03823494538664818,0.5065434575080872,0.17595013976097107,0.0396520271897316,0.4805649518966675,0.0981970727443695,0.03585411235690117,0.6390459537506104,0.43294456601142883,0.011037870310246944,0.6332828402519226,0.31438541412353516,0.012302006594836712,0.6264895796775818,0.2386058270931244,0.015760507434606552,0.6206918954849243,0.16460484266281128,0.016156982630491257
0.6346273422241211,0.857223629951477,7.818330800546391e-07,0.49748629331588745,0.8213993310928345,-0.04688166454434395,0.38420072197914124,0.6904537081718445,-0.05810866877436638,0.30615687370300293,0.5637844800949097,-0.06973162293434143,0.21615037322044373,0.49168387055397034,-0.07804270833730698,0.42927053570747375,0.461489200592041,0.04701675474643707,0.35874661803245544,0.3339575529098511,0.04923851042985916,0.31865787506103516,0.259167343378067,0.03962181508541107,0.286889910697937,0.19528847932815552,0.02992350421845913,0.49846333265304565,0.4222733974456787,0.0493345707654953,0.44418027997016907,0.267345130443573,0.06952478736639023,0.4119708240032196,0.17840054631233215,0.07361865788698196,0.3869595527648926,0.11094599962234497,0.07367589324712753,0.5676132440567017,0.41732630133628845,0.03732553869485855,0.5339025855064392,0.2674183249473572,0.04802993685007095,0.5079786777496338,0.17558643221855164,0.05438327416777611,0.4824671149253845,0.09866487979888916,0.05413428694009781,0.640268087387085,0.4334884285926819,0.01617542654275894,0.6347894668579102,0.315868616104126,0.02047015354037285,0.6274368762969971,0.23956376314163208,0.02729872800409794,0.6210227608680725,0.16570699214935303,0.030400658026337624
0.6345713138580322,0.8583981990814209,7.100418883965176e-07,0.49777618050575256,0.8228549957275391,-0.04501614719629288,0.38232436776161194,0.6919302940368652,-0.053166713565588,0.30281370878219604,0.5680384039878845,-0.06088266521692276,0.21406391263008118,0.5017398595809937,-0.06558208912611008,0.4280296564102173,0.4640880823135376,0.03893763944506645,0.35593152046203613,0.333145409822464,0.036941271275281906,0.31566816568374634,0.2567593455314636,0.02527734637260437,0.28391554951667786,0.18981122970581055,0.014222722500562668,0.496529757976532,0.4214186668395996,0.03988272696733475,0.44148096442222595,0.25926363468170166,0.052522383630275726,0.40873798727989197,0.16681545972824097,0.05117097496986389,0.3818501830101013,0.09679713845252991,0.047696325927972794,0.5660866498947144,0.41575467586517334,0.027367090806365013,0.5316234827041626,0.2625012695789337,0.028980856761336327,0.5038115382194519,0.16777247190475464,0.026283761486411095,0.4764471650123596,0.08696174621582031,0.020782383158802986,0.638167142868042,0.4315354526042938,0.006971938535571098,0.63239586353302,0.3121059536933899,0.002976824063807726,0.6266166567802429,0.2345414161682129,0.0030674999579787254,0.6213133335113525,0.15804225206375122,0.001774424803443253
0.6364153623580933,0.8555499315261841,6.145543238744722e-07,0.5034840703010559,0.8310668468475342,-0.04763689637184143,0.38851433992385864,0.7043859958648682,-0.061434950679540634,0.3077693283557892,0.5771329402923584,-0.07335856556892395,0.22053152322769165,0.5106375813484192,-0.08360341191291809,0.4290664494037628,0.46636873483657837,0.011564002372324467,0.35500919818878174,0.3302181363105774,-0.005229868460446596,0.31188303232192993,0.2509332001209259,-0.02806888334453106,0.27758124470710754,0.17565417289733887,-0.0482424832880497,0.4960217773914337,0.4194183349609375,0.008809223771095276,0.4407579004764557,0.2494257092475891,0.000777154928073287,0.40660831332206726,0.1494898796081543,-0.019059350714087486,0.3782123923301697,0.06717818975448608,-0.037175655364990234,0.5650114417076111,0.4143131375312805,-0.005128439981490374,0.5321224927902222,0.25679394602775574,-0.02109002321958542,0.5048794746398926,0.15398815274238586,-0.04088607057929039,0.47815629839897156,0.06260988116264343,-0.05912529304623604,0.6377891302108765,0.4344310760498047,-0.025456221774220467,0.6328550577163696,0.31021398305892944,-0.04277670755982399,0.6282404661178589,0.22735390067100525,-0.05304369702935219,0.6224613189697266,0.14675235748291016,-0.06312809884548187
0.6350554823875427,0.8558739423751831,5.94526966324338e-07,0.5047959685325623,0.82884681224823,-0.047306306660175323,0.3912677764892578,0.7035322785377502,-0.061491578817367554,0.30979594588279724,0.5755861401557922,-0.07379500567913055,0.22057870030403137,0.5116412043571472,-0.08431531488895416,0.4292256832122803,0.4648398756980896,0.012317688204348087,0.35563385486602783,0.32821714878082275,-0.004860473331063986,0.3126233220100403,0.24852782487869263,-0.028106119483709335,0.2784647047519684,0.17350134253501892,-0.04838470742106438,0.4962729811668396,0.41873300075531006,0.009809082373976707,0.4412118196487427,0.2479366958141327,0.0022530939895659685,0.40783631801605225,0.14787375926971436,-0.016411418095231056,0.37990301847457886,0.06582191586494446,-0.033754441887140274,0.565881073474884,0.41401150822639465,-0.003968809265643358,0.5316532850265503,0.2540208697319031,-0.01904706284403801,0.5062129497528076,0.15192407369613647,-0.03615476191043854,0.4810348153114319,0.06192827224731445,-0.05255940183997154,0.639610230922699,0.4347414970397949,-0.024265948683023453,0.6338751316070557,0.30965885519981384,-0.04020421579480171,0.6296606659889221,0.22719863057136536,-0.04841563105583191,0.6243640184402466,0.14742761850357056,-0.0570664256811142
0.6366448998451233,0.8554550409317017,5.852007802786829e-07,0.5057700872421265,0.8297847509384155,-0.046248141676187515,0.39097821712493896,0.7012510299682617,-0.05859372019767761,0.30999431014060974,0.5698331594467163,-0.06916991621255875,0.22108757495880127,0.5049813389778137,-0.0779358446598053,0.43062102794647217,0.4646528661251068,0.014406627044081688,0.3567794859409332,0.3272550106048584,-0.002004920272156596,0.3138199746608734,0.24674507975578308,-0.02451833337545395,0.27962708473205566,0.17148613929748535,-0.04425211623311043,0.49773985147476196,0.4182512164115906,0.011654702015221119,0.44134292006492615,0.24621820449829102,0.004709373228251934,0.4076303541660309,0.14404067397117615,-0.013398879207670689,0.379642516374588,0.06083694100379944,-0.030237356200814247,0.5673482418060303,0.41387978196144104,-0.002432531677186489,0.5324988961219788,0.25277429819107056,-0.017341604456305504,0.5065150260925293,0.1486184298992157,-0.03479459509253502,0.4808715581893921,0.05709737539291382,-0.05144384130835533,0.6412960886955261,0.4348657429218292,-0.022946644574403763,0.6359236836433411,0.3104225695133209,-0.03898951783776283,0.6316627860069275,0.22763895988464355,-0.04757697880268097,0.6262218356132507,0.14724960923194885,-0.056547634303569794
0.635543942451477,0.8558863401412964,5.857667133568611e-07,0.5045065879821777,0.8298134803771973,-0.045932330191135406,0.39030134677886963,0.7006000280380249,-0.058005381375551224,0.31032344698905945,0.5690333843231201,-0.06847085803747177,0.22156503796577454,0.5033453106880188,-0.07726110517978668,0.43038639426231384,0.46488156914711,0.015104901045560837,0.3559414744377136,0.32798296213150024,-0.0007683910080231726,0.3132098317146301,0.24706828594207764,-0.022634530439972878,0.27992361783981323,0.17211875319480896,-0.04188179224729538,0.49794989824295044,0.4188518524169922,0.01200349535793066,0.44038209319114685,0.24595433473587036,0.005023705307394266,0.4066256880760193,0.14358165860176086,-0.013216691091656685,0.37884458899497986,0.060533225536346436,-0.029996834695339203,0.56758713722229,0.4148363173007965,-0.0024364441633224487,0.5325506329536438,0.25184255838394165,-0.018154367804527283,0.5067849159240723,0.14663419127464294,-0.0365939736366272,0.481152206659317,0.05442187190055847,-0.05373911187052727,0.6414170265197754,0.4363909959793091,-0.023129751905798912,0.6357958316802979,0.310918390750885,-0.04019887000322342,0.6318014860153198,0.22735053300857544,-0.049544770270586014,0.6264981627464294,0.1462790071964264,-0.05896999314427376
0.6357574462890625,0.8547079563140869,5.890974534850102e-07,0.5055944323539734,0.8299391269683838,-0.04781242460012436,0.39355921745300293,0.6989038586616516,-0.06110668554902077,0.3176286816596985,0.5642032623291016,-0.07221394777297974,0.2307811975479126,0.495444655418396,-0.08146635442972183,0.43066269159317017,0.46272891759872437,0.011077366769313812,0.35748422145843506,0.3246052861213684,-0.005916053429245949,0.31518667936325073,0.244022399187088,-0.028518959879875183,0.2819620370864868,0.16831645369529724,-0.04837319627404213,0.4972567558288574,0.416537880897522,0.008671103045344353,0.44102606177330017,0.24388182163238525,0.00070826435694471,0.4077736437320709,0.14130353927612305,-0.018561899662017822,0.3804705739021301,0.05715447664260864,-0.03625808283686638,0.565962553024292,0.4134055972099304,-0.004939763341099024,0.5331118702888489,0.2519819140434265,-0.02116774395108223,0.5087231993675232,0.14561089873313904,-0.04053276777267456,0.48419681191444397,0.05199161171913147,-0.05856352671980858,0.6390836834907532,0.43608295917510986,-0.024906184524297714,0.6348515748977661,0.3118455708026886,-0.04270469769835472,0.6317914128303528,0.22870242595672607,-0.05281480774283409,0.626940131187439,0.1483791172504425,-0.06283561885356903
0.6352249979972839,0.8550240993499756,6.182602874105214e-07,0.5046015977859497,0.8286225199699402,-0.048434991389513016,0.3933238983154297,0.6995689272880554,-0.06240557134151459,0.3178320527076721,0.5667532086372375,-0.07431492209434509,0.23170733451843262,0.4929949641227722,-0.08419062942266464,0.4301367402076721,0.46252554655075073,0.012544258497655392,0.35637348890304565,0.3249278664588928,-0.0036620080936700106,0.3146459460258484,0.2432744801044464,-0.02546445094048977,0.28302013874053955,0.1680203676223755,-0.04461834579706192,0.4975132346153259,0.41661524772644043,0.010391302406787872,0.4397145211696625,0.24414488673210144,0.0030394948553293943,0.40609896183013916,0.1413397192955017,-0.015720872208476067,0.37898722290992737,0.05809730291366577,-0.0328604131937027,0.56642746925354,0.4132002592086792,-0.003261085832491517,0.532602846622467,0.24986958503723145,-0.01924682967364788,0.5078021287918091,0.14376580715179443,-0.03891965374350548,0.48266586661338806,0.05173015594482422,-0.057086031883955,0.6396999359130859,0.4357187747955322,-0.023333698511123657,0.6359606385231018,0.31114208698272705,-0.041236117482185364,0.6322261095046997,0.22809991240501404,-0.052039626985788345,0.6261492967605591,0.1487886607646942,-0.06251291930675507
0.6338101625442505,0.8561267256736755,6.587774237232225e-07,0.5028488039970398,0.8262193202972412,-0.0490269735455513,0.3939358592033386,0.699219286441803,-0.0639791339635849,0.3200553059577942,0.5669580698013306,-0.07720385491847992,0.2340102195739746,0.4922133684158325,-0.08805263787508011,0.4283660352230072,0.46073076128959656,0.01607724465429783,0.35567766427993774,0.32341402769088745,-6.336582828225801e-06,0.31448885798454285,0.24157091975212097,-0.022159716114401817,0.28320586681365967,0.16635927557945251,-0.041207097470760345,0.4965303838253021,0.415677011013031,0.01430001761764288,0.4401881694793701,0.2430378496646881,0.008673193864524364,0.4069187045097351,0.1409093737602234,-0.008342000655829906,0.38037019968032837,0.058133333921432495,-0.024046629667282104,0.5661696195602417,0.4130192697048187,0.0005444976850412786,0.5322398543357849,0.2487584948539734,-0.013136455789208412,0.5069648623466492,0.14497968554496765,-0.029219651594758034,0.4825558066368103,0.05514371395111084,-0.04474002495408058,0.6406538486480713,0.43618592619895935,-0.020118849352002144,0.635601818561554,0.31037551164627075,-0.0353856086730957,0.6310465335845947,0.22758296132087708,-0.04314195364713669,0.625088095664978,0.14853191375732422,-0.05119204893708229
0.6337165832519531,0.8566404581069946,6.518035320368654e-07,0.5028333067893982,0.8265233039855957,-0.04879647120833397,0.39401599764823914,0.6988304257392883,-0.0632585808634758,0.320526659488678,0.5666058659553528,-0.07595132291316986,0.234796404838562,0.4924701452255249,-0.08622857928276062,0.42842331528663635,0.46029046177864075,0.01657932437956333,0.35540661215782166,0.32311466336250305,0.0009626407991163433,0.3138714134693146,0.24122494459152222,-0.020872170105576515,0.28228625655174255,0.1662622094154358,-0.03964586555957794,0.49717462062835693,0.4151904881000519,0.01492504682391882,0.4417131841182709,0.24205389618873596,0.009894514456391335,0.4087437391281128,0.1395314335823059,-0.006665032356977463,0.38210251927375793,0.05644717812538147,-0.02205643057823181,0.5668123960494995,0.41251468658447266,0.0012721610255539417,0.5333825945854187,0.24896806478500366,-0.011679974384605885,0.5082335472106934,0.14527058601379395,-0.027340879663825035,0.483742356300354,0.0555843710899353,-0.04260307550430298,0.6408987641334534,0.4354532063007355,-0.019336573779582977,0.6353797316551208,0.30960607528686523,-0.03373546525835991,0.6304177045822144,0.22719237208366394,-0.040986672043800354,0.624086856842041,0.14848166704177856,-0.04875442385673523
0.63472580909729,0.8574700355529785,6.606350098081748e-07,0.5041325688362122,0.8255516886711121,-0.05161082744598389,0.39729851484298706,0.7017626762390137,-0.0676945149898529,0.32671743631362915,0.5696796178817749,-0.08159453421831131,0.24358224868774414,0.48735255002975464,-0.09250152856111526,0.4260053038597107,0.46112126111984253,0.0168294794857502,0.35108309984207153,0.3255581259727478,0.001542063313536346,0.3086739778518677,0.24505615234375,-0.02072572335600853,0.27558475732803345,0.1707034409046173,-0.04008515924215317,0.4952073395252228,0.41502508521080017,0.016337761655449867,0.4377076029777527,0.24661517143249512,0.010995516553521156,0.40337711572647095,0.1461106240749359,-0.007142329588532448,0.3751852810382843,0.06370013952255249,-0.023755570873618126,0.5650075674057007,0.41180622577667236,0.003537394106388092,0.5304508209228516,0.25142616033554077,-0.009583530947566032,0.5038195252418518,0.14978808164596558,-0.02611369825899601,0.476886510848999,0.06062948703765869,-0.04206938296556473,0.6399197578430176,0.43422842025756836,-0.01653915084898472,0.6336201429367065,0.310758113861084,-0.03142036125063896,0.6276079416275024,0.2298683524131775,-0.03942006081342697,0.6194949746131897,0.15189233422279358,-0.047617167234420776
0.6356437802314758,0.857315182685852,6.837532282588654e-07,0.5040420293807983,0.8254184722900391,-0.0524105541408062,0.39709386229515076,0.7015648484230042,-0.06817033141851425,0.32697561383247375,0.5703374743461609,-0.08153082430362701,0.24482578039169312,0.48678186535835266,-0.09170889854431152,0.42646878957748413,0.46088674664497375,0.0178415235131979,0.3526988625526428,0.32495832443237305,0.0031634375918656588,0.3105507493019104,0.24455460906028748,-0.01893654651939869,0.2772631347179413,0.17013335227966309,-0.03823801130056381,0.4957736134529114,0.41528570652008057,0.017976369708776474,0.43858855962753296,0.24691182374954224,0.013356130570173264,0.40410763025283813,0.14632263779640198,-0.004416351206600666,0.37567275762557983,0.06369468569755554,-0.020807543769478798,0.5654827356338501,0.4126443862915039,0.005594517104327679,0.5303504467010498,0.2527090609073639,-0.006962763145565987,0.5037280917167664,0.1514395773410797,-0.022876925766468048,0.4770098924636841,0.06232091784477234,-0.03843175992369652,0.6403759717941284,0.4350537359714508,-0.014235400594770908,0.6338291168212891,0.31146514415740967,-0.028646104037761688,0.627768874168396,0.23052722215652466,-0.03617336228489876,0.6198421120643616,0.1520252227783203,-0.0440661795437336
0.6355046033859253,0.855221688747406,6.974079838073521e-07,0.5046929121017456,0.8234003782272339,-0.054007526487112045,0.39967450499534607,0.7010501623153687,-0.07180587947368622,0.332021564245224,0.5684143900871277,-0.08678364753723145,0.2524416446685791,0.4786551594734192,-0.0984518975019455,0.4252784252166748,0.45928433537483215,0.012742399238049984,0.3523392081260681,0.3230465054512024,-0.003962702117860317,0.3094952702522278,0.24286514520645142,-0.027038441970944405,0.275577187538147,0.1682298183441162,-0.04675275832414627,0.49471786618232727,0.4138064682483673,0.013334570452570915,0.43745148181915283,0.2448686957359314,0.007417997810989618,0.4025038480758667,0.1444636583328247,-0.010676022619009018,0.37377098202705383,0.061329662799835205,-0.027177348732948303,0.5650025606155396,0.4116072356700897,0.0015880182618275285,0.5293707847595215,0.25157034397125244,-0.011352790519595146,0.5024917125701904,0.1506536900997162,-0.02696394734084606,0.47574567794799805,0.06155669689178467,-0.042305316776037216,0.6403753161430359,0.434683620929718,-0.01768520288169384,0.6328979730606079,0.31125086545944214,-0.03238316997885704,0.6263442039489746,0.22980031371116638,-0.03963145241141319,0.6183582544326782,0.1508600115776062,-0.047126900404691696
0.6352644562721252,0.85532546043396,6.929082019269117e-07,0.5038600564002991,0.8234082460403442,-0.05382668972015381,0.3992311954498291,0.7007958889007568,-0.07078525424003601,0.331680029630661,0.567899227142334,-0.0849321037530899,0.25229203701019287,0.47756052017211914,-0.09573441743850708,0.424434095621109,0.45933735370635986,0.01406823005527258,0.351707398891449,0.32288941740989685,-0.002205370692536235,0.309407114982605,0.24200084805488586,-0.02495703101158142,0.2764298617839813,0.16695186495780945,-0.044356632977724075,0.493983656167984,0.4133550524711609,0.014843417331576347,0.43700361251831055,0.24423998594284058,0.009503277018666267,0.40253230929374695,0.14419770240783691,-0.00788045022636652,0.3743220269680023,0.06187582015991211,-0.023699965327978134,0.5646534562110901,0.41066351532936096,0.0031698227394372225,0.5289981365203857,0.2491956651210785,-0.009400937706232071,0.5022643208503723,0.14894071221351624,-0.024013075977563858,0.4759739637374878,0.060426026582717896,-0.03845670819282532,0.6405320763587952,0.4332899749279022,-0.016110293567180634,0.6327348351478577,0.31003355979919434,-0.03055262751877308,0.6260234117507935,0.22960922122001648,-0.03718874230980873,0.6181473731994629,0.15159061551094055,-0.04400192201137543
0.6352798342704773,0.8554562330245972,6.940758225937316e-07,0.5039165616035461,0.8234736919403076,-0.05411651358008385,0.39946019649505615,0.7010899782180786,-0.0712827816605568,0.3317430317401886,0.5684776306152344,-0.08558697253465652,0.2523965537548065,0.4779128134250641,-0.09653271734714508,0.4244769215583801,0.4594779908657074,0.013745919801294804,0.3515348434448242,0.3228095769882202,-0.0026253326795995235,0.309090256690979,0.24178603291511536,-0.025478515774011612,0.2761992812156677,0.16639843583106995,-0.04498544707894325,0.4940621852874756,0.4135624170303345,0.014624577946960926,0.4366456866264343,0.24446800351142883,0.009025199338793755,0.40202027559280396,0.14419308304786682,-0.008686983026564121,0.37386780977249146,0.06168690323829651,-0.024801965802907944,0.5647397637367249,0.4108694791793823,0.003047321690246463,0.5292479395866394,0.24953526258468628,-0.009667683392763138,0.502443790435791,0.14901304244995117,-0.024577373638749123,0.47601601481437683,0.06029835343360901,-0.039298009127378464,0.6406490802764893,0.43350058794021606,-0.016145318746566772,0.6330336332321167,0.30999302864074707,-0.03060763329267502,0.6262252926826477,0.22947177290916443,-0.03738846629858017,0.6181050539016724,0.15137135982513428,-0.044392749667167664
0.6374393105506897,0.8545094728469849,7.777574637657381e-07,0.5040108561515808,0.8211736083030701,-0.05648040771484375,0.4015156626701355,0.7014853358268738,-0.0745498538017273,0.33659088611602783,0.5672181844711304,-0.08979804813861847,0.257938027381897,0.47106313705444336,-0.10120443999767303,0.4247274398803711,0.46033456921577454,0.0188811793923378,0.3512935936450958,0.3228776454925537,0.005452974233776331,0.3084219992160797,0.24137219786643982,-0.015713967382907867,0.2748996615409851,0.16630008816719055,-0.033834438771009445,0.4954862594604492,0.4145870804786682,0.02121763676404953,0.4381785988807678,0.24407237768173218,0.020487656816840172,0.40313076972961426,0.14296969771385193,0.00572594627737999,0.374755322933197,0.05945590138435364,-0.008445842191576958,0.5658776760101318,0.41178905963897705,0.010294240899384022,0.5302982926368713,0.25092047452926636,0.0023354212753474712,0.5035473108291626,0.1498199999332428,-0.00939434114843607,0.4774356484413147,0.060128241777420044,-0.02239007130265236,0.64127117395401,0.43341633677482605,-0.009000450372695923,0.6331163048744202,0.3103528320789337,-0.019595323130488396,0.6264820694923401,0.23012042045593262,-0.02388022281229496,0.619320809841156,0.1514805555343628,-0.029313087463378906
0.6396975517272949,0.8536382913589478,7.47451508686936e-07,0.5065156817436218,0.8218311071395874,-0.05609705299139023,0.4048396348953247,0.7036303877830505,-0.07417649775743484,0.3409465253353119,0.5695360898971558,-0.08893667161464691,0.26471468806266785,0.4717027246952057,-0.09975790232419968,0.4262762665748596,0.46038585901260376,0.01407554466277361,0.3528927266597748,0.32105475664138794,-0.0011231425451114774,0.3099491000175476,0.23857879638671875,-0.023271992802619934,0.276121586561203,0.16202658414840698,-0.04209335148334503,0.4970523715019226,0.4140118956565857,0.016245417296886444,0.4403657913208008,0.24327853322029114,0.013019470497965813,0.4052223563194275,0.1418415606021881,-0.003785800887271762,0.3765551447868347,0.05806475877761841,-0.01952487602829933,0.5671645402908325,0.4111744165420532,0.005697915330529213,0.5328472256660461,0.2497730404138565,-0.004768233746290207,0.5066770315170288,0.1477835476398468,-0.019141796976327896,0.48047319054603577,0.058055758476257324,-0.0338461734354496,0.6421534419059753,0.43316027522087097,-0.012771733105182648,0.635296106338501,0.3095836043357849,-0.025786645710468292,0.6285609006881714,0.2291681170463562,-0.032099369913339615,0.6202149391174316,0.15123215317726135,-0.03885204344987869
0.6389212608337402,0.8543624877929688,7.720407211309066e-07,0.5042633414268494,0.8197375535964966,-0.057170819491147995,0.4036984145641327,0.7001625299453735,-0.07541437447071075,0.3394150733947754,0.5654900074005127,-0.09031251072883606,0.2612338066101074,0.47019505500793457,-0.10129151493310928,0.4264858663082123,0.4604763090610504,0.016001615673303604,0.3548053801059723,0.3205404281616211,0.000499218818731606,0.3121849298477173,0.23809128999710083,-0.022494105622172356,0.2780258059501648,0.16085681319236755,-0.04204721003770828,0.49685385823249817,0.4143790006637573,0.018773023039102554,0.44086384773254395,0.24399301409721375,0.01498708501458168,0.40608954429626465,0.14217767119407654,-0.002782602095976472,0.37762606143951416,0.05728369951248169,-0.019260942935943604,0.5669354200363159,0.41163089871406555,0.00855883676558733,0.5328919291496277,0.2502364218235016,-0.0024560843594372272,0.5062853097915649,0.1485690474510193,-0.01719350926578045,0.4799172580242157,0.058866649866104126,-0.03201351314783096,0.6424834728240967,0.4332827925682068,-0.009730618447065353,0.6361258029937744,0.3094586431980133,-0.02276013419032097,0.6294655203819275,0.22896519303321838,-0.029013486579060555,0.6212767362594604,0.1508030891418457,-0.03574933111667633
0.6372780203819275,0.8543930053710938,7.18422938916774e-07,0.5059852004051208,0.8244243860244751,-0.06037977710366249,0.40304189920425415,0.7102749347686768,-0.08272657543420792,0.3387269675731659,0.5790884494781494,-0.10047266632318497,0.2646438479423523,0.4822207987308502,-0.11497385799884796,0.4277692437171936,0.46519550681114197,-0.006513325963169336,0.3527331054210663,0.321932315826416,-0.033817190676927567,0.3076896369457245,0.23610252141952515,-0.06363566219806671,0.27185165882110596,0.15309664607048035,-0.08765888214111328,0.4978783428668976,0.41599100828170776,-0.005355546250939369,0.44076716899871826,0.24265295267105103,-0.023991363123059273,0.4047815799713135,0.13629686832427979,-0.05081827566027641,0.375805526971817,0.04538935422897339,-0.07295956462621689,0.5685088038444519,0.4114425778388977,-0.015982268378138542,0.53440922498703,0.2509188652038574,-0.03990406543016434,0.5078678131103516,0.1444115936756134,-0.0614238940179348,0.48242393136024475,0.04772314429283142,-0.0795334130525589,0.6446034908294678,0.43396568298339844,-0.03400600329041481,0.6379449367523193,0.3078807592391968,-0.056950900703668594,0.6316132545471191,0.22312059998512268,-0.06795579195022583,0.6231833100318909,0.1404632329940796,-0.0772038921713829
0.6411540508270264,0.8528145551681519,7.320796839849208e-07,0.5099190473556519,0.8280565738677979,-0.07193845510482788,0.405806303024292,0.7163479328155518,-0.10227521508932114,0.3384687304496765,0.58718341588974,-0.1264188140630722,0.2609858512878418,0.49372974038124084,-0.14907361567020416,0.4298742711544037,0.4820813238620758,-0.035661179572343826,0.351764053106308,0.3338586091995239,-0.07816796749830246,0.30256888270378113,0.24166789650917053,-0.11796994507312775,0.2626529037952423,0.15039244294166565,-0.1487804800271988,0.4993622303009033,0.429365873336792,-0.03420493006706238,0.43929338455200195,0.24811133742332458,-0.07037417590618134,0.39985936880111694,0.13389834761619568,-0.1109854131937027,0.3657284080982208,0.027517348527908325,-0.14291904866695404,0.5698272585868835,0.4210454523563385,-0.044043246656656265,0.5338431000709534,0.2550848424434662,-0.08400470018386841,0.5055363774299622,0.13956555724143982,-0.11832097917795181,0.4774330258369446,0.032000720500946045,-0.144351989030838,0.6462628841400146,0.44165995717048645,-0.061212826520204544,0.6400966644287109,0.30826836824417114,-0.09679163247346878,0.633751392364502,0.21769604086875916,-0.11676570028066635,0.6239508986473083,0.12992051243782043,-0.13244664669036865
0.6417584419250488,0.8526514172554016,7.798292926963768e-07,0.5098467469215393,0.8304674625396729,-0.07361915707588196,0.40611180663108826,0.719147264957428,-0.10448510199785233,0.3396140933036804,0.5908714532852173,-0.12859342992305756,0.2630932629108429,0.49751850962638855,-0.15107692778110504,0.4292253255844116,0.4822838008403778,-0.03759405389428139,0.352206289768219,0.3334265947341919,-0.07990265637636185,0.3030121326446533,0.24034744501113892,-0.11926676332950592,0.26282548904418945,0.1499759554862976,-0.1495891958475113,0.49971193075180054,0.428575336933136,-0.035021279007196426,0.44234877824783325,0.2461085319519043,-0.07015801966190338,0.40391695499420166,0.1325339376926422,-0.10947955399751663,0.3704102635383606,0.028456658124923706,-0.14040260016918182,0.5700696706771851,0.4198319613933563,-0.04385233670473099,0.534895122051239,0.2536489963531494,-0.08301661163568497,0.50633305311203,0.13931414484977722,-0.11622881144285202,0.47799286246299744,0.03345334529876709,-0.14147134125232697,0.6453471183776855,0.4403296113014221,-0.06019674614071846,0.6390308737754822,0.30726921558380127,-0.09566948562860489,0.6323907375335693,0.2173219621181488,-0.11515659093856812,0.622493326663971,0.130387544631958,-0.13024243712425232
0.647273600101471,0.8536984324455261,7.347707651206292e-07,0.5158892273902893,0.8349858522415161,-0.07091903686523438,0.4091985523700714,0.7242674827575684,-0.10210244357585907,0.3408328890800476,0.594959557056427,-0.12724801898002625,0.2611094117164612,0.504672110080719,-0.15185925364494324,0.43392500281333923,0.49108847975730896,-0.04398183152079582,0.3529464602470398,0.3447158932685852,-0.08882605284452438,0.30075377225875854,0.2532840967178345,-0.12938909232616425,0.2572401463985443,0.1615889072418213,-0.1609499454498291,0.5027065277099609,0.43532583117485046,-0.044734638184309006,0.44019457697868347,0.25107648968696594,-0.0839974507689476,0.397678017616272,0.13402637839317322,-0.12637853622436523,0.35947728157043457,0.02436089515686035,-0.15974760055541992,0.5730761289596558,0.4254886507987976,-0.05593998357653618,0.534453272819519,0.2564017176628113,-0.09849090874195099,0.5042020678520203,0.1398254930973053,-0.13454090058803558,0.47407349944114685,0.03074061870574951,-0.16189944744110107,0.648928165435791,0.44532135128974915,-0.07409697026014328,0.641899824142456,0.3079215884208679,-0.11216697096824646,0.6350895166397095,0.2135528028011322,-0.13393795490264893,0.6250960826873779,0.12227022647857666,-0.1510302871465683
0.6455146074295044,0.8503994345664978,7.890510573815845e-07,0.513233482837677,0.8332956433296204,-0.07509806752204895,0.40895241498947144,0.7256146669387817,-0.10881680995225906,0.3409743309020996,0.5991219282150269,-0.13574537634849548,0.26201242208480835,0.5063161253929138,-0.16218987107276917,0.43326884508132935,0.49252086877822876,-0.05012672767043114,0.35289859771728516,0.34437236189842224,-0.09705657511949539,0.3013424575328827,0.25206589698791504,-0.1390128880739212,0.25860947370529175,0.159400075674057,-0.17146937549114227,0.5024697184562683,0.43670329451560974,-0.049270983785390854,0.44041600823402405,0.251306414604187,-0.09039219468832016,0.3982524275779724,0.13408496975898743,-0.13468775153160095,0.3602590262889862,0.023443490266799927,-0.16971443593502045,0.5727949738502502,0.4262853264808655,-0.059028755873441696,0.5350733399391174,0.2570251226425171,-0.10296658426523209,0.5047343373298645,0.1397673487663269,-0.1409587860107422,0.47463008761405945,0.0298539400100708,-0.16995646059513092,0.6484123468399048,0.44502219557762146,-0.07599755376577377,0.6417186856269836,0.30791980028152466,-0.11525848507881165,0.6346307992935181,0.21364745497703552,-0.138494610786438,0.6243442893028259,0.12214013934135437,-0.1569308638572693
0.6463255286216736,0.8510411977767944,7.767141596559668e-07,0.5143129825592041,0.8334904909133911,-0.0732341930270195,0.4092559218406677,0.7256271839141846,-0.1062687486410141,0.341289222240448,0.5988460779190063,-0.13273712992668152,0.2618955373764038,0.5074640512466431,-0.1587514877319336,0.4337737262248993,0.4914940595626831,-0.04860564321279526,0.35320231318473816,0.343458890914917,-0.09494002908468246,0.30145761370658875,0.2513822317123413,-0.13658283650875092,0.2582966685295105,0.15914678573608398,-0.16890855133533478,0.5028918385505676,0.43602949380874634,-0.04865545034408569,0.44106045365333557,0.25128263235092163,-0.08929241448640823,0.3989620506763458,0.134608656167984,-0.1330568790435791,0.3607688546180725,0.02519965171813965,-0.1676497608423233,0.5732723474502563,0.42615392804145813,-0.05914638936519623,0.5353171825408936,0.2569870352745056,-0.10272067785263062,0.5052024722099304,0.14000174403190613,-0.13999658823013306,0.4750840663909912,0.030826956033706665,-0.16846686601638794,0.6487565636634827,0.44562506675720215,-0.0766831487417221,0.6417132019996643,0.3082379102706909,-0.11583306640386581,0.6346434354782104,0.21392065286636353,-0.13863563537597656,0.6242536306381226,0.12245211005210876,-0.1566384881734848
0.6433982849121094,0.853268027305603,7.470466698578093e-07,0.5128282904624939,0.8324985504150391,-0.07140865176916122,0.40761351585388184,0.7218611240386963,-0.10408464819192886,0.33577483892440796,0.5979547500610352,-0.1306857019662857,0.2548295855522156,0.5123955607414246,-0.15698625147342682,0.4325895607471466,0.49124541878700256,-0.047837547957897186,0.3509708046913147,0.34387004375457764,-0.0941057875752449,0.298482209444046,0.2518405020236969,-0.13520577549934387,0.25520583987236023,0.16098937392234802,-0.16691116988658905,0.5011603832244873,0.4373829960823059,-0.048560235649347305,0.4380670487880707,0.2549934983253479,-0.08979673683643341,0.39388126134872437,0.14062663912773132,-0.1331578493118286,0.35375696420669556,0.03379535675048828,-0.16697974503040314,0.5723368525505066,0.42776650190353394,-0.05948435887694359,0.5336840748786926,0.2585853338241577,-0.10370602458715439,0.5025885701179504,0.14129680395126343,-0.1407162994146347,0.47211959958076477,0.031630635261535645,-0.16844096779823303,0.6485873460769653,0.4472084045410156,-0.07719986885786057,0.6417394876480103,0.3073221743106842,-0.1165623590350151,0.6343855261802673,0.21040332317352295,-0.13925820589065552,0.624029815196991,0.11589038372039795,-0.15683744847774506
0.6400740742683411,0.8530577421188354,7.381729574262863e-07,0.5109445452690125,0.8360244035720825,-0.0697072371840477,0.40295106172561646,0.7272746562957764,-0.1021018773317337,0.3316856920719147,0.6042275428771973,-0.12851576507091522,0.24926522374153137,0.5210031867027283,-0.15468156337738037,0.4265810251235962,0.4959232807159424,-0.04920525103807449,0.34485071897506714,0.3510149121284485,-0.09475363045930862,0.2929837703704834,0.26112914085388184,-0.1350133717060089,0.24900969862937927,0.17082229256629944,-0.1661687195301056,0.4937552213668823,0.44002556800842285,-0.05035186931490898,0.42802292108535767,0.2594600021839142,-0.09120164811611176,0.38247406482696533,0.1440567970275879,-0.133198082447052,0.34113115072250366,0.03543967008590698,-0.166079580783844,0.5648868083953857,0.4294964373111725,-0.06131869554519653,0.5249922275543213,0.2598342299461365,-0.10481900721788406,0.49438968300819397,0.14388716220855713,-0.14019490778446198,0.46390798687934875,0.0358329713344574,-0.1666913628578186,0.641890823841095,0.4471130073070526,-0.07890835404396057,0.6342209577560425,0.3062281906604767,-0.11688833683729172,0.6270521283149719,0.20970171689987183,-0.13811364769935608,0.6164820790290833,0.116660475730896,-0.154769167304039
0.6423505544662476,0.8540059328079224,7.51129789478e-07,0.514542818069458,0.8340996503829956,-0.06985092908143997,0.40663111209869385,0.7256748676300049,-0.10245037078857422,0.3334430158138275,0.6040525436401367,-0.1290540248155594,0.25055181980133057,0.5194616913795471,-0.1552361398935318,0.4263170659542084,0.49508196115493774,-0.04871394857764244,0.34364935755729675,0.3499794602394104,-0.09400683641433716,0.2912524342536926,0.26091164350509644,-0.13364741206169128,0.24760016798973083,0.17171910405158997,-0.16429373621940613,0.49369269609451294,0.44100576639175415,-0.049805182963609695,0.42702239751815796,0.26046761870384216,-0.09059532731771469,0.3824649155139923,0.14632394909858704,-0.13249677419662476,0.3422279357910156,0.0396232008934021,-0.16507254540920258,0.5650683045387268,0.4316118061542511,-0.06077763810753822,0.5246747136116028,0.26362401247024536,-0.10461155325174332,0.4930766522884369,0.14869830012321472,-0.14049211144447327,0.46151241660118103,0.04146352410316467,-0.16708369553089142,0.6418353319168091,0.4502563178539276,-0.0782868042588234,0.6331623792648315,0.30812135338783264,-0.11683685332536697,0.6248934864997864,0.21059459447860718,-0.13879279792308807,0.6132648587226868,0.11626997590065002,-0.15576785802841187
0.6427976489067078,0.85357666015625,7.498853165088804e-07,0.5152410268783569,0.834696888923645,-0.0711699053645134,0.4076457619667053,0.7268286943435669,-0.10426096618175507,0.3343128263950348,0.6049471497535706,-0.1309952288866043,0.25108399987220764,0.5202789306640625,-0.15731772780418396,0.42678776383399963,0.4959806203842163,-0.05113536864519119,0.3443949520587921,0.3508639335632324,-0.09720867872238159,0.2915654182434082,0.26188021898269653,-0.13723088800907135,0.2472783625125885,0.17250195145606995,-0.16813498735427856,0.49416592717170715,0.4415763020515442,-0.051716968417167664,0.4283212423324585,0.2607470452785492,-0.09294022619724274,0.3839848041534424,0.14732983708381653,-0.135042205452919,0.34347230195999146,0.040564537048339844,-0.16785740852355957,0.5654299259185791,0.4320361316204071,-0.062197405844926834,0.5252668857574463,0.2647046446800232,-0.1066301092505455,0.4939018785953522,0.1497974693775177,-0.14276640117168427,0.46252691745758057,0.042053014039993286,-0.16954250633716583,0.6419948935508728,0.45065516233444214,-0.0792941004037857,0.6331254243850708,0.30872076749801636,-0.11844144016504288,0.6251720786094666,0.21131718158721924,-0.1406671106815338,0.6139346361160278,0.11689206957817078,-0.15784016251564026
0.6418233513832092,0.8520653247833252,7.64954734222556e-07,0.5145650506019592,0.8320584297180176,-0.07043790817260742,0.40781843662261963,0.7258412837982178,-0.10386532545089722,0.33537721633911133,0.6060283780097961,-0.13105741143226624,0.25455307960510254,0.5200321674346924,-0.1577250212430954,0.4259997606277466,0.49513182044029236,-0.05137832835316658,0.34302228689193726,0.3497912287712097,-0.09698502719402313,0.29048049449920654,0.26139771938323975,-0.1363702416419983,0.24682089686393738,0.17287296056747437,-0.1666533648967743,0.49341973662376404,0.4403401017189026,-0.0518878735601902,0.4270859360694885,0.25870218873023987,-0.09264928847551346,0.38199278712272644,0.1452048122882843,-0.13401715457439423,0.34089967608451843,0.040081799030303955,-0.16618618369102478,0.5646055936813354,0.42973995208740234,-0.062177371233701706,0.5246360898017883,0.26233935356140137,-0.10541896522045135,0.49246034026145935,0.14850792288780212,-0.14090833067893982,0.4600989818572998,0.042830079793930054,-0.1673291027545929,0.6409210562705994,0.4471501410007477,-0.07905276119709015,0.6322922110557556,0.3054541349411011,-0.11693412065505981,0.6238288879394531,0.20878541469573975,-0.13860420882701874,0.6113781332969666,0.11653771996498108,-0.15541613101959229
0.6429133415222168,0.852736234664917,7.351492286034045e-07,0.5151986479759216,0.8318098783493042,-0.06805791705846786,0.40768128633499146,0.7247738242149353,-0.0987781211733818,0.33590981364250183,0.6026402115821838,-0.12364456802606583,0.2560133934020996,0.5153377056121826,-0.14745652675628662,0.42510664463043213,0.492010235786438,-0.04250088334083557,0.3427641987800598,0.34883588552474976,-0.08540764451026917,0.29105162620544434,0.26182126998901367,-0.12344907224178314,0.2480563223361969,0.1745549738407135,-0.1527116745710373,0.4919474720954895,0.4369410574436188,-0.04298197105526924,0.4258754253387451,0.2578796148300171,-0.08058333396911621,0.38124948740005493,0.14588797092437744,-0.11953486502170563,0.3412337601184845,0.042624205350875854,-0.1496700644493103,0.5628331899642944,0.42658501863479614,-0.0535934641957283,0.5227673649787903,0.26199641823768616,-0.09428321570158005,0.490121454000473,0.14964106678962708,-0.12728910148143768,0.4575723111629486,0.04526311159133911,-0.1517813503742218,0.6393083930015564,0.4445716440677643,-0.07087438553571701,0.6293512582778931,0.30684930086135864,-0.10665307193994522,0.6202883124351501,0.21320834755897522,-0.12614142894744873,0.6076492667198181,0.12358027696609497,-0.14104966819286346
0.6440111398696899,0.8478525876998901,7.309728289328632e-07,0.5142804980278015,0.8310294151306152,-0.07031447440385818,0.4069140553474426,0.7285709381103516,-0.10196999460458755,0.33508700132369995,0.6069384217262268,-0.12787172198295593,0.2527744770050049,0.5206003785133362,-0.15294401347637177,0.42397624254226685,0.49464911222457886,-0.04034440591931343,0.34082913398742676,0.35367101430892944,-0.08326651155948639,0.2882317900657654,0.2680082321166992,-0.12272987514734268,0.2437858283519745,0.18142354488372803,-0.1534595787525177,0.4906112253665924,0.43843504786491394,-0.040339548140764236,0.42302754521369934,0.2616000771522522,-0.07829279452562332,0.3769841194152832,0.1512243151664734,-0.11994097381830215,0.3356151282787323,0.04814592003822327,-0.15267863869667053,0.5605389475822449,0.42601025104522705,-0.05095464363694191,0.5187856554985046,0.2613048553466797,-0.09171184152364731,0.48535361886024475,0.14926496148109436,-0.12704986333847046,0.4522148072719574,0.04446855187416077,-0.1538866013288498,0.6369713544845581,0.4406520128250122,-0.06853687763214111,0.625766396522522,0.30384618043899536,-0.10412407666444778,0.6156677603721619,0.21087101101875305,-0.12488661706447601,0.6020342707633972,0.12161582708358765,-0.14147424697875977
0.64671391248703,0.8530787229537964,7.319606538658263e-07,0.5165477395057678,0.8391990661621094,-0.06738996505737305,0.406562864780426,0.7340121865272522,-0.09699014574289322,0.33277860283851624,0.6115725040435791,-0.12112993001937866,0.24821969866752625,0.5284699201583862,-0.14413538575172424,0.4225351810455322,0.49915406107902527,-0.034051068127155304,0.33715295791625977,0.35818707942962646,-0.07329459488391876,0.28378498554229736,0.2738906145095825,-0.11049921065568924,0.23782974481582642,0.18902212381362915,-0.13987970352172852,0.48828190565109253,0.44240567088127136,-0.03449152410030365,0.41860637068748474,0.2664734721183777,-0.06895656138658524,0.37112534046173096,0.1561945676803589,-0.10841700434684753,0.32867008447647095,0.055280476808547974,-0.13952626287937164,0.558228611946106,0.4302213788032532,-0.04538225755095482,0.5133926272392273,0.2638642191886902,-0.0830526128411293,0.47874441742897034,0.15266689658164978,-0.11631260812282562,0.44395911693573,0.04908570647239685,-0.14178980886936188,0.6355923414230347,0.4440012276172638,-0.06304019689559937,0.6218330264091492,0.3063136339187622,-0.096233069896698,0.6102967262268066,0.2140396237373352,-0.11510229855775833,0.5952936410903931,0.12501373887062073,-0.13028648495674133
0.6465826034545898,0.8552149534225464,7.471183494089928e-07,0.5171167850494385,0.8397454023361206,-0.06653553247451782,0.40752148628234863,0.7345464825630188,-0.09621711820363998,0.33356887102127075,0.6132992506027222,-0.12035365402698517,0.2500079274177551,0.5319413542747498,-0.14340735971927643,0.4214860200881958,0.49996161460876465,-0.03678257018327713,0.33614200353622437,0.35937952995300293,-0.07696031033992767,0.28335684537887573,0.27422207593917847,-0.11367563903331757,0.23927459120750427,0.18831482529640198,-0.1424010843038559,0.487108051776886,0.44241106510162354,-0.03762578219175339,0.4170956015586853,0.2651588022708893,-0.07303935289382935,0.3707113265991211,0.15373539924621582,-0.11154752224683762,0.3295678496360779,0.05195796489715576,-0.1416204571723938,0.5574079751968384,0.4301915168762207,-0.04866579920053482,0.513451337814331,0.2645837068557739,-0.08770398795604706,0.4785563349723816,0.15323272347450256,-0.12054814398288727,0.4436514377593994,0.04992297291755676,-0.1452122926712036,0.6343333125114441,0.44489786028862,-0.06626264750957489,0.6208670735359192,0.30595076084136963,-0.10072876513004303,0.6092740297317505,0.2121826708316803,-0.1197696402668953,0.5938782691955566,0.12231874465942383,-0.13464513421058655
0.6456078886985779,0.8506863117218018,7.39015149520128e-07,0.5155497789382935,0.8373088836669922,-0.06818883121013641,0.4070184528827667,0.7360492944717407,-0.09820198267698288,0.33434176445007324,0.6168631911277771,-0.12259676307439804,0.2515266239643097,0.5333290100097656,-0.1459112912416458,0.4191436767578125,0.5022117495536804,-0.037258636206388474,0.3319271504878998,0.3623510003089905,-0.077466681599617,0.27841562032699585,0.2772985100746155,-0.11452261358499527,0.23355400562286377,0.19133365154266357,-0.14371292293071747,0.48515212535858154,0.44416147470474243,-0.03743745759129524,0.4144749641418457,0.26724281907081604,-0.07327565550804138,0.3677966594696045,0.15631318092346191,-0.11323516815900803,0.32651105523109436,0.05371522903442383,-0.14463017880916595,0.5553544759750366,0.43089568614959717,-0.04799695312976837,0.5111526846885681,0.2658948302268982,-0.08737242966890335,0.4760972559452057,0.15504825115203857,-0.12193241715431213,0.4410254657268524,0.05175474286079407,-0.14813043177127838,0.6326589584350586,0.4440889358520508,-0.06525760143995285,0.6192388534545898,0.30777794122695923,-0.10000689327716827,0.6072695255279541,0.2155827283859253,-0.12019334733486176,0.5913681387901306,0.12663164734840393,-0.13631774485111237
0.6455502510070801,0.8494081497192383,7.577262408631213e-07,0.5154651403427124,0.8368637561798096,-0.06907276809215546,0.4066711366176605,0.7365455031394958,-0.09939613938331604,0.33397841453552246,0.6174184083938599,-0.12381946295499802,0.25136372447013855,0.5347152352333069,-0.14720061421394348,0.41930508613586426,0.502406120300293,-0.03895088657736778,0.3331586718559265,0.36353057622909546,-0.07983418554067612,0.2799733281135559,0.27906334400177,-0.11723926663398743,0.2351628541946411,0.1932930052280426,-0.1465759575366974,0.4854540228843689,0.44363680481910706,-0.03873417526483536,0.41498643159866333,0.26696446537971497,-0.07493530958890915,0.368738055229187,0.1559729278087616,-0.11462745070457458,0.3278694748878479,0.053282231092453,-0.14580006897449493,0.5556662082672119,0.4304141700267792,-0.04897865280508995,0.5115044713020325,0.26583561301231384,-0.08909551799297333,0.47633522748947144,0.15580278635025024,-0.12352308630943298,0.4413994550704956,0.05318966507911682,-0.14939862489700317,0.632544994354248,0.44374099373817444,-0.06595756113529205,0.6189312934875488,0.3065282702445984,-0.10144832730293274,0.6066598892211914,0.21420150995254517,-0.12179377675056458,0.5905208587646484,0.12473854422569275,-0.13786059617996216
0.6485990881919861,0.8519203662872314,7.148649388000194e-07,0.519356369972229,0.8405517339706421,-0.06616411358118057,0.4078570008277893,0.7386783361434937,-0.09543737024068832,0.33117085695266724,0.6201612949371338,-0.11927545070648193,0.24511709809303284,0.540630042552948,-0.141995370388031,0.41985878348350525,0.5021823644638062,-0.035695139318704605,0.33146822452545166,0.364779531955719,-0.07494459301233292,0.27678537368774414,0.2822495996952057,-0.11135563999414444,0.22995278239250183,0.19892415404319763,-0.140088751912117,0.48485949635505676,0.44364553689956665,-0.0365753099322319,0.4121664762496948,0.2691497802734375,-0.07150905579328537,0.36382630467414856,0.15931469202041626,-0.11018554866313934,0.3209191560745239,0.05863472819328308,-0.14054884016513824,0.55479496717453,0.43041521310806274,-0.04764348268508911,0.5083240270614624,0.26614683866500854,-0.0860656276345253,0.4723933935165405,0.15599757432937622,-0.11915992200374603,0.4363887310028076,0.05343857407569885,-0.14424002170562744,0.631844699382782,0.44316819310188293,-0.06524701416492462,0.6162834763526917,0.305117130279541,-0.09917595237493515,0.6029402613639832,0.2130192220211029,-0.11827343702316284,0.5858505368232727,0.12411031126976013,-0.13343513011932373
0.6448789238929749,0.8500015735626221,7.353586397584877e-07,0.5162758827209473,0.8380456566810608,-0.06710230559110641,0.40706127882003784,0.7403172850608826,-0.09774379432201385,0.33246269822120667,0.6241456270217896,-0.12283269315958023,0.24911096692085266,0.5410417318344116,-0.14666534960269928,0.41626954078674316,0.5028119087219238,-0.03758000209927559,0.3284294009208679,0.36569446325302124,-0.07779207080602646,0.27383971214294434,0.28343403339385986,-0.11460204422473907,0.2279113233089447,0.20002073049545288,-0.14349882304668427,0.4812089204788208,0.4444767236709595,-0.03818768635392189,0.40862682461738586,0.26935485005378723,-0.07374240458011627,0.36156004667282104,0.15974655747413635,-0.11245075613260269,0.3201097249984741,0.058875203132629395,-0.14284172654151917,0.5511093139648438,0.43080073595046997,-0.049074649810791016,0.5048601031303406,0.26803141832351685,-0.08802273869514465,0.4694347381591797,0.15697228908538818,-0.12133940309286118,0.4344415068626404,0.05379483103752136,-0.14660769701004028,0.6287537813186646,0.44312915205955505,-0.06658163666725159,0.613216757774353,0.3060976266860962,-0.10077918320894241,0.6002824306488037,0.21352604031562805,-0.12015390396118164,0.5835605263710022,0.12473028898239136,-0.13558848202228546
0.6479334831237793,0.850073516368866,7.381447062471125e-07,0.5164741277694702,0.8382607698440552,-0.06694064289331436,0.4056325852870941,0.7386011481285095,-0.09562500566244125,0.3302820324897766,0.6212838292121887,-0.11887292563915253,0.2452980875968933,0.542495846748352,-0.140920028090477,0.41512250900268555,0.5050044059753418,-0.0329587496817112,0.3256048262119293,0.36873650550842285,-0.07150422781705856,0.2716788351535797,0.28560084104537964,-0.1076907366514206,0.22653043270111084,0.2017151415348053,-0.1363227814435959,0.4795951247215271,0.44655776023864746,-0.033228952437639236,0.40600353479385376,0.273696631193161,-0.06772881746292114,0.35827580094337463,0.16452556848526,-0.10672032088041306,0.3166535496711731,0.06398415565490723,-0.13723492622375488,0.5492260456085205,0.4324367046356201,-0.044113148003816605,0.5024370551109314,0.26851940155029297,-0.08302047103643417,0.4660862684249878,0.15850555896759033,-0.11739462614059448,0.4298948645591736,0.05553898215293884,-0.14319197833538055,0.6268742680549622,0.4439120590686798,-0.0615837462246418,0.6116045713424683,0.307000994682312,-0.09640947729349136,0.5982434749603271,0.21559351682662964,-0.11668962985277176,0.5810040235519409,0.12639114260673523,-0.13265305757522583
0.648689329624176,0.8501434922218323,7.265605859174684e-07,0.5181185603141785,0.8404630422592163,-0.06637450307607651,0.40650439262390137,0.739970326423645,-0.09412826597690582,0.3313317894935608,0.6216021776199341,-0.1161370649933815,0.24691753089427948,0.5451781153678894,-0.13703061640262604,0.4152042269706726,0.5062583088874817,-0.03530691936612129,0.32643061876296997,0.3701813220977783,-0.07407186925411224,0.2721605896949768,0.2877541780471802,-0.10991114377975464,0.22640565037727356,0.2048010528087616,-0.13819831609725952,0.4795586168766022,0.44638821482658386,-0.035589493811130524,0.40608227252960205,0.2727500796318054,-0.0700521469116211,0.3586269021034241,0.16379541158676147,-0.10823630541563034,0.31711000204086304,0.06391081213951111,-0.13816103339195251,0.5491834878921509,0.43178412318229675,-0.04618886485695839,0.502017617225647,0.26801976561546326,-0.08546263724565506,0.46533066034317017,0.15851643681526184,-0.11918481439352036,0.42918211221694946,0.05622515082359314,-0.14440849423408508,0.6263554096221924,0.44338542222976685,-0.06324885040521622,0.6104856133460999,0.3067215085029602,-0.09876714646816254,0.5970819592475891,0.21526771783828735,-0.11880990862846375,0.5799448490142822,0.12614688277244568,-0.13439016044139862
